course,subject,yearRange,semesterGroup,semester,fileUrl,fileName,note
BA(H) ENGLISH,16TH & 17TH CENTURY ENGLISH DRAMA,2023,Not Specified,,https://drive.google.com/file/d/1KvpfY5xfKJijHRiGbqedzZUp1DCKOG7c/view?usp=drive_link,,Paper Code 2032101202 | Syllabus: https://drive.google.com/file/d/1NVpeVeT7md-c1U3Sm7uJRFtCR5pDWU9V/view?usp=drive_link
BA(H) ENGLISH,18TH CENTURY LITERATURE,2023,Not Specified,,https://drive.google.com/file/d/1x6q1PUm6Wd2OZrd4GXyAtOr-mtuuqoiL/view?usp=drive_link,,Paper Code 2032101203 | Syllabus: https://drive.google.com/file/d/1Qn4Y93SIIMuoI_dCUK8EOj_ZGk2AtwU0/view?usp=drive_link
BA(H) ENGLISH,EUROPEAN CLASSICAL LITERATURE,2023,Not Specified,,https://drive.google.com/file/d/1VgZtpeY5uMVNL4lJIAm9XLxshUDew1IL/view?usp=drive_link,,Paper Code 2032101102 | Syllabus: https://drive.google.com/file/d/11kDMAZGRiZAcS3QsDnJ_LbYE6tQfUPGk/view?usp=drive_link
BA(H) ENGLISH,INDIAN CLASSICAL LITERATURE,2023,Not Specified,,https://drive.google.com/file/d/1BA5WqhtsVuQ6So-ddRUrcat3MxY7Dsze/view?usp=drive_link,,Paper Code 2032101103 | Syllabus: https://drive.google.com/file/d/1D9yRrjVPl18kqEcSvrbtaCmha3UrLnTX/view?usp=drive_link
BA(H) ENGLISH,INTRODUCTION TO LITERARY STUDIES,2023,Not Specified,,https://drive.google.com/file/d/1VHMgeBl-SxbXCPxmB1PUoo_lvQ9NhIEu/view?usp=drive_link,,Paper Code 2032101101 | Syllabus: https://drive.google.com/file/d/1jgJ_CHZqork3s9u63cSlBFf6uAc_MBzo/view?usp=drive_link
BA(H) ENGLISH,LITERARY CRITICISM,2023,Not Specified,,https://drive.google.com/file/d/1PXOGb90gNA66G1MZWGNqIAlNk859v5uF/view?usp=drive_link,,Paper Code 2032102303 | Syllabus: https://drive.google.com/file/d/1zfx4TkuVTDcwUwAtv-6xLwNcGm7anitt/view?usp=drive_link
BA(H) ENGLISH,ROMANTIC LITERATURE,2023,Not Specified,,https://drive.google.com/file/d/1WYtcPPYVxnMlKHFvRD0YpnXWeTR0v7GW/view?usp=drive_link,,Paper Code 2032102301 | Syllabus: https://drive.google.com/file/d/1YKGDSgy31XGNBOpxJeHdMqhLJKQ9-Mgp/view?usp=drive_link
BA(H) ENGLISH,VICTORIAN LITERATURE,2023,Not Specified,,https://drive.google.com/file/d/1WauVwYTZEo0YX8EuNNc6ObbdrZhM6GGr/view?usp=drive_link,,Paper Code 2032102302 | Syllabus: https://drive.google.com/file/d/1L_-m9e4OQwpj_43gUPDmoJ_U7AwC0SiK/view?usp=drive_link
BA(H) ENGLISH,14TH TO 17TH CENTURY ENGLISH POETRY,2024,Not Specified,,https://drive.google.com/file/d/1aBaaODSgvUCedlNZZpi_szLOpo95x0iV/view?usp=sharing,,Paper Code 2032101201 | Syllabus: https://drive.google.com/file/d/1fl-oaZgq7KkSZt1YA7G4cqqae0FTxwnl/view?usp=drive_link
BA(H) ENGLISH,16TH AND 17TH CENTURY ENGLISH DRAMA,2024,Not Specified,,https://drive.google.com/file/d/1j3ZQPUafHVi8S-qS9E2F7-5DAYkpjF7g/view?usp=sharing,,Paper Code 2032101202 | Syllabus: https://drive.google.com/file/d/1NVpeVeT7md-c1U3Sm7uJRFtCR5pDWU9V/view?usp=drive_link
BA(H) ENGLISH,18TH CENTURY LITERATURE,2024,Not Specified,,https://drive.google.com/file/d/1KpOAg8USCWsBzZbC-Qr6bnVdwm4V8R4G/view?usp=sharing,,Paper Code 2032101203 | Syllabus: https://drive.google.com/file/d/1Qn4Y93SIIMuoI_dCUK8EOj_ZGk2AtwU0/view?usp=drive_link
BA(H) ENGLISH,AMERICAN LITERATURE,2024,Not Specified,,https://drive.google.com/file/d/1fcBRr2VzMX2Ia2MR6buUNHOVlMviD8km/view?usp=drive_link,,Paper Code 2032102401 | Syllabus: https://drive.google.com/file/d/1roGAaGOOWxRy2NzlbDDzLQohACKzxKXZ/view?usp=drive_link
BA(H) ENGLISH,INDIAN WRITING IN ENGLISH,2024,Not Specified,,https://drive.google.com/file/d/1-OcxJw96fMvGMFJcGfand6B6ujiciZ5A/view?usp=drive_link,,Paper Code 2032102402 | Syllabus: https://drive.google.com/file/d/1GkNIS51usO-Fdz5Muc3SH0BsGvZz-ChS/view?usp=drive_link
BA(H) ENGLISH,INDIAN WRITING IN ENGLISH TRANSLATION,2024,Not Specified,,https://drive.google.com/file/d/1BFgsTHhOR7pasyqgqu4DrFLrfPoAenRZ/view?usp=drive_link,,Paper Code 2032102403 | Syllabus: https://drive.google.com/file/d/1-nq6Gwya2fYT3m38-qvEN6YhaxHSDHPp/view?usp=drive_link
BA(H) ENGLISH,14TH TO 17TH CENTURY ENGLISH POETRY,2025,Not Specified,,https://drive.google.com/file/d/1E81XTidCAsH94Ltko5sETBC5eWuWNOFX/view?usp=sharing,,Paper Code 2032101201 | Syllabus: https://drive.google.com/file/d/1fl-oaZgq7KkSZt1YA7G4cqqae0FTxwnl/view?usp=drive_link
BA(H) ENGLISH,16TH & 17TH CENTURY ENGLISH DRAMA,2025,Not Specified,,https://drive.google.com/file/d/1zj7qXKdji88XHMHcOEhuE-aV_lJZpQMw/view?usp=sharing,,Paper Code 2032101202 | Syllabus: https://drive.google.com/file/d/1NVpeVeT7md-c1U3Sm7uJRFtCR5pDWU9V/view?usp=drive_link
BA(H) ENGLISH,18TH CENTURY LITERATURE,2025,Not Specified,,https://drive.google.com/file/d/1omylMplc8i7CBR-dmP6W-MhafwEB5E7a/view?usp=sharing,,Paper Code 2032101203 | Syllabus: https://drive.google.com/file/d/1Qn4Y93SIIMuoI_dCUK8EOj_ZGk2AtwU0/view?usp=drive_link
BA(H) ENGLISH,AMERICAN LITERATURE,2025,Not Specified,,https://drive.google.com/file/d/1cZO6mIAHQmBM22rkP0UE9DIC95Abk_Eo/view?usp=sharing,,Paper Code 2032102401 | Syllabus: https://drive.google.com/file/d/1roGAaGOOWxRy2NzlbDDzLQohACKzxKXZ/view?usp=drive_link
BA(H) ENGLISH,DALIT WRITINGS,2025,Not Specified,,https://drive.google.com/file/d/1rehPAnJA_u1dreBC4Vesk-jdR8TVB0Ou/view?usp=sharing,,Paper Code 2032103503 | Syllabus: https://drive.google.com/file/d/1gEQ8BzqpKzrUaxqBeV9X_4TMzehduryr/view?usp=drive_link
BA(H) ENGLISH,EUROPEAN CLASSICAL LITERATURE,2025,Not Specified,,https://drive.google.com/file/d/196meAfmnpLXkJaIAeBtgvU2YDLcTkWJJ/view?usp=drive_link,,Paper Code 2032101102 | Syllabus: https://drive.google.com/file/d/11kDMAZGRiZAcS3QsDnJ_LbYE6tQfUPGk/view?usp=drive_link
BA(H) ENGLISH,INDIAN CLASSICAL LITERATURE,2025,Not Specified,,https://drive.google.com/file/d/1AynPG7KRYxiobI_nM7E8WBHvdXQeca0W/view?usp=drive_link,,Paper Code 2032101103 | Syllabus: https://drive.google.com/file/d/1D9yRrjVPl18kqEcSvrbtaCmha3UrLnTX/view?usp=drive_link
BA(H) ENGLISH,INDIAN WRITING IN ENGLISH,2025,Not Specified,,https://drive.google.com/file/d/1qv-7TmaDzx-tIyutDVXVX7Djyd1DZUjh/view?usp=sharing,,Paper Code 2032102402 | Syllabus: https://drive.google.com/file/d/1GkNIS51usO-Fdz5Muc3SH0BsGvZz-ChS/view?usp=drive_link
BA(H) ENGLISH,INDIAN WRITING IN ENGLISH TRANSLATION,2025,Not Specified,,https://drive.google.com/file/d/1H8UkoIL-T12P-thyQKsk6ktysAZ_QQGE/view?usp=drive_link,,Paper Code 2032102403 | Syllabus: https://drive.google.com/file/d/1-nq6Gwya2fYT3m38-qvEN6YhaxHSDHPp/view?usp=drive_link
BA(H) ENGLISH,INTRODUCTION TO LITERARY STUDIES,2025,Not Specified,,https://drive.google.com/file/d/1jKhtPhmk5TTuuQrrPAZ2Qwd2HrTPZi_f/view?usp=drive_link,,Paper Code 2032101101 | Syllabus: https://drive.google.com/file/d/1jgJ_CHZqork3s9u63cSlBFf6uAc_MBzo/view?usp=drive_link
BA(H) ENGLISH,LITERARY CRITICISM,2025,Not Specified,,https://drive.google.com/file/d/1HqfOQom4xuNtgUVjTG7CctlQ77wAe4l8/view?usp=sharing,,Paper Code 2032102303 | Syllabus: https://drive.google.com/file/d/1zfx4TkuVTDcwUwAtv-6xLwNcGm7anitt/view?usp=drive_link
BA(H) ENGLISH,LITERATURE AND HUMAN RIGHTS,2025,Not Specified,,https://drive.google.com/file/d/1o6ohxGZRz1Jb3FFjNfDiXCyJe7hgfzG9/view?usp=sharing,,Paper Code 2033100016 | Syllabus: https://drive.google.com/file/d/1arzKlQpoKYAYXqwFWvplc4tAgB-6cQQc/view?usp=drive_link
BA(H) ENGLISH,PERSONALITY DEVELOPMENT AND COMMUNICATION,2025,Not Specified,,https://drive.google.com/file/d/1OZCWjixxd3DaJUqLiOdcYKsgekqPcysv/view?usp=sharing,,Paper Code 2036000005 | Syllabus: https://drive.google.com/file/d/1WXk-K8JEr-TuYc2PBAHhoAvg6ADYNs35/view?usp=drive_link
BA(H) ENGLISH,ROMANTIC LITERATURE,2025,Not Specified,,https://drive.google.com/file/d/1awFZTsjnJTz_chPsuaXeY6c5FsYzoG3q/view?usp=sharing,,Paper Code 2032102301 | Syllabus: https://drive.google.com/file/d/1YKGDSgy31XGNBOpxJeHdMqhLJKQ9-Mgp/view?usp=drive_link
BA(H) ENGLISH,TWENTIETH CENTURY POETRY & DRAMA,2025,Not Specified,,https://drive.google.com/file/d/16_AI8X3kvnDjfzH-ksjR_17LVJIuD-En/view?usp=sharing,,Paper Code 2032103501 | Syllabus: https://drive.google.com/file/d/1y3GTfHEvphnqMursyjb4JGnF15e6LZXC/view?usp=drive_link
BA(H) ENGLISH,VICTORIAN LITERATURE,2025,Not Specified,,https://drive.google.com/file/d/1W2LpYHi19TQaWI3yP9bk7RdSI9lTpnZJ/view?usp=sharing,,Paper Code 2032102302 | Syllabus: https://drive.google.com/file/d/1Ev2t8T5Xc1yGu1vrO5LfVcLaq4e2J7AZ/view?usp=drive_link
BA(H) HINDI,भारतीय साहित्य,2023,Not Specified,,https://drive.google.com/file/d/12k5p8wbQdAboWjqXAlpOzqrmsBdv8yUk/view?usp=drive_link,,Paper Code 2052102301 | Syllabus: https://drive.google.com/file/d/1nngJMjXWzWz6MagQoPg0IgA57SHHe0gM/view?usp=drive_link
BA(H) HINDI,सामान्य भाषा विज्ञान,2023,Not Specified,,https://drive.google.com/file/d/1j4hq2Kw-_QC2Yy-2L0Dk7s94upac5KUT/view?usp=drive_link,,Paper Code 2052102303 | Syllabus: https://drive.google.com/file/d/1uGE20uhg7XzX27h4UPC29xTVeGlx9515/view?usp=drive_link
BA(H) HINDI,हिंदी कविता (मध्य काल और आधुनिक काल),2023,Not Specified,,https://drive.google.com/file/d/1pzb94DO2F0eFPb03rDAHhcw4xEgCLMma/view?usp=drive_link,,Paper Code 2052201201 | Syllabus: https://drive.google.com/file/d/1Z9cUvFVYML9ThcwbApk-gtdxTHQ6EuPa/view?usp=drive_link
BA(H) HINDI,हिंदी कहानी,2023,Not Specified,,https://drive.google.com/file/d/1qM1lMEnMQbj8ep_trVNrxfzTMeJjpnwk/view?usp=drive_link,,Paper Code 2052101103 | Syllabus: https://drive.google.com/file/d/1G41BP0PWvAHB8dew2Wdv8YhNxHnGQjUz/view?usp=drive_link
BA(H) HINDI,हिंदी का मौखिक साहित्य और उसकी परंपरा,2023,Not Specified,,https://drive.google.com/file/d/1IcYTdtfqzP2s6vb_N3NXwqu3atMiWafk/view?usp=drive_link,,Paper Code 2052201202 | Syllabus: https://drive.google.com/file/d/1rKhG7nx-VSsRoHeCxFyZ7Vu3bW2sHT0M/view?usp=drive_link
BA(H) HINDI,हिंदी नाटक एवं एकांकी,2023,Not Specified,,https://drive.google.com/file/d/1WffThxORsWcKGx3vF929sqXCIZHMNPs-/view?usp=drive_link,,Paper Code 2052102302 | Syllabus: https://drive.google.com/file/d/1CvX5uekVE7TDjW69yXWFAZ4YGV_hLYT6/view?usp=drive_link
BA(H) HINDI,हिंदी निबंध एवं अन्य गद्य विधाएँ,2023,Not Specified,,https://drive.google.com/file/d/1NjMIMjQzemGPObjb9reg44_qCzw44fM4/view?usp=drive_link,,Paper Code 2052101203 | Syllabus: https://drive.google.com/file/d/1xqChV4vk892pZGVpkmzeR1RbS26CmNXH/view?usp=drive_link
BA(H) HINDI,हिंदी साहित्य का इतिहास (आदिकाल एव मध्यकाल),2023,Not Specified,,https://drive.google.com/file/d/1LIrowlc3SxGz6DhGOfrPEc0OSp4-QuV6/view?usp=drive_link,,Paper Code 2052101102 | Syllabus: https://drive.google.com/file/d/1t5KhyJKX4NrW0_u9boD9PzbvBBDdgqFj/view?usp=drive_link
BA(H) HINDI,हिंदी साहित्य का इतिहास (आधुनिक काल),2023,Not Specified,,https://drive.google.com/file/d/1T1Ega2I3cdgAqYsVHKj8YQ6RO3yCouL_/view?usp=drive_link,,Paper Code 2052101202 | Syllabus: https://drive.google.com/file/d/19QG6SYIdjZVNLuKb6z1NBqn9EH3s8zI4/view?usp=drive_link
BA(H) HINDI,हिन्दी कविता: आदिकाल एव निर्गुण भक्तिकाव्य,2023,Not Specified,,https://drive.google.com/file/d/1yUOrwgwq5Nz5n3MGPmKmiKeoJ1IpKvfd/view?usp=drive_link,,Paper Code 2052101101 | Syllabus: https://drive.google.com/file/d/1ETomvw_etktFZCE74hbH3JFUGw37StQc/view?usp=drive_link
BA(H) HINDI,HINDI NIBANDH EVAM ANYA GADYA VIDHAEIN,2024,Not Specified,,https://drive.google.com/file/d/1ByTLmhWJvqNvsfDIVAQvoak8RqLaKP_A/view?usp=sharing,,Paper Code 2052101203 | Syllabus: https://drive.google.com/file/d/1xqChV4vk892pZGVpkmzeR1RbS26CmNXH/view?usp=drive_link
BA(H) HINDI,आधुनिक हिंदी कविता (छायावाद तक),2024,Not Specified,,https://drive.google.com/file/d/1IP88bFWhGJXjdfzBMvSGOOPNSccIRMEc/view?usp=drive_link,,Paper Code 2052102402 | Syllabus: https://drive.google.com/file/d/1Vkj7l1QXYyMn405F9XKJVgYiaBYlMn3x/view?usp=drive_link
BA(H) HINDI,भारतीय काव्यशास्त्र,2024,Not Specified,,https://drive.google.com/file/d/1hhL1l7IV2LtcOfKz08nZSMiGrRkDO848/view?usp=drive_link,,Paper Code 2052102401 | Syllabus: https://drive.google.com/file/d/11ZM0dSbk3PDo3LiOU0UNjln24QEzFNA_/view?usp=drive_link
BA(H) HINDI,हिंदी उपन्यास,2024,Not Specified,,https://drive.google.com/file/d/1Lorw92OY6SotMpj55ncioh4MENzLgCyL/view?usp=drive_link,,Paper Code 2052102403 | Syllabus: https://drive.google.com/file/d/1wGWg35oEyxH0tBUnJYsntEcBlsBUKvxo/view?usp=drive_link
BA(H) HINDI,हिंदी कविता : सगुण भक्तिकाव्य एवं रीतिकालीन काव्य,2024,Not Specified,,https://drive.google.com/file/d/1-ygrw7_C92A7pQYDj_a8gFmwGkQ0btjM/view?usp=sharing,,Paper Code 2052101201 | Syllabus: https://drive.google.com/file/d/1IUp9dIwBLFgxHBxIXgkzHcN5M3Xcq7Kq/view?usp=drive_link
BA(H) HINDI,हिंदी साहित्य का इतिहास(आधुनिक काल),2024,Not Specified,,https://drive.google.com/file/d/1_F_Jmrooa8ngn7U9ANvf50VVRuIRFoUn/view?usp=sharing,,Paper Code 2052101202 | Syllabus: https://drive.google.com/file/d/19QG6SYIdjZVNLuKb6z1NBqn9EH3s8zI4/view?usp=drive_link
BA(H) HINDI,AADHUNIK HINDI KAVITA (CHHAYAVAD TAK),2025,Not Specified,,https://drive.google.com/file/d/1KTLOEcS6j-0IONFAFjmRWETSCWeSGJLF/view?usp=sharing,,Paper Code 2052102402 | Syllabus: https://drive.google.com/file/d/1Vkj7l1QXYyMn405F9XKJVgYiaBYlMn3x/view?usp=drive_link
BA(H) HINDI,BHARTIYA KAVYASHASTRA,2025,Not Specified,,https://drive.google.com/file/d/1H1c6w2d_uJij0xhPoKZ88QkgGp16uITW/view?usp=sharing,,Paper Code 2052102401 | Syllabus: https://drive.google.com/file/d/11ZM0dSbk3PDo3LiOU0UNjln24QEzFNA_/view?usp=drive_link
BA(H) HINDI,HINDI KAVITA : SAGUN BHAKTIKAVYA EVAM RITIKALEEN KAVYA,2025,Not Specified,,https://drive.google.com/file/d/1CEtZAXaHRoTJf2fPlQGw2QJSC8cQRgGU/view?usp=sharing,,Paper Code 2052101201 | Syllabus: https://drive.google.com/file/d/1IUp9dIwBLFgxHBxIXgkzHcN5M3Xcq7Kq/view?usp=drive_link
BA(H) HINDI,HINDI NIBANDH EVAM ANYA GADYA VIDHAEIN,2025,Not Specified,,https://drive.google.com/file/d/1PDtsMQFxo5CFoa9vrDziU5XOXw1nCcuo/view?usp=sharing,,Paper Code 2052101203 | Syllabus: https://drive.google.com/file/d/1xqChV4vk892pZGVpkmzeR1RbS26CmNXH/view?usp=drive_link
BA(H) HINDI,HINDI SAHITYA KA ITIHAS (ADHUNIK KAL),2025,Not Specified,,https://drive.google.com/file/d/1N4Q73yH4pN_h3XTyp3fHbQ6m6KLe0l69/view?usp=sharing,,Paper Code 2052101202 | Syllabus: https://drive.google.com/file/d/19QG6SYIdjZVNLuKb6z1NBqn9EH3s8zI4/view?usp=drive_link
BA(H) HINDI,HINDI UPANYAS,2025,Not Specified,,https://drive.google.com/file/d/1vYyA5zQclpCRUr4Dx5h7bBupUN-dVy0Y/view?usp=sharing,,Paper Code 2052102403 | Syllabus: https://drive.google.com/file/d/1wGWg35oEyxH0tBUnJYsntEcBlsBUKvxo/view?usp=drive_link
BA(H) HINDI,आधुनिक हिंदी कविता (छायावाद तक),2025,Not Specified,,https://drive.google.com/file/d/1Vg0k_hmUBVOzZTAllW9wVB0OagdrVPgK/view?usp=sharing,,Paper Code 2052103502 | Syllabus: https://drive.google.com/file/d/1XYTSNk2dMyw4d0lzR6dTa9vieLiM0h41/view?usp=drive_link
BA(H) HINDI,पाश्चात्य काव्यशास्त्र,2025,Not Specified,,https://drive.google.com/file/d/1dAj5zQozpsupjo1F3greuz7k4-Jtb5D6/view?usp=sharing,,Paper Code 2052103501 | Syllabus: https://drive.google.com/file/d/1Ij7hxIJBB0vq0zhmfXnGRAEVapWVmveP/view?usp=drive_link
BA(H) HINDI,भारतीय और पाश्चात्य रंगमंच,2025,Not Specified,,https://drive.google.com/file/d/1bFUFhD6c26FwP_iQqVlRmR3BoJIVziyo/view?usp=sharing,,Paper Code 2053100007 | Syllabus: https://drive.google.com/file/d/1SuHNNHjXIW4lQtwW24qLVibDCvgL-Jtm/view?usp=drive_link
BA(H) HINDI,भारतीय साहित्य,2025,Not Specified,,https://drive.google.com/file/d/1q-sDp42Y2iX3PIijEgXmYgUw1WCBSPbL/view?usp=sharing,,Paper Code 2052102301 | Syllabus: https://drive.google.com/file/d/1nngJMjXWzWz6MagQoPg0IgA57SHHe0gM/view?usp=drive_link
BA(H) HINDI,सामान्य भाषा विज्ञान,2025,Not Specified,,https://drive.google.com/file/d/1PYBBxYKyxtbQvHVOEsPeeQ3iJSQRKS4f/view?usp=drive_link,,Paper Code 2052102303 | Syllabus: https://drive.google.com/file/d/1uGE20uhg7XzX27h4UPC29xTVeGlx9515/view?usp=drive_link
BA(H) HINDI,हिंदी आलोचना,2025,Not Specified,,https://drive.google.com/file/d/15ydbYjDr0YgtTIBaPwcd_ghS5Scu_dij/view?usp=sharing,,Paper Code 2052103503 | Syllabus: https://drive.google.com/file/d/1tvlGFYe-KOu97gGQ0VKsnTjOCbSPMr-P/view?usp=drive_link
BA(H) HINDI,हिंदी कहानी,2025,Not Specified,,https://drive.google.com/file/d/190lRoSCgI9imLFIMsDFG9eWLN7RxY_xz/view?usp=drive_link,,Paper Code 2052101103 | Syllabus: https://drive.google.com/file/d/1G41BP0PWvAHB8dew2Wdv8YhNxHnGQjUz/view?usp=drive_link
BA(H) HINDI,हिंदी नाटक एवं एकांकी,2025,Not Specified,,https://drive.google.com/file/d/16_COMHKU3jL5KWPZGpxLaefW11s4Rc-U/view?usp=sharing,,Paper Code 2052102302 | Syllabus: https://drive.google.com/file/d/1CvX5uekVE7TDjW69yXWFAZ4YGV_hLYT6/view?usp=drive_link
BA(H) HINDI,हिंदी साहित्य का इतिहास (आदिकाल एव मध्यकाल),2025,Not Specified,,https://drive.google.com/file/d/1l2L1TBLdPgPvlIC_ay6_xfIWXFuIJ6p8/view?usp=drive_link,,Paper Code 2052101102 | Syllabus: https://drive.google.com/file/d/1t5KhyJKX4NrW0_u9boD9PzbvBBDdgqFj/view?usp=drive_link
BA(H) HINDI,हिंदी सिनेमा: व्यावसायिक सन्दर्भ,2025,Not Specified,,https://drive.google.com/file/d/1UYR6zltX8F3TkUVb34ZAV8islRZuEHBt/view?usp=sharing,,Paper Code 2053100008 | Syllabus: https://drive.google.com/file/d/1RjKLWz79iCdHnz9GKo60yHOxnPxVGD4Y/view?usp=drive_link
BA(H) HINDI,हिन्दी कविता: आदिकाल एव निर्गुण भक्तिकाव्य,2025,Not Specified,,https://drive.google.com/file/d/1mbBrLAG6WW1BI5mU56oF_ejelorAOi8T/view?usp=drive_link,,Paper Code 2052101101 | Syllabus: https://drive.google.com/file/d/1ETomvw_etktFZCE74hbH3JFUGw37StQc/view?usp=drive_link
BA(H) HISTORY,HISTORY OF INDIA – III: 750 – 1200,2023,Not Specified,,https://drive.google.com/file/d/1V-RIXxp8mJOiaT2PutRAxMxwexeWQWsF/view?usp=drive_link,,Paper Code 2312102301 | Syllabus: https://drive.google.com/file/d/1goDYqqQ5HQFCIU_ZvCxWMS0PpO-1K3un/view?usp=drive_link
BA(H) HISTORY,HISTORY OF INDIA I (FORM THE BEGINNING TO FOURTH CENTURY BCE),2023,Not Specified,,https://drive.google.com/file/d/1WvJZaG4Tb1JARBUXemQFWnLTMThyWfAW/view?usp=drive_link,,Paper Code 2312101101 | Syllabus: https://drive.google.com/file/d/1iJJ5xuhcOvi7j-UVdv8_MgDDb1GpNYxF/view?usp=drive_link
BA(H) HISTORY,HISTORY OF MODERN CHINA (1840 – 1950S),2023,Not Specified,,https://drive.google.com/file/d/16QODailhkMN4YHwE4Ouam6hdP1vazI__/view?usp=drive_link,,Paper Code 2312102303 | Syllabus: https://drive.google.com/file/d/17E-Z-8iTaDlHpHulXMxtmiWntKbTkyaS/view?usp=drive_link
BA(H) HISTORY,HISTORY OF THE USA INDEPENDENCE TO CIVIL WAR,2023,Not Specified,,https://drive.google.com/file/d/1hqglM5lzC8iJYY-RsIxKK6vkdF9lxLOb/view?usp=drive_link,,Paper Code 2312101103 | Syllabus: https://drive.google.com/file/d/1mjOk9lmZomMCoB5t9xhshspwB2bM3xgJ/view?usp=drive_link
BA(H) HISTORY,HISTORY OF THE USA: RECONSTRUCTION TO NEW AGE POLITICS,2023,Not Specified,,https://drive.google.com/file/d/1AyBMyEl4afHZ2efzn0tldD2wd0lX_ArT/view?usp=drive_link,,Paper Code 2312101203 | Syllabus: https://drive.google.com/file/d/1ZB14U7fslJZ_ZL3T5MI9lu7OVJERy0NN/view?usp=drive_link
BA(H) HISTORY,PUNJABI BHASHA ATE COMPUTER,2023,Not Specified,,https://drive.google.com/file/d/1DWn7KmyCaEZe02IVWsMySuqm16i-qrtw/view?usp=drive_link,,Paper Code 2121002002 | Syllabus: https://drive.google.com/file/d/1y1qbXl-CBDc-9511DIcfLP9Nsq2jDPNZ/view?usp=drive_link
BA(H) HISTORY,PUNJABI BHASHA ATE MEDIA,2023,Not Specified,,https://drive.google.com/file/d/1qSTJPcP_gDI9IHEPl_iStV7Q4yqEqdwN/view?usp=drive_link,,Paper Code 2121002001 | Syllabus: https://drive.google.com/file/d/1iwXqfRwuVKcIILFaBLiAf7Nd6DMMTQuD/view?usp=drive_link
BA(H) HISTORY,SOCIAL FORMATIONS AND CULTURAL PATTERNS OF THE ANCIENT WORLD-I,2023,Not Specified,,https://drive.google.com/file/d/1gMI-grJ0hk8g_4r16hYQhsI8ucGc0YZ2/view?usp=drive_link,,Paper Code 2312101102 | Syllabus: https://drive.google.com/file/d/1hJFbbxcZqNNqxgUEzTDnqAuis-YmSRE1/view?usp=drive_link
BA(H) HISTORY,SOCIAL FORMATIONS AND CULTURAL PATTERNS OF THE MEDIVAL WORLD - II,2023,Not Specified,,https://drive.google.com/file/d/1F7SoCQ3e9FJuKz2xrgBFG9rO3LwrsPw6/view?usp=drive_link,,Paper Code 2312101202 | Syllabus: https://drive.google.com/file/d/1UoBFnmGd2bKpHtUnlhfWEDu4N4lLkaaf/view?usp=drive_link
BA(H) HISTORY,URDU A,2023,Not Specified,,https://drive.google.com/file/d/1lbRs-Vlx379kgnuFIjJCA6lfOm-WafsL/view?usp=drive_link,,Paper Code 2141002001 | Syllabus: https://drive.google.com/file/d/1p8P2Ggp-OjOtNXJeLKxecfdlM7uiRZVK/view?usp=drive_link
BA(H) HISTORY,जनसंचार और रचनात्मक लेखन (हिन्दी ख),2023,Not Specified,,https://drive.google.com/file/d/1bzv5xNztZtdbuwwgbroIYcNK9_iywneR/view?usp=drive_link,,Paper Code 2051002002 | Syllabus: https://drive.google.com/file/d/15lB9Ic_t1Nu4c3uwdMs49_eomWbL_dL2/view?usp=drive_link
BA(H) HISTORY,HISTORY OF INDIA – IV: C.1200 – 1500,2024,Not Specified,,https://drive.google.com/file/d/1o8-8ARPVuOT729Elh198PjPt9DtPhZTH/view?usp=drive_link,,Paper Code 2312102401 | Syllabus: https://drive.google.com/file/d/19cZ4xFQfDNJoJwMoNV9wmS7Nfm51iOhB/view?usp=drive_link
BA(H) HISTORY,HISTORY OF INDIA-II(C.300 BCE TO 750 CE),2024,Not Specified,,https://drive.google.com/file/d/1NWJJCq3LSfNlN1eeUXGWgVoJNSbN3ive/view?usp=sharing,,Paper Code 2312101201 | Syllabus: https://drive.google.com/file/d/10zj9XrOLmjzl0wGHLqBB2t0yE4IcndKu/view?usp=drive_link
BA(H) HISTORY,HISTORY OF MODERN JAPAN (C. 1868 – 1950S),2024,Not Specified,,https://drive.google.com/file/d/1v3FDJSBEvd_Nv34pLX9t_xeUKluECBFE/view?usp=drive_link,,Paper Code 2312102403 | Syllabus: https://drive.google.com/file/d/1vdE_A4jgef8RQRkDYsYmUjiD14p-NsrQ/view?usp=drive_link
BA(H) HISTORY,HISTORY OF THE USA : RECONSTRUCTION TO NEW AGE POLITICS,2024,Not Specified,,https://drive.google.com/file/d/1IReppnIn_GAJ1abECxC6bDNvTnBQUv9A/view?usp=sharing,,Paper Code 2312101203 | Syllabus: https://drive.google.com/file/d/1ZB14U7fslJZ_ZL3T5MI9lu7OVJERy0NN/view?usp=drive_link
BA(H) HISTORY,RISE OF THE MODERN WEST – II,2024,Not Specified,,https://drive.google.com/file/d/1LcOFGzZ2efr6lTnz26zdty4jZA--Kct3/view?usp=drive_link,,Paper Code 2312102402 | Syllabus: https://drive.google.com/file/d/1saIFsvo1ZSKf62YoissCTQDc3a7wBhis/view?usp=drive_link
BA(H) HISTORY,SOCIAL FORMATIONS AND CULTURAL PATTERNS OF THE MEDIEVAL WORLD - II,2024,Not Specified,,https://drive.google.com/file/d/189gwL9ir4SbTwOYZQaKmm3fuuEzHkAcU/view?usp=sharing,,Paper Code 2312101202 | Syllabus: https://drive.google.com/file/d/1UoBFnmGd2bKpHtUnlhfWEDu4N4lLkaaf/view?usp=drive_link
BA(H) HISTORY,GENDER IN INDIAN HISTORY UPTO 1500,2025,Not Specified,,https://drive.google.com/file/d/1fbrfSs69jRr1xcBLnTaq728yMnLvrlFX/view?usp=sharing,,Paper Code 2313100010 | Syllabus: https://drive.google.com/file/d/1DWIna3uoruutRUnrM2SJXjRm_HRNhDD9/view?usp=drive_link
BA(H) HISTORY,HISTORY OF INDIA - II (FROM 300 BCE TO 750 CE),2025,Not Specified,,https://drive.google.com/file/d/1vWskpCOwS6FgIWD4AQp33EyTVcHg4g2A/view?usp=sharing,,Paper Code 2312101201 | Syllabus: https://drive.google.com/file/d/10zj9XrOLmjzl0wGHLqBB2t0yE4IcndKu/view?usp=drive_link
BA(H) HISTORY,HISTORY OF INDIA – III: 750 – 1200,2025,Not Specified,,https://drive.google.com/file/d/1PJ3gjOcU6KWqr0Iwor1kNS-EUTDHMOQ5/view?usp=sharing,,Paper Code 2312102301 | Syllabus: https://drive.google.com/file/d/1goDYqqQ5HQFCIU_ZvCxWMS0PpO-1K3un/view?usp=drive_link
BA(H) HISTORY,HISTORY OF INDIA – V: C.1500 – 1600,2025,Not Specified,,https://drive.google.com/file/d/1DpkRTWarpG5rEI150rPnpSY2FvC6gaGy/view?usp=sharing,,Paper Code 2312103501 | Syllabus: https://drive.google.com/file/d/1hq-qqJQisMHxlHRlP8htphF7VJBtzaR-/view?usp=drive_link
BA(H) HISTORY,HISTORY OF INDIA – VI: C.1750 – 1857,2025,Not Specified,,https://drive.google.com/file/d/1DB0kovt790f57zkrnm_CAEGb_MhiUOkm/view?usp=sharing,,Paper Code 2312103502 | Syllabus: https://drive.google.com/file/d/1HUBKKif9yPwifXUB3mVE_f6WZ5a6Vkq8/view?usp=drive_link
BA(H) HISTORY,HISTORY OF INDIA I (FROM THE BEGINNING TO FOURTH CENTURY BCE),2025,Not Specified,,https://drive.google.com/file/d/1qUTI0zmDkF__vkTMyrKjEdPUWhmGxSf2/view?usp=drive_link,,Paper Code 2312101101 | Syllabus: https://drive.google.com/file/d/1iJJ5xuhcOvi7j-UVdv8_MgDDb1GpNYxF/view?usp=drive_link
BA(H) HISTORY,HISTORY OF INDIA–IV(C.1200 – 1500),2025,Not Specified,,https://drive.google.com/file/d/1_jKUr4sn5iwzZD13-jR7tkqUTzUJ5TCl/view?usp=sharing,,Paper Code 2312102401 | Syllabus: https://drive.google.com/file/d/19cZ4xFQfDNJoJwMoNV9wmS7Nfm51iOhB/view?usp=drive_link
BA(H) HISTORY,HISTORY OF MODERN EUROPE-I,2025,Not Specified,,https://drive.google.com/file/d/1LpoFaaNNUcIbt-vK9VxwPfq3FwqaV5QY/view?usp=sharing,,Paper Code 2312103503 | Syllabus: https://drive.google.com/file/d/1aIQI5kau8HiV8-YXF2uXb46_lHwxIbcV/view?usp=drive_link
BA(H) HISTORY,HISTORY OF MODERN JAPAN(C.1868-1950S),2025,Not Specified,,https://drive.google.com/file/d/1yF1ouxxo-npsDyHf7KdnhJxBF5StfsLC/view?usp=sharing,,Paper Code 2312102403 | Syllabus: https://drive.google.com/file/d/1vdE_A4jgef8RQRkDYsYmUjiD14p-NsrQ/view?usp=drive_link
BA(H) HISTORY,HISTORY OF THE USA: INDEPENDENCE TO CIVIL WAR,2025,Not Specified,,https://drive.google.com/file/d/1fuvSirMEv4Pkad_NjJirbtsPSmkeJTvE/view?usp=drive_link,,Paper Code 2312101103 | Syllabus: https://drive.google.com/file/d/1mjOk9lmZomMCoB5t9xhshspwB2bM3xgJ/view?usp=drive_link
BA(H) HISTORY,HISTORY OF THE USA: RECONSTRUCTION TO NEW AGE POLITICS,2025,Not Specified,,https://drive.google.com/file/d/13RpKpRcU_BmzkW3Q7BL_l3DU2wY0k8ZC/view?usp=drive_link,,Paper Code 2312101203 | Syllabus: https://drive.google.com/file/d/1ZB14U7fslJZ_ZL3T5MI9lu7OVJERy0NN/view?usp=drive_link
BA(H) HISTORY,RISE OF THE MODERN WEST – I,2025,Not Specified,,https://drive.google.com/file/d/1Ghxx4UbygiEUptMe6FSSP-pbEDvVDFZF/view?usp=sharing,,Paper Code 2312102302 | Syllabus: https://drive.google.com/file/d/1JeBjNRCzXHJDyuJxVd5B2NNuK53k7aD9/view?usp=drive_link
BA(H) HISTORY,RISE OF THE MODERN WEST – II,2025,Not Specified,,https://drive.google.com/file/d/1D3pPp19RQDZY3aqXhQDgMH2WWsTBTAXe/view?usp=sharing,,Paper Code 2312102402 | Syllabus: https://drive.google.com/file/d/1saIFsvo1ZSKf62YoissCTQDc3a7wBhis/view?usp=drive_link
BA(H) HISTORY,SOCIAL FORMATIONS AND CULTURAL PATTERNS OF THE ANCIENT WORLD-I,2025,Not Specified,,https://drive.google.com/file/d/1AdFQEhr_iqWZJ2vu5k5uI9XN9izNyk30/view?usp=drive_link,,Paper Code 2312101102 | Syllabus: https://drive.google.com/file/d/1hJFbbxcZqNNqxgUEzTDnqAuis-YmSRE1/view?usp=drive_link
BA(H) HISTORY,SOCIAL FORMATIONS AND CULTURAL PATTERNS OF THE MEDIEVAL WORLD - II,2025,Not Specified,,https://drive.google.com/file/d/1Z_K3JstOKKyZB9_Ju_z0Ip2qr-65dQ4S/view?usp=sharing,,Paper Code 2312101202 | Syllabus: https://drive.google.com/file/d/1UoBFnmGd2bKpHtUnlhfWEDu4N4lLkaaf/view?usp=drive_link
BA(H) PHILOSOPHY,APPLIED ETHICS,2023,Not Specified,,https://drive.google.com/file/d/1uPzwuwCo83qhh4DudS3pfLqSwxMCI8Sn/view?usp=drive_link,,Paper Code 2102102303 | Syllabus: https://drive.google.com/file/d/15Mk_OfHM-KONjYQxIdnPaFjoH6yI0-ao/view?usp=drive_link
BA(H) PHILOSOPHY,ETHICS,2023,Not Specified,,https://drive.google.com/file/d/1C3EP9B4l7wLAoP2UExZzjMHIZh8rPkiE/view?usp=drive_link,,Paper Code 2102101203 | Syllabus: https://drive.google.com/file/d/1J3LgBuuQ3M5cFTO1rbOy3X7BpjzC2kGW/view?usp=drive_link
BA(H) PHILOSOPHY,GREEK PHILOSOPHY,2023,Not Specified,,https://drive.google.com/file/d/1kgZ1PJ5MJUWzMtcZojHigMsYRylrM__t/view?usp=drive_link,,Paper Code 2102101202 | Syllabus: https://drive.google.com/file/d/1lf0QUwWygjk8fHiF9KxpRXu1YIi2mZR6/view?usp=drive_link
BA(H) PHILOSOPHY,INDIAN PHILOSOPHY,2023,Not Specified,,https://drive.google.com/file/d/1Z18ACms9CK-ucvG0cF4mneWmkLV5m7HA/view?usp=drive_link,,Paper Code 2102101103 | Syllabus: https://drive.google.com/file/d/1CUUhG3X5G55_fbp4FL_eWMjBCN77Q1fO/view?usp=drive_link
BA(H) PHILOSOPHY,INTRODUCTION TO PHILOSOPHY,2023,Not Specified,,https://drive.google.com/file/d/1JHuDhX5Xnk_SYXNX1ars7wBNcnJsS8g0/view?usp=drive_link,,Paper Code 2102101101 | Syllabus: https://drive.google.com/file/d/1SiT37-mk-2StvOW2Ir0wJcItGUSdM6Lt/view?usp=drive_link
BA(H) PHILOSOPHY,LOGIC,2023,Not Specified,,https://drive.google.com/file/d/1-UdyzBO5a_oOFOzerFHahpN_3vjiGZ5p/view?usp=drive_link,,Paper Code 2102101102 | Syllabus: https://drive.google.com/file/d/1-JQJVwuEMF8wZdOHRZiDINMdepUhx1Q4/view?usp=drive_link
BA(H) PHILOSOPHY,PUNJABI BHASHA ATE ANUVAD,2023,Not Specified,,https://drive.google.com/file/d/1KSG-Dl-Dy5F96h2zU2GKGBk8Licqb6Sl/view?usp=drive_link,,Paper Code 2121002003 | Syllabus: https://drive.google.com/file/d/1oW-yukjvuy7J6XCgraeLpHwJshgt3DIY/view?usp=drive_link
BA(H) PHILOSOPHY,SOCIAL AND POLITICAL PHILOSOPHY,2023,Not Specified,,https://drive.google.com/file/d/1l_JDmh4CtBuwDnXBtGlcPxI6NG28TvwH/view?usp=drive_link,,Paper Code 2102102301 | Syllabus: https://drive.google.com/file/d/1kAbA-u6EY9itzP2ugjywvEr3ZLhcIte2/view?usp=drive_link
BA(H) PHILOSOPHY,ETHICS,2024,Not Specified,,https://drive.google.com/file/d/1fjPWLXH-Z9YfIlizsk7k5RdkvRMGPDnr/view?usp=sharing,,Paper Code 2102101203 | Syllabus: https://drive.google.com/file/d/1J3LgBuuQ3M5cFTO1rbOy3X7BpjzC2kGW/view?usp=drive_link
BA(H) PHILOSOPHY,FUNDAMENTALS OF PHILOSOPHY,2024,Not Specified,,https://drive.google.com/file/d/1SWm-oUraqSIEZVvQkfDrU6uJq1RHEIEj/view?usp=sharing,,Paper Code 2102101201 | Syllabus: https://drive.google.com/file/d/1iaclkrCL-6MsiVJSDYVHxXnkG7naVOen/view?usp=drive_link
BA(H) PHILOSOPHY,GREEK PHILOSOPHY,2024,Not Specified,,https://drive.google.com/file/d/1DDaro1hm0LEpAThKsGo3YZ2aWJU2dWPQ/view?usp=drive_link,,Paper Code 2102101202 | Syllabus: https://drive.google.com/file/d/1lf0QUwWygjk8fHiF9KxpRXu1YIi2mZR6/view?usp=drive_link
BA(H) PHILOSOPHY,TEXTUAL STUDY OF INDIAN PHILOSOPHY,2024,Not Specified,,https://drive.google.com/file/d/1T03EDg9BWlB2Wuf4L2T3RqzkeQZ0sXS1/view?usp=drive_link,,Paper Code 2102102401 | Syllabus: https://drive.google.com/file/d/1qbmvviO9Vdze_2UgyUhLNAh6WuzY6kwp/view?usp=drive_link
BA(H) PHILOSOPHY,TEXTUAL STUDY OF WESTERN PHILOSOPHY,2024,Not Specified,,https://drive.google.com/file/d/124iSzJIkbgdojyKGtfAI6Tf5cJwgOZ8m/view?usp=drive_link,,Paper Code 2102102402 | Syllabus: https://drive.google.com/file/d/1dFaUTLtgT-qY05Yo6x1LLdR3JGTnsZRK/view?usp=drive_link
BA(H) PHILOSOPHY,TRUTH FUNCTIONAL LOGIC,2024,Not Specified,,https://drive.google.com/file/d/15SeLx18visWk66eQgmnfA7tOMP6fT2Ow/view?usp=drive_link,,Paper Code 2102102403 | Syllabus: https://drive.google.com/file/d/1EyZIMyOuiHkAgFfM820kktzprEoEw9fx/view?usp=drive_link
BA(H) PHILOSOPHY,ANALYTICAL PHILOSOPHY,2025,Not Specified,,https://drive.google.com/file/d/1n8nDRNDhCvNaGUeCobzzsLcKJskGAcQR/view?usp=sharing,,Paper Code 2102103501 | Syllabus: https://drive.google.com/file/d/1hiuE8TK6jzygywmtv5Z-VFmK3_TeOo6s/view?usp=drive_link
BA(H) PHILOSOPHY,APPLIED ETHICS,2025,Not Specified,,https://drive.google.com/file/d/19X6sDDiv-nigQITjuGIt7bvf37HrW9nr/view?usp=sharing,,Paper Code 2102102303 | Syllabus: https://drive.google.com/file/d/15Mk_OfHM-KONjYQxIdnPaFjoH6yI0-ao/view?usp=drive_link
BA(H) PHILOSOPHY,APPROACHES TO INDIAN PHILOSOPHY,2025,Not Specified,,https://drive.google.com/file/d/1Bm_0NqIFTJ5RvJU4_bD_ZAwYUraIDuAi/view?usp=sharing,,Paper Code 2102103503 | Syllabus: https://drive.google.com/file/d/1GL277Z4hI-A6BVMnmnpChg9VCTUY4xH_/view?usp=drive_link
BA(H) PHILOSOPHY,CONTINENTAL PHILOSOPHY,2025,Not Specified,,https://drive.google.com/file/d/1PSDk8JHwPGgY00qPN5XVJ3fpPegcUl82/view?usp=sharing,,Paper Code 2102103502 | Syllabus: https://drive.google.com/file/d/1DHofbWglLV_lan5bbT3D19LsqawZtAul/view?usp=drive_link
BA(H) PHILOSOPHY,EPISTEMOLOGY,2025,Not Specified,,https://drive.google.com/file/d/1KbU4hUtb53jEyn3mAyK9Vs00GZFapt39/view?usp=sharing,,Paper Code 2102103603 | Syllabus: https://drive.google.com/file/d/1TuctzrGpV8T8698ylAHW4Zp_WwEfpEIl/view?usp=drive_link
BA(H) PHILOSOPHY,ETHICS,2025,Not Specified,,https://drive.google.com/file/d/1HTLeptyq-TAqOmaMOOdROXR8bDqtcUVG/view?usp=sharing,,Paper Code 2102101203 | Syllabus: https://drive.google.com/file/d/1J3LgBuuQ3M5cFTO1rbOy3X7BpjzC2kGW/view?usp=drive_link
BA(H) PHILOSOPHY,FUNDAMENTALS OF PHILOSOPHY,2025,Not Specified,,https://drive.google.com/file/d/1q3eIku5swz7Q07fpN8pe_54SlntnVaVB/view?usp=sharing,,Paper Code 2102101201 | Syllabus: https://drive.google.com/file/d/1iaclkrCL-6MsiVJSDYVHxXnkG7naVOen/view?usp=drive_link
BA(H) PHILOSOPHY,GREEK PHILOSOPHY,2025,Not Specified,,https://drive.google.com/file/d/1uhwpA9LBRdsD7i4HrL1YNnPm6MZ1Oo-B/view?usp=sharing,,Paper Code 2102101202 | Syllabus: https://drive.google.com/file/d/1lf0QUwWygjk8fHiF9KxpRXu1YIi2mZR6/view?usp=drive_link
BA(H) PHILOSOPHY,INDIAN PHILOSOPHY,2025,Not Specified,,https://drive.google.com/file/d/1RfV-i8yj5s2aaq6SP1nWZwbTTG8zYCfO/view?usp=drive_link,,Paper Code 2102101103 | Syllabus: https://drive.google.com/file/d/1CUUhG3X5G55_fbp4FL_eWMjBCN77Q1fO/view?usp=drive_link
BA(H) PHILOSOPHY,INDIAN THEORIES ON CONSCIOUSNESS,2025,Not Specified,,https://drive.google.com/file/d/17UsXJAfuQ5LfukQyDaC05xNxmfhMc_EK/view?usp=sharing,,Paper Code 2103100011 | Syllabus: https://drive.google.com/file/d/1H3qw54dpNm_KNUEYRg6LYEFw-ldrjgzG/view?usp=drive_link
BA(H) PHILOSOPHY,INTRODUCTION TO PHILOSOPHY,2025,Not Specified,,https://drive.google.com/file/d/1VwrxONtoDDRDmKTf7ybYDHa4FZ3lvLp6/view?usp=drive_link,,Paper Code 2102101101 | Syllabus: https://drive.google.com/file/d/1SiT37-mk-2StvOW2Ir0wJcItGUSdM6Lt/view?usp=drive_link
BA(H) PHILOSOPHY,LOGIC,2025,Not Specified,,https://drive.google.com/file/d/1Yslvq1Ft42RX-1_paQ0H50uDRELo44eY/view?usp=drive_link,,Paper Code 2102101102 | Syllabus: https://drive.google.com/file/d/1-JQJVwuEMF8wZdOHRZiDINMdepUhx1Q4/view?usp=drive_link
BA(H) PHILOSOPHY,MEDICAL ETHICS FROM PRINCIPLES TO PRACTICE,2025,Not Specified,,https://drive.google.com/file/d/1nLmiPCgxU0kQMK1W-u-UlIRUBgrd1KQa/view?usp=sharing,,Paper Code 2103103009 | Syllabus: https://drive.google.com/file/d/1PYeFoxUBYNUd5CD_jaYj_KoapFYZZdIx/view?usp=drive_link
BA(H) PHILOSOPHY,PHILOSOPHY OF LANGUAGE,2025,Not Specified,,https://drive.google.com/file/d/1S7fyBeLAl3eqYnGrPDqBBVcoD4n8Eo6n/view?usp=sharing,,Paper Code 2102103602 | Syllabus: https://drive.google.com/file/d/1F71zL_diz5I2Lu4OUsrLWuPR8I2GAyri/view?usp=drive_link
BA(H) PHILOSOPHY,PHILOSOPHY OF RELIGION,2025,Not Specified,,https://drive.google.com/file/d/1KIDnwrgJE7mYbmlEVoWALkQHu8DsQ5_v/view?usp=sharing,,Paper Code 2102103601 | Syllabus: https://drive.google.com/file/d/1UakwwW11EA4EAKFLYEp1kf--usaQZbby/view?usp=drive_link
BA(H) PHILOSOPHY,SOCIAL AND POLITICAL PHILOSOPHY,2025,Not Specified,,https://drive.google.com/file/d/1luF5IMZuPRQw6zj6k2JVD70DipLIe-5h/view?usp=sharing,,Paper Code 2102102301 | Syllabus: https://drive.google.com/file/d/18RX49EKpYCx_HSm32210Nozeuf61GzuX/view?usp=drive_link
BA(H) PHILOSOPHY,TEXTUAL STUDY OF INDIAN PHILOSOPHY,2025,Not Specified,,https://drive.google.com/file/d/1ENYdQcYP8pxi4jysfqMT6LlH5ba8Ac9c/view?usp=sharing,,Paper Code 2102102401 | Syllabus: https://drive.google.com/file/d/1Fy7AaATiymh12Lx5rHGsil9bcFnLJMP8/view?usp=drive_link
BA(H) PHILOSOPHY,TRUTH FUNCTIONAL LOGIC,2025,Not Specified,,https://drive.google.com/file/d/12s_uiJhvH15Fd7PtT1kyjNizm7PbeUbE/view?usp=sharing,,Paper Code 2102102403 | Syllabus: https://drive.google.com/file/d/1IEJhSreY2Ozzvo0wEJ4oFAh0Lva7yR4C/view?usp=drive_link
BA(H) PHILOSOPHY,WESTERN PHILOSOPHY: DESCARTES TO KANT,2025,Not Specified,,https://drive.google.com/file/d/1oq2d939GEa70Nph51ue-RnqF_f-jv-gs/view?usp=sharing,,Paper Code 2102102302 | Syllabus: https://drive.google.com/file/d/1bIwXKlgYN7p8TBdd5m096klddSW1rRsw/view?usp=drive_link
BA(H) POLITICAL SCIENCE,ANCIENT AND MEDIEVAL INDIAN POLITICAL THOUGHT,2023,Not Specified,,https://drive.google.com/file/d/1cnD_wcXQsY38rJbcre7qk1gL-yn4FRby/view?usp=drive_link,,Paper Code 2322102301 | Syllabus: https://drive.google.com/file/d/1N2JcqtDFvQi2c3Wzd9Uf0gVwhf1ZAkuR/view?usp=drive_link
BA(H) POLITICAL SCIENCE,COLONIALISM AND NATIONALISM IN INDIA,2023,Not Specified,,https://drive.google.com/file/d/1JUDwUaYRInilS1Qf5Xe_eqLiCsXKm9QY/view?usp=drive_link,,Paper Code 2322101103 | Syllabus: https://drive.google.com/file/d/17Cd9FIVG1zVjev4iPyT9zlsgltu4QzHH/view?usp=drive_link
BA(H) POLITICAL SCIENCE,CONSTITUTIONAL GOVERNMENT AND DEMOCRACY IN INDIA,2023,Not Specified,,https://drive.google.com/file/d/1YoEBmhs59_G_EJsoaLoJC7azFl6kWWPt/view?usp=drive_link,,Paper Code 2322102303 | Syllabus: https://drive.google.com/file/d/1k8x6PBeamJso0FdY0SeHj4myHws7mZY-/view?usp=drive_link
BA(H) POLITICAL SCIENCE,IDEAS AND INSTITUTIONS IN INDIAN POLITICAL THOUGHT,2023,Not Specified,,https://drive.google.com/file/d/1OBMiUyK2kMwe177r9iSZ65D1geaN-xJi/view?usp=drive_link,,Paper Code 2322101102 | Syllabus: https://drive.google.com/file/d/1h4IH_sCRuGLARSIa8Z22I8VuuQeBhv-m/view?usp=drive_link
BA(H) POLITICAL SCIENCE,INDIAN CONSTITUTION: KEY DEBATES,2023,Not Specified,,https://drive.google.com/file/d/1kwZdzonoPE3mMyxqsuh_twr7HN7kRmsl/view?usp=drive_link,,Paper Code 2323102002 | Syllabus: https://drive.google.com/file/d/1n9ozwklixTWH9cCbEYrIKuOFs9H_rla6/view?usp=drive_link
BA(H) POLITICAL SCIENCE,JOURNALISTIC WRITING IN MANIPURI,2023,Not Specified,,https://drive.google.com/file/d/107RwCE3Cdv3Fz-WWvc0JQiXRlIgJFQeZ/view?usp=drive_link,,Paper Code 2081002010 | Syllabus: https://drive.google.com/file/d/1d4efORiLoaJYnBiLsZjA_xHZTWK3MDhZ/view?usp=drive_link
BA(H) POLITICAL SCIENCE,METHODS AND APPROACHES IN COMPARATIVE POLITICAL ANALYSIS,2023,Not Specified,,https://drive.google.com/file/d/1IZwPZs5C5aYVOrq73oNVk7xMiOdAAP6L/view?usp=drive_link,,Paper Code 2322101202 | Syllabus: https://drive.google.com/file/d/1enWpF10gvwGPEI65ZWyRh1qeHzlX5JIf/view?usp=drive_link
BA(H) POLITICAL SCIENCE,POLITICAL THEORY: CONCEPTS AND DEBATES,2023,Not Specified,,https://drive.google.com/file/d/1uUGywX0bl80QDx2hSfe1Q0dQt-CExKTE/view?usp=drive_link,,Paper Code 2322102302 | Syllabus: https://drive.google.com/file/d/17dndmRfYZNmS_t1JgMhkBQcSxix8e9XY/view?usp=drive_link
BA(H) POLITICAL SCIENCE,CONCEPTS IN COMPARATIVE POLITICAL ANALYSIS,2024,Not Specified,,https://drive.google.com/file/d/1WezLslD9LR5inAextRg-6EiJUQu1wVTu/view?usp=drive_link,,Paper Code 2322102402 | Syllabus: https://drive.google.com/file/d/1_D3piTcZRdeW_DULgJRv9tMTKNDVl341/view?usp=drive_link
BA(H) POLITICAL SCIENCE,METHODS AND APPROACHES IN COMPARATIVE POLITICAL ANALYSIS,2024,Not Specified,,https://drive.google.com/file/d/1MHq_y3ghdS8qQ62E_SS9BCpg4DBuTQ4F/view?usp=sharing,,Paper Code 2322101202 | Syllabus: https://drive.google.com/file/d/1enWpF10gvwGPEI65ZWyRh1qeHzlX5JIf/view?usp=drive_link
BA(H) POLITICAL SCIENCE,"PERSPECTIVES ON PUBLIC
 ADMINISTRATION",2024,Not Specified,,https://drive.google.com/file/d/11BFzygqlThBnQNbmjsnsxoALYaRlhcAI/view?usp=sharing,,Paper Code 2322101201 | Syllabus: https://drive.google.com/file/d/1FGjCopzlOb61KmqP5lILS5-p0m3zEY7o/view?usp=drive_link
BA(H) POLITICAL SCIENCE,PUBLIC ADMINISTRATION IN INDIA,2024,Not Specified,,https://drive.google.com/file/d/1zmpJasbmnSO1v4HP3v-hCaB-Jv3V2n2r/view?usp=drive_link,,Paper Code 2322102401 | Syllabus: https://drive.google.com/file/d/125T3CgKP-faVu7z0NC3S5bbyhVXXIkl9/view?usp=drive_link
BA(H) POLITICAL SCIENCE,ANCIENT AND MEDIEVAL INDIAN POLITICAL THOUGHT,2025,Not Specified,,https://drive.google.com/file/d/1lLVDWTP7w52SgZc9FQ6f4AIw9ebrbDwv/view?usp=sharing,,Paper Code 2322102301 | Syllabus: https://drive.google.com/file/d/1C75s6plMpqhGUjMhpnydl9zvlQG9Jb7f/view?usp=sharing
BA(H) POLITICAL SCIENCE,COLONIALISM AND NATIONALISM IN INDIA,2025,Not Specified,,https://drive.google.com/file/d/1wXyoaij5kc1Dgq93Naeg0KBSA4uMKh-G/view?usp=drive_link,,Paper Code 2322101103 | Syllabus: https://drive.google.com/file/d/17Cd9FIVG1zVjev4iPyT9zlsgltu4QzHH/view?usp=drive_link
BA(H) POLITICAL SCIENCE,CONCEPTS IN COMPARATIVE POLITICAL ANALYSIS,2025,Not Specified,,https://drive.google.com/file/d/16nX0Zvujmo0XPoGXcQjAxV8VUGV_Kxcz/view?usp=sharing,,Paper Code 2322102402 | Syllabus: https://drive.google.com/file/d/1_D3piTcZRdeW_DULgJRv9tMTKNDVl341/view?usp=drive_link
BA(H) POLITICAL SCIENCE,CONSTITUTIONAL GOVERNMENT AND DEMOCRACY IN INDIA,2025,Not Specified,,https://drive.google.com/file/d/1h53HQQ3dw6F5z0f7qtVW6KZ6iBJz7DS_/view?usp=sharing,,Paper Code 2322102303 | Syllabus: https://drive.google.com/file/d/1k8x6PBeamJso0FdY0SeHj4myHws7mZY-/view?usp=drive_link
BA(H) POLITICAL SCIENCE,IDEAS AND INSTITUTIONS IN INDIAN POLITICAL THOUGHT,2025,Not Specified,,https://drive.google.com/file/d/1F1I2lp94M2_SV22B-2VMUJKHLlnJztkY/view?usp=drive_link,,Paper Code 2322101102 | Syllabus: https://drive.google.com/file/d/1h4IH_sCRuGLARSIa8Z22I8VuuQeBhv-m/view?usp=drive_link
BA(H) POLITICAL SCIENCE,"INTRODUCTION TO INTERNATIONAL RELATIONS: THEORIES, CONCEPTS AND DEBATES",2025,Not Specified,,https://drive.google.com/file/d/1psEKQrp0X76b4lav7yi6QLMaM4TCc_pj/view?usp=sharing,,Paper Code 2322101203 | Syllabus: https://drive.google.com/file/d/1IY7hVGQuMYcbzeOo-ekMboePmHIZ4TZP/view?usp=drive_link
BA(H) POLITICAL SCIENCE,METHODS AND APPROACHES IN COMPARATIVE POLITICAL ANALYSIS,2025,Not Specified,,https://drive.google.com/file/d/1to51d6Q_8-Tawxla4LFmK43XBfRPPvvu/view?usp=sharing,,Paper Code 2322101202 | Syllabus: https://drive.google.com/file/d/1enWpF10gvwGPEI65ZWyRh1qeHzlX5JIf/view?usp=drive_link
BA(H) POLITICAL SCIENCE,MODERN INDIAN POLITICAL THOUGHT,2025,Not Specified,,https://drive.google.com/file/d/1x81fxrBYVxZUYyPel5W0f7CdWy-1TZ6E/view?usp=sharing,,Paper Code 2322103502 | Syllabus: https://drive.google.com/file/d/17uNBCPtDf-74KEuLlSIvoZMPTuvMnFEQ/view?usp=drive_link
BA(H) POLITICAL SCIENCE,PERSPECTIVES ON PUBLIC ADMINISTRATION,2025,Not Specified,,https://drive.google.com/file/d/1TAvbPf2YoVwUje86Bugt_h5NbwpFW9jE/view?usp=sharing,,Paper Code 2322101201 | Syllabus: https://drive.google.com/file/d/1FGjCopzlOb61KmqP5lILS5-p0m3zEY7o/view?usp=drive_link
BA(H) POLITICAL SCIENCE,POLITICAL PROCESS IN INDIA,2025,Not Specified,,https://drive.google.com/file/d/1yA0bAz-uHN5LEB59Mv7i7ONw9h6M-oYV/view?usp=sharing,,Paper Code 2322103503 | Syllabus: https://drive.google.com/file/d/1SSBRU83fTtmcrxoiQi6Dw0Mk1ET2LiS4/view?usp=drive_link
BA(H) POLITICAL SCIENCE,POLITICAL THEORY: CONCEPTS AND DEBATES,2025,Not Specified,,https://drive.google.com/file/d/1NHD8yKn7ae6XfYz1J2zs21jiK5Rf__SF/view?usp=sharing,,Paper Code 2322102302 | Syllabus: https://drive.google.com/file/d/17dndmRfYZNmS_t1JgMhkBQcSxix8e9XY/view?usp=drive_link
BA(H) POLITICAL SCIENCE,PUBLIC ADMINISTRATION IN INDIA,2025,Not Specified,,https://drive.google.com/file/d/1R8abanxPn6mZYC0oMvLpm3xlij10tCRk/view?usp=sharing,,Paper Code 2322102401 | Syllabus: https://drive.google.com/file/d/125T3CgKP-faVu7z0NC3S5bbyhVXXIkl9/view?usp=drive_link
BA(H) POLITICAL SCIENCE,UNDERSTANDING AMBEDKAR,2025,Not Specified,,https://drive.google.com/file/d/10irWIVgy3QP3Set93PUGkDHX3grfDtX4/view?usp=sharing,,Paper Code 2323100007 | Syllabus: https://drive.google.com/file/d/1YAkFvCgCQfqv-kcy4JwO6wH2HXLZOMg6/view?usp=drive_link
BA(H) POLITICAL SCIENCE,UNDERSTANDING POLITICAL THEORY,2025,Not Specified,,https://drive.google.com/file/d/1nRwfR6RbkWr2y_ifuMeX8lqu3J7YUCKl/view?usp=drive_link,,Paper Code 2322101101 | Syllabus: https://drive.google.com/file/d/1XyjAgSj5Z3sFf0am9-unZSzthMQr25yQ/view?usp=drive_link
BA(H) POLITICAL SCIENCE,WESTERN POLITICAL PHILOSOPHY-I,2025,Not Specified,,https://drive.google.com/file/d/1jTY83fczDHwgAt3_txrQ1idQkJIBmPUb/view?usp=sharing,,Paper Code 2322103501 | Syllabus: https://drive.google.com/file/d/1ICIT6P1nNPs_DJ2Y1ELjaUbyG7Fh8c6g/view?usp=drive_link
BA(H) PSYCHOLOGY,BIO PSYCHOLOGY,2023,Not Specified,,https://drive.google.com/file/d/1mfzsybXzu7qV4ah4hKlN48TQSnt2ePNf/view?usp=drive_link,,Paper Code 2112101103 | Syllabus: https://drive.google.com/file/d/1DKTtgHQWERYntftPyNGZe7ZPgSwRZ87v/view?usp=drive_link
BA(H) PSYCHOLOGY,DEVELOPMENT OF PSYCHOLOGICAL THOUGHT,2023,Not Specified,,https://drive.google.com/file/d/1y2ANiSgI08dYYcojslWK1-DnpSL_YwLQ/view?usp=drive_link,,Paper Code 2112102301 | Syllabus: https://drive.google.com/file/d/1AMjFdYXIOrRKHVHHKhaWsf9TBzIj6a8x/view?usp=drive_link
BA(H) PSYCHOLOGY,PARADIGMATIC FOUNDATIONS OF PSYCHOLOGICAL INQUIRY,2023,Not Specified,,https://drive.google.com/file/d/1O9FIfGjfwd8VANgF0bLrksUazzvquQd4/view?usp=drive_link,,Paper Code 2112102302 | Syllabus: https://drive.google.com/file/d/1cQ1B-rgH1iN9Yjsdv6dXVAjLTYqwIquB/view?usp=drive_link
BA(H) PSYCHOLOGY,SOCIAL BEHAVIOUR AND GROUP INTERACTIONS,2023,Not Specified,,https://drive.google.com/file/d/1wuM3vv7Yj6dZFa81m_TmJLVhtma392lA/view?usp=drive_link,,Paper Code 2113102001 | Syllabus: https://drive.google.com/file/d/1XhiDtHFFooAi9xmRxsqjBhtFPd0s6PE5/view?usp=drive_link
BA(H) PSYCHOLOGY,SOCIAL PSYCHOLOGY IN APPLIED CONTEXTS,2023,Not Specified,,https://drive.google.com/file/d/1p2GQEXl8UkoOU56ZMB-aU24eBVhrId6T/view?usp=drive_link,,Paper Code 2112102303 | Syllabus: https://drive.google.com/file/d/13ogVJEsC6POmtsrgtS22k4ZUhA7KETUo/view?usp=drive_link
BA(H) PSYCHOLOGY,STATISTICAL METHODS FOR PSYCHOLOGICAL RESEARCH,2023,Not Specified,,https://drive.google.com/file/d/1xU7b1kT6Q5uRUKyMEhBw7Nw1Lu9REnZI/view?usp=drive_link,,Paper Code 2112101203 | Syllabus: https://drive.google.com/file/d/1oewLJsr5SxfMnDCghITmLeyTDMycmvKt/view?usp=drive_link
BA(H) PSYCHOLOGY,BASIC STATISTICS IN PSYCHOLOGY,2024,Not Specified,,https://drive.google.com/file/d/1LcJb-6B_qcvzc4j_6ptPJWciLxvGscmB/view?usp=sharing,,Paper Code 2112101204 | Syllabus: https://mscw.ac.in/library/NA
BA(H) PSYCHOLOGY,INFERENTIAL STATISTICS IN PSYCHOLOGY,2024,Not Specified,,https://drive.google.com/file/d/1q5HH_oq99Z7dEbZPUTNXH5YCBP7_AZ1F/view?usp=drive_link,,Paper Code 2112102403 | Syllabus: https://drive.google.com/file/d/1j4VCRZtridSrsDXvCRXZNWDj9CMvm1Tr/view?usp=drive_link
BA(H) PSYCHOLOGY,POSITIVE PSYCHOLOGY,2024,Not Specified,,https://drive.google.com/file/d/1xFEc0lf02luJ2LimgwcwebhGKhAq1UHb/view?usp=drive_link,,Paper Code 2112102402 | Syllabus: https://drive.google.com/file/d/16LGhJNL0TC7yJDHARzmbkO-LmjqBXmvV/view?usp=drive_link
BA(H) PSYCHOLOGY,PSYCHOLOGY OF INDIVIDUAL DIFFERENCES,2024,Not Specified,,https://drive.google.com/file/d/1_lA59Tp3-4z15ATSEMOiO40aOwBlfINb/view?usp=sharing,,Paper Code 2112101201 | Syllabus: https://drive.google.com/file/d/1odPuBtyZOLrZpnBJkE2zDUgacIiMfg-Z/view?usp=drive_link
BA(H) PSYCHOLOGY,SOCIAL PSYCHOLOGY,2024,Not Specified,,https://drive.google.com/file/d/13WlQCHa02ZBgKRwLB2PwM8tbM593YjC5/view?usp=sharing,,Paper Code 2112101202 | Syllabus: https://drive.google.com/file/d/1givoI6BvCJL4H4H4ZZNXmoI72sKmj1HM/view?usp=drive_link
BA(H) PSYCHOLOGY,UNDERSTANDING MENTAL DISORDERS,2024,Not Specified,,https://drive.google.com/file/d/1SJ2Szvgl2BZRMvMyfNTgOGVZggGdWysl/view?usp=drive_link,,Paper Code 2112102401 | Syllabus: https://drive.google.com/file/d/10SW1oY6Nd0Z2J4hb53XUK41wOKQL18LC/view?usp=drive_link
BA(H) PSYCHOLOGY,APPLYING PSYCHOLOGY TO WORK,2025,Not Specified,,https://drive.google.com/file/d/1ox9W5VKviOrBvRx0PA_FWfMZ10eyFJlx/view?usp=sharing,,Paper Code 2112102503 | Syllabus: https://drive.google.com/file/d/1ek3LJVe7pVL-gNFO2yTlLzXPi04L0LC_/view?usp=drive_link
BA(H) PSYCHOLOGY,BIO PSYCHOLOGY,2025,Not Specified,,https://drive.google.com/file/d/1Jc1pi6cliUCKWN6qoyl0kTsrWvp1v2v4/view?usp=drive_link,,Paper Code 2112101103 | Syllabus: https://drive.google.com/file/d/1DKTtgHQWERYntftPyNGZe7ZPgSwRZ87v/view?usp=drive_link
BA(H) PSYCHOLOGY,CHILD AND ADOLESCENT DEVELOPMENT,2025,Not Specified,,https://drive.google.com/file/d/1RY8vNkPWusiF1qjlOz0olwMuqd0EPu06/view?usp=sharing,,Paper Code 2112102502 | Syllabus: https://drive.google.com/file/d/1g9plhHrjBBqhQ6XMwdYR9ohIKsBPH6qw/view?usp=drive_link
BA(H) PSYCHOLOGY,COGNITIVE PSYCHOLOGY,2025,Not Specified,,https://drive.google.com/file/d/1eMz2I1IBUKe2G50kehj5idIF7RydKobR/view?usp=drive_link,,Paper Code 2112101102 | Syllabus: https://drive.google.com/file/d/14PEl51VKaeJ-avmzbiut-J03yaXCwEZr/view?usp=drive_link
BA(H) PSYCHOLOGY,COUNSELING PSYCHOLOGY,2025,Not Specified,,https://drive.google.com/file/d/1baidPaEaZfj1zBvgOXoS_I7L788MO6sY/view?usp=sharing,,Paper Code 2112102601 | Syllabus: https://drive.google.com/file/d/1Qjk4HjVsBI9LBCWWkbjnKmX1OrGgKZMP/view?usp=drive_link
BA(H) PSYCHOLOGY,DEVELOPMENT OF PSYCHOLOGICAL THOUGHT,2025,Not Specified,,https://drive.google.com/file/d/1gAME1zApdTv4GcvmUp9UfHdRTVidkoRY/view?usp=sharing,,Paper Code 2112102301 | Syllabus: https://drive.google.com/file/d/1AMjFdYXIOrRKHVHHKhaWsf9TBzIj6a8x/view?usp=drive_link
BA(H) PSYCHOLOGY,HEALTH PSYCHOLOGY,2025,Not Specified,,https://drive.google.com/file/d/1kw3wDPIoAd2UDtpx6bOLM6xWFIL26L1g/view?usp=sharing,,Paper Code 2112102603 | Syllabus: https://drive.google.com/file/d/1Jkg7dwDKqnXjQ02LdymIldl13evXzxNh/view?usp=drive_link
BA(H) PSYCHOLOGY,HUMAN RESOURCE MANAGEMENT: THEORY AND PRACTICES,2025,Not Specified,,https://drive.google.com/file/d/1W4VCSycTcAV6q-wusck-c_proGMqdjVK/view?usp=sharing,,Paper Code 2112102602 | Syllabus: https://drive.google.com/file/d/14iVimrTjDPFwPM84bbBkDL7H676j9j8q/view?usp=drive_link
BA(H) PSYCHOLOGY,INFERENTIAL STATISTICS IN PSYCHOLOGY,2025,Not Specified,,https://drive.google.com/file/d/1lgcxeFER9HTltCiUctHrf4PxmVchRt-Z/view?usp=sharing,,Paper Code 2112102403 | Syllabus: https://drive.google.com/file/d/121NU9zHgLh2-O76SeFAcP_ikLIret3He/view?usp=drive_link
BA(H) PSYCHOLOGY,INTRODUCTION TO PSYCHOLOGY,2025,Not Specified,,https://drive.google.com/file/d/1ODwU1sF1mVJPLvZAvAs4VeMBmn97otc2/view?usp=drive_link,,Paper Code 2112101101 | Syllabus: https://drive.google.com/file/d/1VcaFCsHpHAidPa0pNm_lJ7J0VT-z4iu7/view?usp=drive_link
BA(H) PSYCHOLOGY,PARADIGMATIC FOUNDATIONS OF PSYCHOLOGICAL INQUIRY,2025,Not Specified,,https://drive.google.com/file/d/142gFw618oFaYgmg0QTHfoYdBTasiKK8A/view?usp=sharing,,Paper Code 2112102302 | Syllabus: https://drive.google.com/file/d/1cQ1B-rgH1iN9Yjsdv6dXVAjLTYqwIquB/view?usp=drive_link
BA(H) PSYCHOLOGY,PERSPECTIVES IN MENTAL AND BEHAVIORAL DISORDERS,2025,Not Specified,,https://drive.google.com/file/d/1TbLStiU_O7m5189x366x_kdu4BON7Jca/view?usp=sharing,,Paper Code 2112102501 | Syllabus: https://drive.google.com/file/d/1m8Mlf9ykDTFMtLx2QHr-hvSOqihxN5rm/view?usp=drive_link
BA(H) PSYCHOLOGY,POSITIVE PSYCHOLOGY,2025,Not Specified,,https://drive.google.com/file/d/1osVk1uksX8bVE_2el5q8BIVZB4XVaV2b/view?usp=sharing,,Paper Code 2112102402 | Syllabus: https://drive.google.com/file/d/1rCVhfv0okweMV8FsCQb5LgJ9H8LgPbtg/view?usp=drive_link
BA(H) PSYCHOLOGY,PSYCHOLOGY OF GENDER,2025,Not Specified,,https://drive.google.com/file/d/1HcKJMJk9f1dMAMm-jOr5JsEXu4s9H-Ds/view?usp=sharing,,Paper Code 2113100008 | Syllabus: https://drive.google.com/file/d/1nvRZvfCzprhDz0Oq7mRfQvclFEa8K2qr/view?usp=drive_link
BA(H) PSYCHOLOGY,PSYCHOLOGY OF INDIVIDUAL DIFFERENCES,2025,Not Specified,,https://drive.google.com/file/d/12m4ApJ-umxITQCA5JrlFLsoPhtM-BVv_/view?usp=sharing,,Paper Code 2112101201 | Syllabus: https://drive.google.com/file/d/1odPuBtyZOLrZpnBJkE2zDUgacIiMfg-Z/view?usp=drive_link
BA(H) PSYCHOLOGY,RESEARCH METHODS IN PSYCHOLOGY,2025,Not Specified,,https://drive.google.com/file/d/1wwz2NQ-zQN9grW_Z7GFiLrCXvOWtF4ED/view?usp=sharing,,Paper Code 2113100012 | Syllabus: https://drive.google.com/file/d/1twy2yrpZDG_rWJxkxC19khfgYTzh4I2W/view?usp=drive_link
BA(H) PSYCHOLOGY,SOCIAL PSYCHOLOGY IN APPLIED CONTEXTS,2025,Not Specified,,https://drive.google.com/file/d/17u8ODsAlhGrsciw4ipKhfMpo6ujUs1w1/view?usp=sharing,,Paper Code 2112102303 | Syllabus: https://drive.google.com/file/d/13ogVJEsC6POmtsrgtS22k4ZUhA7KETUo/view?usp=drive_link
BA(H) PSYCHOLOGY,UNDERSTANDING MENTAL DISORDERS,2025,Not Specified,,https://drive.google.com/file/d/1U1DRZWnU6t9CefI4bNRH4KJCutkmMGyq/view?usp=sharing,,Paper Code 2112102401 | Syllabus: https://drive.google.com/file/d/1TfB5-VD8rCFvfMjRdVbfdthNyjnsqK4D/view?usp=drive_link
BA(H) PSYCHOLOGY,YOUTH AND MENTAL HEALTH,2025,Not Specified,,https://drive.google.com/file/d/196sONBhFT4rMy1azbwM6llM736AhOWkA/view?usp=sharing,,Paper Code 2114000010 | Syllabus: https://drive.google.com/file/d/12JlYhc9b0ETAKx1FtTL2GbALOCoudegX/view?usp=drive_link
BA(H) PUNJABI,ADHUNIK PUNJABI KAVITA,2023,Not Specified,,https://drive.google.com/file/d/1GawUUPmgsJml_RR4c8OOvxHCwP881qJa/view?usp=drive_link,,Paper Code 2122101202 | Syllabus: https://drive.google.com/file/d/18LoDPg3cYM4ks93wAZQt9o7GiXcfV95M/view?usp=drive_link
BA(H) PUNJABI,PUNJAB DI LOKDHARA,2023,Not Specified,,https://drive.google.com/file/d/1jQTcA_LQR8NiEajCs7p-aQzGODUV5Qmq/view?usp=drive_link,,Paper Code 2122101102 | Syllabus: https://drive.google.com/file/d/1smIT5BarFxhpZcWKijolhZw-YPLdsKs7/view?usp=drive_link
BA(H) PUNJABI,PUNJABI BHASHA ATE GURMUKHI LIPI,2023,Not Specified,,https://drive.google.com/file/d/14Wj1Gs0YlnzlBXXFL6H2KgOxEjdeJrtm/view?usp=drive_link,,Paper Code 2122101101 | Syllabus: https://drive.google.com/file/d/16VdIwHFGR8JIt6YUMBalBCQQbtyt4AdQ/view?usp=drive_link
BA(H) PUNJABI,PUNJABI NATAK,2023,Not Specified,,https://drive.google.com/file/d/1TVPh8UPRym5U1q_9syovBGBJJZOUgzO1/view?usp=drive_link,,Paper Code 2122102303 | Syllabus: https://drive.google.com/file/d/14HigOV11_UZI-TnYGbBH9QwlSOQRAdLX/view?usp=drive_link
BA(H) PUNJABI,PUNJABI NOVEL,2023,Not Specified,,https://drive.google.com/file/d/1FVYMv56rWNa0IPFpls64DxdRj_PoGtKr/view?usp=drive_link,,Paper Code 2122102302 | Syllabus: https://drive.google.com/file/d/1Zn0dsVJJMFG8wGhaq-4AUgxEDZjfZ5MA/view?usp=drive_link
BA(H) PUNJABI,PUNJABI SABHIYACHAR,2023,Not Specified,,https://drive.google.com/file/d/1ybG0wjvtLJw1s2BImkunhZ6DHnD8Wb6z/view?usp=drive_link,,Paper Code 2122101103 | Syllabus: https://drive.google.com/file/d/1EHcN6-bbVaZB__kmqY9Iy-ku2YRHZjmw/view?usp=drive_link
BA(H) PUNJABI,SAHIT DE ROOP,2023,Not Specified,,https://drive.google.com/file/d/1oMBjVXXGnkzCqXHV31MH0XoEScI2fbHL/view?usp=drive_link,,Paper Code 2122102301 | Syllabus: https://drive.google.com/file/d/1RDY1R7BDxZNQP-Kpwn5H6YTCDA0bXbwl/view?usp=drive_link
BA(H) PUNJABI,ADHUNIK PUNJABI KAHANI,2024,Not Specified,,https://drive.google.com/file/d/1eIiXpjisDLQ6LcvfiwfNsKB71sbmPFf0/view?usp=sharing,,Paper Code 2122101203 | Syllabus: https://drive.google.com/file/d/1NkyHllulLStbxTMvO9aoTYnjB0nrlMbi/view?usp=drive_link
BA(H) PUNJABI,ADHUNIK PUNJABI KAVITA,2024,Not Specified,,https://drive.google.com/file/d/1As0wOoWVDPO_iPuVkkMfUiclPD9Mcgbi/view?usp=sharing,,Paper Code 2122101202 | Syllabus: https://drive.google.com/file/d/18LoDPg3cYM4ks93wAZQt9o7GiXcfV95M/view?usp=drive_link
BA(H) PUNJABI,ADHUNIK PUNJABI SAHIT DA ITIHAS,2024,Not Specified,,https://drive.google.com/file/d/1AaSTic2jG_IrLOeZznw0ad5zKRv6qS9R/view?usp=sharing,,Paper Code 2122101201 | Syllabus: https://drive.google.com/file/d/1CJ1oXdr-awW6Av1hgPKnnv-l-Sg2v8ps/view?usp=drive_link
BA(H) PUNJABI,ADHUNIK PUNJABI VARTAK,2024,Not Specified,,https://drive.google.com/file/d/1p1srWxLkoNlRm6zjqc2U8V1hoinIKt5_/view?usp=drive_link,,Paper Code 2122102401 | Syllabus: https://drive.google.com/file/d/1DZuWWcADw5P098abV0281bdc6-RDYglt/view?usp=drive_link
BA(H) PUNJABI,PAKISTANI PUNJABI SAHIT,2024,Not Specified,,https://drive.google.com/file/d/18aViz_FGqNlyt4gKpszqvWoXe68OWWy5/view?usp=drive_link,,Paper Code 2122102403 | Syllabus: https://drive.google.com/file/d/16xNj7DMKq0hc0ow5rwxqu6b-CphALdeE/view?usp=drive_link
BA(H) PUNJABI,PARVASI PUNJABI SAHIT,2024,Not Specified,,https://drive.google.com/file/d/1_xmf9_3tLy_iBZ60ZnVJvSYgy--sXdNm/view?usp=drive_link,,Paper Code 2122102402 | Syllabus: https://drive.google.com/file/d/1gyevMlWe5iSwB89VHzTBUydAs7AZMTEX/view?usp=drive_link
BA(H) PUNJABI,ADHUNIK PUNJABI KAHANI,2025,Not Specified,,https://drive.google.com/file/d/1PmCpGYGtP-n3j9cqaR07IRBsk9Z8xn20/view?usp=sharing,,Paper Code 2122101203 | Syllabus: https://drive.google.com/file/d/1NkyHllulLStbxTMvO9aoTYnjB0nrlMbi/view?usp=drive_link
BA(H) PUNJABI,ADHUNIK PUNJABI KAVITA,2025,Not Specified,,https://drive.google.com/file/d/1LWs0O2D3YChXUPzojq1vUXK-LKHuLPqJ/view?usp=sharing,,Paper Code 2122101202 | Syllabus: https://drive.google.com/file/d/18LoDPg3cYM4ks93wAZQt9o7GiXcfV95M/view?usp=drive_link
BA(H) PUNJABI,ADHUNIK PUNJABI SAHIT DA ITIHAS,2025,Not Specified,,https://drive.google.com/file/d/1ly0gOhOqucO9AogaKkDKloswZDSaq-CW/view?usp=sharing,,Paper Code 2122101201 | Syllabus: https://drive.google.com/file/d/1CJ1oXdr-awW6Av1hgPKnnv-l-Sg2v8ps/view?usp=drive_link
BA(H) PUNJABI,ADHUNIK PUNJABI VARTAK,2025,Not Specified,,https://drive.google.com/file/d/1RMvMPqvFVLM4Jfh4NibGMOADExnNJBr8/view?usp=sharing,,Paper Code 2122102401 | Syllabus: https://drive.google.com/file/d/1DZuWWcADw5P098abV0281bdc6-RDYglt/view?usp=drive_link
BA(H) PUNJABI,DELHI DA PUNJABI SAHIT,2025,Not Specified,,https://drive.google.com/file/d/1m_-Nukq4w9lWefK7FiH74TV-_qgQg-Hq/view?usp=sharing,,Paper Code 2123100009 | Syllabus: https://drive.google.com/file/d/1GJIgYT_lI7X9oh-b8XXGYLzLjAoGn7_E/view?usp=drive_link
BA(H) PUNJABI,GURMAT SAHIT,2025,Not Specified,,https://drive.google.com/file/d/1QRaLaA29gu8lvGbvlphhwwlTkV_DgEoE/view?usp=sharing,,Paper Code 2122103502 | Syllabus: https://drive.google.com/file/d/1cgYmaaG4ECGRwMDy0jH5E-9mSoDzs7B2/view?usp=drive_link
BA(H) PUNJABI,MADHKALI PUNJABI SAHIT DA ITIHAS,2025,Not Specified,,https://drive.google.com/file/d/1utLaCw357ZWlgjvTGOhIT8ALYCTkpXz0/view?usp=sharing,,Paper Code 2122103501 | Syllabus: https://drive.google.com/file/d/1Ya-mvEq3PfCGwsug5THHF8-pSrr6gDz4/view?usp=drive_link
BA(H) PUNJABI,PAKISTANI PUNJABI SAHIT,2025,Not Specified,,https://drive.google.com/file/d/1x09cpdP7b5KtiSTU1rGOva36AHG5zGQW/view?usp=sharing,,Paper Code 2122102403 | Syllabus: https://drive.google.com/file/d/16xNj7DMKq0hc0ow5rwxqu6b-CphALdeE/view?usp=drive_link
BA(H) PUNJABI,PARVASI PUNJABI SAHIT,2025,Not Specified,,https://drive.google.com/file/d/1nvtyvzorMvpUFBuR80CoercVJtea8fba/view?usp=sharing,,Paper Code 2122102402 | Syllabus: https://drive.google.com/file/d/1gyevMlWe5iSwB89VHzTBUydAs7AZMTEX/view?usp=drive_link
BA(H) PUNJABI,PUNJAB DI LOKDHARA,2025,Not Specified,,https://drive.google.com/file/d/1_ZoBHCnJdV3qTPAnTOKE_H1EUPy65djF/view?usp=drive_link,,Paper Code 2122101102 | Syllabus: https://drive.google.com/file/d/1smIT5BarFxhpZcWKijolhZw-YPLdsKs7/view?usp=drive_link
BA(H) PUNJABI,PUNJABI BHASHA ATE GURMUKHI LIPI,2025,Not Specified,,https://drive.google.com/file/d/1v2qHUVciLfTFeLfQ6LxrGihDS7AyZX0H/view?usp=drive_link,,Paper Code 2122101101 | Syllabus: https://drive.google.com/file/d/16VdIwHFGR8JIt6YUMBalBCQQbtyt4AdQ/view?usp=drive_link
BA(H) PUNJABI,PUNJABI NATAK,2025,Not Specified,,https://drive.google.com/file/d/1B0wYsv8Bzpk4uwsBlEXIp8-Nm838w3NC/view?usp=sharing,,Paper Code 2122102303 | Syllabus: https://drive.google.com/file/d/14HigOV11_UZI-TnYGbBH9QwlSOQRAdLX/view?usp=drive_link
BA(H) PUNJABI,PUNJABI NOVEL,2025,Not Specified,,https://drive.google.com/file/d/1koUpyQm_hlr_QCym311QGUaN0QGQav97/view?usp=sharing,,Paper Code 2122102302 | Syllabus: https://drive.google.com/file/d/1Zn0dsVJJMFG8wGhaq-4AUgxEDZjfZ5MA/view?usp=drive_link
BA(H) PUNJABI,PUNJABI SABHIYACHAR,2025,Not Specified,,https://drive.google.com/file/d/1ZnGz7y-BhMsMYtycGIdgglxOaemPBXmu/view?usp=drive_link,,Paper Code 2122101103 | Syllabus: https://drive.google.com/file/d/1EHcN6-bbVaZB__kmqY9Iy-ku2YRHZjmw/view?usp=drive_link
BA(H) PUNJABI,PUNJABI SUFI KAAV,2025,Not Specified,,https://drive.google.com/file/d/1RqHVSDbPolNc8vQH6QFb-WkKzChTKA3r/view?usp=sharing,,Paper Code 2122103503 | Syllabus: https://drive.google.com/file/d/1cj1XkedrKhk4GzUPv6n_beSfk7h6M-OH/view?usp=drive_link
BA(H) PUNJABI,SAHIT DE ROOP,2025,Not Specified,,https://drive.google.com/file/d/1W4QNqsTXO41pOTWeY_1fs_fxuG8sDE-v/view?usp=sharing,,Paper Code 2122102301 | Syllabus: https://drive.google.com/file/d/1RDY1R7BDxZNQP-Kpwn5H6YTCDA0bXbwl/view?usp=drive_link
BA(H) SANSKRIT,APPLIED SANSKRIT,2023,Not Specified,,https://drive.google.com/file/d/1UH5CzFRl3QsDARuF9WqJt_mKt7thVeal/view?usp=drive_link,,Paper Code 2132101101 | Syllabus: https://drive.google.com/file/d/1aLav92vEp4kBFhFbVXeg3Mplgx0YUyiV/view?usp=drive_link
BA(H) SANSKRIT,CLASSICAL SANSKRIT LITERATURE: DRAMA,2023,Not Specified,,https://drive.google.com/file/d/1mFn5ywHz6_gaM3WbClRiM8uwz-TAiC13/view?usp=drive_link,,Paper Code 2132102301 | Syllabus: https://drive.google.com/file/d/1FZg990Eqz_fh90acHH70mP3Gz8UPBk1B/view?usp=sharing
BA(H) SANSKRIT,CLASSICAL SANSKRIT POETRY,2023,Not Specified,,https://drive.google.com/file/d/1D6SOMxctcYYwlLtW_PvwRhz8l6g0Utb4/view?usp=drive_link,,Paper Code 2132101102 | Syllabus: https://drive.google.com/file/d/1GcmTFCzNIzrH4IrOvT8k-frsddRw5CCV/view?usp=drive_link
BA(H) SANSKRIT,CRITICAL SURVEY OF ŚĀSTRIC LITERATURE,2023,Not Specified,,https://drive.google.com/file/d/1A4lbE9XBliOV27f8Xcdr73cIu5tmpqF5/view?usp=drive_link,,Paper Code 2132101203 | Syllabus: https://drive.google.com/file/d/1S2zpUzbdigL2GP17rqKg4HTtndjVjacK/view?usp=drive_link
BA(H) SANSKRIT,INDIAN EPIGRAPHY I,2023,Not Specified,,https://drive.google.com/file/d/1ixEvcc0ufyPVzi1_yOVJvZlYeAvYHRji/view?usp=drive_link,,Paper Code 2132102303 | Syllabus: https://drive.google.com/file/d/1Zwc2cXl4RbKm5cZAJGpYd1-T_RC_Fn2m/view?usp=drive_link
BA(H) SANSKRIT,INDIAN SOCIAL INSTITUTIONS AND POLITY,2023,Not Specified,,https://drive.google.com/file/d/1lODMeHWuDWwcV7UloyKcJvar3yboG_iz/view?usp=drive_link,,Paper Code 2132101103 | Syllabus: https://drive.google.com/file/d/1kDxzEDx5iL3ae-qzAX6ByQplj4jC05Yo/view?usp=drive_link
BA(H) SANSKRIT,SANSKRIT LINGUISTICS,2023,Not Specified,,https://drive.google.com/file/d/1CiyMGCr2b6_dmUwjRGGF_zT526h0j88Q/view?usp=drive_link,,Paper Code 2132102302 | Syllabus: https://drive.google.com/file/d/1LTItd6BBPbIPW0XfCLm18MxzqJ6FCob3/view?usp=drive_link
BA(H) SANSKRIT,SANSKRIT PROSE,2023,Not Specified,,https://drive.google.com/file/d/1sssIDJY_ZJpsXGnlgwUB9bwMLZlZ3s0e/view?usp=drive_link,,Paper Code 2132201201 | Syllabus: https://drive.google.com/file/d/15NBIP3kkqtGZ2FzCIP0rPy_QkYh6euyi/view?usp=drive_link
BA(H) SANSKRIT,CLASSICAL SANSKRIT LITERATURE(PROSE),2024,Not Specified,,https://drive.google.com/file/d/1gmie6Dv5ByNaz0gBbRutFXewXywjCI1U/view?usp=sharing,,Paper Code 2132101201 | Syllabus: https://drive.google.com/file/d/1WiANbp4STQ1_JW6fyxRZWQ8YGFqRwXjO/view?usp=drive_link
BA(H) SANSKRIT,CRITICAL SURVEY OF SASTRIC LITERATURE,2024,Not Specified,,https://drive.google.com/file/d/1qrVuVt6ZWFg3q9N-cHqnTXmmLonE-p44/view?usp=sharing,,Paper Code 2132101203 | Syllabus: https://drive.google.com/file/d/1S2zpUzbdigL2GP17rqKg4HTtndjVjacK/view?usp=drive_link
BA(H) SANSKRIT,INDIAN EPIGRAPHY II,2024,Not Specified,,https://drive.google.com/file/d/1qY7R0HIbxRpqfgfISZD4mupnOo62wq40/view?usp=drive_link,,Paper Code 2132102403 | Syllabus: https://drive.google.com/file/d/1nkHMWJs4cvll73dJ9wu-ql_BJJEX_vhn/view?usp=drive_link
BA(H) SANSKRIT,MODERN SANSKRIT LITERATURE,2024,Not Specified,,https://drive.google.com/file/d/10Y_f9tXjKSN4IYPVTATUk2cAcXqqnj2k/view?usp=drive_link,,Paper Code 2132102401 | Syllabus: https://drive.google.com/file/d/1CRpAyQdPk2qvNWKFsytx3Wqe5f9ZfOC6/view?usp=drive_link
BA(H) SANSKRIT,SANSKRIT AND WORLD LITERATURE,2024,Not Specified,,https://drive.google.com/file/d/1VcTtpZRoy_8-A4k4mbqqJ2cYdENqkRcT/view?usp=drive_link,,Paper Code 2132102402 | Syllabus: https://drive.google.com/file/d/1_Aut5W6GDyMANRAS3_WW-emGUhyiT-6-/view?usp=drive_link
BA(H) SANSKRIT,SANSKRIT EPICS,2024,Not Specified,,https://drive.google.com/file/d/13-W8NiM8kWEzMQLPHOXe1xt1Q9SJhwcN/view?usp=sharing,,Paper Code 2132101202 | Syllabus: https://drive.google.com/file/d/1M0lnV8X5ynjFixZ3NMOduVqKu5Tjswey/view?usp=drive_link
BA(H) SANSKRIT,APPLIED SANSKRIT,2025,Not Specified,,https://drive.google.com/file/d/15wkoic5WeVZAyjnU6VxGDgTEAZK66_DM/view?usp=drive_link,,Paper Code 2132101101 | Syllabus: https://drive.google.com/file/d/1aLav92vEp4kBFhFbVXeg3Mplgx0YUyiV/view?usp=drive_link
BA(H) SANSKRIT,BASIC SKILLS FOR RESEARCH PAPER AND DISSERTATION WRITING,2025,Not Specified,,https://drive.google.com/file/d/1JuRl-ZpV1Sz9s7b3QHABQwEYSEHXJftk/view?usp=sharing,,Paper Code 2133100015 | Syllabus: https://drive.google.com/file/d/1wsogukFuO0_kBkL9YZkbZ9mx_GmXv3Xf/view?usp=drive_link
BA(H) SANSKRIT,CLASSICAL SANSKRIT LITERATURE (PROSE),2025,Not Specified,,https://drive.google.com/file/d/1YmnEZkhGe6gZAlsIW1MaSrmIaK0z_gve/view?usp=sharing,,Paper Code 2132101201 | Syllabus: https://drive.google.com/file/d/1WiANbp4STQ1_JW6fyxRZWQ8YGFqRwXjO/view?usp=drive_link
BA(H) SANSKRIT,CLASSICAL SANSKRIT LITERATURE: DRAMA,2025,Not Specified,,https://drive.google.com/file/d/1sUbsJNBwbgEGpxJYz4xPZaaAtEMaEg7-/view?usp=sharing,,Paper Code 2132102301 | Syllabus: https://drive.google.com/file/d/1FZg990Eqz_fh90acHH70mP3Gz8UPBk1B/view?usp=drive_link
BA(H) SANSKRIT,CLASSICAL SANSKRIT POETRY,2025,Not Specified,,https://drive.google.com/file/d/1ZV-yDJTwa0q9vAU7oUjxYDdCeqzP78N6/view?usp=drive_link,,Paper Code 2132101102 | Syllabus: https://drive.google.com/file/d/1GcmTFCzNIzrH4IrOvT8k-frsddRw5CCV/view?usp=drive_link
BA(H) SANSKRIT,CRITICAL SURVEY OF ŚĀSTRIC LITERATURE,2025,Not Specified,,https://drive.google.com/file/d/1skJd1hd6ZVUytG86IGroLtZzF0ys6Qty/view?usp=sharing,,Paper Code 2132101203 | Syllabus: https://drive.google.com/file/d/1S2zpUzbdigL2GP17rqKg4HTtndjVjacK/view?usp=drive_link
BA(H) SANSKRIT,INDIAN EPIGRAPHY I,2025,Not Specified,,https://drive.google.com/file/d/1pb9gfGWfI3GRulXi8otJf0JFoTr_Y0uf/view?usp=sharing,,Paper Code 2132102303 | Syllabus: https://drive.google.com/file/d/1Zwc2cXl4RbKm5cZAJGpYd1-T_RC_Fn2m/view?usp=drive_link
BA(H) SANSKRIT,INDIAN EPIGRAPHY II,2025,Not Specified,,https://drive.google.com/file/d/1l6h2YQ4YmTrY-A1lRsXS9si8rFonNLXr/view?usp=sharing,,Paper Code 2132102403 | Syllabus: https://drive.google.com/file/d/1qqebO8R74Otz9JD5RAdc6U-vKEPLpR2-/view?usp=drive_link
BA(H) SANSKRIT,INDIAN SOCIAL INSTITUTIONS AND POLITY,2025,Not Specified,,https://drive.google.com/file/d/1rCxWLZI5uwGcRap1XmDguiekWfQSMreN/view?usp=drive_link,,Paper Code 2132101103 | Syllabus: https://drive.google.com/file/d/1kDxzEDx5iL3ae-qzAX6ByQplj4jC05Yo/view?usp=drive_link
BA(H) SANSKRIT,INTRODUCTION TO NYAYA VAISHVIKA PHILOSOPHY,2025,Not Specified,,https://drive.google.com/file/d/1JCJbf4bKrj7_OeIcLW1xGePSMNB1XN3Z/view?usp=sharing,,Paper Code 2132103503 | Syllabus: https://drive.google.com/file/d/1I7hRAgX6PVkA7Oz-0y-Jy-3Gok8shKAu/view?usp=drive_link
BA(H) SANSKRIT,MODERN SANSKRIT LITERATURE,2025,Not Specified,,https://drive.google.com/file/d/1_zh_wiPThca5AJw9TOGibWn4BiyT95Vz/view?usp=sharing,,Paper Code 2132102401 | Syllabus: https://drive.google.com/file/d/1_yjoHL2liPOHoT3SJIjcfWk2K-rzFbiG/view?usp=drive_link
BA(H) SANSKRIT,PHONETICS IN SANSKRIT TRADITION,2025,Not Specified,,https://drive.google.com/file/d/1-4O3k_aVCvTA4zSYBQIThIqKQr65TJz8/view?usp=sharing,,Paper Code 2133100011 | Syllabus: https://drive.google.com/file/d/1CmfSTCRBmkK2brTmTrejaHn3HsnHtaRM/view?usp=drive_link
BA(H) SANSKRIT,POETICS AND LITERARY CRITICISM,2025,Not Specified,,https://drive.google.com/file/d/1xQf7Wa9Ut3WnVUfOt-eS0QLeAPQX68f1/view?usp=sharing,,Paper Code 2132103603 | Syllabus: https://drive.google.com/file/d/1uZlJP-OzzEgCLASp2ZtxSzB3apCZoW6R/view?usp=drive_link
BA(H) SANSKRIT,SANSKRIT AND WORLD LITERATURE,2025,Not Specified,,https://drive.google.com/file/d/1uqbtJAQLGAO_cYVRG5yXVxkMcOZNSxKs/view?usp=sharing,,Paper Code 2132102402 | Syllabus: https://drive.google.com/file/d/14Epg90YHydH34yQtDoWNkVwKFBlUoMsy/view?usp=drive_link
BA(H) SANSKRIT,SANSKRIT COMPOSITION AND COMMUNICATION,2025,Not Specified,,https://drive.google.com/file/d/1EnFiHZ0hrjDdcLY8XafHSM6xB8WCZHXI/view?usp=sharing,,Paper Code 2132103602 | Syllabus: https://drive.google.com/file/d/10Bw5OdQIyUk2PmpGUewaMXIDYTIvQEtC/view?usp=drive_link
BA(H) SANSKRIT,SANSKRIT EPICS,2025,Not Specified,,https://drive.google.com/file/d/1_GrCXt2vB4z66JfzpyFAtFYJuXMrimoT/view?usp=drive_link,,Paper Code 2132101202 | Syllabus: https://drive.google.com/file/d/1M0lnV8X5ynjFixZ3NMOduVqKu5Tjswey/view?usp=drive_link
BA(H) SANSKRIT,SANSKRIT GRAMMAR LAGHUSIDDHANTHKAUMUDI,2025,Not Specified,,https://drive.google.com/file/d/1ZYgGyiKIvQFy2VjcS-D8nKtEmwO2Oz1-/view?usp=sharing,,Paper Code 2132103502 | Syllabus: https://drive.google.com/file/d/19hlS4XMf0CI25ifI3Ne22h5p2knSjfXo/view?usp=drive_link
BA(H) SANSKRIT,SANSKRIT LINGUISTICS,2025,Not Specified,,https://drive.google.com/file/d/1bKaBVjKOiKfA0goFTe_7jJHj9eTOoyFX/view?usp=sharing,,Paper Code 2132102302 | Syllabus: https://drive.google.com/file/d/1LTItd6BBPbIPW0XfCLm18MxzqJ6FCob3/view?usp=drive_link
BA(H) SANSKRIT,VEDA AND UPANISHAD,2025,Not Specified,,https://drive.google.com/file/d/1eVJTLylQ4bgjXJE3Vyud9UDAe1I4YUKE/view?usp=sharing,,Paper Code 2132103501 | Syllabus: https://drive.google.com/file/d/1_jSlXOGjHgJCk-LIaRCgd49QAv4-sBYT/view?usp=drive_link
BA(H) SANSKRIT,VEDIC SAMHITA AND GRAMMER,2025,Not Specified,,https://drive.google.com/file/d/1jFBFxF3PhLCk6tnTtL3cexkEvPKCZAtZ/view?usp=sharing,,Paper Code 2132103601 | Syllabus: https://drive.google.com/file/d/1KjPERNl1SXZkG6-r4rPoHMw3Edwtc6ZG/view?usp=drive_link
BA(P),ADVERTISING,2023,Not Specified,,https://drive.google.com/file/d/1N5qwCBjjwhb4ziIQBjrSr9ilNceOEqhH/view?usp=drive_link,,Paper Code 2412222301 | Syllabus: https://drive.google.com/file/d/1eZRRgMTHSJmGPTcYEHk9Gp1K_oJSiQr9/view?usp=drive_link
BA(P),ANCIENT SOCIETIES,2023,Not Specified,,https://drive.google.com/file/d/1qFeNd4WT9KhAABibHu3b4-_PxRDpwWNx/view?usp=drive_link,,Paper Code 2312201102 | Syllabus: https://drive.google.com/file/d/1nYcx1vzAjhzMe21DHZ3uaLFmckadw7Jc/view?usp=drive_link
BA(P),ANCIENT THEORY OF INDIAN MUSIC,2023,Not Specified,,https://drive.google.com/file/d/1uL1oSjlCTK2PbYOYE4ZxLaWnG5N9mV2n/view?usp=drive_link,,Paper Code 2442202302 | Syllabus: https://drive.google.com/file/d/1Sgp12pYecW8rjRNK6wBhpKThUNCPSYf9/view?usp=drive_link
BA(P),AYURVEDA AND NUTRITION,2023,Not Specified,,https://drive.google.com/file/d/1PmwwQ0sPmigaNcphq6bbhIFcSRPAMPSf/view?usp=drive_link,,Paper Code 6967001001 | Syllabus: https://drive.google.com/file/d/1TD-Iqd2ffRd36woaPHXZsA8dZaYsHguV/view?usp=drive_link
BA(P),BASIC DEVELOPMENT ECONOMICS,2023,Not Specified,,https://drive.google.com/file/d/1vJIwhf5WALc_RZhNyhXzzJWUyYcoV7t-/view?usp=drive_link,,Paper Code 2274002002 | Syllabus: https://drive.google.com/file/d/12lluXhqC4c3cHyRBSXMYZCRqmQiJF1_s/view?usp=drive_link
BA(P),BASIC MATHEMATICS FOR ECONOMIC ANALYSIS,2023,Not Specified,,https://drive.google.com/file/d/1s9zp1LPYOZzm7E2VMrw_AYbYQIcJcMpZ/view?usp=drive_link,,Paper Code 2272201102 | Syllabus: https://drive.google.com/file/d/1yv2PKivoqAK_qtveLJg_p--Ct9OPurbu/view?usp=drive_link
BA(P),BASICS OF INDIAN MUSICOLOGY,2023,Not Specified,,https://drive.google.com/file/d/1pQEAvd9CtT_1TYU0jDxhSzrAyepxaozq/view?usp=drive_link,,Paper Code 2442201201 | Syllabus: https://drive.google.com/file/d/1XiElK5pDLnx9MHBwaExPYRykqqIfA2dx/view?usp=drive_link
BA(P),BHAGATI KAAV,2023,Not Specified,,https://drive.google.com/file/d/10J1Lkwve04YjhdTjj_9cJiW0t-2ug5sV/view?usp=drive_link,,Paper Code 2122202302 | Syllabus: https://drive.google.com/file/d/1GUXpuuqNKoGvBQuuA2GrUM7Rho_7l9TU/view?usp=drive_link
BA(P),BIOGRAPHIES OF MUSICIANS AND MUSICOLOGISTS,2023,Not Specified,,https://drive.google.com/file/d/1t5J6zR-UFbr-75DMixTsEhnOzgmqpYgr/view?usp=drive_link,,Paper Code 2442201102 | Syllabus: https://drive.google.com/file/d/1YqWgQ1TOcyW6snQvVnr5Q8b7l1HLocSN/view?usp=drive_link
BA(P),BIOPSYCHOLOGY,2023,Not Specified,,https://drive.google.com/file/d/1ZYO2fWHz5TkAYK9wqWJF2_N9vEbji8n_/view?usp=drive_link,,Paper Code 2112112302 | Syllabus: https://drive.google.com/file/d/15gFAE4T_BEgiJqePDliZUf8eutzj5LOH/view?usp=drive_link
BA(P),BUSINESS LAWS,2023,Not Specified,,https://drive.google.com/file/d/15yLGBqTXNXbs63p17wcY-YilbteTW3p3/view?usp=drive_link,,Paper Code 2412202302 | Syllabus: https://drive.google.com/file/d/1PDx9lJIN9Mc5WCBQBMWfM5odfkp5R8SL/view?usp=drive_link
BA(P),BUSINESS ORGANISATION,2023,Not Specified,,https://drive.google.com/file/d/1p2ZJwTFJbftQS_oIHRy8eF3TlAn22HXN/view?usp=drive_link,,Paper Code 2412201102 | Syllabus: https://drive.google.com/file/d/11pJ-ajqxCimnK24b8lDJb_7F2X2wDx9X/view?usp=drive_link
BA(P),CONSTITUTIONAL VALUES AND FUNDAMENTAL DUTIES,2023,Not Specified,,https://drive.google.com/file/d/1EGC-XxjF3xTseWUy-8i0dUVo_5cOYYxZ/view?usp=drive_link,,Paper Code 6967001002 | Syllabus: https://drive.google.com/file/d/1svH9BpKTGznhYa8SEXtqtD5l0iiwkZ0R/view?usp=drive_link
BA(P),CRITICAL THINKING,2023,Not Specified,,https://drive.google.com/file/d/1meNXpeur69lIsHUT-6m-v_hR-9bTR7UP/view?usp=drive_link,,Paper Code 2104001202 | Syllabus: https://drive.google.com/file/d/11csCq3Wbi9VCd97QD_J4NXxqea16StXi/view?usp=drive_link
BA(P),CULTURAL TRANSFORMATIONS IN EARLY MODERN EUROPE – I,2023,Not Specified,,https://drive.google.com/file/d/1_R-luuSoEPjRXyG6O1Clw8H4UYa3Ga3a/view?usp=drive_link,,Paper Code 2312202302 | Syllabus: https://drive.google.com/file/d/1Oz6hibotEfg0xJwAzGEI4GThBV6lJY3r/view?usp=drive_link
BA(P),CULTURE AND COMMUNICATION,2023,Not Specified,,https://drive.google.com/file/d/1ATGuYI6J6rrZqBvJb8_Fhzu9sEqG5YPs/view?usp=drive_link,,Paper Code 6967001003 | Syllabus: https://drive.google.com/file/d/1-aPZC6A84uFE_wKsLgqKB3Ui3mGVlEME/view?usp=drive_link
BA(P),DELHI THROUGH THE AGES : FROM COLONIAL TO CONTEMPORARY TIMES,2023,Not Specified,,https://drive.google.com/file/d/1ll9yVzGRDsvoop8QVE_zl-J3m--Ck_3R/view?usp=drive_link,,Paper Code 2314001201 | Syllabus: https://drive.google.com/file/d/10iN38bQsZcildMvoAA4ccV1hYU3YaYZw/view?usp=drive_link
BA(P),DELHI THROUGH THE AGES: THE MAKING OF ITS EARLY MODERN HISTORY,2023,Not Specified,,https://drive.google.com/file/d/1gIuqNThS995dE8rNXSqXx-pNu-sbVLzJ/view?usp=drive_link,,Paper Code 2314001002 | Syllabus: https://drive.google.com/file/d/1jwsnQ3mq5d0kWVzO5YTYT9y5A2TBH4MK/view?usp=drive_link
BA(P),DIFFERENTIAL EQUATIONS,2023,Not Specified,,https://drive.google.com/file/d/1RLcaKmYn9wkk3WAB6JoE_B-89zOtwdJ9/view?usp=drive_link,,Paper Code 2352572301 | Syllabus: https://drive.google.com/file/d/1fxa0nLYsucI3n5_lFPF7U-6lb8lxxiVn/view?usp=drive_link
BA(P),DIGITAL EMPOWERMENT,2023,Not Specified,,https://drive.google.com/file/d/1qv0GMf_BewLi7RmoeRIyNA6eMwqKX-8-/view?usp=drive_link,,Paper Code 6967001004 | Syllabus: https://drive.google.com/file/d/1viIoDRTsnn4u_iw118Td9SJYV0yQbzhn/view?usp=drive_link
BA(P),ELEMENTARY LINEAR ALGEBRA,2023,Not Specified,,https://drive.google.com/file/d/1LPbxntqwvACXBUAkHO3TiLnwG6-NhEHi/view?usp=drive_link,,Paper Code 2352571201 | Syllabus: https://drive.google.com/file/d/109Ke64twgXntHxo8arrukrrZXks0fwMT/view?usp=drive_link
BA(P),EMOTIONAL INTELLIGENCE,2023,Not Specified,,https://drive.google.com/file/d/1GRkXCxEEd28IZ8Kr5XxuBzWr0YwSTbX6/view?usp=drive_link,,Paper Code 6967001005 | Syllabus: https://drive.google.com/file/d/1sR1q4cy0U1sfqsLLZgPWCer9W9YgKzt0/view?usp=drive_link
BA(P),ENGLISH LANGUAGE THROUGH LITERATURE-I,2023,Not Specified,,https://drive.google.com/file/d/1Tn0vo3eS4-sIJDXE-igpfZ_0ZIceuYKl/view?usp=drive_link,,Paper Code 2035001004 | Syllabus: https://drive.google.com/file/d/13OSMLtRbQavs5MbuCuzk2DLTBuce6r54/view?usp=drive_link
BA(P),ENGLISH LANGUAGE THROUGH LITERATURE-I,2023,Not Specified,,https://drive.google.com/file/d/1bfiq93UzQLY7AkWpa08A_t74VaK5agir/view?usp=drive_link,,Paper Code 2035001004 | Syllabus: https://drive.google.com/file/d/1SbyI-Cemx0ipuBxfwwxamCf7bTuqx5Eu/view?usp=drive_link
BA(P),ENVIRONMENTAL SCIENCE : THEORY INTO PRACTICE – I,2023,Not Specified,,https://drive.google.com/file/d/11CGixOC2Nrep673idDkV2V5PHv3CTK-S/view?usp=drive_link,,Paper Code 2181001001 | Syllabus: https://drive.google.com/file/d/10syDP-Stte6uynGj81IrnM6cewXNoX9C/view?usp=drive_link
BA(P),ENVIRONMENTAL SCIENCE: THEORY INTO PRACTICE – I,2023,Not Specified,,https://drive.google.com/file/d/1f8jW7qkD2hoCwQ13cxqBOM_wzA1dzzBM/view?usp=drive_link,,Paper Code 2181001001 | Syllabus: https://drive.google.com/file/d/10syDP-Stte6uynGj81IrnM6cewXNoX9C/view?usp=drive_link
BA(P),ETHICS,2023,Not Specified,,https://drive.google.com/file/d/1EzvJQFpWhbmdNkb-fq_FlQU5pKlRRSa2/view?usp=drive_link,,Paper Code 2102202302 | Syllabus: https://drive.google.com/file/d/18mJt4dtlZg6BwsUymHLvImzEWPCtq5Bf/view?usp=drive_link
BA(P),ETHICS AND CULTURE,2023,Not Specified,,https://drive.google.com/file/d/1p0TKAFIWUxZapjpPP2a48eiie1X0AiTW/view?usp=drive_link,,Paper Code 6967001006 | Syllabus: https://drive.google.com/file/d/1X-IExlgGOk3bo4ijd-BtuR8dWC-cAfl_/view?usp=drive_link
BA(P),ETHICS IN PUBLIC DOMAIN,2023,Not Specified,,https://drive.google.com/file/d/1LGVtPiTAb-R6dnrvhTxegREvsoZevMBw/view?usp=drive_link,,Paper Code 2104001002 | Syllabus: https://drive.google.com/file/d/1BUpmbCj_2V29iemLkPrgmQxkjcxC0ykQ/view?usp=drive_link
BA(P),FINANCIAL LITERACY,2023,Not Specified,,https://drive.google.com/file/d/1IxEcUR3KbtyG_IXgTqgS2tUXhLGJD354/view?usp=drive_link,,Paper Code 6967001008 | Syllabus: https://drive.google.com/file/d/1jj53qDJDJ_SDAuFQh6W9MaFZx0Jf6Hsc/view?usp=drive_link
BA(P),FORMAL LOGIC,2023,Not Specified,,https://drive.google.com/file/d/1UaAHMdLnuIE-OPRim3j8jbrxUxY-B7gi/view?usp=drive_link,,Paper Code 2104002001 | Syllabus: https://drive.google.com/file/d/1LKo_AqGO-2wiVgCjcXMXxSclUGmFScfV/view?usp=drive_link
BA(P),FOUNDATIONS OF PSYCHOLOGY,2023,Not Specified,,https://drive.google.com/file/d/16oYaIZspLSUHNywnEJ3DAn9Arst3Zp0Q/view?usp=drive_link,,Paper Code 2114001001 | Syllabus: https://drive.google.com/file/d/12WkEwOS2omcnNvUNE0GvhHyB_isqQrhc/view?usp=drive_link
BA(P),FUNDAMENTALS OF CALCULUS,2023,Not Specified,,https://drive.google.com/file/d/1RPWmAbdt7Bgmg9VDLtrfM39rnwrbdL18/view?usp=drive_link,,Paper Code 2354001001 | Syllabus: https://drive.google.com/file/d/1sHIiH44UoYRCvPLSGp7ABYOOK7lsfikr/view?usp=drive_link
BA(P),FUNDAMENTALS OF COGNITIVE PSYCHOLOGY,2023,Not Specified,,https://drive.google.com/file/d/1YuzmNRm8sc95dzKshFbrrN6vGyuyrync/view?usp=drive_link,,Paper Code 2112201102 | Syllabus: https://drive.google.com/file/d/1IhIpnbku_0pk26QvOX3QVQO6LdS1w4Gb/view?usp=drive_link
BA(P),FUNDAMENTALS OF INDIAN MUSIC,2023,Not Specified,,https://drive.google.com/file/d/1riVBfrc_NDv-qR4SqFyeBkWfroTgti56/view?usp=drive_link,,Paper Code 2442201101 | Syllabus: https://drive.google.com/file/d/1zRFGwgBhgXen6vExrwN3Bnfl1tOKuEQo/view?usp=drive_link
BA(P),FUNDAMENTALS OF PSYCHOLOGY,2023,Not Specified,,https://drive.google.com/file/d/1vUoN5vfIBoiRk_D8z5Rp4noDXvmRVoSB/view?usp=drive_link,,Paper Code 2112201101 | Syllabus: https://drive.google.com/file/d/1ShwAa0_V1QQUjpq_Rclxr2kEkGAem8ns/view?usp=drive_link
BA(P),GĪTĀ AND UPANIṢAD,2023,Not Specified,,https://drive.google.com/file/d/1m_QjBFQtMquX0uIOMumkDcwsS9c7wHnu/view?usp=drive_link,,Paper Code 2132202302 | Syllabus: https://drive.google.com/file/d/1Bn-YqQHC3VCEGK6JSu7lmgRR1JDvA16K/view?usp=drive_link
BA(P),GOVERNANCE: ISSUES AND CHALLENGES,2023,Not Specified,,https://drive.google.com/file/d/1NqnGavqUqRnmmm4jbPiX8dcqyOt_z4eq/view?usp=drive_link,,Paper Code 2324002005 | Syllabus: https://drive.google.com/file/d/1QfNWf3vEtDFCiSyujNRw1kIT3uIaL8p2/view?usp=drive_link
BA(P),GURMAT KAAV,2023,Not Specified,,https://drive.google.com/file/d/1D0iIEn9XzsKjcGN85kQ5Ox0xFx-QsT0v/view?usp=drive_link,,Paper Code 2122202301 | Syllabus: https://drive.google.com/file/d/1sodrQmEixb7hJ_P1pbVgloxWFPcDlHRM/view?usp=drive_link
BA(P),HEALTH AND WELL-BEING,2023,Not Specified,,https://drive.google.com/file/d/1zzRJyYscCmAwCFnTNxG-b9LkoYPi0uNa/view?usp=drive_link,,Paper Code 2114001203 | Syllabus: https://drive.google.com/file/d/1f6uJRM-VXOI318QaiX-YS8m0Cdnws_Zt/view?usp=drive_link
BA(P),HISTORY OF INDIA FROM EARLIEST TIMES UP TO C. 300 CE,2023,Not Specified,,https://drive.google.com/file/d/1Ek3Od5g0NNPU8ENq6ZN2d6CoxGDsyAq7/view?usp=drive_link,,Paper Code 2312201101 | Syllabus: https://drive.google.com/file/d/1GCjEfaLGjlC9eVzBrTyeJG73KVGmpDG2/view?usp=drive_link
BA(P),"HISTORY OF INDIA, 1200 – 1550",2023,Not Specified,,https://drive.google.com/file/d/1ofa4CLnjtKTGU24wnc_saDuZqaZmCOqA/view?usp=drive_link,,Paper Code 2312202301 | Syllabus: https://drive.google.com/file/d/1uAm6KyVbijHkOQMyzgcDkrM4rWLSEl0l/view?usp=drive_link
BA(P),HISTORY OF INDIA: 300 CE TO 1200 CE,2023,Not Specified,,https://drive.google.com/file/d/1CrCsWt8pxaXg5VAarwDUFYubITD_GefD/view?usp=drive_link,,Paper Code 2312201201 | Syllabus: https://drive.google.com/file/d/1ruIxK5OpnX2HqPnem4MvQrf9dljVjij7/view?usp=drive_link
BA(P),INDIA'S FOREIGN POLICY,2023,Not Specified,,https://drive.google.com/file/d/19bCwuifXeLGkwA5XAfpzUhgGssGt3nb6/view?usp=drive_link,,Paper Code 2322201202 | Syllabus: https://drive.google.com/file/d/1_FEYOQJus6MWyq1ztSz8z22RCwse4aQZ/view?usp=drive_link
BA(P),INDIAN EPIGRAPHY & PALAEOGRAPHY,2023,Not Specified,,https://drive.google.com/file/d/1CvZKQXQMnXZSG5sSI3zcTVPHN6_IpflS/view?usp=drive_link,,Paper Code 2134002002 | Syllabus: https://drive.google.com/file/d/1VOZ-aarYSHgjJK95nvYYw4CRhj7da8Ni/view?usp=drive_link
BA(P),INDIAN GOVERNMENT AND POLITICS,2023,Not Specified,,https://drive.google.com/file/d/1_5LBC_6cFSSCE9Huur1F9o8pAhpIxQwB/view?usp=drive_link,,Paper Code 2322201201 | Syllabus: https://drive.google.com/file/d/15sjrqAQxL3z2DEwgUG2pjwCFocCLYizq/view?usp=drive_link
BA(P),INDIVIDUAL AND SOCIETY,2023,Not Specified,,https://drive.google.com/file/d/1wFPUc3UpRmAQ23EYMHjfNUdI9BNyVZTS/view?usp=drive_link,,Paper Code 2034001210 | Syllabus: https://drive.google.com/file/d/1wLt67pfeZh8f8wgUqJkkpx9aFx58vmD-/view?usp=drive_link
BA(P),INTERMEDIATE MICROECONOMICS I: BEHAVIOURAL FOUNDATIONS OF MARKET INTERACTIONS,2023,Not Specified,,https://drive.google.com/file/d/1nB-JJd96Wc-9f_1NtrCmcwcT_zICo6s1/view?usp=drive_link,,Paper Code 2272202301 | Syllabus: https://drive.google.com/file/d/1C8SowUoxTUYON4W1RxS_oEWUacSp62Ji/view?usp=drive_link
BA(P),INTRODUCTION TO INDIAN PHILOSOPHY,2023,Not Specified,,https://drive.google.com/file/d/1Oh28fUA5S47AiZVEFiecgtoyHWOfEgQl/view?usp=drive_link,,Paper Code 2102201201 | Syllabus: https://drive.google.com/file/d/14kc4-hn3iR1PqUeHq0IsnpjE2W0an5Ly/view?usp=drive_link
BA(P),INTRODUCTION TO LINEAR ALGEBRA,2023,Not Specified,,https://drive.google.com/file/d/1VIQ2DS7hH6yEf3rP-LlJTfllxo_l5dfk/view?usp=drive_link,,Paper Code 2354001202 | Syllabus: https://drive.google.com/file/d/12rZzHOZbLvqmATdDR6QTx5-XntUf8j7e/view?usp=drive_link
BA(P),INTRODUCTION TO POLITICAL THEORY,2023,Not Specified,,https://drive.google.com/file/d/1XTK_ad5-5TXi4j1R_ANm1dwCCij1NujV/view?usp=drive_link,,Paper Code 2322201101 | Syllabus: https://drive.google.com/file/d/1pNtv8axMk0QNQoHkla_1RYfi_K3Yknzu/view?usp=drive_link
BA(P),INTRODUCTION TO PUBLIC POLICY,2023,Not Specified,,https://drive.google.com/file/d/19oyXfBsBGzV3xnbRyrpNUrOVSo0Xwgck/view?usp=drive_link,,Paper Code 2324002008 | Syllabus: https://drive.google.com/file/d/1ldb4TqZH92nLNz3HjcLOEiCCDuHCm4FT/view?usp=drive_link
BA(P),INTRODUCTION TO SOCIAL PSYCHOLOGY,2023,Not Specified,,https://drive.google.com/file/d/1m4PyDCljVQcbpM__MAnFzlgZi3Gu_5nU/view?usp=drive_link,,Paper Code 2112201201 | Syllabus: https://drive.google.com/file/d/14kc4-hn3iR1PqUeHq0IsnpjE2W0an5Ly/view?usp=drive_link
BA(P),INTRODUCTION TO THE INDIAN CONSTITUTION,2023,Not Specified,,https://drive.google.com/file/d/1gN-tcIT-YU9KnwTbxVIN_61EM1SxkgPI/view?usp=drive_link,,Paper Code 2324001202 | Syllabus: https://drive.google.com/file/d/1vhkeNBz4lC6lOfUitzNHubFxazpFl8dt/view?usp=drive_link
BA(P),INTRODUCTION TO WESTERN PHILOSOPHY,2023,Not Specified,,https://drive.google.com/file/d/1SxRb2hCeL1t0XDK_pyRxIg-SHd8TdteL/view?usp=drive_link,,Paper Code 2102201202 | Syllabus: https://drive.google.com/file/d/1VDfQeSduXeh8P5rJ9wzNd6ABZkgW_aaI/view?usp=drive_link
BA(P),INTRODUCTORY MACROECONOMICS,2023,Not Specified,,https://drive.google.com/file/d/1_CVr29mgfpHRkOEJVh4oAPaj2_03p1k1/view?usp=drive_link,,Paper Code 2272201201 | Syllabus: https://drive.google.com/file/d/11uQt7qjHnKQb5Vb2pUoT7WG-fY2DusFt/view?usp=drive_link
BA(P),INTRODUCTORY MICROECONONICS,2023,Not Specified,,https://drive.google.com/file/d/18_t-bjV7psLgGd_jjrVpH67RerowXS1w/view?usp=drive_link,,Paper Code 2272201101 | Syllabus: https://drive.google.com/file/d/1VpGOkb4sZRMI2GIhdfXUsApYB6PGEYI6/view?usp=drive_link
BA(P),INTRODUCTORY UPANISHAD AND GEETA (SANSKRIT B),2023,Not Specified,,https://drive.google.com/file/d/1YstV65IhEV-_TyeNGnzlD_7U5S6fVQZv/view?usp=drive_link,,Paper Code 2131001002 | Syllabus: https://drive.google.com/file/d/1O5uHVb3xHl7_-0xMdgn0PjOFGygSktXh/view?usp=drive_link
BA(P),INTRODUCTORY UPANISHAD AND GEETA (SANSKRIT B),2023,Not Specified,,https://drive.google.com/file/d/1c47QJ2WgoCgTtjR5psYH1B-3SP_8ylmi/view?usp=drive_link,,Paper Code 2131001002 | Syllabus: https://drive.google.com/file/d/1O5uHVb3xHl7_-0xMdgn0PjOFGygSktXh/view?usp=drive_link
BA(P),LEARN PUNJABI – 1,2023,Not Specified,,https://drive.google.com/file/d/1Z5YGeX274zHi7ytfMI7hKXIkc6o-hJIA/view?usp=drive_link,,Paper Code 2122201101 | Syllabus: https://drive.google.com/file/d/1dy7Nic8aEjJVk3GgSC1SMoW_OsQCDgZM/view?usp=drive_link
BA(P),LEARN PUNJABI – 2,2023,Not Specified,,https://drive.google.com/file/d/1vqz_Gx_NZxK9H2WzxKNRSbcHoV55kZac/view?usp=drive_link,,Paper Code 2122201102 | Syllabus: https://drive.google.com/file/d/1XSOA29wckxF6YXwW4QBPVaB0l0KHeiR_/view?usp=drive_link
BA(P),LITERATURE & HUMAN RIGHTS,2023,Not Specified,,https://drive.google.com/file/d/1OEUyrchEYCWNGOjBAWwKKnc02sxHHgoS/view?usp=drive_link,,Paper Code 2034002004 | Syllabus: https://drive.google.com/file/d/1UM2BAYQtl-U5SLhmJ_3QETiu_kCeB6G0/view?usp=drive_link
BA(P),LOGIC,2023,Not Specified,,https://drive.google.com/file/d/1vdtB2b-OVJAfPvwT58L6VXhWJ_KqoL9w/view?usp=drive_link,,Paper Code 2102201102 | Syllabus: https://drive.google.com/file/d/1X1F3xazoSOXRnHRR4KuSaJc3oE7DpgXD/view?usp=drive_link
BA(P),MAKING OF POST-COLONIAL INDIA,2023,Not Specified,,https://drive.google.com/file/d/1AGGeEpT2zNvvaA5TnTtciU8I75DBoH09/view?usp=drive_link,,Paper Code 2314002002 | Syllabus: https://drive.google.com/file/d/1oxLJA0CYajdvfNbsu73GvOLkY9oBR3hK/view?usp=drive_link
BA(P),MARKETING COMMUNICATION,2023,Not Specified,,https://drive.google.com/file/d/1uqwXeL7GAGdXLZGGNNrAO2l28o6zX-NG/view?usp=drive_link,,Paper Code 2412221201 | Syllabus: https://drive.google.com/file/d/1qUb6cEbA97mtkECn_5qOv4fdVuZ5i4Tx/view?usp=drive_link
BA(P),MEDIEVAL SOCIETIES: GLOBAL PRESPECTIVES,2023,Not Specified,,https://drive.google.com/file/d/1NGaLSk6CBbAAZIyVcEr6rxv-PyJIEtom/view?usp=drive_link,,Paper Code 2312201202 | Syllabus: https://drive.google.com/file/d/1jQXPiggyk2ZjMEIpFHyYqVRGCqyijvRG/view?usp=drive_link
BA(P),MODERN OFFICE PRACTICES,2023,Not Specified,,https://drive.google.com/file/d/143LP6CoLK99tHddPCihGfGyjZw9jtQUW/view?usp=drive_link,,Paper Code 2412381201 | Syllabus: https://drive.google.com/file/d/1O9zGWiKUDOFF2TQ_BZarbxAdsP1dTIMn/view?usp=drive_link
BA(P),NATIONALISM IN INDIA,2023,Not Specified,,https://drive.google.com/file/d/1WXPP3G90YNMTrdiAH0sJpC9enAaM1BCx/view?usp=drive_link,,Paper Code 2324001002 | Syllabus: https://drive.google.com/file/d/1KuvUXblmDHLVtYWsK9qBNf2V3lQ345Yk/view?usp=drive_link
BA(P),OPTIMIZATION METHODS FOR ECONOMIC ANALYSIS,2023,Not Specified,,https://drive.google.com/file/d/1IJgF-bGcdXrjDqIL1D7vIm1-NTrpVojM/view?usp=drive_link,,Paper Code 2272202302 | Syllabus: https://drive.google.com/file/d/1nQ8vIyAou_ITtUhDvL6xVpPpmKAHYBtC/view?usp=drive_link
BA(P),PANCHKOSHA: HOLISTIC DEVELOPMENT OF PERSONALITY,2023,Not Specified,,https://drive.google.com/file/d/13xorJXNAbjfFW9QOPUdhe5M4nrHe7E9k/view?usp=drive_link,,Paper Code 6967001013 | Syllabus: https://drive.google.com/file/d/1fRswnjXK_MQ_3C2OD6_UsccMPlR88x4t/view?usp=drive_link
BA(P),PERSONAL FINANCIAL PLANNING,2023,Not Specified,,https://drive.google.com/file/d/1NTIps51aThFFGBe22nL9NvKPvTo3HLPG/view?usp=drive_link,,Paper Code 2416001004 | Syllabus: https://drive.google.com/file/d/1721tFLHGp-O-m3-dehusJZen8FGvb4Qt/view?usp=drive_link
BA(P),PERSONAL FINANCIAL PLANNING,2023,Not Specified,,https://drive.google.com/file/d/1iDPqUZd32pdMEY34sUlNRwGZLC4QJTyQ/view?usp=drive_link,,Paper Code 2416001004 | Syllabus: https://drive.google.com/file/d/1721tFLHGp-O-m3-dehusJZen8FGvb4Qt/view?usp=drive_link
BA(P),PERSONAL FINANCIAL PLANNING,2023,Not Specified,,https://drive.google.com/file/d/11EjgR4vh_mDxvxiAFo8uWPCS_YjtAAa-/view?usp=drive_link,,Paper Code 2416000004 | Syllabus: https://drive.google.com/file/d/1Lq6HpEBJzfy9rJQNY92UXUl60WBqVFFn/view?usp=drive_link
BA(P),PHILOSOPHICAL ISSUES,2023,Not Specified,,https://drive.google.com/file/d/1E0KTULsigt1t7pGVeP1MkzKhNDUiGYs5/view?usp=drive_link,,Paper Code 2102201101 | Syllabus: https://drive.google.com/file/d/1UXJ-D3I2_5XZg5O0Ldzxgq92TY3ZSwU4/view?usp=drive_link
BA(P),POLITICAL LEADERSHIP AND COMMUNICATION,2023,Not Specified,,https://drive.google.com/file/d/1EOg8_uNW4RKDEdBvHJKB4BD3gd1P0Dbu/view?usp=drive_link,,Paper Code 3206001002 | Syllabus: https://drive.google.com/file/d/1K4RJ1libdQKXEjoKY0pn0MZcJsRajMxN/view?usp=drive_link
BA(P),PRINCIPLES OF MACROECONOMICS 1,2023,Not Specified,,https://drive.google.com/file/d/1aglSq0Vt3ZDpb-45hJqSQlSiWsMgHY97/view?usp=drive_link,,Paper Code 2274001201 | Syllabus: https://drive.google.com/file/d/1UcVq6hkoL6fASYweJqPx0BQjwVbvmSWc/view?usp=drive_link
BA(P),PRINCIPLES OF MICROECONOMICS,2023,Not Specified,,https://drive.google.com/file/d/1vnIEjmwbYwFrPr7av7fF98L5yjcX8EB3/view?usp=drive_link,,Paper Code 2274001003 | Syllabus: https://drive.google.com/file/d/1GMfvSAzRjrKX8zwUXwkDxYGj01zhTQ8U/view?usp=drive_link
BA(P),PRINCIPLES OF MICROECONOMICS II,2023,Not Specified,,https://drive.google.com/file/d/1KdOySO0KqaQS3jAdGNUK6tVnLapMhV0f/view?usp=drive_link,,Paper Code 2274002010 | Syllabus: https://drive.google.com/file/d/1kiPNURcnTPo_-TJXdo3Ya6-3hn-PJLgN/view?usp=drive_link
BA(P),PUBLIC ADMINISTRATION IN INDIA,2023,Not Specified,,https://drive.google.com/file/d/1EgJmltKjAokbn-ivB6sySSp5YT7-8XUu/view?usp=drive_link,,Paper Code 2322201102 | Syllabus: https://drive.google.com/file/d/1JovswFw_VlP7pK2_rP3qG9ZVVrAabRd9/view?usp=drive_link
BA(P),PUNJAB DI LOKDHARA,2023,Not Specified,,https://drive.google.com/file/d/1hLnZb7jix2SfZi5_adqytUENH-N9qNLd/view?usp=drive_link,,Paper Code 2125001001 | Syllabus: https://drive.google.com/file/d/1QpjorznjLS9m7T4WswqOj5zXaBptVRoR/view?usp=drive_link
BA(P),PUNJAB DIAN LOK KALAVAN,2023,Not Specified,,https://drive.google.com/file/d/19Ryb_gLV95Csjl8YPSRaNFtI0iD3Nsoc/view?usp=drive_link,,Paper Code 2124002004 | Syllabus: https://drive.google.com/file/d/1ZdEH9pn5ObplgU_sxH56nUdYroNtNle6/view?usp=drive_link
BA(P),PUNJABI BHASHA DA MUDHLA PADHAR,2023,Not Specified,,https://drive.google.com/file/d/1GUqiWx4LqzHisluriZK_7jGqA-c3QPGk/view?usp=drive_link,,Paper Code 2121001001 | Syllabus: https://drive.google.com/file/d/1dC-sx8IGu1d6dzKKqCATq2fTAJtZ1HpB/view?usp=drive_link
BA(P),PUNJABI BHASHA DA MUDHLA PADHAR,2023,Not Specified,,https://drive.google.com/file/d/1kjOwtvlGm9M6NhDVDv8_TMtJdoA6jjmu/view?usp=drive_link,,Paper Code 2125001002 | Syllabus: https://drive.google.com/file/d/1jwdVziUPjyzkb7lA1aRIhx-jhcJ-a0rR/view?usp=drive_link
BA(P),PUNJABI BHASHA DA MUDHLA PADHAR,2023,Not Specified,,https://drive.google.com/file/d/1ZuM70Zc1e-xQOMF0vFLDKYR819wlGqvo/view?usp=drive_link,,Paper Code 2121001001 | Syllabus: https://drive.google.com/file/d/1dC-sx8IGu1d6dzKKqCATq2fTAJtZ1HpB/view?usp=drive_link
BA(P),PUNJABI BHASHA DA UCHERA PADHAR,2023,Not Specified,,https://drive.google.com/file/d/1nzUpIvSdbbZt4dBtqRIpFVgBxOPmiyAs/view?usp=drive_link,,Paper Code 2121001002 | Syllabus: https://drive.google.com/file/d/1SDxR6jwuattmGDR8OEDFmbfVVHJ6yJUT/view?usp=drive_link
BA(P),PUNJABI BHASHA DA UCHTAM PADHAR,2023,Not Specified,,https://drive.google.com/file/d/1Wuq6i7YujaIduHvZq5sYTA79L8ywOsqB/view?usp=drive_link,,Paper Code 2121001003 | Syllabus: https://drive.google.com/file/d/1wg2SbcJO6vyqTFZAbXVUlV1whAsrSAfi/view?usp=drive_link
BA(P),PUNJABI BHASHA DA UCHTAM PADHAR,2023,Not Specified,,https://drive.google.com/file/d/1c_UYWDFW5sHS4XtLmyu-3ofmODBDhzHe/view?usp=drive_link,,Paper Code 2121001003 | Syllabus: https://drive.google.com/file/d/1wg2SbcJO6vyqTFZAbXVUlV1whAsrSAfi/view?usp=drive_link
BA(P),PUNJABI LOKDHARA ATE SABHIYACHAR,2023,Not Specified,,https://drive.google.com/file/d/1Bzj9R50tREN5pnY6SIa5E9NYH41avTWv/view?usp=drive_link,,Paper Code 2122201201 | Syllabus: https://drive.google.com/file/d/1Q9KeN3cHfjfdcQONCfiMRhsLd6Rxfu8u/view?usp=drive_link
BA(P),PUNJABI NIBANDH SAHIT,2023,Not Specified,,https://drive.google.com/file/d/1SLZszSVQpDVjE_u8-j2A4n6GyNrJedvu/view?usp=drive_link,,Paper Code 2124002002 | Syllabus: https://drive.google.com/file/d/1op0hU-SJBsrDdLsdRAnsU1nRG1Isg2Mk/view?usp=drive_link
BA(P),READING INDIAN FICTION IN ENGLISH,2023,Not Specified,,https://drive.google.com/file/d/1pBqKTVIoeGGSTBkVgsuhOiaXBbxKpQcq/view?usp=drive_link,,Paper Code 6967001014 | Syllabus: https://drive.google.com/file/d/1HXX93zHZJGd26TqAR1iGHIVhIpxhEiRW/view?usp=drive_link
BA(P),READINGS ON INDIAN DIVERSITIES AND LITERARY MOVEMENTS,2023,Not Specified,,https://drive.google.com/file/d/1saTPD9PdzkX0-VVXTTLsLtsH19SR-jvL/view?usp=drive_link,,Paper Code 2034001012 | Syllabus: https://drive.google.com/file/d/1ly9IPvvmnClYXhFDQtB9mvBPoLVUgnTC/view?usp=drive_link
BA(P),SANSKRIT GRAMMAR,2023,Not Specified,,https://drive.google.com/file/d/18DlcpKFcyU6Ri7UbC_TD2sKsUEuZn8-m/view?usp=drive_link,,Paper Code 2132201101 | Syllabus: https://drive.google.com/file/d/1UMo5Zq4isyglG-Pad9cH6arCaT7emqJu/view?usp=drive_link
BA(P),SANSKRIT THEATRE,2023,Not Specified,,https://drive.google.com/file/d/1ByBHVTbl_3KM55vpK7wSdl05ljgqfL3E/view?usp=drive_link,,Paper Code 2132202301 | Syllabus: https://drive.google.com/file/d/1ES6tQRBxfqvSARIt3JCrigGzT3IywR8U/view?usp=drive_link
BA(P),SOCIAL AND EMOTIONAL LEARNING,2023,Not Specified,,https://drive.google.com/file/d/1BYavmsohjC2gNVuUdHVSBTmRDqt-DqQ_/view?usp=drive_link,,Paper Code 6967001016 | Syllabus: https://drive.google.com/file/d/1QnCnZLV3TmMX5Gc4JS0jUDJvnNtfzaak/view?usp=drive_link
BA(P),SOCIAL AND POLITICAL PHILOSOPHY,2023,Not Specified,,https://drive.google.com/file/d/1BTvTFJRxYdkcFzwLSjb3NSkHooJ1T0HL/view?usp=drive_link,,Paper Code 2102202301 | Syllabus: https://drive.google.com/file/d/128s1iWPesQViljeaP-N6i9m_3aPmmsNz/view?usp=drive_link
BA(P),STUDY OF SELECTED WORKS OF PT. V.N. BHATKHADE,2023,Not Specified,,https://drive.google.com/file/d/14LKdAzdjFOFGVX5w1sf59BYt6ilBAju_/view?usp=drive_link,,Paper Code 2442201202 | Syllabus: https://drive.google.com/file/d/11AQ7leDwwNGy0xBdjqGzrCmHoN60xeG4/view?usp=drive_link
BA(P),THEORY AND PRACTICE OF DEMOCRACY,2023,Not Specified,,https://drive.google.com/file/d/1s4V7BgduqOhziEei-_6OU5lYOv_byBI0/view?usp=drive_link,,Paper Code 2322202302 | Syllabus: https://drive.google.com/file/d/1Kk8TUQpWiFipIkKotztJdvADwQpd2-EZ/view?usp=drive_link
BA(P),THEORY OF INDIAN MUSIC & CONTRIBUTION OF MUSICOLOGISTS,2023,Not Specified,,https://drive.google.com/file/d/1ZoDBiMqgbAtbDMdxD4Nq-RsMsD5wTF6p/view?usp=drive_link,,Paper Code 2442202301 | Syllabus: https://drive.google.com/file/d/1eJO8ZRWYaUx5hbeRhlenu84bYj_frqST/view?usp=drive_link
BA(P),TOPICS IN CALCULUS,2023,Not Specified,,https://drive.google.com/file/d/1iYqsp5NiXDqL2eIMO77IJWiG35emD_Y1/view?usp=drive_link,,Paper Code 2352571101 | Syllabus: https://drive.google.com/file/d/1wC4Njf79qbUcH0Bj8gBCy4EF7RoiRowA/view?usp=drive_link
BA(P),UNDERSTANDING INTERNATIONAL RELATIONS,2023,Not Specified,,https://drive.google.com/file/d/1EhxS99-Rk6nq9R-ggZKzhrjqPquBZaMB/view?usp=drive_link,,Paper Code 2324002004 | Syllabus: https://drive.google.com/file/d/1Y16twcNg9IRzJDw1UHqF4JeEpCNaWKEY/view?usp=drive_link
BA(P),UNDERSTANDING MENTAL DISORDERS,2023,Not Specified,,https://drive.google.com/file/d/1LdAjGBos0vYpxyf4giGiV8me6if5bhBg/view?usp=drive_link,,Paper Code 2112202301 | Syllabus: https://drive.google.com/file/d/1BP7larej7lyQhsfdcp_X-FED1oI_jj5T/view?usp=drive_link
BA(P),URDU-A,2023,Not Specified,,https://drive.google.com/file/d/1tTQgwDRoi2OWk3PJzV6Kc8xdQhdmn_Tm/view?usp=drive_link,,Paper Code 2141001001 | Syllabus: https://drive.google.com/file/d/18HoxsWx_6xxchrw2eCAIeb6XlznI46YT/view?usp=drive_link
BA(P),VEDIC MATHEMATICS - I,2023,Not Specified,,https://drive.google.com/file/d/1OoPO4CEJUKKnMF719c2BcRTjLXEzGK4-/view?usp=drive_link,,Paper Code 6967001020 | Syllabus: https://drive.google.com/file/d/1g93nNdDoyTzoaNFpx6hBKf8knXInUBnS/view?usp=drive_link
BA(P),WORKING WITH PEOPLE,2023,Not Specified,,https://drive.google.com/file/d/1Y2U4RdiNKxLt3vFfy8_Z9rGZ1agzNN6z/view?usp=drive_link,,Paper Code 2336000001 | Syllabus: https://drive.google.com/file/d/1lRHWGe86ROEjB8OZ1sfDDzimTLpviHMF/view?usp=drive_link
BA(P),YOGA: PHILOSOPHY AND PRACTICE,2023,Not Specified,,https://drive.google.com/file/d/1d4-4BzkRTziFwMZKKuvW-GWZM5hqh10B/view?usp=drive_link,,Paper Code 6967001021 | Syllabus: https://drive.google.com/file/d/1BsPTEz3w8OTaFusIO-i_tY2Uxmgahjpf/view?usp=drive_link
BA(P),YOUTH AND MENTAL HEALTH,2023,Not Specified,,https://drive.google.com/file/d/1JkxCqDQANd8HvtOCG5pGM5Xlr3ycLnKB/view?usp=drive_link,,Paper Code 2114002002 | Syllabus: https://drive.google.com/file/d/12JlYhc9b0ETAKx1FtTL2GbALOCoudegX/view?usp=drive_link
BA(P),जनपदीय साहित्य (लोकनाट्य विशेष),2023,Not Specified,,https://drive.google.com/file/d/1rWXAOMyiOCLdLmqVKwFbua3c17ucpB41/view?usp=drive_link,,Paper Code 2052202302 | Syllabus: https://drive.google.com/file/d/1ju88_TtTnzzPGwM5MzFr-U2SdOthhT42/view?usp=drive_link
BA(P),भारतीय भक्ति परम्परा और मानव मूल्य,2023,Not Specified,,https://drive.google.com/file/d/1YKxtsLiVn_UUynIlq4tt5ul3qURAcvUL/view?usp=drive_link,,Paper Code 6967001022 | Syllabus: https://drive.google.com/file/d/1tcAGhm-vJ46wDe-Jx9bBR5ccn7W_gyOw/view?usp=drive_link
BA(P),साहित्य संस्कृति और सिनेमा,2023,Not Specified,,https://drive.google.com/file/d/18nOgr953fjqQ42hzgFTOmpuCVHGiZWYN/view?usp=drive_link,,Paper Code 6967001023 | Syllabus: https://drive.google.com/file/d/1oNPG1J2XWag9IkjNZbAcP0-TxZ7aOm1M/view?usp=drive_link
BA(P),सोशल मीडिया और ब्लॉग लेखन - ग,2023,Not Specified,,https://drive.google.com/file/d/1MXqaIJtoTLEXPBp8eAKippH2eZc3KfUq/view?usp=drive_link,,Paper Code 2051001003 | Syllabus: https://drive.google.com/file/d/1rAG8hc8OQjb5joh9zMZ_cTr8TZZAu0PZ/view?usp=drive_link
BA(P),सोशल मीडिया और ब्लॉग लेखन - ग,2023,Not Specified,,https://drive.google.com/file/d/12K0IC9Dk15lJ3LV13PPUbYCtuBWr8SXJ/view?usp=drive_link,,Paper Code 2051001003 | Syllabus: https://drive.google.com/file/d/1rAG8hc8OQjb5joh9zMZ_cTr8TZZAu0PZ/view?usp=drive_link
BA(P),सोशल मीडिया और ब्लॉग लेखन - ग,2023,Not Specified,,https://drive.google.com/file/d/1TXeIsw0w5jyO8Mi-_oapGpf3HvUvQoL3/view?usp=drive_link,,Paper Code 2051001003 | Syllabus: https://drive.google.com/file/d/1rAG8hc8OQjb5joh9zMZ_cTr8TZZAu0PZ/view?usp=drive_link
BA(P),हिंदी कथा साहित्य,2023,Not Specified,,https://drive.google.com/file/d/13u80ycA-wUhpkJDNWeQeZUB-U6szyiJy/view?usp=drive_link,,Paper Code 2052202301 | Syllabus: https://drive.google.com/file/d/17TDaOuB0r5qM4J6EVrh-uKgtMujXUIKd/view?usp=drive_link
BA(P),हिंदी भाषा और साहित्य का इतिहास,2023,Not Specified,,https://drive.google.com/file/d/1f1GnESZZoWMCm9UQ3mWn5-fgCC1zh38P/view?usp=drive_link,,Paper Code 2052201101 | Syllabus: https://drive.google.com/file/d/104Ej38caVD0og9btqq_wBmcGBLhwrfQo/view?usp=drive_link
BA(P),हिंदी भाषा और साहित्य का उदभव और विकास - क,2023,Not Specified,,https://drive.google.com/file/d/1CQiC2_P1Kmr_9hIYDZdJOjxrxtATa16Y/view?usp=drive_link,,Paper Code 2055091001 | Syllabus: https://drive.google.com/file/d/1KuC_e3EXmGBzLELtRdAEBLkHDHmq5mbC/view?usp=drive_link
BA(P),हिंदी भाषा और साहित्य का उदभव और विकास - ख,2023,Not Specified,,https://drive.google.com/file/d/1B9EGmJHtkfkVKIHK66vTSMtqCd6OaGj6/view?usp=drive_link,,Paper Code 2055091002 | Syllabus: https://drive.google.com/file/d/1rC0o6QA2rM0zCLq9fFo8WBBt_EjUUKIY/view?usp=drive_link
BA(P),हिंदी भाषा और साहित्य का उदभव और विकास - ग,2023,Not Specified,,https://drive.google.com/file/d/1fzVCQczxs6ufw1PrO90QIF-jixBfB7hi/view?usp=drive_link,,Paper Code 2055091003 | Syllabus: https://drive.google.com/file/d/14r5-jDUb258K8mV8iNcdYWE61x2JCu3F/view?usp=drive_link
BA(P),हिंदी सिनेमा और उसका अध्ययन,2023,Not Specified,,https://drive.google.com/file/d/1cdX9v74WWhDNciBRnJEsuD4oY1OeWzrE/view?usp=drive_link,,Paper Code 2052201102 | Syllabus: https://drive.google.com/file/d/1ckYZgSxCPBcqZ8Ll-gr02nKbIJ_-aqsz/view?usp=drive_link
BA(P),हिन्दी औपचारिक लेखन - ख,2023,Not Specified,,https://drive.google.com/file/d/1aYPODiZB4PbAF4DMLMA7hijvNwVfKxms/view?usp=drive_link,,Paper Code 2051001002 | Syllabus: https://drive.google.com/file/d/1LP-Xi78d6G4TTQBtWB3DNM8iNfnVwxt3/view?usp=drive_link
BA(P),हिन्दी भाषा: सम्प्रेषण और संचार - क,2023,Not Specified,,https://drive.google.com/file/d/1M0NckP-DwtujccM_FY7X7WQjomV1Kxpn/view?usp=drive_link,,Paper Code 2051001001 | Syllabus: https://drive.google.com/file/d/1wBXfpEWmb3VDGCbvoe3XRiZjFYCoS0nq/view?usp=drive_link
BA(P),हिन्दी भाषा: सम्प्रेषण और संचार - क,2023,Not Specified,,https://drive.google.com/file/d/1W4RgHDwMe6vs2JWpYtJDqZe18STipjZr/view?usp=drive_link,,Paper Code 2051001001 | Syllabus: https://drive.google.com/file/d/1wBXfpEWmb3VDGCbvoe3XRiZjFYCoS0nq/view?usp=drive_link
BA(P),16TH AND 17TH CENTURY ENGLISH DRAMA,2024,Not Specified,,https://drive.google.com/file/d/1SLpgffCJUKBFob6RQ82S7rzjA3j02VgE/view?usp=sharing,,Paper Code 2032201201 | Syllabus: https://drive.google.com/file/d/1WXLcCJUahnUMKUtjAVzUIhy8qINA4TRs/view?usp=drive_link
BA(P),16TH AND 17TH CENTURY ENGLISH DRAMA,2024,Not Specified,,https://drive.google.com/file/d/1gMaqlJLH-6ZV3ez-JrK9ohr0UuX-jZJX/view?usp=sharing,,Paper Code 2032201201 | Syllabus: https://drive.google.com/file/d/1WXLcCJUahnUMKUtjAVzUIhy8qINA4TRs/view?usp=drive_link
BA(P),18TH CENTURY LITERATURE,2024,Not Specified,,https://drive.google.com/file/d/1q7v0AjTsmaEfAIL_j4sT8ZVsPYtrQ71J/view?usp=sharing,,Paper Code 2032201202 | Syllabus: https://drive.google.com/file/d/1ryoGnKNmP_LLdRSkh3oX6_8U8Yk2xZvW/view?usp=drive_link
BA(P),ABSTRACT ALGEBRA,2024,Not Specified,,https://drive.google.com/file/d/1v3IOgzTbn_HSFjrP7qGJI-lQzgBjg7bM/view?usp=drive_link,,Paper Code 2352572401 | Syllabus: https://drive.google.com/file/d/1AepG6GXX-EssAN5NKgTR6m1zIvDLi8HX/view?usp=drive_link
BA(P),ACTING SKILL IN SANSKRIT DRAMATURGY,2024,Not Specified,,https://drive.google.com/file/d/13t4QJDKpLh9RQ5JanityX6Oi6QnfkYAM/view?usp=sharing,,Paper Code 2136000003 | Syllabus: https://mscw.ac.in/library/NA
BA(P),ADHUNIK PUNJABI KAHANI,2024,Not Specified,,https://drive.google.com/file/d/1S-ZHjFRkHQz-yisSYUjSIQAa7uq2ktC5/view?usp=sharing,,Paper Code 2125001202 | Syllabus: https://drive.google.com/file/d/1LkXOrxTCs8EFxhHbJnn2wL2lI2mG8hEr/view?usp=drive_link
BA(P),ANALYTIC GEOMETRY,2024,Not Specified,,https://drive.google.com/file/d/1V1PflqPbg6fr3TwFrh7mECvH3z0ZFmTS/view?usp=sharing,,Paper Code 2352201202 | Syllabus: https://mscw.ac.in/library/NA
BA(P),ANCIENT AND MEDIEVAL HISTORY OF INDIAN MUSIC,2024,Not Specified,,https://drive.google.com/file/d/1kbISx9Ssw7xWpXW49ufLKXgHlPX6Msw1/view?usp=drive_link,,Paper Code 2442202402 | Syllabus: https://drive.google.com/file/d/1jTq4br39p_qMJEDKlnPfsjowiB2LtkY1/view?usp=drive_link
BA(P),APPLICATION OF SOCIAL PSYCHOLOGY,2024,Not Specified,,https://drive.google.com/file/d/1TT8BXbpo5vPpo6NBZS_2YJeTQM08mIcG/view?usp=sharing,,Paper Code 2112201202 | Syllabus: https://drive.google.com/file/d/1WYJc9qP9xVi51Odcsi2x6QvRN_L0SnQU/view?usp=drive_link
BA(P),ART OF BEING HAPPY,2024,Not Specified,,https://drive.google.com/file/d/15pNd4ZTeokkinCG84vmDq3rvFzJcqbUn/view?usp=sharing,,Paper Code 6967000019 | Syllabus: https://drive.google.com/file/d/1SAy0ecrweRz4QErMcZejgpOXJTH80D9Z/view?usp=drive_link
BA(P),ART OF BEING HAPPY,2024,Not Specified,,https://drive.google.com/file/d/1b1VKW1Fzb23a60j3PM4d1e5CgAV4nPhd/view?usp=sharing,,Paper Code 6967000019 | Syllabus: https://drive.google.com/file/d/1SAy0ecrweRz4QErMcZejgpOXJTH80D9Z/view?usp=drive_link
BA(P),AYURVEDA AND NUTRITION,2024,Not Specified,,https://drive.google.com/file/d/1KEMs4_nN_m0fcaVL7841j8j_OnH5Y2Nw/view?usp=sharing,,Paper Code 6967000001 | Syllabus: https://drive.google.com/file/d/1fioHOQYKft3v1wX5a0qmwiaVKv4DcHi5/view?usp=drive_link
BA(P),AYURVEDA AND NUTRITION,2024,Not Specified,,https://drive.google.com/file/d/1nhjzwgPV8OMfENtKfRG0PfCc-5pT5qjV/view?usp=drive_link,,Paper Code 6967000001 | Syllabus: https://drive.google.com/file/d/1fioHOQYKft3v1wX5a0qmwiaVKv4DcHi5/view?usp=drive_link
BA(P),AYURVEDA AND NUTRITION,2024,Not Specified,,https://drive.google.com/file/d/1lMMyvyM_XsBJ82XSKBLQuefFcqbKUqtc/view?usp=drive_link,,Paper Code 6967000001 | Syllabus: https://drive.google.com/file/d/1fioHOQYKft3v1wX5a0qmwiaVKv4DcHi5/view?usp=drive_link
BA(P),BASIC ECONOMETRICS,2024,Not Specified,,https://drive.google.com/file/d/10rfAJW5Vz367hSnO00Mq3Mrwt1uZ1LM7/view?usp=drive_link,,Paper Code 2272202402 | Syllabus: https://drive.google.com/file/d/1uG1Pl830h-qVQghHsgUJ7RL5hKQLBGmm/view?usp=drive_link
BA(P),BASIC PRINCIPLES OF AYURVEDA,2024,Not Specified,,https://drive.google.com/file/d/1RClcYVUUQ5vu8Z3TIzl5KwPM58FGqjNu/view?usp=sharing,,Paper Code 2135001001 | Syllabus: https://mscw.ac.in/library/NA
BA(P),BASIC STATISTICS FOR ECONOMICS,2024,Not Specified,,https://drive.google.com/file/d/16YrmQtIxKPK1N1VIb49FAp-qwiGfp24p/view?usp=sharing,,Paper Code 2272201202 | Syllabus: https://drive.google.com/file/d/1_005f3pIVycGt5DSQylzsDJDnaqRLt4q/view?usp=drive_link
BA(P),BASICS OF INDIAN MUSICOLOGY,2024,Not Specified,,https://drive.google.com/file/d/1JyLvcUwUSDbB5Q7-7EvSl0RMIs7YxMyU/view?usp=sharing,,Paper Code 2442201201 | Syllabus: https://drive.google.com/file/d/1XiElK5pDLnx9MHBwaExPYRykqqIfA2dx/view?usp=drive_link
BA(P),BASICS OF INDIAN MUSICOLOGY,2024,Not Specified,,https://drive.google.com/file/d/1s7TebRxurfkWuBhs9sfkLwKFf13U1Vc7/view?usp=sharing,,Paper Code 2442201201 | Syllabus: https://drive.google.com/file/d/1XiElK5pDLnx9MHBwaExPYRykqqIfA2dx/view?usp=drive_link
BA(P),BIOETHICS,2024,Not Specified,,https://drive.google.com/file/d/10p2UexLZO6LmH78D_pn84CNVxL9pMy1I/view?usp=drive_link,,Paper Code 2104002012 | Syllabus: https://drive.google.com/file/d/1x6Dni5eCQTAmr-3qGkjVyQ15APK6qZYb/view?usp=drive_link
BA(P),COMPARATIVE GOVERNMENT AND POLITICS,2024,Not Specified,,https://drive.google.com/file/d/1n6n87chUezZ4j9Zk0fyBUtGNEvO-wy4o/view?usp=drive_link,,Paper Code 2322202401 | Syllabus: https://drive.google.com/file/d/1ofrn_mxmKpbOtmVqDl7cB8Jyxy36p1rL/view?usp=drive_link
BA(P),COMPARATIVE GOVERNMENT AND POLITICS,2024,Not Specified,,https://drive.google.com/file/d/1lfYZ7p5q8dqdOIz6f_eozlJ2U9N_bsDd/view?usp=drive_link,,Paper Code 2322202401 | Syllabus: https://drive.google.com/file/d/1ofrn_mxmKpbOtmVqDl7cB8Jyxy36p1rL/view?usp=drive_link
BA(P),COMPUTER TE PUNJABI BHASHA,2024,Not Specified,,https://drive.google.com/file/d/1izBOnFot4iE-Qyi0Sv3kynx3oABNKbhy/view?usp=sharing,,Paper Code 2122201202 | Syllabus: https://drive.google.com/file/d/1qpkTmOr7kYYW4cqZ3KWgYN0Gz4nEQSbQ/view?usp=drive_link
BA(P),CRITICAL THINKING,2024,Not Specified,,https://drive.google.com/file/d/1Hjs6w7yiAi76L70X6CimYoS9VggLDKN6/view?usp=sharing,,Paper Code 2104001202 | Syllabus: https://drive.google.com/file/d/11csCq3Wbi9VCd97QD_J4NXxqea16StXi/view?usp=drive_link
BA(P),CULTURAL TRANSFORMATIONS IN EARLY MODERN EUROPE – II,2024,Not Specified,,https://drive.google.com/file/d/16_qZWOu-1hRN1ebY4-4E4-S-bzh2M_cy/view?usp=drive_link,,Paper Code 2312202402 | Syllabus: https://drive.google.com/file/d/1hnpG9p0vXhluOLsOM2g7Eowolg7x2bZs/view?usp=drive_link
BA(P),CULTURE AND COMMUNICATION,2024,Not Specified,,https://drive.google.com/file/d/1xkVHnpBvS9O8uXnFJ30iJbUM_3ed2BWv/view?usp=sharing,,Paper Code 6967000003 | Syllabus: https://drive.google.com/file/d/1-aPZC6A84uFE_wKsLgqKB3Ui3mGVlEME/view?usp=drive_link
BA(P),CULTURE AND COMMUNICATION,2024,Not Specified,,https://drive.google.com/file/d/1d6VVXR4h0pr4RFB63k54HlcqYM3p0TOa/view?usp=sharing,,Paper Code 6967000003 | Syllabus: https://drive.google.com/file/d/1-aPZC6A84uFE_wKsLgqKB3Ui3mGVlEME/view?usp=drive_link
BA(P),DATA STRUCTURES,2024,Not Specified,,https://drive.google.com/file/d/1bCO0YwHCFWNF8HXcDLwPvp2jqOWRTUvd/view?usp=sharing,,Paper Code 2342571201 | Syllabus: https://mscw.ac.in/library/NA
BA(P),DELHI THROUGH THE AGES: FROM COLONIAL TO CONTEMPORARY TIMES,2024,Not Specified,,https://drive.google.com/file/d/1IeVwJO4hHVzeKUg_LZq0QSprjKf4tyKE/view?usp=sharing,,Paper Code 2314001201 | Syllabus: https://drive.google.com/file/d/10iN38bQsZcildMvoAA4ccV1hYU3YaYZw/view?usp=drive_link
BA(P),DHARMASHASTRA STUDIES,2024,Not Specified,,https://drive.google.com/file/d/1q5rbU9rSdSHCSpcJsxk_vsP7wqe2lx3p/view?usp=drive_link,,Paper Code 2132202401 | Syllabus: https://drive.google.com/file/d/1fQgT9tGEsWJfuFX09XhekJT97vuCcMFP/view?usp=drive_link
BA(P),DIGITAL SOCIAL SCIENCES,2024,Not Specified,,https://drive.google.com/file/d/1eqcVZ8zZ-MhbwpIXXr-Wdy_R0YkLYU7x/view?usp=drive_link,,Paper Code 2324002010 | Syllabus: https://drive.google.com/file/d/1B0bGu8NirKN-6rfziNlQKK4Z8d23-zEb/view?usp=drive_link
BA(P),ECOLOGY AND LITERATURE,2024,Not Specified,,https://drive.google.com/file/d/1lx1MZNEsP-TWF9MuRDOScDjE25TiQ3Ak/view?usp=sharing,,Paper Code 6967000011 | Syllabus: https://drive.google.com/file/d/14_U5bvtH7ufsSj-vT8zpzC8m7b7qr2pm/view?usp=drive_link
BA(P),ECOLOGY AND LITERATURE,2024,Not Specified,,https://drive.google.com/file/d/14G-XJMOli4Qlh_aK-yNFcKpEd7B7dgyi/view?usp=sharing,,Paper Code 6967000011 | Syllabus: https://drive.google.com/file/d/14_U5bvtH7ufsSj-vT8zpzC8m7b7qr2pm/view?usp=drive_link
BA(P),EMERGENCE AND GROWTH OF PSYCHOLOGY,2024,Not Specified,,https://drive.google.com/file/d/14BkLBltcYMjrAbpYTfhQJTdQUtu6m1lX/view?usp=drive_link,,Paper Code 2112202402 | Syllabus: https://drive.google.com/file/d/15cXIDITRyyP9xihOnBW6MlUEYMMpg87_/view?usp=drive_link
BA(P),ENGLISH LANGUAGE THROUGH LITERATURE,2024,Not Specified,,https://drive.google.com/file/d/1POrBfdr2MPL26zXpT-VK9q8XnqnbWHSI/view?usp=sharing,,Paper Code 2035001004 | Syllabus: https://drive.google.com/file/d/1SbyI-Cemx0ipuBxfwwxamCf7bTuqx5Eu/view?usp=drive_link
BA(P),ENGLISH LANGUAGE THROUGH LITERATURE-II,2024,Not Specified,,https://drive.google.com/file/d/1qMXLc5zyu9P5p8ZNwwnejJnGX3R05I8n/view?usp=drive_link,,Paper Code 2035002001 | Syllabus: https://drive.google.com/file/d/1Uh0M3tbqnnGEdHEIplJwuJXXOd-9AGmd/view?usp=drive_link
BA(P),ENVIRONMENTAL SCIENCE : THEORY INTO PRACTICE (I),2024,Not Specified,,https://drive.google.com/file/d/1jKua8VaCS2IIH8yRDEb7muD9Y6mFpxcd/view?usp=sharing,,Paper Code 2181001001 | Syllabus: https://drive.google.com/file/d/10syDP-Stte6uynGj81IrnM6cewXNoX9C/view?usp=drive_link
BA(P),ENVIRONMENTAL SCIENCE: THEORY INTO PRACTICE - II,2024,Not Specified,,https://drive.google.com/file/d/1aCjM4rItFMVyEZ8fX0v733gekG_4k8nK/view?usp=drive_link,,Paper Code 2181002001 | Syllabus: https://drive.google.com/file/d/1JHjy05XGXTNTwKTw1Zvz70BBMLFPvTfM/view?usp=drive_link
BA(P),ETHICS AND CULTURE,2024,Not Specified,,https://drive.google.com/file/d/1gm5Ra9qIOAA2cEM8VrfAlK2zj63eURqd/view?usp=sharing,,Paper Code 6967000006 | Syllabus: https://drive.google.com/file/d/1MVW2sCQN7sA9Dt0hrrHGaR17PmP7EZwE/view?usp=drive_link
BA(P),FINANCIAL ACCOUNTING,2024,Not Specified,,https://drive.google.com/file/d/1X_3PTBYVcFDNoHUlxaPppE5SauBq38mX/view?usp=sharing,,Paper Code 2412201202 | Syllabus: https://drive.google.com/file/d/1PAerP3p3nXykfotEPbzX95XiMwqf8HyS/view?usp=drive_link
BA(P),FINANCIAL LITERACY,2024,Not Specified,,https://drive.google.com/file/d/1kc1T6DrolMmryOQ1DEUW-8SgjfbvyVJK/view?usp=sharing,,Paper Code 6967000008 | Syllabus: https://drive.google.com/file/d/1d8-OKsia5whLJF3U2sUOvdAjiBxZEszk/view?usp=drive_link
BA(P),FUNDAMENTALS OF INDIAN PHILOSOPHY,2024,Not Specified,,https://drive.google.com/file/d/1b9YEnN7p0GDVHPk09HcLNrHfVoiyL_w_/view?usp=sharing,,Paper Code 2134002001 | Syllabus: https://mscw.ac.in/library/NA
BA(P),GREEK THOUGHT,2024,Not Specified,,https://drive.google.com/file/d/1s0US_GrMNP2jLXK30vCH82VdNBe00f2N/view?usp=drive_link,,Paper Code 2102202402 | Syllabus: https://drive.google.com/file/d/1GCsz8HLCIk6xOvZYAuabTpLi9_BA5P_X/view?usp=drive_link
BA(P),HINDI AUPCHARIK LEKHAN (HINDI-B),2024,Not Specified,,https://drive.google.com/file/d/1cgm8kdkH_U2EDiUY-8FTZhv44zlEtYBx/view?usp=sharing,,Paper Code 2051001002 | Syllabus: https://drive.google.com/file/d/1LP-Xi78d6G4TTQBtWB3DNM8iNfnVwxt3/view?usp=drive_link
BA(P),HINDI AUPCHARIK LEKHAN (HINDI-B),2024,Not Specified,,https://drive.google.com/file/d/1ozzNIvL9qFrsWmfQx_C1B0ORkufG39Bm/view?usp=sharing,,Paper Code 2051001002 | Syllabus: https://drive.google.com/file/d/1LP-Xi78d6G4TTQBtWB3DNM8iNfnVwxt3/view?usp=drive_link
BA(P),HINDI BHASHA : SAMPRESHAN AUR SANCHAR (HINDI-A),2024,Not Specified,,https://drive.google.com/file/d/1zuEtelRgbZ-2wfteENLkSTv2Rb6Tu8Hj/view?usp=sharing,,Paper Code 2051001001 | Syllabus: https://drive.google.com/file/d/1wBXfpEWmb3VDGCbvoe3XRiZjFYCoS0nq/view?usp=drive_link
BA(P),HINDI BHASHA : SAMPRESHAN AUR SANCHAR (HINDI-A),2024,Not Specified,,https://drive.google.com/file/d/1Lfb6UIlbcFiSQsLJu01yppOd-SXCmdi0/view?usp=sharing,,Paper Code 2051001001 | Syllabus: https://drive.google.com/file/d/1wBXfpEWmb3VDGCbvoe3XRiZjFYCoS0nq/view?usp=drive_link
BA(P),HINDI BHASHA AUR SAHITYA (A),2024,Not Specified,,https://drive.google.com/file/d/1xDI-6RprpAko1AjlN-SrQd8Owhe9ZXj9/view?usp=sharing,,Paper Code 2055201001 | Syllabus: https://mscw.ac.in/library/NA
BA(P),HINDI BHASHA AUR SAHITYA (B),2024,Not Specified,,https://drive.google.com/file/d/1nYcEKbpMsma1qheLQVFFf8Ir_XtBHYzQ/view?usp=sharing,,Paper Code 2055201002 | Syllabus: https://mscw.ac.in/library/NA
BA(P),HINDI BHASHA AUR SAHITYA (C),2024,Not Specified,,https://drive.google.com/file/d/1QjubXKICcBvRr4yWVtpKH0edhunwhnt5/view?usp=sharing,,Paper Code 2055201003 | Syllabus: https://mscw.ac.in/library/NA
BA(P),HISTORY OF INDIA : 300 CE TO 1200 CE,2024,Not Specified,,https://drive.google.com/file/d/15Ms3WlAapZS-cyg-6tyYC4LSFSK6RtYI/view?usp=sharing,,Paper Code 2312201201 | Syllabus: https://drive.google.com/file/d/1ruIxK5OpnX2HqPnem4MvQrf9dljVjij7/view?usp=drive_link
BA(P),HISTORY OF INDIA : 300 CE TO 1200 CE,2024,Not Specified,,https://drive.google.com/file/d/1bTRdhzQYFAXcl-bnwmfDmOzEQFxzPeBi/view?usp=sharing,,Paper Code 2312201201 | Syllabus: https://drive.google.com/file/d/1ruIxK5OpnX2HqPnem4MvQrf9dljVjij7/view?usp=drive_link
BA(P),HISTORY OF INDIA C.1550 – 1700,2024,Not Specified,,https://drive.google.com/file/d/1Qt_mopuppVu_xzkq9p4Pan3v9TT0_zsQ/view?usp=drive_link,,Paper Code 2312202401 | Syllabus: https://drive.google.com/file/d/1wfW_Yh5pdmBo2eDGSbkmYhUI27_TZs1U/view?usp=drive_link
BA(P),HISTORY OF INDIA C.1550 – 1700,2024,Not Specified,,https://drive.google.com/file/d/1sjqyNPa6Qg9lng26IfycvxNPg1UC71rl/view?usp=drive_link,,Paper Code 2312202401 | Syllabus: https://drive.google.com/file/d/1wfW_Yh5pdmBo2eDGSbkmYhUI27_TZs1U/view?usp=drive_link
BA(P),INDIA'S FOREIGN POLICY,2024,Not Specified,,https://drive.google.com/file/d/1OT-6SSgLs1pocZySkkXX4bbUe41mPcgE/view?usp=sharing,,Paper Code 2322201202 | Syllabus: https://drive.google.com/file/d/1_FEYOQJus6MWyq1ztSz8z22RCwse4aQZ/view?usp=drive_link
BA(P),INDIAN GOVERNMENT AND POLITICS,2024,Not Specified,,https://drive.google.com/file/d/16_HH2c_EnyjD5Ayvj2neM-jJ2rfOA_CY/view?usp=sharing,,Paper Code 2322201201 | Syllabus: https://drive.google.com/file/d/15sjrqAQxL3z2DEwgUG2pjwCFocCLYizq/view?usp=drive_link
BA(P),INDIAN GOVERNMENT AND POLITICS,2024,Not Specified,,https://drive.google.com/file/d/1ZZRhuEpm77Ca6BRe2IxU4WuGRDa8KztR/view?usp=sharing,,Paper Code 2322201201 | Syllabus: https://drive.google.com/file/d/15sjrqAQxL3z2DEwgUG2pjwCFocCLYizq/view?usp=drive_link
BA(P),INDIVIDUAL AND SOCIETY,2024,Not Specified,,https://drive.google.com/file/d/1KJk4j1MxbaxQ1PEVcRehx4wPK9D7mgKV/view?usp=sharing,,Paper Code 2034001210 | Syllabus: https://drive.google.com/file/d/1wLt67pfeZh8f8wgUqJkkpx9aFx58vmD-/view?usp=drive_link
BA(P),INTERMEDIATE ADMINISTRATIVE STRUCTURE IN KAUṬILYA’S ARTHAŚĀSTRA,2024,Not Specified,,https://drive.google.com/file/d/1-d3NDitfw5osOL2ZpoiqCumPMY3RziZS/view?usp=drive_link,,Paper Code 2131002005 | Syllabus: https://drive.google.com/file/d/12O_gRnqG4VEoZYUCHwBgCqR4LCYCP5hE/view?usp=drive_link
BA(P),INTERMEDIATE ADMINISTRATIVE STRUCTURE IN KAUṬILYA’S ARTHAŚĀSTRA,2024,Not Specified,,https://drive.google.com/file/d/1SZta2eDI30nxY-qBQMcAjGVM0PNAke03/view?usp=drive_link,,Paper Code 2131002005 | Syllabus: https://drive.google.com/file/d/12O_gRnqG4VEoZYUCHwBgCqR4LCYCP5hE/view?usp=drive_link
BA(P),INTERMEDIATE MACROECONOMICS I: FOUNDATIONS OF AGGREGATE INCOME DETERMINATION,2024,Not Specified,,https://drive.google.com/file/d/13UX8-LKj1kf1ub2ukClmkAUoQVRvfS-B/view?usp=drive_link,,Paper Code 2272202401 | Syllabus: https://drive.google.com/file/d/1tsp1lpRQOGhvreo9xnq4nZt2xPPmwwX-/view?usp=drive_link
BA(P),INTERMEDIATE MACROECONOMICS I: FOUNDATIONS OF AGGREGATE INCOME DETERMINATION,2024,Not Specified,,https://drive.google.com/file/d/1cjCe4VwAayvoaU6pnrptT8JtMUbM8bbr/view?usp=drive_link,,Paper Code 2272202401 | Syllabus: https://drive.google.com/file/d/1tsp1lpRQOGhvreo9xnq4nZt2xPPmwwX-/view?usp=drive_link
BA(P),INTRODUCTION TO INDIAN PHILOSOPHY,2024,Not Specified,,https://drive.google.com/file/d/1FAen3Xe8dGfgwhalukeJBP6RrKFVYVZ8/view?usp=sharing,,Paper Code 2102201201 | Syllabus: https://drive.google.com/file/d/14kc4-hn3iR1PqUeHq0IsnpjE2W0an5Ly/view?usp=drive_link
BA(P),INTRODUCTION TO INDIAN PHILOSOPHY,2024,Not Specified,,https://drive.google.com/file/d/1C8JcN-StWfjoCets1Vj3G_0zqU6fZueO/view?usp=sharing,,Paper Code 2102201201 | Syllabus: https://drive.google.com/file/d/14kc4-hn3iR1PqUeHq0IsnpjE2W0an5Ly/view?usp=drive_link
BA(P),"INTRODUCTION TO INTERNATIONAL RELATIONS : THEORIES, CONCEPTS AND DEBATES",2024,Not Specified,,https://drive.google.com/file/d/1CqKp2JNjnOAE7PpEOI66hF0ANsllkNam/view?usp=sharing,,Paper Code 2322101203 | Syllabus: https://drive.google.com/file/d/1IY7hVGQuMYcbzeOo-ekMboePmHIZ4TZP/view?usp=drive_link
BA(P),INTRODUCTION TO LINEAR ALGEBRA,2024,Not Specified,,https://drive.google.com/file/d/11wIpr5x-TmpQdVXf7Ofn9pwv6BeJV3kS/view?usp=sharing,,Paper Code 2354001202 | Syllabus: https://drive.google.com/file/d/12rZzHOZbLvqmATdDR6QTx5-XntUf8j7e/view?usp=drive_link
BA(P),INTRODUCTION TO SOCIAL PHILOSOPHY,2024,Not Specified,,https://drive.google.com/file/d/1PWeQdn7NOpi8-DtBuDpTnxvDAyv5b8Iw/view?usp=sharing,,Paper Code 2112201201 | Syllabus: https://drive.google.com/file/d/16DToGlensyogEgbhHQAgHWdmpRF5kjwS/view?usp=drive_link
BA(P),INTRODUCTION TO THE INDIAN CONSTITUTION,2024,Not Specified,,https://drive.google.com/file/d/1Ed_MbecxpIx08XEqtRAft416HvwKdZFV/view?usp=sharing,,Paper Code 2324001202 | Syllabus: https://drive.google.com/file/d/1vhkeNBz4lC6lOfUitzNHubFxazpFl8dt/view?usp=drive_link
BA(P),INTRODUCTION TO WESTERN PHILOSOPHY,2024,Not Specified,,https://drive.google.com/file/d/1CG03VSJfEO63WM_cf2jQ82FJTGwr8tvO/view?usp=sharing,,Paper Code 2102201202 | Syllabus: https://drive.google.com/file/d/1VDfQeSduXeh8P5rJ9wzNd6ABZkgW_aaI/view?usp=drive_link
BA(P),INTRODUCTORY MACROECONOMICS,2024,Not Specified,,https://drive.google.com/file/d/1QM_zgvhiN7AOMU7HS1w3Y29IaXLkry6i/view?usp=sharing,,Paper Code 2272201201 | Syllabus: https://drive.google.com/file/d/11uQt7qjHnKQb5Vb2pUoT7WG-fY2DusFt/view?usp=drive_link
BA(P),INTRODUCTORY MACROECONOMICS,2024,Not Specified,,https://drive.google.com/file/d/14hngCxQ_EUQozRN42rddh5LDtYIZPk7-/view?usp=sharing,,Paper Code 2272201201 | Syllabus: https://drive.google.com/file/d/11uQt7qjHnKQb5Vb2pUoT7WG-fY2DusFt/view?usp=drive_link
BA(P),INTRODUCTORY UPANISHAD AND GEETA (SANSKRIT B),2024,Not Specified,,https://drive.google.com/file/d/1MyJeWEQRo_aVvyCnCnN9Z08Un-5lXy1r/view?usp=sharing,,Paper Code 2131001002 | Syllabus: https://drive.google.com/file/d/1O5uHVb3xHl7_-0xMdgn0PjOFGygSktXh/view?usp=drive_link
BA(P),MARKETING COMMUNICATION,2024,Not Specified,,https://drive.google.com/file/d/1M19YlyNxEZ7zV20P748oxEw8xLnqaDtq/view?usp=sharing,,Paper Code 2412221201 | Syllabus: https://drive.google.com/file/d/1qUb6cEbA97mtkECn_5qOv4fdVuZ5i4Tx/view?usp=drive_link
BA(P),MEDIEVAL SOCIETIES : GLOBAL PERSPECTIVES,2024,Not Specified,,https://drive.google.com/file/d/1AgZ8dRt2aqWasWyIly9KHFEIc32an4oT/view?usp=sharing,,Paper Code 2312201202 | Syllabus: https://drive.google.com/file/d/1jQXPiggyk2ZjMEIpFHyYqVRGCqyijvRG/view?usp=drive_link
BA(P),MODERN OFFICE PRACTICES,2024,Not Specified,,https://drive.google.com/file/d/1QfSo0NuwtkPzAg2VxygUh-vtFFWFqIS2/view?usp=sharing,,Paper Code 2412381201 | Syllabus: https://drive.google.com/file/d/1O9zGWiKUDOFF2TQ_BZarbxAdsP1dTIMn/view?usp=drive_link
BA(P),MUSICOLOGY OF INDIAN MUSIC,2024,Not Specified,,https://drive.google.com/file/d/1IDA8psW4ygKFKVEQZA_G-QU48Nh-gvOj/view?usp=drive_link,,Paper Code 2442202401 | Syllabus: https://drive.google.com/file/d/1pUuExkgh2U7L7E0e7HeJlTRyPzSGWVvT/view?usp=drive_link
BA(P),MUSICOLOGY OF INDIAN MUSIC,2024,Not Specified,,https://drive.google.com/file/d/1J1f389_IcmKzBADkKk9hbn2BQGgcT_Kr/view?usp=drive_link,,Paper Code 2442202401 | Syllabus: https://drive.google.com/file/d/1pUuExkgh2U7L7E0e7HeJlTRyPzSGWVvT/view?usp=drive_link
BA(P),PANCHKOSHA: HOLISTIC DEVELOPMENT OF PERSONALITY,2024,Not Specified,,https://drive.google.com/file/d/1KMQJ-vCYlk20x_VQK0B6FWiJWUbx15yV/view?usp=drive_link,,Paper Code 6967000013 | Syllabus: https://drive.google.com/file/d/1Za-RzRhnVDwR9cwGb34GYDH2NswV7cEr/view?usp=drive_link
BA(P),PANCHKOSHA: HOLISTIC DEVELOPMENT OF PERSONALITY,2024,Not Specified,,https://drive.google.com/file/d/1rqFiGuKLcHqXqVmhXYIPrelV55yRZHDN/view?usp=drive_link,,Paper Code 6967000013 | Syllabus: https://drive.google.com/file/d/1Za-RzRhnVDwR9cwGb34GYDH2NswV7cEr/view?usp=drive_link
BA(P),PERSONAL FINANCIAL PLANNING,2024,Not Specified,,https://drive.google.com/file/d/1cA6BDsNmVxGidCL1Y4Jv5VkVnAHleDhZ/view?usp=sharing,,Paper Code 2416000004 | Syllabus: https://drive.google.com/file/d/1Lq6HpEBJzfy9rJQNY92UXUl60WBqVFFn/view?usp=drive_link
BA(P),PERSONAL SELLING AND SALESMANSHIP,2024,Not Specified,,https://drive.google.com/file/d/1YqvHr7axumRi-gHaybOChiNxSenjS_E1/view?usp=drive_link,,Paper Code 2412222401 | Syllabus: https://drive.google.com/file/d/1Pv8dcH4CnuQ2sNzZABmjYSR1hoKTXUgl/view?usp=drive_link
BA(P),POLITICAL LEADERSHIP AND COMMUNICATION,2024,Not Specified,,https://drive.google.com/file/d/1-kVF3S767rA-4Sqgy56jKaEo6udiTVYZ/view?usp=sharing,,Paper Code 3206000002 | Syllabus: https://drive.google.com/file/d/1Q3AUiK3OBgBwkdtBFip4EMcL52E8fYko/view?usp=drive_link
BA(P),PRINCIPLES OF MACROECONOMICS II,2024,Not Specified,,https://drive.google.com/file/d/1o49xmpJyaWsEsCLKfKaEczpmQTeoO-Zg/view?usp=drive_link,,Paper Code 2274000024 | Syllabus: https://drive.google.com/file/d/1GXs8pI8bWrvRWdo-imHe73rJPfcztVb7/view?usp=drive_link
BA(P),PRINCIPLES OF MACROECONOMICS-I,2024,Not Specified,,https://drive.google.com/file/d/1eYZDVfpQeRSNTwspUYBVmDyN1BycFW3r/view?usp=sharing,,Paper Code 2274001201 | Syllabus: https://drive.google.com/file/d/1UcVq6hkoL6fASYweJqPx0BQjwVbvmSWc/view?usp=drive_link
BA(P),PRINCIPLES OF MANAGEMENT,2024,Not Specified,,https://drive.google.com/file/d/10wQc-txcuUo_bsZy2bhySV9NS80Y_Iir/view?usp=drive_link,,Paper Code 2412202402 | Syllabus: https://drive.google.com/file/d/1nPmPmJwgn5jOmsrt19FmPHCIbcqqdY9O/view?usp=drive_link
BA(P),PSYCHOLOGY OF ADJUSTMENT,2024,Not Specified,,https://drive.google.com/file/d/1g9qbExCNOBg9N4MqOV0I45lXhDhlHP3G/view?usp=drive_link,,Paper Code 2114000014 | Syllabus: https://drive.google.com/file/d/1F56rLEujNzL8TADJEEiXCR3CzqykpTSv/view?usp=drive_link
BA(P),PUBLIC INSTITUTIONS IN INDIA,2024,Not Specified,,https://drive.google.com/file/d/1Lb1oHS6nLbAYueV-lDUrxpWZKpkbDsRl/view?usp=drive_link,,Paper Code 2322202402 | Syllabus: https://drive.google.com/file/d/1XbhL6Xzdy1ivGCIrddZ-pN-cpv5y9OX_/view?usp=drive_link
BA(P),PUNJABI BHASHA ATE ANUVAD,2024,Not Specified,,https://drive.google.com/file/d/1qS-WuPK_wErZ6StXfdbtouVVAOHAf1g-/view?usp=drive_link,,Paper Code 2121002003 | Syllabus: https://drive.google.com/file/d/1oW-yukjvuy7J6XCgraeLpHwJshgt3DIY/view?usp=drive_link
BA(P),PUNJABI BHASHA ATE ANUVAD,2024,Not Specified,,https://drive.google.com/file/d/10mTq3lO0EcnjmiSfcDwYcEr2wMJRktjK/view?usp=drive_link,,Paper Code 2121002003 | Syllabus: https://drive.google.com/file/d/1oW-yukjvuy7J6XCgraeLpHwJshgt3DIY/view?usp=drive_link
BA(P),PUNJABI BHASHA ATE COMPUTER,2024,Not Specified,,https://drive.google.com/file/d/1Bmx0UXb1Btx1_WBvZrmrkk8EBzhWsFkN/view?usp=drive_link,,Paper Code 2121002002 | Syllabus: https://drive.google.com/file/d/1y1qbXl-CBDc-9511DIcfLP9Nsq2jDPNZ/view?usp=drive_link
BA(P),PUNJABI BHASHA ATE COMPUTER,2024,Not Specified,,https://drive.google.com/file/d/1XhVNHJBNVtjSD9kkMkovouioeKsjaS12/view?usp=drive_link,,Paper Code 2121002002 | Syllabus: https://drive.google.com/file/d/1y1qbXl-CBDc-9511DIcfLP9Nsq2jDPNZ/view?usp=drive_link
BA(P),PUNJABI BHASHA ATE MEDIA,2024,Not Specified,,https://drive.google.com/file/d/1nTjW8nMlEbDmoCYXUeRCwaHQKg29_ypJ/view?usp=drive_link,,Paper Code 2121002001 | Syllabus: https://drive.google.com/file/d/1iwXqfRwuVKcIILFaBLiAf7Nd6DMMTQuD/view?usp=drive_link
BA(P),PUNJABI BHASHA ATE MEDIA,2024,Not Specified,,https://drive.google.com/file/d/1AVAJgNJ8FQ5nMjcPjXC6hlbGwip-S9Bc/view?usp=drive_link,,Paper Code 2121002001 | Syllabus: https://drive.google.com/file/d/1iwXqfRwuVKcIILFaBLiAf7Nd6DMMTQuD/view?usp=drive_link
BA(P),PUNJABI BHASHA DA MUDHLA PADHAR,2024,Not Specified,,https://drive.google.com/file/d/1HIYVR096YYAOqIbP89nvqIviX_w34KYM/view?usp=sharing,,Paper Code 2121001001 | Syllabus: https://drive.google.com/file/d/1dC-sx8IGu1d6dzKKqCATq2fTAJtZ1HpB/view?usp=drive_link
BA(P),PUNJABI BHASHA DA MUDHLA PADHAR,2024,Not Specified,,https://drive.google.com/file/d/1b2CSvh65cZTvMoVNcSsDv-_Wf4FKl9lg/view?usp=sharing,,Paper Code 2121001001 | Syllabus: https://drive.google.com/file/d/1dC-sx8IGu1d6dzKKqCATq2fTAJtZ1HpB/view?usp=drive_link
BA(P),PUNJABI BHASHA DA UCHERA PADHAR,2024,Not Specified,,https://drive.google.com/file/d/1HUmxbQvenXU2Ia4NxgMRUp4n7bBwBK3q/view?usp=sharing,,Paper Code 2121001002 | Syllabus: https://drive.google.com/file/d/1SDxR6jwuattmGDR8OEDFmbfVVHJ6yJUT/view?usp=drive_link
BA(P),PUNJABI BHASHA DA UCHERA PADHAR,2024,Not Specified,,https://drive.google.com/file/d/1mSmUCwQvK3Qj5AWgvamQcN0oA5zzl0uD/view?usp=sharing,,Paper Code 2121001002 | Syllabus: https://drive.google.com/file/d/1SDxR6jwuattmGDR8OEDFmbfVVHJ6yJUT/view?usp=drive_link
BA(P),PUNJABI BHASHA DA UCHTAM PADHAR,2024,Not Specified,,https://drive.google.com/file/d/1s5JrF-JbRAj2s12X8vDsqdA2pDGrkK4C/view?usp=sharing,,Paper Code 2121001003 | Syllabus: https://drive.google.com/file/d/1wg2SbcJO6vyqTFZAbXVUlV1whAsrSAfi/view?usp=drive_link
BA(P),PUNJABI BHASHA DA UCHTAM PADHAR,2024,Not Specified,,https://drive.google.com/file/d/1FR3X51kTDdeVFXlMvrJatU-YmEO-oMsF/view?usp=sharing,,Paper Code 2121001003 | Syllabus: https://drive.google.com/file/d/1wg2SbcJO6vyqTFZAbXVUlV1whAsrSAfi/view?usp=drive_link
BA(P),PUNJABI LOKDHARA ATE SABHIYACHAR,2024,Not Specified,,https://drive.google.com/file/d/1Fl97fMG9oUBTRQlvKSgnIa8wkijU_D7f/view?usp=sharing,,Paper Code 2122201201 | Syllabus: https://drive.google.com/file/d/1Q9KeN3cHfjfdcQONCfiMRhsLd6Rxfu8u/view?usp=drive_link
BA(P),QISSA KAAV,2024,Not Specified,,https://drive.google.com/file/d/1UNnuFRbMqeQIJk5VyBGSrrN4CSp7gzXp/view?usp=drive_link,,Paper Code 2122202402 | Syllabus: https://drive.google.com/file/d/1bO7_lsVTi5xLEMB6XQoTcBLJfQwn7u6a/view?usp=drive_link
BA(P),READINGS FROM VEDAS,2024,Not Specified,,https://drive.google.com/file/d/1hL_DLp2XhzoM3VNjezu9ypCsdF7V9Prx/view?usp=drive_link,,Paper Code 2132202402 | Syllabus: https://drive.google.com/file/d/1n57xWu8ELdDOhaiv5mYpvnnT6RJk3FIw/view?usp=drive_link
BA(P),"SACRED SPACES, TEMPLE AND TEMPLE ECONOMY (NORTH AND SOUTH INDIAN TRADITIONS)",2024,Not Specified,,https://drive.google.com/file/d/1Lr2OLqmUJowYCAu6KxZxaOfxFpM4RNe9/view?usp=drive_link,,Paper Code 2314000006 | Syllabus: https://drive.google.com/file/d/14jJmloMPZtrrvWQ855ggQCLub4eMadxp/view?usp=drive_link
BA(P),SOCIAL MEDIA AUR BLOG LEKHAN (HINDI-C),2024,Not Specified,,https://drive.google.com/file/d/1_YR2ULHbTPKc-VLedxYO0yvAdIrKTj3M/view?usp=sharing,,Paper Code 2051001003 | Syllabus: https://drive.google.com/file/d/1rAG8hc8OQjb5joh9zMZ_cTr8TZZAu0PZ/view?usp=drive_link
BA(P),SOCIAL MEDIA AUR BLOG LEKHAN (HINDI-C),2024,Not Specified,,https://drive.google.com/file/d/1WN_Gx95EzibTLUk3FKL186wkN71bQqQA/view?usp=sharing,,Paper Code 2051001003 | Syllabus: https://drive.google.com/file/d/1rAG8hc8OQjb5joh9zMZ_cTr8TZZAu0PZ/view?usp=drive_link
BA(P),SOCIAL MEDIA MARKETING,2024,Not Specified,,https://drive.google.com/file/d/1Y2m1S4rwl-ndYuTxQp7SCiVTO77y0DKf/view?usp=sharing,,Paper Code 2416000005 | Syllabus: https://drive.google.com/file/d/1-M1JIE6-GSYF9fX88kOoQ41p6Whvgz_v/view?usp=drive_link
BA(P),STATISTICAL METHODS AND PSYCHOLOGICAL TESTING,2024,Not Specified,,https://drive.google.com/file/d/1QDv8n_aBFkrtFAcWKP4PpdOPZWQ6AM2n/view?usp=drive_link,,Paper Code 2112202401 | Syllabus: https://drive.google.com/file/d/17fGKSh4S29Hk_FSUfzH9WANuyHhrlopS/view?usp=drive_link
BA(P),STUDY OF SELECTED WORKS OF PT. V.N. BHATKHANDE,2024,Not Specified,,https://drive.google.com/file/d/1rYrU8TrS7IIXQLkWmzFu2HnBsN6YCxYH/view?usp=sharing,,Paper Code 2442201202 | Syllabus: https://drive.google.com/file/d/11AQ7leDwwNGy0xBdjqGzrCmHoN60xeG4/view?usp=drive_link
BA(P),SUFI KAAV,2024,Not Specified,,https://drive.google.com/file/d/1qXvNwdDXroo49mMHnM-SlJVSUO6iWxWG/view?usp=drive_link,,Paper Code 2122202401 | Syllabus: https://drive.google.com/file/d/1WZ4oT4kyuz1x1B63kuDdVCROxmkatn04/view?usp=drive_link
BA(P),THE ART OF BEING HAPPY,2024,Not Specified,,https://drive.google.com/file/d/16-P_u91PFZPFYoi3qwR_3C09FZw3GeXd/view?usp=drive_link,,Paper Code 6967000019 | Syllabus: https://drive.google.com/file/d/1SAy0ecrweRz4QErMcZejgpOXJTH80D9Z/view?usp=drive_link
BA(P),THE ART OF BEING HAPPY,2024,Not Specified,,https://drive.google.com/file/d/1MftRHqzjv5fCcnKaZq8kBXZzECZev8TN/view?usp=drive_link,,Paper Code 6967000019 | Syllabus: https://drive.google.com/file/d/1SAy0ecrweRz4QErMcZejgpOXJTH80D9Z/view?usp=drive_link
BA(P),TRUTH FUNCTIONAL LOGIC,2024,Not Specified,,https://drive.google.com/file/d/1ZTLq0na8l17IAk7Bm9UbldLx0Q4GOwBr/view?usp=drive_link,,Paper Code 2102202401 | Syllabus: https://drive.google.com/file/d/1MntLjzV3xv-xOhbec6JFkVZNP3E3RACj/view?usp=drive_link
BA(P),TRUTH FUNCTIONAL LOGIC,2024,Not Specified,,https://drive.google.com/file/d/1rqU6eh1y60jd0c-MYyiJVwi4FFg_zOpQ/view?usp=drive_link,,Paper Code 2102202401 | Syllabus: https://drive.google.com/file/d/1MntLjzV3xv-xOhbec6JFkVZNP3E3RACj/view?usp=drive_link
BA(P),URDU B,2024,Not Specified,,https://drive.google.com/file/d/1S8yKh61O_O1mJ0qWgWtDPUqIpmkUHztS/view?usp=drive_link,,Paper Code 2141002002 | Syllabus: https://drive.google.com/file/d/1hKxA2bo0HvPB3adJR6coOBY_HiF9VEQu/view?usp=drive_link
BA(P),URDU C,2024,Not Specified,,https://drive.google.com/file/d/1Zrg3Uh1YUFC1i3gOVy2XqcVqKSMYeDOH/view?usp=drive_link,,Paper Code 2141002003 | Syllabus: https://drive.google.com/file/d/1bBR4AHS91CkH1Txxc_r4ENwFvd9QtXs3/view?usp=drive_link
BA(P),URDU-B,2024,Not Specified,,https://drive.google.com/file/d/1jZmbGP3pR3hthQxdRYEHFUo7x-rhB6Z8/view?usp=sharing,,Paper Code 2141001002 | Syllabus: https://drive.google.com/file/d/1Hk0I58zMzII9k1uD3zMSrY41IwdAg6CX/view?usp=drive_link
BA(P),URDU-C,2024,Not Specified,,https://drive.google.com/file/d/1uk0yJwnmthxArWzHTaFZpvm5D6UDNekR/view?usp=sharing,,Paper Code 2141001003 | Syllabus: https://drive.google.com/file/d/1LZMrijBeAXxafjf4nAgm7zwCgaUoDaJf/view?usp=drive_link
BA(P),VEDIC MATHEMATICS - III,2024,Not Specified,,https://drive.google.com/file/d/1dCrFP6la-uQHW_iiWRmtdofLSvAxw9kj/view?usp=drive_link,,Paper Code 6967007001 | Syllabus: https://drive.google.com/file/d/1VdGD8VfMWsI2fINpBQCAHZJkKZDIBlmR/view?usp=drive_link
BA(P),VEDIC MATHEMATICS - III,2024,Not Specified,,https://drive.google.com/file/d/1GGI-WUuNNHH9hNkEbyu1E_pw1kdJYJ-4/view?usp=drive_link,,Paper Code 6967007001 | Syllabus: https://drive.google.com/file/d/1VdGD8VfMWsI2fINpBQCAHZJkKZDIBlmR/view?usp=drive_link
BA(P),VEDIC MATHEMATICS II,2024,Not Specified,,https://drive.google.com/file/d/1T5Fyshi0RPbSSk4AIsKUGcL1SrW6b0Hh/view?usp=sharing,,Paper Code 6967006001 | Syllabus: https://mscw.ac.in/library/NA
BA(P),VEDIC MATHEMATICS II,2024,Not Specified,,https://drive.google.com/file/d/1Qh3XeNQaz4VFYNZxWOLda6ymBBCTLk-J/view?usp=sharing,,Paper Code 6967006001 | Syllabus: https://mscw.ac.in/library/NA
BA(P),VIHARAK PUNJABI,2024,Not Specified,,https://drive.google.com/file/d/13xpKenPvJLb6KiBYlF56oo-0h3LyTFDQ/view?usp=sharing,,Paper Code 2125001201 | Syllabus: https://drive.google.com/file/d/1iAZzF-NzKYuq-lh_RxmkNPnNzZbH7nUS/view?usp=drive_link
BA(P),WOMEN AND POLITICS IN INDIA: CONCEPTS AND DEBATES,2024,Not Specified,,https://drive.google.com/file/d/16J1aVHj0hvhRwM04AQJSLqS-4eS-D3Ba/view?usp=drive_link,,Paper Code 2324002009 | Syllabus: https://drive.google.com/file/d/16UcMP0BPxgnqQ2-j809F_iVBEq49F-o5/view?usp=drive_link
BA(P),WORKING WITH PEOPLE,2024,Not Specified,,https://drive.google.com/file/d/1vLWmk7vG_oA5D0mEFvneJplSGozWIQ4T/view?usp=sharing,,Paper Code 2336000001 | Syllabus: https://drive.google.com/file/d/1lRHWGe86ROEjB8OZ1sfDDzimTLpviHMF/view?usp=drive_link
BA(P),YOGA AND STRESS MANAGEMENT,2024,Not Specified,,https://drive.google.com/file/d/1pvJPmUQE_11NLwdawp9SZ5B0Ix9FSHIk/view?usp=drive_link,,Paper Code 2554002002 | Syllabus: https://drive.google.com/file/d/1uuD4MwBvTtHuWUQQ0ork9mIo8CURvokx/view?usp=drive_link
BA(P),अन्य गद्य विधाएँ,2024,Not Specified,,https://drive.google.com/file/d/1tagyyXxmFRNF5F8kLBzMc2WA78N0dGgo/view?usp=drive_link,,Paper Code 2052202401 | Syllabus: https://drive.google.com/file/d/1uok3mYvDMAUEoZrgEx5yG1c-9BeBcH_H/view?usp=drive_link
BA(P),किसी एक साहित्यकार का अध्ययन: भारतेंदु हरिश्चंद्र,2024,Not Specified,,https://drive.google.com/file/d/18fvOHxxAY4SAU5l2s5pBzEglstmbdeHG/view?usp=drive_link,,Paper Code 2052202402 | Syllabus: https://drive.google.com/file/d/1dxoVbNO-QAVc0jm2tPgeuof1wEcgkzTU/view?usp=drive_link
BA(P),जनसंचार और रचनात्मक लेखन (हिन्दी ख),2024,Not Specified,,https://drive.google.com/file/d/1dy0fibVTMiBGIuCO7WRXpIk2u2-91Ela/view?usp=drive_link,,Paper Code 2051002002 | Syllabus: https://drive.google.com/file/d/15lB9Ic_t1Nu4c3uwdMs49_eomWbL_dL2/view?usp=drive_link
BA(P),भारतीय भक्ति परंपरा और मानव मूल्य,2024,Not Specified,,https://drive.google.com/file/d/1ruzOzCemqYEJQC5qE23nQzl9KwQOtPdf/view?usp=sharing,,Paper Code 6967000022 | Syllabus: https://drive.google.com/file/d/1tcAGhm-vJ46wDe-Jx9bBR5ccn7W_gyOw/view?usp=drive_link
BA(P),भारतीय भक्ति परम्परा और मानव मूल्य,2024,Not Specified,,https://drive.google.com/file/d/1QS1_3rrXFbwYMjrtri3qQalcxYR_0_Qc/view?usp=drive_link,,Paper Code 6967000022 | Syllabus: https://drive.google.com/file/d/1VlKC1xqDdGf5v-LPNeJuI1BWRUy_2AYo/view?usp=drive_link
BA(P),भारतीय भक्ति परम्परा और मानव मूल्य,2024,Not Specified,,https://drive.google.com/file/d/1oOTFMXH8Xc03PK4vVArsrw5LHMRXRtLR/view?usp=drive_link,,Paper Code 6967000022 | Syllabus: https://drive.google.com/file/d/1VlKC1xqDdGf5v-LPNeJuI1BWRUy_2AYo/view?usp=drive_link
BA(P),व्यवहारिक हिंदी (हिन्दी क),2024,Not Specified,,https://drive.google.com/file/d/1_B7uphJZk8qI1rneEd5Gv5zHc1bSWdVR/view?usp=drive_link,,Paper Code 2051002001 | Syllabus: https://drive.google.com/file/d/1ywLt4F5MiD-7-BpR1bae9oN6VLAm_0nl/view?usp=drive_link
BA(P),व्यवहारिक हिंदी (हिन्दी क),2024,Not Specified,,https://drive.google.com/file/d/15ScrOdsST67ZoTFC7qVbKur2h5FxiONv/view?usp=drive_link,,Paper Code 2051002001 | Syllabus: https://drive.google.com/file/d/1ywLt4F5MiD-7-BpR1bae9oN6VLAm_0nl/view?usp=drive_link
BA(P),हिंदी गद्य: उद्भव और विकास 'क',2024,Not Specified,,https://drive.google.com/file/d/1J8pap85uCMnQ9ujhv5ZZT5O-e0lgSjFE/view?usp=drive_link,,Paper Code 2055002001 | Syllabus: https://drive.google.com/file/d/1otyN6YWyno4ZHmwAIQS2QwCcHexQG58_/view?usp=drive_link
BA(P),हिंदी गद्य: उद्भव और विकास 'ख',2024,Not Specified,,https://drive.google.com/file/d/1ZkL5YCyP4UfubVGi_XKK1YFGwosnjB4U/view?usp=drive_link,,Paper Code 2055002002 | Syllabus: https://drive.google.com/file/d/10ZuFmULJPtdQWlnYir0370cQmTS-QNTA/view?usp=drive_link
BA(P),हिंदी गद्य: उद्भव और विकास 'ग',2024,Not Specified,,https://drive.google.com/file/d/1dloCuLGFN6hpCylAaoztup1W1SML69SL/view?usp=drive_link,,Paper Code 2055002003 | Syllabus: https://drive.google.com/file/d/1jJ_4FFHsjhSjeoZY41TVtoe5e7FGxXk0/view?usp=drive_link
BA(P),हिंदी भाषा और तकनीकी (हिंदी ग),2024,Not Specified,,https://drive.google.com/file/d/1TpKuShdqY0WMimRetA1_M7DjmgW7naV5/view?usp=drive_link,,Paper Code 2051002003 | Syllabus: https://drive.google.com/file/d/1EiWH2LkHtwJiiLjpyG8V45IvkO1pKUGG/view?usp=drive_link
BA(P),हिंदी भाषा और तकनीकी (हिंदी ग),2024,Not Specified,,https://drive.google.com/file/d/1-7_O9nkIXnST4h8GRzZV8XJy4nwA9C2M/view?usp=drive_link,,Paper Code 2051002003 | Syllabus: https://drive.google.com/file/d/1EiWH2LkHtwJiiLjpyG8V45IvkO1pKUGG/view?usp=drive_link
BA(P),(INTRODUCTORY) CULTURE AND SOCIETY,2025,Not Specified,,https://drive.google.com/file/d/1bdWJrXtKlundNu7kr84_ePt0g0my6CyQ/view?usp=sharing,,Paper Code 2131002006 | Syllabus: https://drive.google.com/file/d/1FNHqMiAI7mTS-gepMBAZUU5EcYax23He/view?usp=drive_link
BA(P),16TH & 17TH CENTURY ENGLISH DRAMA,2025,Not Specified,,https://drive.google.com/file/d/1J-ls70scalOcv7SAJmvdkugqLG2KjCoS/view?usp=sharing,,Paper Code 2032201201 | Syllabus: https://drive.google.com/file/d/1WXLcCJUahnUMKUtjAVzUIhy8qINA4TRs/view?usp=drive_link
BA(P),16TH & 17TH CENTURY ENGLISH DRAMA,2025,Not Specified,,https://drive.google.com/file/d/1YxgWqkAXCYUrbH0jbqGCs2pRH50V5KTh/view?usp=sharing,,Paper Code 2032201201 | Syllabus: https://drive.google.com/file/d/1WXLcCJUahnUMKUtjAVzUIhy8qINA4TRs/view?usp=drive_link
BA(P),18TH CENTURY LITERATURE,2025,Not Specified,,https://drive.google.com/file/d/17r9q6C9s475Xoaqipd2wfStZItWs9-eb/view?usp=sharing,,Paper Code 2032201202 | Syllabus: https://drive.google.com/file/d/1ryoGnKNmP_LLdRSkh3oX6_8U8Yk2xZvW/view?usp=drive_link
BA(P),ABSRACT ALGEBRA,2025,Not Specified,,https://drive.google.com/file/d/1_EoIvnrARvvsro9oPA2f_8UrRcgOi4Mv/view?usp=sharing,,Paper Code 2352572401 | Syllabus: https://drive.google.com/file/d/1AepG6GXX-EssAN5NKgTR6m1zIvDLi8HX/view?usp=drive_link
BA(P),ABSRACT ALGEBRA,2025,Not Specified,,https://drive.google.com/file/d/1WxLQgslrii6XGYQNrKegaPMIujTRj8jO/view?usp=sharing,,Paper Code 2352572401 | Syllabus: https://drive.google.com/file/d/1AepG6GXX-EssAN5NKgTR6m1zIvDLi8HX/view?usp=drive_link
BA(P),ADHUNIK PUNJABI GALAP,2025,Not Specified,,https://drive.google.com/file/d/19LCUmUf09zCwgSWjgJTu2Jn8imVJhoq0/view?usp=sharing,,Paper Code 2122203502 | Syllabus: https://drive.google.com/file/d/13q6aTX-VRlkIS2lSOeLlvkqPTtUeJRsZ/view?usp=drive_link
BA(P),ADHUNIK PUNJABI KAAV,2025,Not Specified,,https://drive.google.com/file/d/13pSMzBQHsyB-56HJeUSyutKKVvm9akK1/view?usp=sharing,,Paper Code 2122203501 | Syllabus: https://drive.google.com/file/d/1g5xB6aNAAIJnxFNX6SivaJp5r5RHgBUr/view?usp=drive_link
BA(P),ADHUNIK PUNJABI KAHANI,2025,Not Specified,,https://drive.google.com/file/d/19tyyuq1iNtOAO760iBTn6FI0OHv4ynt3/view?usp=sharing,,Paper Code 2125001202 | Syllabus: https://drive.google.com/file/d/1LkXOrxTCs8EFxhHbJnn2wL2lI2mG8hEr/view?usp=drive_link
BA(P),ADHUNIK PUNJABI KAHANI,2025,Not Specified,,https://drive.google.com/file/d/10JekZjO7NkmCc2yQ2YZqdPeHIi5qVeQF/view?usp=sharing,,Paper Code 2125001202 | Syllabus: https://drive.google.com/file/d/1FISGFhPJJvMuXLkrErGC0Kl9KB2Pv9KA/view?usp=drive_link
BA(P),ADHUNIK PUNJABI KAHANI,2025,Not Specified,,https://drive.google.com/file/d/1yOpPAJo18aSDA-qQPFszBzEC1VB0wD67/view?usp=sharing,,Paper Code 2125001202 | Syllabus: https://drive.google.com/file/d/1FISGFhPJJvMuXLkrErGC0Kl9KB2Pv9KA/view?usp=drive_link
BA(P),ADVERTISING,2025,Not Specified,,https://drive.google.com/file/d/1M31M3_UKxPujZjZpwIZoKPLLvjRcFZaM/view?usp=sharing,,Paper Code 2412222301 | Syllabus: https://drive.google.com/file/d/1eZRRgMTHSJmGPTcYEHk9Gp1K_oJSiQr9/view?usp=drive_link
BA(P),ANALYTIC PHILOSOPHY,2025,Not Specified,,https://drive.google.com/file/d/16yItwspDWXYhJ7P0lyg1AH7Soj4mfbfR/view?usp=sharing,,Paper Code 2102203601 | Syllabus: https://drive.google.com/file/d/1Xv1VlqvqywQtC3esS0NraUoNLEctfme1/view?usp=drive_link
BA(P),ANALYTIC PHILOSOPHY,2025,Not Specified,,https://drive.google.com/file/d/1gSSz1DFMCyeqjB8ZL527-QVaN4b-vmq4/view?usp=sharing,,Paper Code 2102203601 | Syllabus: https://drive.google.com/file/d/1Xv1VlqvqywQtC3esS0NraUoNLEctfme1/view?usp=drive_link
BA(P),ANCIENT AND MEDIEVAL HISTORY OF INDIAN MUSIC,2025,Not Specified,,https://drive.google.com/file/d/1fehk4Q-llMsJxJ3p-cqzWHyeGk8FyA0F/view?usp=sharing,,Paper Code 2442202402 | Syllabus: https://drive.google.com/file/d/1jTq4br39p_qMJEDKlnPfsjowiB2LtkY1/view?usp=drive_link
BA(P),ANCIENT AND MEDIEVAL INDIAN POLITICAL THOUGHT,2025,Not Specified,,https://drive.google.com/file/d/1Wnd8QL9XYHN7nVNLSdjpyo84CAUGflZt/view?usp=sharing,,Paper Code 2322102301 | Syllabus: https://drive.google.com/file/d/1_zfGsC55ThTqGqDwweng8AO2O4dzVPBp/view?usp=drive_link
BA(P),ANCIENT SOCIETIES,2025,Not Specified,,https://drive.google.com/file/d/1Km2MxRjEhxLvCgV6DbC8v2DIEHTy4ogE/view?usp=drive_link,,Paper Code 2312201102 | Syllabus: https://drive.google.com/file/d/1nYcx1vzAjhzMe21DHZ3uaLFmckadw7Jc/view?usp=drive_link
BA(P),ANCIENT THEORY OF INDIAN MUSIC,2025,Not Specified,,https://drive.google.com/file/d/1jh4oQsqnItpSjKGjh36IhqlHbyK-GvsA/view?usp=sharing,,Paper Code 2442202302 | Syllabus: https://drive.google.com/file/d/1Sgp12pYecW8rjRNK6wBhpKThUNCPSYf9/view?usp=drive_link
BA(P),APPLICATIONS OF SOCIAL PSYCHOLOGY,2025,Not Specified,,https://drive.google.com/file/d/1W_oXpW03wc0Wc_R2hRjH0J97dgyWv_jI/view?usp=sharing,,Paper Code 2112201202 | Syllabus: https://drive.google.com/file/d/1WYJc9qP9xVi51Odcsi2x6QvRN_L0SnQU/view?usp=drive_link
BA(P),ART OF BEING HAPPY,2025,Not Specified,,https://drive.google.com/file/d/1F8wTym3vOZqanu2fCBxInexyhwM9t_Dq/view?usp=sharing,,Paper Code 6967000019 | Syllabus: https://drive.google.com/file/d/1SAy0ecrweRz4QErMcZejgpOXJTH80D9Z/view?usp=drive_link
BA(P),ART OF BEING HAPPY,2025,Not Specified,,https://drive.google.com/file/d/1SbsIOyizAMYl-S1Die4AWU7BEN2THvBk/view?usp=sharing,,Paper Code 6967000019 | Syllabus: https://drive.google.com/file/d/1SAy0ecrweRz4QErMcZejgpOXJTH80D9Z/view?usp=drive_link
BA(P),AYURVEDA AND NUTRITION,2025,Not Specified,,https://drive.google.com/file/d/1jInUVO2q7Pi66orJwSEcUpuvRVqJc0dv/view?usp=sharing,,Paper Code 6967000001 | Syllabus: https://drive.google.com/file/d/13PW4j26hPlD9BmPbE9SK1R3NpZbwX7lm/view?usp=drive_link
BA(P),AYURVEDA AND NUTRITION,2025,Not Specified,,https://drive.google.com/file/d/1lSmXQxFI57YagEKqK-BaHdKdciw-0uEu/view?usp=sharing,,Paper Code 6967000001 | Syllabus: https://drive.google.com/file/d/13PW4j26hPlD9BmPbE9SK1R3NpZbwX7lm/view?usp=drive_link
BA(P),AYURVEDA AND NUTRITION,2025,Not Specified,,https://drive.google.com/file/d/1b89M7HNauP06JyzTzHcXkfja4LbNnw_V/view?usp=sharing,,Paper Code 6967000001 | Syllabus: https://drive.google.com/file/d/1fioHOQYKft3v1wX5a0qmwiaVKv4DcHi5/view?usp=drive_link
BA(P),AYURVEDA AND NUTRITION,2025,Not Specified,,https://drive.google.com/file/d/1yd7sbsAr2dwvMKZQruIe8z1sbBdwYR1q/view?usp=sharing,,Paper Code 6967000001 | Syllabus: https://drive.google.com/file/d/1fioHOQYKft3v1wX5a0qmwiaVKv4DcHi5/view?usp=drive_link
BA(P),AYURVEDA AND NUTRITION,2025,Not Specified,,https://drive.google.com/file/d/1EbqziOH_d2uXYbGeiJe9Qg6nqui2vBKJ/view?usp=sharing,,Paper Code 6967000001 | Syllabus: https://drive.google.com/file/d/1fioHOQYKft3v1wX5a0qmwiaVKv4DcHi5/view?usp=drive_link
BA(P),AYURVEDA AND NUTRITION,2025,Not Specified,,https://drive.google.com/file/d/1OAUSAejR2qsGTGAfOrVyNZmzC9wflytZ/view?usp=sharing,,Paper Code 6967000001 | Syllabus: https://drive.google.com/file/d/1fioHOQYKft3v1wX5a0qmwiaVKv4DcHi5/view?usp=drive_link
BA(P),AYURVEDA AND NUTRITION,2025,Not Specified,,https://drive.google.com/file/d/1RM_En2jbyRoMGZT1nI8uDDSXRrwerjdI/view?usp=sharing,,Paper Code 6967000001 | Syllabus: https://drive.google.com/file/d/13PW4j26hPlD9BmPbE9SK1R3NpZbwX7lm/view?usp=drive_link
BA(P),BASIC DEVELOPMENT ECONOMICS,2025,Not Specified,,https://drive.google.com/file/d/19b2SuV_s1GGn-vEYXIiF9OXrO7K_qDMy/view?usp=sharing,,Paper Code 2274002002 | Syllabus: https://drive.google.com/file/d/12lluXhqC4c3cHyRBSXMYZCRqmQiJF1_s/view?usp=drive_link
BA(P),BASIC ECONOMETRICS,2025,Not Specified,,https://drive.google.com/file/d/1jGEMWJQJ-I80OicsZ1jh6KqNFsnpPGrR/view?usp=sharing,,Paper Code 2272202402 | Syllabus: https://drive.google.com/file/d/1uG1Pl830h-qVQghHsgUJ7RL5hKQLBGmm/view?usp=drive_link
BA(P),BASIC ELEMENTS OF INDIAN PHILOSOPHY,2025,Not Specified,,https://drive.google.com/file/d/1IDV2X-mkGmWlmhpefciWv4w1ulZtCD2k/view?usp=sharing,,Paper Code 2132203502 | Syllabus: https://drive.google.com/file/d/1CzU9U0MwD7b347rbFwZ2sadcHQDYAJCo/view?usp=drive_link
BA(P),BASIC MATHEMATICS FOR ECONOMIC ANALYSIS,2025,Not Specified,,https://drive.google.com/file/d/1VgX1QVRmrwkjy_e3e43KnOfrwvlfFvUT/view?usp=drive_link,,Paper Code 2272201102 | Syllabus: https://drive.google.com/file/d/1yv2PKivoqAK_qtveLJg_p--Ct9OPurbu/view?usp=drive_link
BA(P),BASIC STATISTICS FOR ECONOMICS,2025,Not Specified,,https://drive.google.com/file/d/1K6-tt91n0uqOVHJuFoz4sa3AyGoCUWf8/view?usp=sharing,,Paper Code 2272201202 | Syllabus: https://drive.google.com/file/d/1tGtUrJETRazLpx5gz_RygloE4qcx9Ir9/view?usp=drive_link
BA(P),BASICS OF INDIAN MUSICOLOGY,2025,Not Specified,,https://drive.google.com/file/d/19a83bXItkU4r71ZQOFIwbhsuBqWsLSAC/view?usp=sharing,,Paper Code 2442201201 | Syllabus: https://drive.google.com/file/d/1XiElK5pDLnx9MHBwaExPYRykqqIfA2dx/view?usp=drive_link
BA(P),BASICS OF SOCIAL PSYCHOLOGY,2025,Not Specified,,https://drive.google.com/file/d/1jdYbEhYCS2FL2FYP8ZA9mUkHBKRskPeb/view?usp=sharing,,Paper Code 2114002001 | Syllabus: https://mscw.ac.in/library/NA
BA(P),BHAGTI KAAV,2025,Not Specified,,https://drive.google.com/file/d/1gTkuKZpyMZyfvBJ0RRu1tMPImeMV_poo/view?usp=sharing,,Paper Code 2122202302 | Syllabus: https://drive.google.com/file/d/1GUXpuuqNKoGvBQuuA2GrUM7Rho_7l9TU/view?usp=drive_link
BA(P),BHARTIYA BHAKTI PARAMPARA AUR MANAV MULYA,2025,Not Specified,,https://drive.google.com/file/d/1IpQjtfE0gHpWjEzgTMRGJLeMXnPs8ae-/view?usp=sharing,,Paper Code 6967000022 | Syllabus: https://drive.google.com/file/d/1tcAGhm-vJ46wDe-Jx9bBR5ccn7W_gyOw/view?usp=drive_link
BA(P),BIO-ETHICS,2025,Not Specified,,https://drive.google.com/file/d/1OZ-uPxUw3N8316A-aalLAFMDy2I62oWC/view?usp=sharing,,Paper Code 2104002012 | Syllabus: https://drive.google.com/file/d/1S2fk-NTFvxpuCRyHejGv84wF4bBvmzj7/view?usp=drive_link
BA(P),BIOGRAPHIES OF MUSICIANS AND MUSICOLOGISTS,2025,Not Specified,,https://drive.google.com/file/d/1srzXTYhqLXcki895i_WCMa26FxbUXm-R/view?usp=sharing,,Paper Code 2442201102 | Syllabus: https://drive.google.com/file/d/1YqWgQ1TOcyW6snQvVnr5Q8b7l1HLocSN/view?usp=drive_link
BA(P),BIOPSYCHOLOGY,2025,Not Specified,,https://drive.google.com/file/d/1SrXDR7eAXywAtvxcsDMyPWuu2AlVrwAN/view?usp=sharing,,Paper Code 2112112302 | Syllabus: https://drive.google.com/file/d/15gFAE4T_BEgiJqePDliZUf8eutzj5LOH/view?usp=drive_link
BA(P),BRAND MANAGEMENT,2025,Not Specified,,https://drive.google.com/file/d/18CqoL1uvk7MGPe6f6D7FPWgtn6sYCvSo/view?usp=sharing,,Paper Code 2412200001 | Syllabus: https://drive.google.com/file/d/1rEErpHbOcisU04e5gUjIuEee4Qn3hG6P/view?usp=drive_link
BA(P),BUSINESS COMMUNICATION,2025,Not Specified,,https://drive.google.com/file/d/13pKTP6JA_fzV2vaSTEx_A2P8TQziDbG4/view?usp=sharing,,Paper Code 2416000001 | Syllabus: https://drive.google.com/file/d/1qN0iJKJSYBiNn2P-1p-mppaBmAjEuGOY/view?usp=drive_link
BA(P),BUSINESS COMMUNICATION,2025,Not Specified,,https://drive.google.com/file/d/1MTCn11ygqijejzsZVQWLs0lKBPdBu4wm/view?usp=sharing,,Paper Code 2416000001 | Syllabus: https://drive.google.com/file/d/1qN0iJKJSYBiNn2P-1p-mppaBmAjEuGOY/view?usp=drive_link
BA(P),BUSINESS COMMUNICATION,2025,Not Specified,,https://drive.google.com/file/d/1kFCZty6mMLXUxHJchVSJCwvpVFV9IcVO/view?usp=sharing,,Paper Code 2412381101 | Syllabus: https://drive.google.com/file/d/1XPgnSTpXHLhdunSelUi_fpoIaG1GiNak/view?usp=drive_link
BA(P),BUSINESS COMMUNICATION,2025,Not Specified,,https://drive.google.com/file/d/1aasQsji8_63rCVE9yAZY7FvYtw1ypzom/view?usp=sharing,,Paper Code 241600001 | Syllabus: https://drive.google.com/file/d/1qN0iJKJSYBiNn2P-1p-mppaBmAjEuGOY/view?usp=drive_link
BA(P),BUSINESS LAWS,2025,Not Specified,,https://drive.google.com/file/d/11KRhhn71fNLD5h61zaVT-8XGC_98j-yb/view?usp=sharing,,Paper Code 2412202302 | Syllabus: https://drive.google.com/file/d/1PDx9lJIN9Mc5WCBQBMWfM5odfkp5R8SL/view?usp=drive_link
BA(P),BUSINESS ORGANISATION,2025,Not Specified,,https://drive.google.com/file/d/1zeAGSFzgmgjtdZy85vHdWUTdtowB49RY/view?usp=sharing,,Paper Code 2412201102 | Syllabus: https://drive.google.com/file/d/11pJ-ajqxCimnK24b8lDJb_7F2X2wDx9X/view?usp=drive_link
BA(P),BUSINESS STATISTICS,2025,Not Specified,,https://drive.google.com/file/d/1qWuW1lqYX5Cd2upVaeLnsXLnZHOKxICb/view?usp=sharing,,Paper Code 2413203003 | Syllabus: https://mscw.ac.in/library/NA
BA(P),COMPARATIVE GOVERNMENT AND POLITICS,2025,Not Specified,,https://drive.google.com/file/d/1HvYUg6P4hs00HPzFFQ2bX3IK-RUi1_LE/view?usp=sharing,,Paper Code 2322202401 | Syllabus: https://drive.google.com/file/d/1ofrn_mxmKpbOtmVqDl7cB8Jyxy36p1rL/view?usp=drive_link
BA(P),COMPARATIVE GOVERNMENT AND POLITICS,2025,Not Specified,,https://drive.google.com/file/d/1NcHU_hX9V4V3VJe6gkj4uGt-so7YGVjg/view?usp=sharing,,Paper Code 2322202401 | Syllabus: https://drive.google.com/file/d/1ofrn_mxmKpbOtmVqDl7cB8Jyxy36p1rL/view?usp=drive_link
BA(P),COMPUTER ATE PUNJABI BHASHA,2025,Not Specified,,https://drive.google.com/file/d/1TQM-hQyYt0haV1cj9Uj16pOCS1crHmvI/view?usp=sharing,,Paper Code 2122201202 | Syllabus: https://drive.google.com/file/d/1qpkTmOr7kYYW4cqZ3KWgYN0Gz4nEQSbQ/view?usp=drive_link
BA(P),COMPUTER SYSTEM ARCHITECTURE,2025,Not Specified,,https://drive.google.com/file/d/1a_aNGvxPMC1L9gu1bOO9whZ7e4TOie41/view?usp=sharing,,Paper Code 2342572301 | Syllabus: https://drive.google.com/file/d/15yIUXjpwQOYdoallsqYht0kedPhDbbP1/view?usp=drive_link
BA(P),CONSTITUTIONAL VALUES AND FUNDAMENTAL DUTIES,2025,Not Specified,,https://drive.google.com/file/d/1ExKlyUn8odOoETl3_167a45h79AzuyZd/view?usp=sharing,,Paper Code 6967000002 | Syllabus: https://drive.google.com/file/d/1svH9BpKTGznhYa8SEXtqtD5l0iiwkZ0R/view?usp=drive_link
BA(P),CONSTITUTIONAL VALUES AND FUNDAMENTAL DUTIES,2025,Not Specified,,https://drive.google.com/file/d/1tE9evih6RpKslefVll4z8bkUafLDPN0e/view?usp=sharing,,Paper Code 6967000002 | Syllabus: https://drive.google.com/file/d/1svH9BpKTGznhYa8SEXtqtD5l0iiwkZ0R/view?usp=drive_link
BA(P),CONSTITUTIONAL VALUES AND FUNDAMENTAL DUTIES,2025,Not Specified,,https://drive.google.com/file/d/1xiTmHXyVJxRDDyKdJnM0AIo221Rr99kx/view?usp=sharing,,Paper Code 6967000002 | Syllabus: https://drive.google.com/file/d/1svH9BpKTGznhYa8SEXtqtD5l0iiwkZ0R/view?usp=drive_link
BA(P),CONSTITUTIONAL VALUES AND FUNDAMENTAL DUTIES,2025,Not Specified,,https://drive.google.com/file/d/1Qb213dmtepD_wV3gIpVoVbeJEEy8YPG5/view?usp=sharing,,Paper Code 6967000002 | Syllabus: https://drive.google.com/file/d/1svH9BpKTGznhYa8SEXtqtD5l0iiwkZ0R/view?usp=drive_link
BA(P),CONSTITUTIONAL VALUES AND FUNDAMENTAL DUTIES,2025,Not Specified,,https://drive.google.com/file/d/1zhO6MO5IS9b-piukow3OHKEwT8MR-mEp/view?usp=sharing,,Paper Code 6967000002 | Syllabus: https://drive.google.com/file/d/1svH9BpKTGznhYa8SEXtqtD5l0iiwkZ0R/view?usp=drive_link
BA(P),CONTEMPORARY INDIAN PHILOSOPHY,2025,Not Specified,,https://drive.google.com/file/d/1dnXLQN2PtrDWJzOIIDZz0h0uQhFGJ0a2/view?usp=sharing,,Paper Code 2102203501 | Syllabus: https://drive.google.com/file/d/1Gp04hinumRmTRQdlw84u3NUPu4zUKPyC/view?usp=drive_link
BA(P),CONTEMPORARY INDIAN PHILOSOPHY,2025,Not Specified,,https://drive.google.com/file/d/1VdBSBqSUs1Ywx56NtlT7Z2-3Zj1iy475/view?usp=sharing,,Paper Code 2102203501 | Syllabus: https://drive.google.com/file/d/1Gp04hinumRmTRQdlw84u3NUPu4zUKPyC/view?usp=drive_link
BA(P),COST ACCOUNTING,2025,Not Specified,,https://drive.google.com/file/d/1Gm5q0q-7WChpEOxsbWeF64QKAHWVu1X2/view?usp=sharing,,Paper Code 2412253502 | Syllabus: https://drive.google.com/file/d/1GkjhddLDmxqMHASLGSH9UZecnbQsiY4p/view?usp=drive_link
BA(P),COUNSELLING PSYCHOLOGY,2025,Not Specified,,https://drive.google.com/file/d/1kw3wDPIoAd2UDtpx6bOLM6xWFIL26L1g/view?usp=sharing,,Paper Code 2112202601 | Syllabus: https://drive.google.com/file/d/1uu4ZVL48bAJBzitbmwYzDEPMm3A2uCmV/view?usp=drive_link
BA(P),COURSE B: INTERMEDIATE ADMINISTRATIVE STRUCTURE IN KAUTILYA'S ARTHSASTRA,2025,Not Specified,,https://drive.google.com/file/d/1Hno1svsNxSbN-pNptFP8xVborHxdp-pO/view?usp=sharing,,Paper Code 2131002005 | Syllabus: https://drive.google.com/file/d/1reJrm0gcOs5OkI5LfhmcIuNAAHkkz_PW/view?usp=drive_link
BA(P),CRITICAL THINKING,2025,Not Specified,,https://drive.google.com/file/d/1R4yOpSNeTsl0KTW83EhQYcwD13xlQ2JQ/view?usp=sharing,,Paper Code 2104001202 | Syllabus: https://drive.google.com/file/d/11csCq3Wbi9VCd97QD_J4NXxqea16StXi/view?usp=drive_link
BA(P),CULTURAL TRANSFORMATIONS IN EARLY MODERN EUROPE – I,2025,Not Specified,,https://drive.google.com/file/d/15p696W9cAfkhIw3rD4f6DF-dDD5addog/view?usp=sharing,,Paper Code 2312202302 | Syllabus: https://drive.google.com/file/d/1Oz6hibotEfg0xJwAzGEI4GThBV6lJY3r/view?usp=drive_link
BA(P),CULTURAL TRANSFORMATIONS IN EARLY MODERN EUROPE-II,2025,Not Specified,,https://drive.google.com/file/d/10zivNhjBw1YlEl0hOBW_7TyX8ufEKQCl/view?usp=sharing,,Paper Code 2312202402 | Syllabus: https://drive.google.com/file/d/1hnpG9p0vXhluOLsOM2g7Eowolg7x2bZs/view?usp=drive_link
BA(P),CULTURE AND COMMUNICATION,2025,Not Specified,,https://drive.google.com/file/d/1XdMo7gTTO30VK6NpTZDEAhqDG5TTH9kX/view?usp=sharing,,Paper Code 6967000003 | Syllabus: https://drive.google.com/file/d/1-aPZC6A84uFE_wKsLgqKB3Ui3mGVlEME/view?usp=drive_link
BA(P),CULTURE AND COMMUNICATION,2025,Not Specified,,https://drive.google.com/file/d/1ZVec_lFwUWYRm8v--HL-3QA9bPdG-mVG/view?usp=sharing,,Paper Code 6967000003 | Syllabus: https://drive.google.com/file/d/1-aPZC6A84uFE_wKsLgqKB3Ui3mGVlEME/view?usp=drive_link
BA(P),CULTURE AND COMMUNICATION,2025,Not Specified,,https://drive.google.com/file/d/1-I3jD1xLF1YgYjfXw4114DaGr3Fcrgqu/view?usp=sharing,,Paper Code 6967000003 | Syllabus: https://drive.google.com/file/d/1-aPZC6A84uFE_wKsLgqKB3Ui3mGVlEME/view?usp=drive_link
BA(P),CULTURE AND COMMUNICATION,2025,Not Specified,,https://drive.google.com/file/d/1nPEDlhk8T6ecuCfovdFqeEgvSSNiNGG7/view?usp=sharing,,Paper Code 6967000003 | Syllabus: https://drive.google.com/file/d/1-aPZC6A84uFE_wKsLgqKB3Ui3mGVlEME/view?usp=drive_link
BA(P),CYBER SPHERE AND SECURITY : GLOBAL CONCERN,2025,Not Specified,,https://drive.google.com/file/d/1z7PurcItS_dRfvRYnW1OoXMrXviByrfK/view?usp=drive_link,,Paper Code 3206000001 | Syllabus: https://drive.google.com/file/d/1f70C-k-WvVj3iDQmZx87q-XKw5JB3KXD/view?usp=drive_link
BA(P),CYBER SPHERE AND SECURITY : GLOBAL CONCERN,2025,Not Specified,,https://drive.google.com/file/d/1z7PurcItS_dRfvRYnW1OoXMrXviByrfK/view?usp=sharing,,Paper Code 3206000001 | Syllabus: https://drive.google.com/file/d/1f70C-k-WvVj3iDQmZx87q-XKw5JB3KXD/view?usp=drive_link
BA(P),CYBER SPHERE AND SECURITY : GLOBAL CONCERN,2025,Not Specified,,https://drive.google.com/file/d/1kpfSaX4L8HBJxSZwyx1wlexsxyPwAxly/view?usp=sharing,,Paper Code 3206000001 | Syllabus: https://drive.google.com/file/d/1f70C-k-WvVj3iDQmZx87q-XKw5JB3KXD/view?usp=drive_link
BA(P),CYBER SPHERE AND SECURITY : GLOBAL CONCERN,2025,Not Specified,,https://drive.google.com/file/d/1iyOMYbukuW0YiqKgqMUtiWAv8ar43QAF/view?usp=sharing,,Paper Code 3206000001 | Syllabus: https://drive.google.com/file/d/1f70C-k-WvVj3iDQmZx87q-XKw5JB3KXD/view?usp=drive_link
BA(P),DATA MINING - I,2025,Not Specified,,https://drive.google.com/file/d/1yTYTO5HKnL3Byw_12enm301MOzowAiAl/view?usp=sharing,,Paper Code 2342202302 | Syllabus: https://drive.google.com/file/d/1iWjPjFGz96cgNbG6dLnpNx_p-cxlcTUg/view?usp=drive_link
BA(P),DELHI THROUGH THE AGES: FROM COLONIAL TO CONTEMPORARY TIMES,2025,Not Specified,,https://drive.google.com/file/d/1xP7hViUxPm6wKe-YVGSR0N7OopD0FsHv/view?usp=sharing,,Paper Code 2314001201 | Syllabus: https://drive.google.com/file/d/10iN38bQsZcildMvoAA4ccV1hYU3YaYZw/view?usp=drive_link
BA(P),DELHI THROUGH THE AGES: THE MAKING OF ITS EARLY MODERN HISTORY,2025,Not Specified,,https://drive.google.com/file/d/1Wn-qZUAwe6Klc_vQ0nbkmMT61iie18j2/view?usp=drive_link,,Paper Code 2314001002 | Syllabus: https://drive.google.com/file/d/1jwsnQ3mq5d0kWVzO5YTYT9y5A2TBH4MK/view?usp=drive_link
BA(P),DESH VAND DI PUNJABI KAHANI,2025,Not Specified,,https://drive.google.com/file/d/1QxAtzB4PX0plrZFaLGK8C3hey9y9BPcB/view?usp=sharing,,Paper Code 2125001204 | Syllabus: https://mscw.ac.in/library/NA
BA(P),DESH WAND DI FILMKARI,2025,Not Specified,,https://drive.google.com/file/d/1QoaOFfaARObUbBwgUXud9Q7xrXoG6l78/view?usp=sharing,,Paper Code 2124002003 | Syllabus: https://drive.google.com/file/d/1I-1pMOLvDN4l53QslSgwp0iJCcrrPkN8/view?usp=drive_link
BA(P),DIFFERENTIAL EQUATIONS,2025,Not Specified,,https://drive.google.com/file/d/15ETQbemIATnAAtnmOg5mvRaPe-JO-n86/view?usp=sharing,,Paper Code 2354002001 | Syllabus: https://drive.google.com/file/d/1mhi-O57VHjRSu6HGKSkfKFEtmrox-lZ2/view?usp=drive_link
BA(P),ECOLOGY AND LITERATURE,2025,Not Specified,,https://drive.google.com/file/d/1gb0BPOcc2d3CCuF9JBb2UsA8AOXbsuPX/view?usp=sharing,,Paper Code 6967000011 | Syllabus: https://drive.google.com/file/d/14_U5bvtH7ufsSj-vT8zpzC8m7b7qr2pm/view?usp=drive_link
BA(P),ECOLOGY AND LITERATURE,2025,Not Specified,,https://drive.google.com/file/d/1hBHr4ZWwFFJsyFLe1v4bcd7gZC4hjmqw/view?usp=sharing,,Paper Code 6967000011 | Syllabus: https://drive.google.com/file/d/14_U5bvtH7ufsSj-vT8zpzC8m7b7qr2pm/view?usp=drive_link
BA(P),ECOLOGY AND LITERATURE,2025,Not Specified,,https://drive.google.com/file/d/1mMiEAeruvRcz4TAzXTpr6E3qa00II1aO/view?usp=sharing,,Paper Code 6967000011 | Syllabus: https://drive.google.com/file/d/14_U5bvtH7ufsSj-vT8zpzC8m7b7qr2pm/view?usp=drive_link
BA(P),ECOLOGY AND LITERATURE,2025,Not Specified,,https://drive.google.com/file/d/1Ueyjae5PCv2YETbB-xWDXN7FnT0df2LS/view?usp=sharing,,Paper Code 6967000011 | Syllabus: https://drive.google.com/file/d/14_U5bvtH7ufsSj-vT8zpzC8m7b7qr2pm/view?usp=drive_link
BA(P),ECOLOGY AND LITERATURE,2025,Not Specified,,https://drive.google.com/file/d/19gZ7U5FVFVqNbziSLOQJE8RRrd2v2cKa/view?usp=sharing,,Paper Code 6967000011 | Syllabus: https://drive.google.com/file/d/14_U5bvtH7ufsSj-vT8zpzC8m7b7qr2pm/view?usp=drive_link
BA(P),ECOLOGY AND LITERATURE,2025,Not Specified,,https://drive.google.com/file/d/1rE8h9182OV_QLEoJNeskxEo_1031S-oo/view?usp=sharing,,Paper Code 6967000011 | Syllabus: https://drive.google.com/file/d/14_U5bvtH7ufsSj-vT8zpzC8m7b7qr2pm/view?usp=drive_link
BA(P),ECONOMY STATE AND SOCIETY,2025,Not Specified,,https://drive.google.com/file/d/13vAYZHe05devXZqpO3OeUo1KMyyakJ2u/view?usp=sharing,,Paper Code 2273100018 | Syllabus: https://drive.google.com/file/d/1iqZrbiLnaRjAfqU6XWgyTRrIyIdOcuTw/view?usp=drive_link
BA(P),EDUCATION AND DEVELOPMENT,2025,Not Specified,,https://drive.google.com/file/d/1-8Pc7SBX5s0YJ0JFXsG-IJsXQZxNqjtc/view?usp=sharing,,Paper Code 2274002008 | Syllabus: https://drive.google.com/file/d/1QWVtfm9mTNhKjb73MaoTuP9asJYVFlxP/view?usp=drive_link
BA(P),ELEMENTARY LINEAR ALGEBRA,2025,Not Specified,,https://drive.google.com/file/d/1v7HzU3DCUixQs1chf2iiqDRCX7HSWOHH/view?usp=sharing,,Paper Code 2352571201 | Syllabus: https://drive.google.com/file/d/109Ke64twgXntHxo8arrukrrZXks0fwMT/view?usp=drive_link
BA(P),ELEMENTS OF NUMBER THEORY,2025,Not Specified,,https://drive.google.com/file/d/15diIA6JIc1Bv8NJTKmmg-IJEYxyiBGEe/view?usp=sharing,,Paper Code 2353200008 | Syllabus: https://drive.google.com/file/d/1lzdSk7PT983fDJBX3eD2S6iXH_1Cl5Xt/view?usp=drive_link
BA(P),ELEMENTS OF REAL ANALYSIS,2025,Not Specified,,https://drive.google.com/file/d/1kzqmxjRNsZhxOLjY-wFaeYd5aXUVP1WQ/view?usp=sharing,,Paper Code 2352203501 | Syllabus: https://drive.google.com/file/d/16uJnB-rvtAh9qY22xUw73pKp1n0WEyKp/view?usp=drive_link
BA(P),ELEMENTS OF REAL ANALYSIS,2025,Not Specified,,https://drive.google.com/file/d/1HI0uk-IGgyNcRXDerpGVlwoW4LDThayn/view?usp=sharing,,Paper Code 2352203501 | Syllabus: https://drive.google.com/file/d/16uJnB-rvtAh9qY22xUw73pKp1n0WEyKp/view?usp=drive_link
BA(P),EMERGENCE AND GROWTH OF PSYCHOLOGY,2025,Not Specified,,https://drive.google.com/file/d/1YYKlNsYJj0K0lT55l56ek-oiBoWBvCcO/view?usp=sharing,,Paper Code 2112202402 | Syllabus: https://drive.google.com/file/d/1S73jzI4no1oxOR0W3uSqsYptnnHH6Mxe/view?usp=drive_link
BA(P),EMOTIONAL INTELLIGENCE,2025,Not Specified,,https://drive.google.com/file/d/1IMETdxu5MIfuh9jvWfvK-8wj25RyMveC/view?usp=sharing,,Paper Code 6967000005 | Syllabus: https://drive.google.com/file/d/10uSkhfdqEiKyAvtVL5gUkMqmKocLldc6/view?usp=drive_link
BA(P),ENGLISH LANGUAGE THROUGH LITERATURE-I,2025,Not Specified,,https://drive.google.com/file/d/16F_rtOSg8TXB-9GOX8SSnZcQZwG9ix4X/view?usp=sharing,,Paper Code 2035001004 | Syllabus: https://drive.google.com/file/d/13OSMLtRbQavs5MbuCuzk2DLTBuce6r54/view?usp=drive_link
BA(P),ENGLISH LANGUAGE THROUGH LITERATURE-II,2025,Not Specified,,https://drive.google.com/file/d/1OxO3MfWN85KJyxkxO8nsbf5WkERroZ45/view?usp=sharing,,Paper Code 2035002001 | Syllabus: https://drive.google.com/file/d/1Uh0M3tbqnnGEdHEIplJwuJXXOd-9AGmd/view?usp=drive_link
BA(P),ENGLISH LANGUAGE THROUGH LITERATURE-II,2025,Not Specified,,https://drive.google.com/file/d/1oAd6sfWaJwnyErEAqipiL3PM596TFQfy/view?usp=sharing,,Paper Code 2035002001 | Syllabus: https://drive.google.com/file/d/1qMXLc5zyu9P5p8ZNwwnejJnGX3R05I8n/view?usp=drive_link
BA(P),ENVIRONMENTAL SCIENCE: THEORY INTO PRACTICE -II,2025,Not Specified,,https://drive.google.com/file/d/1h6txg8qdwjr8OnlNUrkoEsR-EK436G23/view?usp=sharing,,Paper Code 2181002001 | Syllabus: https://drive.google.com/file/d/1JHjy05XGXTNTwKTw1Zvz70BBMLFPvTfM/view?usp=drive_link
BA(P),ENVIRONMENTAL SCIENCE: THEORY INTO PRACTICE -II,2025,Not Specified,,https://drive.google.com/file/d/13gNLTXlHu-YpTrGXfonH_nXKIFuQ1DkN/view?usp=sharing,,Paper Code 2181002001 | Syllabus: https://drive.google.com/file/d/1JHjy05XGXTNTwKTw1Zvz70BBMLFPvTfM/view?usp=drive_link
BA(P),ENVIRONMENTAL SCIENCE: THEORY INTO PRACTICE – I,2025,Not Specified,,https://drive.google.com/file/d/1VlSaWgxPjo9DH4gFdlc91HalDoKP5j6y/view?usp=drive_link,,Paper Code 2181001001 | Syllabus: https://drive.google.com/file/d/10syDP-Stte6uynGj81IrnM6cewXNoX9C/view?usp=drive_link
BA(P),ENVIRONMENTAL SCIENCE: THEORY INTO PRACTICE-I,2025,Not Specified,,https://drive.google.com/file/d/13oJU17Ky-7OB_iJ6zZpNBbySexgL5V6I/view?usp=sharing,,Paper Code 2181001001 | Syllabus: https://drive.google.com/file/d/10syDP-Stte6uynGj81IrnM6cewXNoX9C/view?usp=sharing
BA(P),ENVIRONMENTAL SCIENCE: THEORY INTO PRACTICE-I,2025,Not Specified,,https://drive.google.com/file/d/1dgBNHgBg_U3JqPJn6kU9T5-FJRUinm4g/view?usp=sharing,,Paper Code 2181001001 | Syllabus: https://drive.google.com/file/d/10syDP-Stte6uynGj81IrnM6cewXNoX9C/view?usp=sharing
BA(P),ENVIRONMENTAL SCIENCE: THEORY INTO PRACTICE-II,2025,Not Specified,,https://drive.google.com/file/d/1-GHGYzdsUqkcSnDLsBF6aiOAKZ0F4ZDi/view?usp=drive_link,,Paper Code 2181002001 | Syllabus: https://drive.google.com/file/d/1JHjy05XGXTNTwKTw1Zvz70BBMLFPvTfM/view?usp=drive_link
BA(P),ESSENTIALS OF ECONOMICS,2025,Not Specified,,https://drive.google.com/file/d/1Y7u0NrAHr2qLI7G_TrCpgEbeSFTJ39Ap/view?usp=sharing,,Paper Code 2274002003 | Syllabus: https://drive.google.com/file/d/1UQsmBic7mk5ww139o1W3eVPMvwhwf0_k/view?usp=drive_link
BA(P),ESSENTIALS OF ECONOMICS,2025,Not Specified,,https://drive.google.com/file/d/10fxIOS_GbJUVJn2mPkFUImOYShcvrRQG/view?usp=drive_link,,Paper Code 2274001002 | Syllabus: https://drive.google.com/file/d/1-YUJWAwl5vExDahLZtxEqrNgxaeuZG2L/view?usp=drive_link
BA(P),ETHICS,2025,Not Specified,,https://drive.google.com/file/d/1H-4vAa1fnxmOjz_5q-G470Cx1P7jCfIN/view?usp=sharing,,Paper Code 2102202302 | Syllabus: https://drive.google.com/file/d/18mJt4dtlZg6BwsUymHLvImzEWPCtq5Bf/view?usp=drive_link
BA(P),ETHICS AND CULTURE,2025,Not Specified,,https://drive.google.com/file/d/1PZlhqZsSi_SBmGtnPdS_Hw6vR9Xq9xXg/view?usp=drive_link,,Paper Code 6967000006 | Syllabus: https://drive.google.com/file/d/1MVW2sCQN7sA9Dt0hrrHGaR17PmP7EZwE/view?usp=drive_link
BA(P),ETHICS AND CULTURE,2025,Not Specified,,https://drive.google.com/file/d/1PZlhqZsSi_SBmGtnPdS_Hw6vR9Xq9xXg/view?usp=sharing,,Paper Code 6967000006 | Syllabus: https://drive.google.com/file/d/1MVW2sCQN7sA9Dt0hrrHGaR17PmP7EZwE/view?usp=drive_link
BA(P),ETHICS AND CULTURE,2025,Not Specified,,https://drive.google.com/file/d/1FGkY4fOY0sPZ1XIm2ezPD8PDvEleWydN/view?usp=sharing,,Paper Code 6967000006 | Syllabus: https://drive.google.com/file/d/1MVW2sCQN7sA9Dt0hrrHGaR17PmP7EZwE/view?usp=drive_link
BA(P),ETHICS AND CULTURE,2025,Not Specified,,https://drive.google.com/file/d/1X9lzG--cRG8tNwBDkEQbVnEMQ_knhZTr/view?usp=sharing,,Paper Code 6967000006 | Syllabus: https://drive.google.com/file/d/1MVW2sCQN7sA9Dt0hrrHGaR17PmP7EZwE/view?usp=drive_link
BA(P),ETHICS IN PUBLIC DOMAIN,2025,Not Specified,,https://drive.google.com/file/d/1ThP2cBJwKU32pFqV-5Q1GU5OCwEmY7r3/view?usp=drive_link,,Paper Code 2104001002 | Syllabus: https://drive.google.com/file/d/1BUpmbCj_2V29iemLkPrgmQxkjcxC0ykQ/view?usp=drive_link
BA(P),EVOLUTION OF INDIAN EDUCATION,2025,Not Specified,,https://drive.google.com/file/d/1WV3ircpntiz_nGtU7uc0mvJec1DqBMal/view?usp=sharing,,Paper Code 2432711101 | Syllabus: https://drive.google.com/file/d/12S-jUDVTgEDHBOp37GI-QWGa1Xdz7UyK/view?usp=drive_link
BA(P),FINANCE FOR EVERYONE,2025,Not Specified,,https://drive.google.com/file/d/1vHHCGbQvCyzjdLy2WHOLfZE68t94nc8X/view?usp=drive_link,,Paper Code 2416000002 | Syllabus: https://drive.google.com/file/d/1_tMZ9x5DxV-bogFnZlN-9Ekob0NE_GK3/view?usp=drive_link
BA(P),FINANCE FOR EVERYONE,2025,Not Specified,,https://drive.google.com/file/d/1vHHCGbQvCyzjdLy2WHOLfZE68t94nc8X/view?usp=sharing,,Paper Code 2416000002 | Syllabus: https://drive.google.com/file/d/1_tMZ9x5DxV-bogFnZlN-9Ekob0NE_GK3/view?usp=drive_link
BA(P),FINANCE FOR EVERYONE,2025,Not Specified,,https://drive.google.com/file/d/1pxStK7aFBy3X8vlAlIbIYbft8ou_BCpZ/view?usp=drive_link,,Paper Code 2416000002 | Syllabus: https://drive.google.com/file/d/1_tMZ9x5DxV-bogFnZlN-9Ekob0NE_GK3/view?usp=drive_link
BA(P),FINANCE FOR EVERYONE,2025,Not Specified,,https://drive.google.com/file/d/1m4TiOHuXrgqF67JT4kwjetesTkEWr8HL/view?usp=sharing,,Paper Code 2416000002 | Syllabus: https://drive.google.com/file/d/1_tMZ9x5DxV-bogFnZlN-9Ekob0NE_GK3/view?usp=drive_link
BA(P),FINANCE FOR EVERYONE,2025,Not Specified,,https://drive.google.com/file/d/1L1Dg5hJvxEKF9lGG1xrDaZf10Yh1K6IU/view?usp=sharing,,Paper Code 2416000002 | Syllabus: https://drive.google.com/file/d/1_tMZ9x5DxV-bogFnZlN-9Ekob0NE_GK3/view?usp=drive_link
BA(P),FINANCIAL ACCOUNTING,2025,Not Specified,,https://drive.google.com/file/d/1uWSxzFoiFqfFhf8w-PzrdSMhyOyxHuRu/view?usp=sharing,,Paper Code 2412201202 | Syllabus: https://drive.google.com/file/d/1PAerP3p3nXykfotEPbzX95XiMwqf8HyS/view?usp=drive_link
BA(P),FINANCIAL LITERACY,2025,Not Specified,,https://drive.google.com/file/d/1Mtu1KYgG0loPyf6667Ewca2upPfKVjFb/view?usp=sharing,,Paper Code 6967000008 | Syllabus: https://drive.google.com/file/d/1d8-OKsia5whLJF3U2sUOvdAjiBxZEszk/view?usp=drive_link
BA(P),FINANCIAL LITERACY,2025,Not Specified,,https://drive.google.com/file/d/1V6SPLky6d7iYtPr2qAnyyY5vSN30j_Ro/view?usp=sharing,,Paper Code 6967000008 | Syllabus: https://drive.google.com/file/d/1d8-OKsia5whLJF3U2sUOvdAjiBxZEszk/view?usp=drive_link
BA(P),FINANCIAL LITERACY,2025,Not Specified,,https://drive.google.com/file/d/11dzolVzBkm4rX7Z1Zk9VslwI5Em5tAu1/view?usp=sharing,,Paper Code 6967000008 | Syllabus: https://drive.google.com/file/d/1d8-OKsia5whLJF3U2sUOvdAjiBxZEszk/view?usp=drive_link
BA(P),FINANCIAL LITERACY,2025,Not Specified,,https://drive.google.com/file/d/1kxSfBgE0-K9nYWQ_t65FiM7CYc8jPcl-/view?usp=sharing,,Paper Code 6967000008 | Syllabus: https://drive.google.com/file/d/1d8-OKsia5whLJF3U2sUOvdAjiBxZEszk/view?usp=drive_link
BA(P),FINANCIAL LITERACY,2025,Not Specified,,https://drive.google.com/file/d/1E-4PW1vKfxasWFmKsR114IeNoFRxy09l/view?usp=sharing,,Paper Code 6967000008 | Syllabus: https://drive.google.com/file/d/1d8-OKsia5whLJF3U2sUOvdAjiBxZEszk/view?usp=drive_link
BA(P),FINANCIAL LITERACY,2025,Not Specified,,https://drive.google.com/file/d/1kyaXigGZ7bw4yWYhZ-tI4k5TnrBLZuyv/view?usp=sharing,,Paper Code 6967000008 | Syllabus: https://drive.google.com/file/d/1d8-OKsia5whLJF3U2sUOvdAjiBxZEszk/view?usp=drive_link
BA(P),FINANCIAL LITERACY,2025,Not Specified,,https://drive.google.com/file/d/1Q-tJVEFDMpNlm2teTaB2JNKj5dG5Rj27/view?usp=sharing,,Paper Code 6967000008 | Syllabus: https://drive.google.com/file/d/1d8-OKsia5whLJF3U2sUOvdAjiBxZEszk/view?usp=drive_link
BA(P),FINANCIAL LITERACY,2025,Not Specified,,https://drive.google.com/file/d/1tRb-l_RsXPg-ks3_oUZBokYGZdnINk2V/view?usp=sharing,,Paper Code 6967000008 | Syllabus: https://drive.google.com/file/d/1d8-OKsia5whLJF3U2sUOvdAjiBxZEszk/view?usp=drive_link
BA(P),FORMAL LOGIC,2025,Not Specified,,https://drive.google.com/file/d/1KYSkgJzAiKyfU6MXjaYlz4FFuy7K1SDb/view?usp=sharing,,Paper Code 2104002001 | Syllabus: https://drive.google.com/file/d/1LKo_AqGO-2wiVgCjcXMXxSclUGmFScfV/view?usp=drive_link
BA(P),FOUNDATIONS OF PSYCHOLOGY,2025,Not Specified,,https://drive.google.com/file/d/1oLWFsk-yK71MDFKUWPuxyvYj6TyuO2Mh/view?usp=drive_link,,Paper Code 2114001001 | Syllabus: https://drive.google.com/file/d/12WkEwOS2omcnNvUNE0GvhHyB_isqQrhc/view?usp=drive_link
BA(P),FUNDAMENTALS OF AYURVEDA,2025,Not Specified,,https://drive.google.com/file/d/1UIIq43f3sV5vOSr5Qhaz3x30lXoKN3Yz/view?usp=sharing,,Paper Code 2133102002 | Syllabus: https://drive.google.com/file/d/1UxJ7KXixVRtMEOWjNuNrdOCL_901RyUT/view?usp=drive_link
BA(P),FUNDAMENTALS OF BUSINESS ORGANISATION FOR ENTREPRENEURS,2025,Not Specified,,https://drive.google.com/file/d/1db-_rMobn5kEjwPL2e49kB-96DW_tPMu/view?usp=sharing,,Paper Code 2412251101 | Syllabus: https://drive.google.com/file/d/18aYCTiWY3kDDcR0SMeEmiv4BiI8nWC3I/view?usp=drive_link
BA(P),FUNDAMENTALS OF COGNITIVE PSYCHOLOGY,2025,Not Specified,,https://drive.google.com/file/d/1U-zyj24DZFvIJRzsrCphbBFobsO-fL1A/view?usp=drive_link,,Paper Code 2112201102 | Syllabus: https://drive.google.com/file/d/1IhIpnbku_0pk26QvOX3QVQO6LdS1w4Gb/view?usp=drive_link
BA(P),FUNDAMENTALS OF INDIAN MUSIC,2025,Not Specified,,https://drive.google.com/file/d/1dI6Y4IOBhNVvPN1fdNWr3Rk4iOGk-t5P/view?usp=sharing,,Paper Code 2442201101 | Syllabus: https://drive.google.com/file/d/1zRFGwgBhgXen6vExrwN3Bnfl1tOKuEQo/view?usp=drive_link
BA(P),FUNDAMENTALS OF PSYCHOLOGY,2025,Not Specified,,https://drive.google.com/file/d/1uLeMIXYCks5zNVmuw9RXPQALIYTMm4oW/view?usp=drive_link,,Paper Code 2112201101 | Syllabus: https://drive.google.com/file/d/1ShwAa0_V1QQUjpq_Rclxr2kEkGAem8ns/view?usp=drive_link
BA(P),GANDHI AND EDUCATION,2025,Not Specified,,https://drive.google.com/file/d/1TTSnNaTt3Qyvqka3EsOF-xIlPYfV3yWw/view?usp=sharing,,Paper Code 6967000010 | Syllabus: https://drive.google.com/file/d/1-JHCutuM_TYYCvvmYUEU_Lkvt9DvHvLr/view?usp=drive_link
BA(P),GENRE FICTION,2025,Not Specified,,https://drive.google.com/file/d/1ZTrKaK50qcfOfsPc6hTjuEw_sX6T4TBQ/view?usp=sharing,,Paper Code 2034002002 | Syllabus: https://drive.google.com/file/d/1h4uGVeC4dj1lmxU2tbsSt2R7FwElbFA5/view?usp=drive_link
BA(P),GOVERNANCE: ISSUES AND CHALLENGES,2025,Not Specified,,https://drive.google.com/file/d/1A2iSUamU_PiFJ5gm-lhU22qWC2StyPZj/view?usp=sharing,,Paper Code 2324002005 | Syllabus: https://drive.google.com/file/d/1izy0wwtwBWx3ekrvrXhJBXO-fgk-bp_V/view?usp=drive_link
BA(P),GOVERNANCE: ISSUES AND CHALLENGES,2025,Not Specified,,https://drive.google.com/file/d/1lIy_0M73CGz0yJGMt2xJSH-N34ehUAj_/view?usp=sharing,,Paper Code 2324002005 | Syllabus: https://drive.google.com/file/d/1QfNWf3vEtDFCiSyujNRw1kIT3uIaL8p2/view?usp=drive_link
BA(P),GREEK THOUGHT,2025,Not Specified,,https://drive.google.com/file/d/1BsZPljz7ymLbsZWPWvywbcE2uWe-iZBt/view?usp=sharing,,Paper Code 2102202402 | Syllabus: https://drive.google.com/file/d/16E69CV07hRoV3tpoyrupXQ6UxfLE5KIe/view?usp=drive_link
BA(P),HINDI AUPCHARIK LEKHAN-B,2025,Not Specified,,https://drive.google.com/file/d/132O45bJtHyPbSCGu4osTl3-R2PyAz6L5/view?usp=sharing,,Paper Code 2051001002 | Syllabus: https://drive.google.com/file/d/1LP-Xi78d6G4TTQBtWB3DNM8iNfnVwxt3/view?usp=drive_link
BA(P),HINDI AUPCHARIK LEKHAN-B,2025,Not Specified,,https://drive.google.com/file/d/1yK-XQs7gAeFMUMaKu1eUVOvpZ3AB8tm3/view?usp=sharing,,Paper Code 2051001002 | Syllabus: https://drive.google.com/file/d/1LP-Xi78d6G4TTQBtWB3DNM8iNfnVwxt3/view?usp=drive_link
BA(P),HINDI BHASHA AUR TAKNIK-C,2025,Not Specified,,https://drive.google.com/file/d/1j6rWm1NZGOH8U_83q-1lFL_k-_yvWQ85/view?usp=sharing,,Paper Code 2051002003 | Syllabus: https://drive.google.com/file/d/1H03G89MHCbVA9k73ORv00qQWICa-88Bi/view?usp=drive_link
BA(P),HINDI BHASHA AUR TAKNIK-C,2025,Not Specified,,https://drive.google.com/file/d/1wqqraJKIf3FcW7Rj8KH9hzxt0AkT7l0J/view?usp=sharing,,Paper Code 2051002003 | Syllabus: https://drive.google.com/file/d/1H03G89MHCbVA9k73ORv00qQWICa-88Bi/view?usp=drive_link
BA(P),HINDI BHASHA SAMPRESHAN AUR SANCHAR-A,2025,Not Specified,,https://drive.google.com/file/d/1G8a2D3yzzc8HRjArtv5etoyp-OvoYjn5/view?usp=sharing,,Paper Code 2051001001 | Syllabus: https://drive.google.com/file/d/1wBXfpEWmb3VDGCbvoe3XRiZjFYCoS0nq/view?usp=drive_link
BA(P),HINDI BHASHA SAMPRESHAN AUR SANCHAR-A,2025,Not Specified,,https://drive.google.com/file/d/1ow9_dhbReQIDZbt0jUxc85uRHgAQDqCO/view?usp=sharing,,Paper Code 2051001001 | Syllabus: https://drive.google.com/file/d/1wBXfpEWmb3VDGCbvoe3XRiZjFYCoS0nq/view?usp=drive_link
BA(P),HINDI GADYA: UDBHAV AUR VIKAS-A,2025,Not Specified,,https://drive.google.com/file/d/1p4bVq8Xzdc6lwfOZ3N6Cxt0uH1M6cLqx/view?usp=sharing,,Paper Code 2055002001 | Syllabus: https://drive.google.com/file/d/1otyN6YWyno4ZHmwAIQS2QwCcHexQG58_/view?usp=drive_link
BA(P),HINDI GADYA: UDBHAV AUR VIKAS-B,2025,Not Specified,,https://drive.google.com/file/d/1t8oe-nxkuJjmQZBUX57t170i5i8vyY-Z/view?usp=sharing,,Paper Code 2055002002 | Syllabus: https://drive.google.com/file/d/10ZuFmULJPtdQWlnYir0370cQmTS-QNTA/view?usp=drive_link
BA(P),HISTORY AND FOUNDATION OF PHYSICAL EDUCATION,2025,Not Specified,,https://drive.google.com/file/d/1DDDWG8_YzLv0O61wOMNkxYY6fhCxwON7/view?usp=sharing,,Paper Code 2554000004 | Syllabus: https://drive.google.com/file/d/1YGVMj-Gejz3tyPy9iF0gNOSvkpBVzZsc/view?usp=drive_link
BA(P),HISTORY OF EUROPE : 1789-1870,2025,Not Specified,,https://drive.google.com/file/d/1aiTs3W_q4WrrgvGaASm3fZJvstCHpdSN/view?usp=sharing,,Paper Code 2312203502 | Syllabus: https://drive.google.com/file/d/1Wgsd7Nou1IHHRxlgXe9DpyCHd0fuSdZR/view?usp=drive_link
BA(P),HISTORY OF INDIA 1700-1857,2025,Not Specified,,https://drive.google.com/file/d/19BHYal-i2VTzPF30OMWlOBi_0ZX4JqJU/view?usp=sharing,,Paper Code 2312203501 | Syllabus: https://drive.google.com/file/d/1ZuvmCDXABNbiUiVdor3Wh-MYT4hPUXxj/view?usp=drive_link
BA(P),HISTORY OF INDIA 1700-1857,2025,Not Specified,,https://drive.google.com/file/d/1arf03u4JwCx08kW7APOcYs8FqmwrDMFr/view?usp=sharing,,Paper Code 2312203501 | Syllabus: https://drive.google.com/file/d/1ZuvmCDXABNbiUiVdor3Wh-MYT4hPUXxj/view?usp=drive_link
BA(P),HISTORY OF INDIA FROM EARLIEST TIMES UP TO C. 300 CE,2025,Not Specified,,https://drive.google.com/file/d/1WzC89IN2BWzTqFGmO7rQCYUaiX4X6D2-/view?usp=drive_link,,Paper Code 2312201101 | Syllabus: https://drive.google.com/file/d/1GCjEfaLGjlC9eVzBrTyeJG73KVGmpDG2/view?usp=drive_link
BA(P),HISTORY OF INDIA FROM EARLIEST TIMES UP TO C. 300 CE,2025,Not Specified,,https://drive.google.com/file/d/15kqFEm3gBgkPba4XeBteLnVwtAChSBLs/view?usp=drive_link,,Paper Code 2312201101 | Syllabus: https://drive.google.com/file/d/1GCjEfaLGjlC9eVzBrTyeJG73KVGmpDG2/view?usp=drive_link
BA(P),"HISTORY OF INDIA, 1200 – 1550",2025,Not Specified,,https://drive.google.com/file/d/1JUC7hWCF9PiyJoZDLQzfqg3E9cQq2vwv/view?usp=sharing,,Paper Code 2312202301 | Syllabus: https://drive.google.com/file/d/1uAm6KyVbijHkOQMyzgcDkrM4rWLSEl0l/view?usp=drive_link
BA(P),"HISTORY OF INDIA, C.1550 – 1700",2025,Not Specified,,https://drive.google.com/file/d/1Xb87rMOKIYjXD6WX4CGhTfCWvH7cqdOJ/view?usp=sharing,,Paper Code 2312202401 | Syllabus: https://drive.google.com/file/d/1wfW_Yh5pdmBo2eDGSbkmYhUI27_TZs1U/view?usp=drive_link
BA(P),"HISTORY OF INDIA, C.1550 – 1700",2025,Not Specified,,https://drive.google.com/file/d/1gMdnejhiFoSZ79X82JQU-YpibX9Xkkr5/view?usp=sharing,,Paper Code 2312202401 | Syllabus: https://drive.google.com/file/d/1wfW_Yh5pdmBo2eDGSbkmYhUI27_TZs1U/view?usp=drive_link
BA(P),HISTORY OF INDIA: 300 CE TO 1200 CE,2025,Not Specified,,https://drive.google.com/file/d/1BPb5Qd20l_LCCNSnQuzQzGHFy3Aa8Nt4/view?usp=sharing,,Paper Code 2312201201 | Syllabus: https://drive.google.com/file/d/1ruIxK5OpnX2HqPnem4MvQrf9dljVjij7/view?usp=drive_link
BA(P),HISTORY OF INDIA: 300 CE TO 1200 CE,2025,Not Specified,,https://drive.google.com/file/d/1QIVM_Q9TVsAtz14JibFe3BQRfS1fLqX2/view?usp=sharing,,Paper Code 2312201201 | Syllabus: https://drive.google.com/file/d/1ruIxK5OpnX2HqPnem4MvQrf9dljVjij7/view?usp=drive_link
BA(P),INDIA'S FOREIGN POLICY,2025,Not Specified,,https://drive.google.com/file/d/1Zbb7-wgkvM3wx8vQAV5s1MVrwU1ymErY/view?usp=sharing,,Paper Code 2322201202 | Syllabus: https://drive.google.com/file/d/1_FEYOQJus6MWyq1ztSz8z22RCwse4aQZ/view?usp=drive_link
BA(P),INDIAN AESTHETICS,2025,Not Specified,,https://drive.google.com/file/d/1ewRZiDGkXOLtPTM1yfe8CBZYF1NsQoMm/view?usp=sharing,,Paper Code 2132203602 | Syllabus: https://drive.google.com/file/d/1TG4H64kIok8Cx1c6XkJd2HbNHXLi6ST2/view?usp=drive_link
BA(P),INDIAN CLASSICAL LITERATURE,2025,Not Specified,,https://drive.google.com/file/d/1GAi9FHc_7FaGuG_9GMcao5l3DTZC_rhi/view?usp=drive_link,,Paper Code 2032201102 | Syllabus: https://drive.google.com/file/d/1x2pmygl5ihlEsRgxrm7VFOjO7ZF7Y1u0/view?usp=drive_link
BA(P),INDIAN ENGLISH LITERATURES,2025,Not Specified,,https://drive.google.com/file/d/1c1InDfRTcmHYZQUTJHGmuU_rqrJ1OCdK/view?usp=sharing,,Paper Code 2034002006 | Syllabus: https://drive.google.com/file/d/1PqOQlGuf43qnoO88RPqsC0eM9FxlkCYH/view?usp=drive_link
BA(P),INDIAN ENGLISH LITERATURES,2025,Not Specified,,https://drive.google.com/file/d/1RJnQ3QVxdpahhN62slYrpg5WVwPDCsF_/view?usp=drive_link,,Paper Code 2034001013 | Syllabus: https://drive.google.com/file/d/17YiEkdzdHbEFYzP7H3fy5tk6S55wAcdH/view?usp=drive_link
BA(P),INDIAN EPIGRAPHY & PALAEOGRAPHY,2025,Not Specified,,https://drive.google.com/file/d/1gLeVBDzkSCLipxSEW0htBclxrdJ_MWJC/view?usp=sharing,,Paper Code 2134002002 | Syllabus: https://drive.google.com/file/d/1VOZ-aarYSHgjJK95nvYYw4CRhj7da8Ni/view?usp=drive_link
BA(P),INDIAN EPIGRAPHY & PALAEOGRAPHY,2025,Not Specified,,https://drive.google.com/file/d/1ZPx2CoEN14DSpxBGDAvKqnTpFLrABSkw/view?usp=sharing,,Paper Code 2132203501 | Syllabus: https://drive.google.com/file/d/1HVD6CdfRRmaGKbWr8cS4SlR9bWRWyKwM/view?usp=drive_link
BA(P),INDIAN EPIGRAPHY & PALAEOGRAPHY,2025,Not Specified,,https://drive.google.com/file/d/1s5RsAGlTUESKVz4TBy2Q0MlMOgfl02PT/view?usp=sharing,,Paper Code 2134002002 | Syllabus: https://drive.google.com/file/d/1VOZ-aarYSHgjJK95nvYYw4CRhj7da8Ni/view?usp=drive_link
BA(P),INDIAN GOVERNMENT AND POLITICS,2025,Not Specified,,https://drive.google.com/file/d/1eSmvkY8THSd3qOQTlCPdLkm-OfRGUA_5/view?usp=sharing,,Paper Code 2322201201 | Syllabus: https://drive.google.com/file/d/15sjrqAQxL3z2DEwgUG2pjwCFocCLYizq/view?usp=drive_link
BA(P),INDIAN GOVERNMENT AND POLITICS,2025,Not Specified,,https://drive.google.com/file/d/1xnneB5ZFk7sDN0L4_UnGklgypkBuj30U/view?usp=sharing,,Paper Code 2322201201 | Syllabus: https://drive.google.com/file/d/15sjrqAQxL3z2DEwgUG2pjwCFocCLYizq/view?usp=drive_link
BA(P),INDIAN THEORIES ON CONSCIOUSNESS,2025,Not Specified,,https://drive.google.com/file/d/1ZOpgzEqVAanknzCVtisvBbsPUSQFO5bG/view?usp=sharing,,Paper Code 2103100011 | Syllabus: https://drive.google.com/file/d/12wUD9Zozy4KgyOjw238WLmBOYs4847wF/view?usp=drive_link
BA(P),INDIVIDUAL AND SOCIETY,2025,Not Specified,,https://drive.google.com/file/d/1eaZUVAKS-DkhIraQ69CUvwteSBJSvkwL/view?usp=drive_link,,Paper Code 2034001210 | Syllabus: https://drive.google.com/file/d/1wLt67pfeZh8f8wgUqJkkpx9aFx58vmD-/view?usp=drive_link
BA(P),INDIVIDUAL AND SOCIETY,2025,Not Specified,,https://drive.google.com/file/d/1ztOzJd2IhC5l4Nth40euaCA1ZX0TQH-4/view?usp=sharing,,Paper Code 2034001210 | Syllabus: https://drive.google.com/file/d/1wLt67pfeZh8f8wgUqJkkpx9aFx58vmD-/view?usp=drive_link
BA(P),INTERMEDIATE ADMINISTRATIVE STRUCTURE IN KAUṬILYA’S ARTHAŚĀSTRA,2025,Not Specified,,https://drive.google.com/file/d/1gV6FlNs5NXYr9lQqlWzf8R6oJhwylqpm/view?usp=sharing,,Paper Code 2131002005 | Syllabus: https://drive.google.com/file/d/1reJrm0gcOs5OkI5LfhmcIuNAAHkkz_PW/view?usp=drive_link
BA(P),INTERMEDIATE MACROECONOMICS I: FOUNDATIONS OF AGGREGATE INCOME DETERMINATION,2025,Not Specified,,https://drive.google.com/file/d/1oqojq435e3x5mQ86JcJlgQVnWGIMtS20/view?usp=sharing,,Paper Code 2272202401 | Syllabus: https://drive.google.com/file/d/1tsp1lpRQOGhvreo9xnq4nZt2xPPmwwX-/view?usp=drive_link
BA(P),INTERMEDIATE MACROECONOMICS I: FOUNDATIONS OF AGGREGATE INCOME DETERMINATION,2025,Not Specified,,https://drive.google.com/file/d/1tX4HMIe-vfPVkCwDwT1D5rehkw16H5JP/view?usp=sharing,,Paper Code 2272202401 | Syllabus: https://drive.google.com/file/d/1tsp1lpRQOGhvreo9xnq4nZt2xPPmwwX-/view?usp=drive_link
BA(P),INTERMEDIATE MICROECONOMICS I: BEHAVIOURAL OUNDATIONS OF MARKET INTERACTIONS,2025,Not Specified,,https://drive.google.com/file/d/1utPOmdV0dzZDxVAWTjmOdJ9EeoEVDUEn/view?usp=sharing,,Paper Code 2272202301 | Syllabus: https://drive.google.com/file/d/1C8SowUoxTUYON4W1RxS_oEWUacSp62Ji/view?usp=drive_link
BA(P),"INTERMEDIATE MICROECONOMICS-II: MARKET, GOVERNMENT AND WELFARE",2025,Not Specified,,https://drive.google.com/file/d/1v1GzMKjiLTk0NfwtsrHMJ_F7JDnc9g6r/view?usp=sharing,,Paper Code 2272203502 | Syllabus: https://drive.google.com/file/d/16VVNlxbZTboMdKSB9buTQPVtEvc21E8Q/view?usp=drive_link
BA(P),INTRODUCTION TO INDIAN PHILOSOPHY,2025,Not Specified,,https://drive.google.com/file/d/1pcYYRZSGV0lveON3OuSpfGAPxAVOBpii/view?usp=sharing,,Paper Code 2102201201 | Syllabus: https://drive.google.com/file/d/14kc4-hn3iR1PqUeHq0IsnpjE2W0an5Ly/view?usp=drive_link
BA(P),INTRODUCTION TO INTERNATIONAL RELATIONS,2025,Not Specified,,https://drive.google.com/file/d/1mk9RNzFHqiaY_IR5NebMA2QNK7AMd_kp/view?usp=sharing,,Paper Code 2322203501 | Syllabus: https://drive.google.com/file/d/1Ty3t0PtF6cpRPYT8gpwJx35shrTnwfbd/view?usp=drive_link
BA(P),INTRODUCTION TO INTERNATIONAL RELATIONS,2025,Not Specified,,https://drive.google.com/file/d/1YaZACiECR27f2sDUo3J2oYVesdtg2O0v/view?usp=sharing,,Paper Code 2322203501 | Syllabus: https://drive.google.com/file/d/1Ty3t0PtF6cpRPYT8gpwJx35shrTnwfbd/view?usp=drive_link
BA(P),INTRODUCTION TO LINEAR ALGEBRA,2025,Not Specified,,https://drive.google.com/file/d/1EGezns9Q4mNwJX7kBb4TPg-bQpP40pee/view?usp=sharing,,Paper Code 2354001202 | Syllabus: https://drive.google.com/file/d/1y61bKdhp1QizbjQUKlYHElB8CwC0IWrN/view?usp=drive_link
BA(P),INTRODUCTION TO LITERARY STUDIES,2025,Not Specified,,https://drive.google.com/file/d/1Lo3qDXaC741J2rJx2eWWVczWs6g0FDOC/view?usp=drive_link,,Paper Code 2032201101 | Syllabus: https://drive.google.com/file/d/1x2pmygl5ihlEsRgxrm7VFOjO7ZF7Y1u0/view?usp=drive_link
BA(P),INTRODUCTION TO LITERARY STUDIES,2025,Not Specified,,https://drive.google.com/file/d/1x1Yt1agNTWx1jR2kTvws628nnN2j3wa8/view?usp=drive_link,,Paper Code 2032201101 | Syllabus: https://drive.google.com/file/d/1x2pmygl5ihlEsRgxrm7VFOjO7ZF7Y1u0/view?usp=drive_link
BA(P),INTRODUCTION TO POLITICAL THEORY,2025,Not Specified,,https://drive.google.com/file/d/1EEBtenDU96XNCiFDC-ixtZf0XqauNx3b/view?usp=drive_link,,Paper Code 2322201101 | Syllabus: https://drive.google.com/file/d/1pNtv8axMk0QNQoHkla_1RYfi_K3Yknzu/view?usp=drive_link
BA(P),INTRODUCTION TO POLITICAL THEORY,2025,Not Specified,,https://drive.google.com/file/d/1xsMcIrcFsjUPNdxRIhPMnm1O-Nu-eTm3/view?usp=drive_link,,Paper Code 2322201101 | Syllabus: https://drive.google.com/file/d/1pNtv8axMk0QNQoHkla_1RYfi_K3Yknzu/view?usp=drive_link
BA(P),INTRODUCTION TO PUBLIC POLICY,2025,Not Specified,,https://drive.google.com/file/d/14vkE2umgZlwpNBw-ZyLogSiDWl-PLJFL/view?usp=sharing,,Paper Code 2324002008 | Syllabus: https://drive.google.com/file/d/1ldb4TqZH92nLNz3HjcLOEiCCDuHCm4FT/view?usp=drive_link
BA(P),INTRODUCTION TO PUBLIC POLICY,2025,Not Specified,,https://drive.google.com/file/d/1DtpYzJR4pSyHnwX16iWeqBS-9qHuHK--/view?usp=sharing,,Paper Code 2324002008 | Syllabus: https://drive.google.com/file/d/1ldb4TqZH92nLNz3HjcLOEiCCDuHCm4FT/view?usp=drive_link
BA(P),INTRODUCTION TO SANSKRIT LANGUAGE (SANSKRIT C),2025,Not Specified,,https://drive.google.com/file/d/1SFwKa-f3pX0wz_lLSzRSowJI1zVRRurf/view?usp=drive_link,,Paper Code 2131001003 | Syllabus: https://drive.google.com/file/d/1-Na2vw9wd1apJmZVK2qAGu93aNAe-eMa/view?usp=drive_link
BA(P),INTRODUCTION TO SANSKRIT LANGUAGE-C,2025,Not Specified,,https://drive.google.com/file/d/1gmGkdxAwzEgQTPsu67-VB9KcaEovskUa/view?usp=sharing,,Paper Code 2131001003 | Syllabus: https://drive.google.com/file/d/1SCp3xykoPHwFRgrrie2w0T9KCdAb-t3i/view?usp=drive_link
BA(P),INTRODUCTION TO SOCIAL PSYCHOLOGY,2025,Not Specified,,https://drive.google.com/file/d/1OIfKiLd5O8B-WewXhMV1gmwnQuylWQGk/view?usp=sharing,,Paper Code 2112201201 | Syllabus: https://drive.google.com/file/d/16DToGlensyogEgbhHQAgHWdmpRF5kjwS/view?usp=drive_link
BA(P),INTRODUCTION TO THE INDIAN CONSTITUTION,2025,Not Specified,,https://drive.google.com/file/d/1tkDpbp0YYBXF-1oHQHnYvJeZFs9QSBno/view?usp=sharing,,Paper Code 2324001202 | Syllabus: https://drive.google.com/file/d/1vhkeNBz4lC6lOfUitzNHubFxazpFl8dt/view?usp=drive_link
BA(P),INTRODUCTION TO THE INDIAN CONSTITUTION,2025,Not Specified,,https://drive.google.com/file/d/1FDd5JiipfcUZKwcgc4DxDSzL5dJIn4rQ/view?usp=sharing,,Paper Code 2324002002 | Syllabus: https://drive.google.com/file/d/1be8Lins3SuKgKkadyLDj7oZuXeGhLoj_/view?usp=drive_link
BA(P),INTRODUCTION TO THE INDIAN CONSTITUTION,2025,Not Specified,,https://drive.google.com/file/d/1ebbJNdwypd4dsp1Z4ohzj8UUXeQRH9UL/view?usp=sharing,,Paper Code 2324002002 | Syllabus: https://drive.google.com/file/d/129jYuOkJ4SPqCYhDCjiM1RP-MSY4bMB9/view?usp=drive_link
BA(P),INTRODUCTION TO WESTERN PHILOSOPHY,2025,Not Specified,,https://drive.google.com/file/d/1EpOH7WPg3zC9ysUF5YQ7c2gQFw2erB2h/view?usp=sharing,,Paper Code 2102201202 | Syllabus: https://drive.google.com/file/d/1VDfQeSduXeh8P5rJ9wzNd6ABZkgW_aaI/view?usp=drive_link
BA(P),INTRODUCTORY DEVELOPMENT ECONOMICS,2025,Not Specified,,https://drive.google.com/file/d/179BUyREp5ZvAKjyq4TVG7JAMVwtxNF6W/view?usp=sharing,,Paper Code 2272203501 | Syllabus: https://drive.google.com/file/d/15ZNXRueREzeE7S7W1yDDkL6sJQgY_MKB/view?usp=drive_link
BA(P),INTRODUCTORY MACROECONOMICS,2025,Not Specified,,https://drive.google.com/file/d/1drYTG9Nesho0EuddDX34PIXSEPxVVDSh/view?usp=sharing,,Paper Code 2272201201 | Syllabus: https://drive.google.com/file/d/11uQt7qjHnKQb5Vb2pUoT7WG-fY2DusFt/view?usp=sharing
BA(P),INTRODUCTORY MACROECONOMICS,2025,Not Specified,,https://drive.google.com/file/d/1M2EpVL-m3W8Lwmx7TnGc43enoP_UFx_M/view?usp=sharing,,Paper Code 2272201201 | Syllabus: https://drive.google.com/file/d/11uQt7qjHnKQb5Vb2pUoT7WG-fY2DusFt/view?usp=sharing
BA(P),INTRODUCTORY MICROECONOMICS,2025,Not Specified,,https://drive.google.com/file/d/1wO0KpikV_zLLhWBk33aCwSrxPAC5tQ4b/view?usp=drive_link,,Paper Code 2272201101 | Syllabus: https://drive.google.com/file/d/1VpGOkb4sZRMI2GIhdfXUsApYB6PGEYI6/view?usp=drive_link
BA(P),INTRODUCTORY UPANISHAD AND GEETA-SKT-B,2025,Not Specified,,https://drive.google.com/file/d/1yRpisGI-mX36QLmtO28yViEP6mkjUsTP/view?usp=drive_link,,Paper Code 2131001002 | Syllabus: https://drive.google.com/file/d/1O5uHVb3xHl7_-0xMdgn0PjOFGygSktXh/view?usp=drive_link
BA(P),JANSANCHAR AUR RACHNATMAK LEKHAN-B,2025,Not Specified,,https://drive.google.com/file/d/1UGV3XVObWQCz4wf11o-gepLOQf5ij9v_/view?usp=sharing,,Paper Code 2051002002 | Syllabus: https://drive.google.com/file/d/1tNhkcZUGfuwa1IePLySJYtIhJX1wCKFD/view?usp=drive_link
BA(P),JANSANCHAR AUR RACHNATMAK LEKHAN-B,2025,Not Specified,,https://drive.google.com/file/d/1x0SkCYDcBGOUUaBE4pSUbHCreN-KBNGh/view?usp=sharing,,Paper Code 2051002002 | Syllabus: https://drive.google.com/file/d/1tNhkcZUGfuwa1IePLySJYtIhJX1wCKFD/view?usp=drive_link
BA(P),LEARN PUNJABI – 1,2025,Not Specified,,https://drive.google.com/file/d/1A2wS0HqiWDj86UeEL9S45ldE4TS404Mo/view?usp=drive_link,,Paper Code 2122201101 | Syllabus: https://drive.google.com/file/d/1dy7Nic8aEjJVk3GgSC1SMoW_OsQCDgZM/view?usp=drive_link
BA(P),LEARN PUNJABI – 2,2025,Not Specified,,https://drive.google.com/file/d/1luLg1IX0vYR5PXWp_3xViSTwVZHMysG1/view?usp=drive_link,,Paper Code 2122201102 | Syllabus: https://drive.google.com/file/d/1XSOA29wckxF6YXwW4QBPVaB0l0KHeiR_/view?usp=drive_link
BA(P),LEGAL PHILOSOPHY,2025,Not Specified,,https://drive.google.com/file/d/1tAmr7VrKY7dxEW21PIsgEZ5hn7yCiJxh/view?usp=sharing,,Paper Code 2104000018 | Syllabus: https://drive.google.com/file/d/1eOb1XEvGDBb0pBYoTV24HSmpa6YCQffY/view?usp=drive_link
BA(P),LITERATURE & HUMAN RIGHTS,2025,Not Specified,,https://drive.google.com/file/d/1s8HmcujIeX1_PrsPCvd6pJ74-9l4X5iB/view?usp=sharing,,Paper Code 2034002004 | Syllabus: https://drive.google.com/file/d/1UM2BAYQtl-U5SLhmJ_3QETiu_kCeB6G0/view?usp=drive_link
BA(P),LOGIC,2025,Not Specified,,https://drive.google.com/file/d/15E5QWLEMCU3v6-lOe8ZW_kVSGVonP5-N/view?usp=drive_link,,Paper Code 2102201102 | Syllabus: https://drive.google.com/file/d/1X1F3xazoSOXRnHRR4KuSaJc3oE7DpgXD/view?usp=drive_link
BA(P),MAKING OF POST-COLONIAL INDIA,2025,Not Specified,,https://drive.google.com/file/d/1yeVHd56At7GPTlqTod7ilN8408vUq7lH/view?usp=sharing,,Paper Code 2314002002 | Syllabus: https://drive.google.com/file/d/1oxLJA0CYajdvfNbsu73GvOLkY9oBR3hK/view?usp=drive_link
BA(P),MEDIA PSYCHOLOGY,2025,Not Specified,,https://drive.google.com/file/d/1GNgosMydVw6rnre9MwDjszd0oJFa1GAO/view?usp=sharing,,Paper Code 2114000015 | Syllabus: https://drive.google.com/file/d/1klypVgIusgbe_kgAbDjqqvhhYV1n4UJY/view?usp=drive_link
BA(P),MEDIEVAL SOCIETIES: GLOBAL PERSPECTIVES,2025,Not Specified,,https://drive.google.com/file/d/1Qg12yl4Gg-Tl5_9n-4uvBYhilvOwEFew/view?usp=sharing,,Paper Code 2312201202 | Syllabus: https://drive.google.com/file/d/1jQXPiggyk2ZjMEIpFHyYqVRGCqyijvRG/view?usp=drive_link
BA(P),MODERN INDIAN POLITICAL THOUGHT,2025,Not Specified,,https://drive.google.com/file/d/1XGxg_90Z7b-_McLlsPgDYqpCDYTJWhQX/view?usp=sharing,,Paper Code 2322203502 | Syllabus: https://drive.google.com/file/d/14XQxrGN9GUnlve_QLaxlSWwFLTyuCUgv/view?usp=drive_link
BA(P),MODERN OFFICE PRACTICES,2025,Not Specified,,https://drive.google.com/file/d/1EnUNQBRfb1I0QeRUA2neJ1g0mJk39lO_/view?usp=sharing,,Paper Code 2412381201 | Syllabus: https://drive.google.com/file/d/1O9zGWiKUDOFF2TQ_BZarbxAdsP1dTIMn/view?usp=drive_link
BA(P),MODERN WESTERN PHILOSOPHY,2025,Not Specified,,https://drive.google.com/file/d/1ttK3kBxkRJpXQf-qDKXiPOHgbfXEsiVy/view?usp=sharing,,Paper Code 2102203502 | Syllabus: https://drive.google.com/file/d/1F-nY3i8-fm8u-K7d9Q6SpNAsl6yO4nh0/view?usp=drive_link
BA(P),MONEY AND BANKING,2025,Not Specified,,https://drive.google.com/file/d/1R0-GN9r5Z6D0hr8YSSOlF5IQuEYd0_cS/view?usp=sharing,,Paper Code 2274002005 | Syllabus: https://drive.google.com/file/d/1PoX_0Xoxuj7X-LNAFiZBt3EaK2uM7vow/view?usp=drive_link
BA(P),MUSICOLOGY OF INDIAN MUSIC,2025,Not Specified,,https://drive.google.com/file/d/18IYQe6gBvOASx7Q5998blIP6zz60eBXH/view?usp=sharing,,Paper Code 2442202401 | Syllabus: https://drive.google.com/file/d/1pUuExkgh2U7L7E0e7HeJlTRyPzSGWVvT/view?usp=drive_link
BA(P),NATIONALISM IN INDIA,2025,Not Specified,,https://drive.google.com/file/d/1Ll0WALqq-TVRDtH_WdaoWrPn_iiR9X9F/view?usp=drive_link,,Paper Code 2324001002 | Syllabus: https://drive.google.com/file/d/1KuvUXblmDHLVtYWsK9qBNf2V3lQ345Yk/view?usp=sharing
BA(P),OFFICE MANAGEMENT & SECRETARIAL PRACTICE,2025,Not Specified,,https://drive.google.com/file/d/1O2QcTnhLD1Tb1Scl0MRV0LOEjnfi4cNC/view?usp=sharing,,Paper Code 2412383501 | Syllabus: https://mscw.ac.in/library/NA
BA(P),OLYMPIC EDUCATION,2025,Not Specified,,https://drive.google.com/file/d/1h5P8Uf3OzlyPzrvThwrFzVQAcWht4Ufd/view?usp=sharing,,Paper Code 2554002001 | Syllabus: https://drive.google.com/file/d/1FlUrRZ58gUv8T6R_2sxLCHKGTVuszUUz/view?usp=drive_link
BA(P),OPTIMIZATION METHODS FOR ECONOMIC ANALYSIS,2025,Not Specified,,https://drive.google.com/file/d/1NqouuTY6__8ZoRPDhNBwKW3bmL74b7Lt/view?usp=sharing,,Paper Code 2272202302 | Syllabus: https://drive.google.com/file/d/1nQ8vIyAou_ITtUhDvL6xVpPpmKAHYBtC/view?usp=drive_link
BA(P),ORGANIZATIONAL BEHAVIOUR,2025,Not Specified,,https://drive.google.com/file/d/12NCZMa6Mg78J160JAxyc0sPF9LThhztp/view?usp=sharing,,Paper Code 2112203501 | Syllabus: https://drive.google.com/file/d/17YxaDRsshtcTKMalzrjlrZNoBUsfRG_-/view?usp=drive_link
BA(P),PANCHKOSHA: HOLISTIC DEVELOPMENT OF PERSONALITY,2025,Not Specified,,https://drive.google.com/file/d/14KVdF4dwR0HQ2vmpRR2geXuMErBDvQx-/view?usp=drive_link,,Paper Code 6967000013 | Syllabus: https://drive.google.com/file/d/1TGiyIXYjSkN_HUW9aZDFbvYf471oWZXO/view?usp=drive_link
BA(P),PANCHKOSHA: HOLISTIC DEVELOPMENT OF PERSONALITY,2025,Not Specified,,https://drive.google.com/file/d/1sOcWsJMuiWaiE0CL9bLBlI0wcjbWxqzY/view?usp=sharing,,Paper Code 6967000013 | Syllabus: https://drive.google.com/file/d/1TGiyIXYjSkN_HUW9aZDFbvYf471oWZXO/view?usp=drive_link
BA(P),PANCHKOSHA: HOLISTIC DEVELOPMENT OF PERSONALITY,2025,Not Specified,,https://drive.google.com/file/d/14KVdF4dwR0HQ2vmpRR2geXuMErBDvQx-/view?usp=sharing,,Paper Code 6967000013 | Syllabus: https://drive.google.com/file/d/1TGiyIXYjSkN_HUW9aZDFbvYf471oWZXO/view?usp=drive_link
BA(P),PANCHKOSHA: HOLISTIC DEVELOPMENT OF PERSONALITY,2025,Not Specified,,https://drive.google.com/file/d/1Kl9H_2-nmWc8TSNkBx3CZ8sFYEQQ4NB5/view?usp=sharing,,Paper Code 6967000013 | Syllabus: https://drive.google.com/file/d/1TGiyIXYjSkN_HUW9aZDFbvYf471oWZXO/view?usp=drive_link
BA(P),PANCHKOSHA: HOLISTIC DEVELOPMENT OF PERSONALITY,2025,Not Specified,,https://drive.google.com/file/d/1UpaAYfj7wluoEJ7uUQtHZ1c6zTeiizRB/view?usp=sharing,,Paper Code 6967000013 | Syllabus: https://drive.google.com/file/d/1TGiyIXYjSkN_HUW9aZDFbvYf471oWZXO/view?usp=drive_link
BA(P),PANCHKOSHA: HOLISTIC DEVELOPMENT OF PERSONALITY,2025,Not Specified,,https://drive.google.com/file/d/1Brv6YwjjkJxpINK_xZ3xMBlSaCnYxtzb/view?usp=sharing,,Paper Code 6967000013 | Syllabus: https://drive.google.com/file/d/1TGiyIXYjSkN_HUW9aZDFbvYf471oWZXO/view?usp=drive_link
BA(P),PANCHKOSHA: HOLISTIC DEVELOPMENT OF PERSONALITY,2025,Not Specified,,https://drive.google.com/file/d/1ifIOj6C2a-92GBSCUWnEsYW80LmselRt/view?usp=sharing,,Paper Code 6967000013 | Syllabus: https://drive.google.com/file/d/1TGiyIXYjSkN_HUW9aZDFbvYf471oWZXO/view?usp=drive_link
BA(P),PERSONAL FINANCIAL PLANNING,2025,Not Specified,,https://drive.google.com/file/d/1mcP-ZA3-sD_MSN4c049YvGkxArnG03lj/view?usp=sharing,,Paper Code 2416000004 | Syllabus: https://drive.google.com/file/d/1Lq6HpEBJzfy9rJQNY92UXUl60WBqVFFn/view?usp=drive_link
BA(P),PERSONAL FINANCIAL PLANNING,2025,Not Specified,,https://drive.google.com/file/d/1qfcAbY8KxNK2uycw5Nq6hRquxknETwJT/view?usp=sharing,,Paper Code 2416000004 | Syllabus: https://drive.google.com/file/d/1Lq6HpEBJzfy9rJQNY92UXUl60WBqVFFn/view?usp=drive_link
BA(P),PERSONAL SELLING AND SALESMANSHIP,2025,Not Specified,,https://drive.google.com/file/d/1kX9Sv5hcHORbIK1S5cMzrg6XJfbr7bQG/view?usp=sharing,,Paper Code 2412222401 | Syllabus: https://drive.google.com/file/d/1Pv8dcH4CnuQ2sNzZABmjYSR1hoKTXUgl/view?usp=drive_link
BA(P),PERSONALITY DEVELOPMENT AND COMMUNICATION,2025,Not Specified,,https://drive.google.com/file/d/1OZCWjixxd3DaJUqLiOdcYKsgekqPcysv/view?usp=drive_link,,Paper Code 2036000005 | Syllabus: https://drive.google.com/file/d/1WXk-K8JEr-TuYc2PBAHhoAvg6ADYNs35/view?usp=drive_link
BA(P),PERSONALITY DEVELOPMENT AND COMMUNICATION,2025,Not Specified,,https://drive.google.com/file/d/1G8qU2CCV_snYBkneAyCzmJtBL4e-aLOR/view?usp=sharing,,Paper Code 2036000005 | Syllabus: https://drive.google.com/file/d/1WXk-K8JEr-TuYc2PBAHhoAvg6ADYNs35/view?usp=drive_link
BA(P),PERSONALITY DEVELOPMENT AND COMMUNICATION,2025,Not Specified,,https://drive.google.com/file/d/1vYl3NaLJM6M0eAC_SVpK5SUhByD-300W/view?usp=drive_link,,Paper Code 2036000005 | Syllabus: https://drive.google.com/file/d/1WXk-K8JEr-TuYc2PBAHhoAvg6ADYNs35/view?usp=drive_link
BA(P),PERSONALITY DEVELOPMENT AND COMMUNICATION,2025,Not Specified,,https://drive.google.com/file/d/1Bxbj0K8yYTutJT6v0SCbpEMnr1jzsTL4/view?usp=drive_link,,Paper Code 2036000005 | Syllabus: https://drive.google.com/file/d/1WXk-K8JEr-TuYc2PBAHhoAvg6ADYNs35/view?usp=drive_link
BA(P),PERSONALITY DEVELOPMENT AND COMMUNICATION,2025,Not Specified,,https://drive.google.com/file/d/1CK3d1sWGH2l5p_nD4x1kEpRlBvg1ahkf/view?usp=drive_link,,Paper Code 2036000005 | Syllabus: https://drive.google.com/file/d/1WXk-K8JEr-TuYc2PBAHhoAvg6ADYNs35/view?usp=drive_link
BA(P),PERSONALITY DEVELOPMENT AND COMMUNICATION,2025,Not Specified,,https://drive.google.com/file/d/13blRtHnHuUjCzLg9iYqB66jYwEaUzzPa/view?usp=drive_link,,Paper Code 2036000005 | Syllabus: https://drive.google.com/file/d/1WXk-K8JEr-TuYc2PBAHhoAvg6ADYNs35/view?usp=drive_link
BA(P),PERSPECTIVES IN MENTAL AND BEHAVIOURAL DISORDERS,2025,Not Specified,,https://drive.google.com/file/d/12rbWjPL5-JKBNMNUNsSFYqL1kkq0dFx_/view?usp=sharing,,Paper Code 2112203502 | Syllabus: https://drive.google.com/file/d/1JMQMS0Zc5dwTUquRNNjF1oX1UV_mfEN6/view?usp=drive_link
BA(P),PHILOSOPHICAL ISSUES,2025,Not Specified,,https://drive.google.com/file/d/1vHRR0pNrD09Wfw6Rx0JYVl5ct3yIUjAB/view?usp=drive_link,,Paper Code 2102201101 | Syllabus: https://drive.google.com/file/d/1UXJ-D3I2_5XZg5O0Ldzxgq92TY3ZSwU4/view?usp=drive_link
BA(P),PHILOSOPHICAL UNDERSTANDING OF RELIGION,2025,Not Specified,,https://drive.google.com/file/d/19xjgT5a4urwxvWByiKgsm2aTqzr2wmOo/view?usp=sharing,,Paper Code 2102203602 | Syllabus: https://drive.google.com/file/d/1Ar8wuQb8ya7JllGG4N2eALet_vJX0V56/view?usp=drive_link
BA(P),PHILOSOPHY OF FEMINISM,2025,Not Specified,,https://drive.google.com/file/d/1x_e3CtiyoWNCY3ghiU94ZT_exq7KikNH/view?usp=sharing,,Paper Code 2104000014 | Syllabus: https://drive.google.com/file/d/1h8eOUbw89b-lxAbRkKBYl3SiVwmry_S0/view?usp=drive_link
BA(P),POLITICAL LEADERSHIP AND COMMUNICATION,2025,Not Specified,,https://drive.google.com/file/d/166BckbBojFgW3KjOFte57JQuFyJ5v_d0/view?usp=sharing,,Paper Code 3206000002 | Syllabus: https://drive.google.com/file/d/1Q3AUiK3OBgBwkdtBFip4EMcL52E8fYko/view?usp=drive_link
BA(P),POLITICS OF GLOBALISATION,2025,Not Specified,,https://drive.google.com/file/d/1vJRO7ItQZw7QAQxkfkMgofS7Ly1sHPBk/view?usp=sharing,,Paper Code 2324002007 | Syllabus: https://drive.google.com/file/d/1h6Ft-1B1RfnK8YKxkRMO7l02uzl454_U/view?usp=drive_link
BA(P),POLITICS OF GLOBALISATION,2025,Not Specified,,https://drive.google.com/file/d/1bY91vS-d4IspctTMRdGJsZ-sxQ4M2fDj/view?usp=sharing,,Paper Code 2324002007 | Syllabus: https://drive.google.com/file/d/1h6Ft-1B1RfnK8YKxkRMO7l02uzl454_U/view?usp=drive_link
BA(P),POSITIVE PSYCHOLOGY,2025,Not Specified,,https://drive.google.com/file/d/13tEXsUTG_MB3_IjA6kBKGkaxdirsRclK/view?usp=sharing,,Paper Code 2113200001 | Syllabus: https://drive.google.com/file/d/1cGjjgYaYbBTJkmjqCHeqSfzhRM3S5ySu/view?usp=drive_link
BA(P),PRACTICES IN HOROSCOPES -I,2025,Not Specified,,https://drive.google.com/file/d/1Jlla4UvGt_lhOHwTfcnWMg5D5Ls30QuD/view?usp=sharing,,Paper Code 2136000006 | Syllabus: https://drive.google.com/file/d/1-KY6G05ROr2-yHGLNyyN1_awyE3qtmlM/view?usp=drive_link
BA(P),PRACTICES IN HOROSCOPES -I,2025,Not Specified,,https://drive.google.com/file/d/1Lls2LH1dsWZpRRC8Ix2VzypZ-_oAQk_8/view?usp=sharing,,Paper Code 2136000006 | Syllabus: https://drive.google.com/file/d/1-KY6G05ROr2-yHGLNyyN1_awyE3qtmlM/view?usp=drive_link
BA(P),PRACTICES IN HOROSCOPES -I,2025,Not Specified,,https://drive.google.com/file/d/1IaxdpCsVoF6ljT1sBy1SZb67xRSdKQDk/view?usp=sharing,,Paper Code 2136000006 | Syllabus: https://drive.google.com/file/d/1-KY6G05ROr2-yHGLNyyN1_awyE3qtmlM/view?usp=drive_link
BA(P),PRACTICES IN HOROSCOPES -I,2025,Not Specified,,https://drive.google.com/file/d/1N1tZqGc_mEBGQ8zVX8ddN6dugTBFtOoI/view?usp=sharing,,Paper Code 2136000006 | Syllabus: https://drive.google.com/file/d/1-KY6G05ROr2-yHGLNyyN1_awyE3qtmlM/view?usp=drive_link
BA(P),PRINCIPLES OF MACROECONOMICS-I,2025,Not Specified,,https://drive.google.com/file/d/13Q0U6lkC-nCbVAlwAteYtBqkY_8VEGKp/view?usp=sharing,,Paper Code 2274001201 | Syllabus: https://drive.google.com/file/d/1UcVq6hkoL6fASYweJqPx0BQjwVbvmSWc/view?usp=drive_link
BA(P),PRINCIPLES OF MACROECONOMICS-I,2025,Not Specified,,https://drive.google.com/file/d/1RIOgqwgOKoPBfCPSyXRk0Db6rl5kcL8Z/view?usp=sharing,,Paper Code 2274001201 | Syllabus: https://drive.google.com/file/d/1UcVq6hkoL6fASYweJqPx0BQjwVbvmSWc/view?usp=drive_link
BA(P),PRINCIPLES OF MACROECONOMICS-II,2025,Not Specified,,https://drive.google.com/file/d/1wjYbjOP1w8XLa-A1ThHWSJ8qARkZXFf9/view?usp=sharing,,Paper Code 2274000024 | Syllabus: https://drive.google.com/file/d/1GXs8pI8bWrvRWdo-imHe73rJPfcztVb7/view?usp=drive_link
BA(P),PRINCIPLES OF MANAGEMENT,2025,Not Specified,,https://drive.google.com/file/d/1VQNQv30_IfcN9O75xwetkKCKULtS9rDU/view?usp=sharing,,Paper Code 2412202402 | Syllabus: https://drive.google.com/file/d/1nPmPmJwgn5jOmsrt19FmPHCIbcqqdY9O/view?usp=drive_link
BA(P),PRINCIPLES OF MARKETING,2025,Not Specified,,https://drive.google.com/file/d/1A0-Y6q-XymhjK42r-E2Eb-JkEcwfP0-x/view?usp=sharing,,Paper Code 2412221101 | Syllabus: https://drive.google.com/file/d/16BnK8Qf8Ll7oU_Q0Mr-kzavvWgzdSdSZ/view?usp=drive_link
BA(P),PRINCIPLES OF MICROECONOMICS II,2025,Not Specified,,https://drive.google.com/file/d/1hYzqDJUvVtSsbXzccFy0MEODsUK17UY6/view?usp=sharing,,Paper Code 2274002010 | Syllabus: https://drive.google.com/file/d/1fzShSde3S1Izgvceb2U032Ah8aQdfF3o/view?usp=drive_link
BA(P),PRINCIPLES OF MICROECONOMICS II,2025,Not Specified,,https://drive.google.com/file/d/1pLR8eN9QTT431F3b6JFx2QuHpCUZczlK/view?usp=sharing,,Paper Code 2274002010 | Syllabus: https://drive.google.com/file/d/1kiPNURcnTPo_-TJXdo3Ya6-3hn-PJLgN/view?usp=drive_link
BA(P),PROGRAMMING FUNDAMENTALS USING C++,2025,Not Specified,,https://drive.google.com/file/d/1-pnmYKp7Ie76d1xd-FhwCA1yvdwyNJ7J/view?usp=sharing,,Paper Code 2342571101 | Syllabus: https://drive.google.com/file/d/1XO5_Obb0YtekItpPp-vxwkriwLfi36fk/view?usp=drive_link
BA(P),PROGRAMMING FUNDAMENTALS USING C++,2025,Not Specified,,https://drive.google.com/file/d/1NoZxamTcPtpiUtO6QjvjsaeFmruQAhGG/view?usp=sharing,,Paper Code 2342571101 | Syllabus: https://drive.google.com/file/d/1XO5_Obb0YtekItpPp-vxwkriwLfi36fk/view?usp=drive_link
BA(P),PROGRAMMING FUNDAMENTALS USING PYTHON,2025,Not Specified,,https://drive.google.com/file/d/13ZQy7v_a4uG3NJZrxhFrtbAc815okJlC/view?usp=sharing,,Paper Code 2342201102 | Syllabus: https://drive.google.com/file/d/1Y69tm5CRam35tW6MTPaIyCFh0Ilvxwve/view?usp=drive_link
BA(P),"PSYCHOLOGICAL RESEARCH: PARADIGM, APPROACHES, AND METHODS",2025,Not Specified,,https://drive.google.com/file/d/1uH0CjND6mRXHUNBgRGLZmBhwmnrrqkOo/view?usp=sharing,,Paper Code 2113100014 | Syllabus: https://drive.google.com/file/d/10jiKEvH0a_hVP8A16bPKaA9cWiR67pp4/view?usp=drive_link
BA(P),PSYCHOLOGY OF ADJUSTMENT,2025,Not Specified,,https://drive.google.com/file/d/1Rw_77_G0PayJZvz0-Bpr6l0XHZ-SZGJn/view?usp=sharing,,Paper Code 2114000014 | Syllabus: https://drive.google.com/file/d/1-Zw-av62_OcRUo-6LUs5AC4EHAvhgdJJ/view?usp=drive_link
BA(P),PUBLIC ADMINISTRATION IN INDIA,2025,Not Specified,,https://drive.google.com/file/d/1F9Su4PRfZX9sjv5QfrT5ZBD1kMdVNBJ9/view?usp=drive_link,,Paper Code 2322201102 | Syllabus: https://drive.google.com/file/d/1JovswFw_VlP7pK2_rP3qG9ZVVrAabRd9/view?usp=drive_link
BA(P),PUBLIC INSTITUTIONS IN INDIA,2025,Not Specified,,https://drive.google.com/file/d/1Sn-nDVaNv3t72lTc7KBXXiYEEKl63U4-/view?usp=sharing,,Paper Code 2322202402 | Syllabus: https://drive.google.com/file/d/1XbhL6Xzdy1ivGCIrddZ-pN-cpv5y9OX_/view?usp=drive_link
BA(P),PUNJABI BHASHA ATE ANUVAD,2025,Not Specified,,https://drive.google.com/file/d/16WM1HYfTv5L6wIyxz0ZQgZQ0-2ZTnuYA/view?usp=sharing,,Paper Code 2121002003 | Syllabus: https://drive.google.com/file/d/1oW-yukjvuy7J6XCgraeLpHwJshgt3DIY/view?usp=drive_link
BA(P),PUNJABI BHASHA ATE ANUVAD,2025,Not Specified,,https://drive.google.com/file/d/1R21GuSjN2rEwCWO6FJxgWf4wk10XO9O8/view?usp=sharing,,Paper Code 2121002003 | Syllabus: https://drive.google.com/file/d/1oW-yukjvuy7J6XCgraeLpHwJshgt3DIY/view?usp=drive_link
BA(P),PUNJABI BHASHA ATE ANUVAD,2025,Not Specified,,https://drive.google.com/file/d/1wloLdXuov2Hs2rhKrnC95IxVI2zq-w3H/view?usp=sharing,,Paper Code 2121002003 | Syllabus: https://drive.google.com/file/d/198RzUoTJYebHAF8HEoR8gPSUY1GIlBrE/view?usp=drive_link
BA(P),PUNJABI BHASHA ATE COMPUTER,2025,Not Specified,,https://drive.google.com/file/d/1QVBcpHUjm15e2pyXf-6WGhhkMLwG0EIR/view?usp=drive_link,,Paper Code 2121002002 | Syllabus: https://drive.google.com/file/d/1y1qbXl-CBDc-9511DIcfLP9Nsq2jDPNZ/view?usp=drive_link
BA(P),PUNJABI BHASHA ATE COMPUTER,2025,Not Specified,,https://drive.google.com/file/d/1wungeYXGTefAGXj6Gwxl6XpF35jnHZyO/view?usp=sharing,,Paper Code 2121002002 | Syllabus: https://drive.google.com/file/d/1y1qbXl-CBDc-9511DIcfLP9Nsq2jDPNZ/view?usp=drive_link
BA(P),PUNJABI BHASHA ATE COMPUTER,2025,Not Specified,,https://drive.google.com/file/d/1urNL7pK9JOrjCUwnDqpHeQtmr5D-bPma/view?usp=sharing,,Paper Code 2121002002 | Syllabus: https://drive.google.com/file/d/1_AEmdPhD1NQyB8R6v1UPLbk8rIReL-Ia/view?usp=drive_link
BA(P),PUNJABI BHASHA ATE MEDIA,2025,Not Specified,,https://drive.google.com/file/d/1dbTvFwRrmwa6QZPnxaiP-ebJrfLnDJa9/view?usp=sharing,,Paper Code 2121002001 | Syllabus: https://drive.google.com/file/d/1iwXqfRwuVKcIILFaBLiAf7Nd6DMMTQuD/view?usp=drive_link
BA(P),PUNJABI BHASHA ATE MEDIA,2025,Not Specified,,https://drive.google.com/file/d/1_5qTm-9kmIvuqkAVZ5L4p73OxNBK8wCF/view?usp=sharing,,Paper Code 2121002001 | Syllabus: https://drive.google.com/file/d/18_HutU11v7iYuOQOwHr5Dj4yEe1fw2u0/view?usp=drive_link
BA(P),PUNJABI BHASHA DA MUDHLA PADHAR,2025,Not Specified,,https://drive.google.com/file/d/1H2hzHwb6XPPV8Fezo1d-aCtj1Hg2t85m/view?usp=sharing,,Paper Code 2121001001 | Syllabus: https://drive.google.com/file/d/1dC-sx8IGu1d6dzKKqCATq2fTAJtZ1HpB/view?usp=drive_link
BA(P),PUNJABI BHASHA DA MUDHLA PADHAR,2025,Not Specified,,https://drive.google.com/file/d/1T43HxWKmcqnSTOLhfWVOSf3TEETwxCRo/view?usp=sharing,,Paper Code 2121001001 | Syllabus: https://drive.google.com/file/d/1dC-sx8IGu1d6dzKKqCATq2fTAJtZ1HpB/view?usp=drive_link
BA(P),PUNJABI BHASHA DA MUDHLA PADHAR,2025,Not Specified,,https://drive.google.com/file/d/1MUgkInQj3CmCmtzBJQ8zgQkx7KVkJohr/view?usp=drive_link,,Paper Code 2121001001 | Syllabus: https://drive.google.com/file/d/1dC-sx8IGu1d6dzKKqCATq2fTAJtZ1HpB/view?usp=drive_link
BA(P),PUNJABI BHASHA DA UCHERA PADHAR,2025,Not Specified,,https://drive.google.com/file/d/123K8OWZKpqhakeqQc3rIT2ih7uzHoctc/view?usp=sharing,,Paper Code 2121001002 | Syllabus: https://drive.google.com/file/d/1SDxR6jwuattmGDR8OEDFmbfVVHJ6yJUT/view?usp=drive_link
BA(P),PUNJABI BHASHA DA UCHERA PADHAR,2025,Not Specified,,https://drive.google.com/file/d/1LaNCrBoPmiUvscZGfptD7Rw5dLBntM9u/view?usp=sharing,,Paper Code 2121001002 | Syllabus: https://drive.google.com/file/d/1SDxR6jwuattmGDR8OEDFmbfVVHJ6yJUT/view?usp=drive_link
BA(P),PUNJABI BHASHA DA UCHERA PADHAR,2025,Not Specified,,https://drive.google.com/file/d/1zgTabvMj44cjC9dR4IEpMGiO2lekyFN6/view?usp=drive_link,,Paper Code 2121001002 | Syllabus: https://drive.google.com/file/d/1SDxR6jwuattmGDR8OEDFmbfVVHJ6yJUT/view?usp=drive_link
BA(P),PUNJABI BHASHA DA UCHTAM PADHAR,2025,Not Specified,,https://drive.google.com/file/d/1mMr5GkmGY1EHY7sUeXvhH6jt8wr6Vmp1/view?usp=sharing,,Paper Code 2121001003 | Syllabus: https://drive.google.com/file/d/1wg2SbcJO6vyqTFZAbXVUlV1whAsrSAfi/view?usp=drive_link
BA(P),PUNJABI BHASHA DA UCHTAM PADHAR,2025,Not Specified,,https://drive.google.com/file/d/1mCsxGcI5GtxZIEl1P0OrDsh-fIjcqOvT/view?usp=drive_link,,Paper Code 2121001003 | Syllabus: https://drive.google.com/file/d/1wg2SbcJO6vyqTFZAbXVUlV1whAsrSAfi/view?usp=drive_link
BA(P),PUNJABI LOKDHARA ATE SABHIYACHAR,2025,Not Specified,,https://drive.google.com/file/d/1bGbqXPkM5y-Q9Geu8JjhOOs8bs4QCU1B/view?usp=sharing,,Paper Code 2122201201 | Syllabus: https://drive.google.com/file/d/1Q9KeN3cHfjfdcQONCfiMRhsLd6Rxfu8u/view?usp=drive_link
BA(P),PUNJABI NIBANDH SAHIT,2025,Not Specified,,https://drive.google.com/file/d/1G2Lot7wgvzdyeNmZhLDiMEEc_rs9DzrU/view?usp=sharing,,Paper Code 2124002002 | Syllabus: https://drive.google.com/file/d/1op0hU-SJBsrDdLsdRAnsU1nRG1Isg2Mk/view?usp=drive_link
BA(P),QISSA KAAV,2025,Not Specified,,https://drive.google.com/file/d/1o8duuzgPLIB1MiLqWD89tu_5WY2ZAACS/view?usp=sharing,,Paper Code 2122202402 | Syllabus: https://drive.google.com/file/d/1bO7_lsVTi5xLEMB6XQoTcBLJfQwn7u6a/view?usp=drive_link
BA(P),READINGS ON INDIAN DIVERSITIES AND LITERARY MOVEMENTS,2025,Not Specified,,https://drive.google.com/file/d/1ZI0efsY9AFRvUnCy0EYAjq6Z00KuF00p/view?usp=drive_link,,Paper Code 2034000012 | Syllabus: https://drive.google.com/file/d/1ly9IPvvmnClYXhFDQtB9mvBPoLVUgnTC/view?usp=drive_link
BA(P),READINGS ON INDIAN DIVERSITIES AND LITERARY MOVEMENTS,2025,Not Specified,,https://drive.google.com/file/d/1h0c6uxlDpp7Y24jDJvQWDf15-KgIAm4V/view?usp=sharing,,Paper Code 2034001012 | Syllabus: https://drive.google.com/file/d/1ly9IPvvmnClYXhFDQtB9mvBPoLVUgnTC/view?usp=drive_link
BA(P),ROMANTIC LITERATURE,2025,Not Specified,,https://drive.google.com/file/d/1537b1vT_fiOWsQEPtCp2L5WfZu6qEcnm/view?usp=drive_link,,Paper Code 2032102301 | Syllabus: https://drive.google.com/file/d/1T-ivuD8PWmvkGe7hpSurdVdTf8O-rGu6/view?usp=drive_link
BA(P),SACRED SPACES: TEMPLE AND TEMPLE ECONOMY (NORTH AND SOUTH INDIAN TRADITIONS,2025,Not Specified,,https://drive.google.com/file/d/1E5b82jfk_m27wAOMQZJpgzLBQFx5ySwi/view?usp=sharing,,Paper Code 2314000006 | Syllabus: https://drive.google.com/file/d/14jJmloMPZtrrvWQ855ggQCLub4eMadxp/view?usp=drive_link
BA(P),SANSKRIT LITERATURE: KATHA SAHITYA,2025,Not Specified,,https://drive.google.com/file/d/16gbZf2d66HQsK7kWT5PFDbprNmdUg8HA/view?usp=sharing,,Paper Code 2132203601 | Syllabus: https://drive.google.com/file/d/1K7KKlbBi3VbQetaCkv-JsatEEAuSZ7sQ/view?usp=drive_link
BA(P),SCIENCE AND SOCIETY,2025,Not Specified,,https://drive.google.com/file/d/1u4E0JjtBK_Eqn8LsaWQ_k9oEEo9uL2wf/view?usp=sharing,,Paper Code 6967000015 | Syllabus: https://drive.google.com/file/d/17T-MxWz9ho9SmVIJ8mBKBM4I0X_tlpXs/view?usp=drive_link
BA(P),SCIENCE AND SOCIETY,2025,Not Specified,,https://drive.google.com/file/d/1wzu0GMaBwaSMWQiv2WI-RJlKB2z3VuRK/view?usp=sharing,,Paper Code 6967000015 | Syllabus: https://drive.google.com/file/d/17T-MxWz9ho9SmVIJ8mBKBM4I0X_tlpXs/view?usp=drive_link
BA(P),SCIENCE AND SOCIETY,2025,Not Specified,,https://drive.google.com/file/d/1oDbl12UuA7Rq7mqnAb-yGclHnE-H11qT/view?usp=sharing,,Paper Code 6967000015 | Syllabus: https://drive.google.com/file/d/17T-MxWz9ho9SmVIJ8mBKBM4I0X_tlpXs/view?usp=drive_link
BA(P),SCRIPT WRITING SKILLS IN SANSKRIT DRAMATURGY,2025,Not Specified,,https://drive.google.com/file/d/1TglgzmcYFfZ8fWLEHv_k470nZuz1wHmz/view?usp=sharing,,Paper Code 2136000004 | Syllabus: https://drive.google.com/file/d/1pzvsmq5vAWGbZNbU0QUHhvf152QmQib8/view?usp=drive_link
BA(P),SOCIAL AND EMOTIONAL LEARNING,2025,Not Specified,,https://drive.google.com/file/d/17Kd8oWm-nZwkYRrAJ5kmZcBMiFaCc88V/view?usp=sharing,,Paper Code 6967000016 | Syllabus: https://drive.google.com/file/d/1QnCnZLV3TmMX5Gc4JS0jUDJvnNtfzaak/view?usp=drive_link
BA(P),SOCIAL AND EMOTIONAL LEARNING,2025,Not Specified,,https://drive.google.com/file/d/1lwyQeJNS_mxNvhqO9bTgV7LY3LyPo95r/view?usp=sharing,,Paper Code 6967000016 | Syllabus: https://drive.google.com/file/d/1QnCnZLV3TmMX5Gc4JS0jUDJvnNtfzaak/view?usp=drive_link
BA(P),SOCIAL AND POLITICAL PHILOSOPHY,2025,Not Specified,,https://drive.google.com/file/d/1STIC-pkmpdFmiDkz9JtFmuigy61PTcD7/view?usp=sharing,,Paper Code 2102202301 | Syllabus: https://drive.google.com/file/d/128s1iWPesQViljeaP-N6i9m_3aPmmsNz/view?usp=drive_link
BA(P),SOCIAL MEDIA AUR BLOG LEKHAN-C,2025,Not Specified,,https://drive.google.com/file/d/17lf_r_lZIV0p9MTFcWXgV2M17pl3qJKl/view?usp=sharing,,Paper Code 2051001003 | Syllabus: https://drive.google.com/file/d/1rAG8hc8OQjb5joh9zMZ_cTr8TZZAu0PZ/view?usp=drive_link
BA(P),SOCIAL MEDIA AUR BLOG LEKHAN-C,2025,Not Specified,,https://drive.google.com/file/d/1XKVZeVqONg7nOnCmugcVgqnfsuG_1yQ6/view?usp=sharing,,Paper Code 2051001003 | Syllabus: https://drive.google.com/file/d/1rAG8hc8OQjb5joh9zMZ_cTr8TZZAu0PZ/view?usp=drive_link
BA(P),SOCIAL MEDIA MARKETING,2025,Not Specified,,https://drive.google.com/file/d/15P0POedhdWuAUGNTXwjImfOWyhk1Zzfg/view?usp=sharing,,Paper Code 2416000005 | Syllabus: https://drive.google.com/file/d/1-M1JIE6-GSYF9fX88kOoQ41p6Whvgz_v/view?usp=drive_link
BA(P),SOCIAL MEDIA MARKETING,2025,Not Specified,,https://drive.google.com/file/d/1WeEZxpPofA6MTj25d6sRwJjbQ9YCBAle/view?usp=sharing,,Paper Code 2416000005 | Syllabus: https://drive.google.com/file/d/1-M1JIE6-GSYF9fX88kOoQ41p6Whvgz_v/view?usp=drive_link
BA(P),SOCIAL MEDIA MARKETING,2025,Not Specified,,https://drive.google.com/file/d/1MW1SmOKvp-jVKnTPVIp7tDw7fG3uPq7o/view?usp=sharing,,Paper Code 2416000005 | Syllabus: https://drive.google.com/file/d/1-M1JIE6-GSYF9fX88kOoQ41p6Whvgz_v/view?usp=drive_link
BA(P),SOCIAL MEDIA MARKETING,2025,Not Specified,,https://drive.google.com/file/d/1LTon5ZbcADOliXGE9-1wNU65eP9hBKQd/view?usp=sharing,,Paper Code 2416000005 | Syllabus: https://drive.google.com/file/d/1-M1JIE6-GSYF9fX88kOoQ41p6Whvgz_v/view?usp=drive_link
BA(P),SRIJNATMAK LEKHAN KE AAYAM,2025,Not Specified,,https://drive.google.com/file/d/1cSxmnHaCMXiN70-_1Sn5glCrUEXoDnge/view?usp=sharing,,Paper Code 6967000024 | Syllabus: https://drive.google.com/file/d/1uwiKIWDslczkhrfed1ZMq7uWaYcfYmwb/view?usp=drive_link
BA(P),SRIJNATMAK LEKHAN KE AAYAM,2025,Not Specified,,https://drive.google.com/file/d/1kcCzpAkeoimIFuMPVE-YbQ_GwQQksNYC/view?usp=sharing,,Paper Code 6967000024 | Syllabus: https://drive.google.com/file/d/1uwiKIWDslczkhrfed1ZMq7uWaYcfYmwb/view?usp=drive_link
BA(P),STATISTICAL METHODS AND PSYCHOLOGICAL TESTING,2025,Not Specified,,https://drive.google.com/file/d/14XA1WGIktPBbcEYchVnRts4-Kq8Cn36G/view?usp=sharing,,Paper Code 2112202401 | Syllabus: https://drive.google.com/file/d/1cvAFzpy9wNkiL7cbiMInYsqVUr9h8j49/view?usp=drive_link
BA(P),STATISTICAL METHODS AND PSYCHOLOGICAL TESTING,2025,Not Specified,,https://drive.google.com/file/d/1R8RazLqEySyjHTsg28T1dww5lbhwF8Hy/view?usp=sharing,,Paper Code 2112202401 | Syllabus: https://drive.google.com/file/d/1cvAFzpy9wNkiL7cbiMInYsqVUr9h8j49/view?usp=drive_link
BA(P),STENOGRAPHY (ENGLISH) -I,2025,Not Specified,,https://drive.google.com/file/d/1XPngpmcv6i3mGmEZMeRrRczva77ribPJ/view?usp=sharing,,Paper Code 2412382301 | Syllabus: https://mscw.ac.in/library/NA
BA(P),STUDY OF ANCIENT GRANTHAS AND RAGAS OF INDIAN MUSIC,2025,Not Specified,,https://drive.google.com/file/d/18HBAoXhnMf2YS_p53Lbx_SvsBtaLeO-k/view?usp=sharing,,Paper Code 2442203501 | Syllabus: https://drive.google.com/file/d/1Ada1weBc-d12nE4bNNjuZ0wMn6XGTMch/view?usp=drive_link
BA(P),STUDY OF ANCIENT GRANTHAS AND RAGAS OF INDIAN MUSIC,2025,Not Specified,,https://drive.google.com/file/d/1mrTJ4ZpT8z7E80RlIzL7SR767zrLFrZT/view?usp=sharing,,Paper Code 2442203501 | Syllabus: https://drive.google.com/file/d/1Ada1weBc-d12nE4bNNjuZ0wMn6XGTMch/view?usp=drive_link
BA(P),STUDY OF SELECTED WORKS OF PT. V.N. BHATKHADE,2025,Not Specified,,https://drive.google.com/file/d/1KIejTAEE5Wu7yABa4m7wSMyZ6pdqQl08/view?usp=sharing,,Paper Code 2442201202 | Syllabus: https://drive.google.com/file/d/11AQ7leDwwNGy0xBdjqGzrCmHoN60xeG4/view?usp=drive_link
BA(P),SUFI KAAV,2025,Not Specified,,https://drive.google.com/file/d/1dgu_BN2bBGuwiU2PzjZuSqmwaEP_o0Wm/view?usp=sharing,,Paper Code 2122202401 | Syllabus: https://drive.google.com/file/d/1WZ4oT4kyuz1x1B63kuDdVCROxmkatn04/view?usp=drive_link
BA(P),SUFI KAAV,2025,Not Specified,,https://drive.google.com/file/d/1vnwbD6iqKgmgb5hScbFmJX6Ara7Vaz6i/view?usp=sharing,,Paper Code 2122202401 | Syllabus: https://drive.google.com/file/d/1WZ4oT4kyuz1x1B63kuDdVCROxmkatn04/view?usp=drive_link
BA(P),SUSTAINABILITY MARKETING,2025,Not Specified,,https://drive.google.com/file/d/1O8SUDt9akXUI36Ghi6lmnTSYaGEEF_qw/view?usp=sharing,,Paper Code 2412223501 | Syllabus: https://mscw.ac.in/library/NA
BA(P),THE ART OF BEING HAPPY,2025,Not Specified,,https://drive.google.com/file/d/19lUaoCEwQgPHXZR1lkeGvzHY9VvWHTCD/view?usp=sharing,,Paper Code 6967000019 | Syllabus: https://drive.google.com/file/d/1e04gncmQsoOVG3tBGRb_w3OR_V1y4U6D/view?usp=drive_link
BA(P),THE ART OF BEING HAPPY,2025,Not Specified,,https://drive.google.com/file/d/1k4qXrh6yyTDCpQRfwbVWn7fNz5_p-SrG/view?usp=sharing,,Paper Code 6967000019 | Syllabus: https://drive.google.com/file/d/1e04gncmQsoOVG3tBGRb_w3OR_V1y4U6D/view?usp=drive_link
BA(P),THE ART OF BEING HAPPY,2025,Not Specified,,https://drive.google.com/file/d/1OkRKh-Li3xClxgprvGed7ABwnF3Zebbp/view?usp=sharing,,Paper Code 6967000019 | Syllabus: https://drive.google.com/file/d/1SAy0ecrweRz4QErMcZejgpOXJTH80D9Z/view?usp=drive_link
BA(P),THE ART OF BEING HAPPY,2025,Not Specified,,https://drive.google.com/file/d/18Q1KySeWBd_mJqPWMbgZirK-j7uUVN4i/view?usp=sharing,,Paper Code 6967000019 | Syllabus: https://drive.google.com/file/d/1SAy0ecrweRz4QErMcZejgpOXJTH80D9Z/view?usp=drive_link
BA(P),THE ART OF BEING HAPPY,2025,Not Specified,,https://drive.google.com/file/d/1vsdHzv-z8czDoZ-Tjg32X-ZZdtAqRkX6/view?usp=sharing,,Paper Code 6967000019 | Syllabus: https://drive.google.com/file/d/1e04gncmQsoOVG3tBGRb_w3OR_V1y4U6D/view?usp=drive_link
BA(P),THE ART OF BEING HAPPY,2025,Not Specified,,https://drive.google.com/file/d/13HdSeReqWtfY362LZEcQzhKmj3BO1eGy/view?usp=sharing,,Paper Code 6967000019 | Syllabus: https://drive.google.com/file/d/1e04gncmQsoOVG3tBGRb_w3OR_V1y4U6D/view?usp=drive_link
BA(P),THEORETICAL AND PRACTICAL ASPECTS OF HINDUSTANI MUSIC,2025,Not Specified,,https://drive.google.com/file/d/1IVYKP0lLl3gkoLBxJB_1r_G4j3J7lCtD/view?usp=sharing,,Paper Code 2442203502 | Syllabus: https://drive.google.com/file/d/1sM_Mw_h1LDDDiSSeCq4uPrhm4l4-gZUS/view?usp=drive_link
BA(P),THEORY OF EQUATIONS AND SYMMETRIES,2025,Not Specified,,https://drive.google.com/file/d/13c973H8YgCbIWMnSOaiNlq_P4Y8ZKKwu/view?usp=sharing,,Paper Code 2354001002 | Syllabus: https://drive.google.com/file/d/18vALKpqChnmcxJlHbjc91RZ4HFAZn01p/view?usp=drive_link
BA(P),THEORY OF EQUATIONS AND SYMMETRIES,2025,Not Specified,,https://drive.google.com/file/d/1ocDL8bwKp21rzk0ekCAK-jOaYFDuA1ch/view?usp=sharing,,Paper Code 2352202002 | Syllabus: https://drive.google.com/file/d/1VU5YC3KpNlYVFyNNTSDjm3RnwjJjasoy/view?usp=drive_link
BA(P),THEORY OF INDIAN MUSIC & CONTRIBUTION OF MUSICOLOGISTS,2025,Not Specified,,https://drive.google.com/file/d/1Spm47HrGwwsjBRrSkwxSmZx9ZRIJo3WC/view?usp=sharing,,Paper Code 2442202301 | Syllabus: https://drive.google.com/file/d/1eJO8ZRWYaUx5hbeRhlenu84bYj_frqST/view?usp=drive_link
BA(P),TOPICS IN CALCULUS,2025,Not Specified,,https://drive.google.com/file/d/18sQxrXqZGg3Ex3pg16JV0t_FdBbq32nG/view?usp=sharing,,Paper Code 2352571101 | Syllabus: https://drive.google.com/file/d/1wC4Njf79qbUcH0Bj8gBCy4EF7RoiRowA/view?usp=drive_link
BA(P),TRUTH FUNCTIONAL LOGIC,2025,Not Specified,,https://drive.google.com/file/d/12lFDpAW7wcPkcZNm5EMOsUhLu0_9ho2M/view?usp=sharing,,Paper Code 2102202401 | Syllabus: https://drive.google.com/file/d/1ALHDbyhAeEfQiJftGLAE8rLkhQEosftS/view?usp=drive_link
BA(P),TRUTH FUNCTIONAL LOGIC,2025,Not Specified,,https://drive.google.com/file/d/1g5qxD3E34tE0DVkf_XJmD91OI9vNZzqz/view?usp=sharing,,Paper Code 2102202401 | Syllabus: https://drive.google.com/file/d/1ALHDbyhAeEfQiJftGLAE8rLkhQEosftS/view?usp=drive_link
BA(P),UNDERSTANDING AMBEDKAR,2025,Not Specified,,https://drive.google.com/file/d/1XYFABapP-CGzWV1QlPBi3hQg1ieO4UWP/view?usp=sharing,,Paper Code 2323100007 | Syllabus: https://drive.google.com/file/d/1NEd44RGlO1Hf0R9kB4bjSnYa32iSDk0j/view?usp=drive_link
BA(P),UNDERSTANDING DIMENSIONS OF GENDER,2025,Not Specified,,https://drive.google.com/file/d/1K8yPYwLOCfgGuczk8pgx9KoeC86F3V-s/view?usp=sharing,,Paper Code 2103200001 | Syllabus: https://drive.google.com/file/d/1_OKqkr-1ODNp3XQOrlD4w6j2n-vOMkZi/view?usp=drive_link
BA(P),UNDERSTANDING INTERNATIONAL RELATIONS,2025,Not Specified,,https://drive.google.com/file/d/1RZf5fFmd1hsWQmn_Ve2tYLhK0VQ4G2Rw/view?usp=sharing,,Paper Code 2324002004 | Syllabus: https://drive.google.com/file/d/1Y16twcNg9IRzJDw1UHqF4JeEpCNaWKEY/view?usp=drive_link
BA(P),URBANISATION AND URBANISM IN INDIAN HISTORY,2025,Not Specified,,https://drive.google.com/file/d/1zCmgGedc87155P9uZ6_w9J5UjPFNhs9W/view?usp=sharing,,Paper Code 2313200006 | Syllabus: https://drive.google.com/file/d/1nvoOnnCf2HNY0K86qOlPhbi2KrFT7t78/view?usp=drive_link
BA(P),URDU-A,2025,Not Specified,,https://drive.google.com/file/d/1VKu2Sa0bfAZw_smqgklZstZXIqX7VJFY/view?usp=drive_link,,Paper Code 2141001001 | Syllabus: https://drive.google.com/file/d/18HoxsWx_6xxchrw2eCAIeb6XlznI46YT/view?usp=drive_link
BA(P),URDU-B,2025,Not Specified,,https://drive.google.com/file/d/1Aihu8H4bYYbuxAT11DcDP-a0k0ObL5-t/view?usp=sharing,,Paper Code 2141001002 | Syllabus: https://drive.google.com/file/d/1Hk0I58zMzII9k1uD3zMSrY41IwdAg6CX/view?usp=sharing
BA(P),URDU-B,2025,Not Specified,,https://drive.google.com/file/d/1yIctaEmvIv3NqNzZWffYY9cZNK8T_sCp/view?usp=drive_link,,Paper Code 2141001002 | Syllabus: https://drive.google.com/file/d/1Hk0I58zMzII9k1uD3zMSrY41IwdAg6CX/view?usp=drive_link
BA(P),URDU-B,2025,Not Specified,,https://drive.google.com/file/d/1FzWuxC5KPyDz0trBxWVfbd6RatToki5p/view?usp=sharing,,Paper Code 2141002002 | Syllabus: https://drive.google.com/file/d/1hKxA2bo0HvPB3adJR6coOBY_HiF9VEQu/view?usp=drive_link
BA(P),URDU-C,2025,Not Specified,,https://drive.google.com/file/d/1_2_CyxedVWNEulgXvKc2dGRiKoHWcZES/view?usp=sharing,,Paper Code 2141001003 | Syllabus: https://drive.google.com/file/d/1LZMrijBeAXxafjf4nAgm7zwCgaUoDaJf/view?usp=sharing
BA(P),URDU-C,2025,Not Specified,,https://drive.google.com/file/d/1GBn2YnZYsLX3CT_45DZF1Y3JRZ_ADOnB/view?usp=sharing,,Paper Code 2141002003 | Syllabus: https://drive.google.com/file/d/1bBR4AHS91CkH1Txxc_r4ENwFvd9QtXs3/view?usp=drive_link
BA(P),URDU-C,2025,Not Specified,,https://drive.google.com/file/d/19NQ_-8JNmj9fKo1i5CE1VRpfQaFYCLBL/view?usp=drive_link,,Paper Code 2141001003 | Syllabus: https://drive.google.com/file/d/1LZMrijBeAXxafjf4nAgm7zwCgaUoDaJf/view?usp=drive_link
BA(P),URDU-C,2025,Not Specified,,https://drive.google.com/file/d/1aD4ZgVzz8Ed5_u1ofW-FMopjnNK-lcDL/view?usp=sharing,,Paper Code 2141002003 | Syllabus: https://drive.google.com/file/d/1bBR4AHS91CkH1Txxc_r4ENwFvd9QtXs3/view?usp=drive_link
BA(P),VEDIC MATHEMATICS - I,2025,Not Specified,,https://drive.google.com/file/d/1yv3YSmf6o-qH5B12WXxJKhLTMXkF6uJz/view?usp=sharing,,Paper Code 6967000020 | Syllabus: https://drive.google.com/file/d/1g93nNdDoyTzoaNFpx6hBKf8knXInUBnS/view?usp=drive_link
BA(P),VEDIC MATHEMATICS - I,2025,Not Specified,,https://drive.google.com/file/d/1Q_B9KC2Bk0iwRdWr3EvIuQfXgNw3hsPG/view?usp=sharing,,Paper Code 6967000020 | Syllabus: https://drive.google.com/file/d/1g93nNdDoyTzoaNFpx6hBKf8knXInUBnS/view?usp=drive_link
BA(P),VEDIC MATHEMATICS - III,2025,Not Specified,,https://drive.google.com/file/d/1KkQudJ3boM_0DTxPctsDMXqquKO8r1II/view?usp=drive_link,,Paper Code 6967007001 | Syllabus: https://drive.google.com/file/d/1CQEn5aJ8-1qiRgsPTcPhBqieBY90FAH9/view?usp=drive_link
BA(P),VEDIC MATHEMATICS - III,2025,Not Specified,,https://drive.google.com/file/d/14ZzMog3E18LBTm4R4q20Tugtfmk2Ahqs/view?usp=sharing,,Paper Code 6967007001 | Syllabus: https://drive.google.com/file/d/1CQEn5aJ8-1qiRgsPTcPhBqieBY90FAH9/view?usp=drive_link
BA(P),VICTORIAN LITERATURE,2025,Not Specified,,https://drive.google.com/file/d/1la_7v_mClMDuas3QpjypE-tMIkFyNYBs/view?usp=sharing,,Paper Code 2032102302 | Syllabus: https://drive.google.com/file/d/1kwmg9_ariTNm62mjZYTVzXzHlG2twjuW/view?usp=drive_link
BA(P),VIHARAK PUNJABI,2025,Not Specified,,https://drive.google.com/file/d/1ZT3CraKaXhEgkuV_oVJtNDkKwAPztV6E/view?usp=sharing,,Paper Code 2125001201 | Syllabus: https://drive.google.com/file/d/1iAZzF-NzKYuq-lh_RxmkNPnNzZbH7nUS/view?usp=drive_link
BA(P),VIHARAK PUNJABI,2025,Not Specified,,https://drive.google.com/file/d/1rENxg7Z4-4WOUo5zyRrz57dvegnaqE8N/view?usp=sharing,,Paper Code 2123100011 | Syllabus: https://drive.google.com/file/d/1J-cBwwrJkj31jdFh9WWjH6uuwZ7pKimT/view?usp=drive_link
BA(P),VYAVHARIK HINDI-A,2025,Not Specified,,https://drive.google.com/file/d/1eEAnVxqihIZ0_DcBjCH7niUPJPXdsj2k/view?usp=sharing,,Paper Code 2051002001 | Syllabus: https://drive.google.com/file/d/1fPsFJ4kMWix-8SZTcSoUk-E3-BLSNIHO/view?usp=drive_link
BA(P),VYAVHARIK HINDI-A,2025,Not Specified,,https://drive.google.com/file/d/1FYuI1mReO0NfXTKXyBcHF5UDIuCLCTNK/view?usp=sharing,,Paper Code 2051002001 | Syllabus: https://drive.google.com/file/d/1fPsFJ4kMWix-8SZTcSoUk-E3-BLSNIHO/view?usp=drive_link
BA(P),WESTERN POLITICAL PHILOSOPHY,2025,Not Specified,,https://drive.google.com/file/d/1SkaXBaVyKL_fws2KqHYTUqhE6ijUNeqN/view?usp=sharing,,Paper Code 2324002006 | Syllabus: https://drive.google.com/file/d/1ICIT6P1nNPs_DJ2Y1ELjaUbyG7Fh8c6g/view?usp=drive_link
BA(P),WESTERN POLITICAL PHILOSOPHY,2025,Not Specified,,https://drive.google.com/file/d/16zerHScnLoMBVuQssFaU-5mXr9BDmtwu/view?usp=sharing,,Paper Code 2324002006 | Syllabus: https://drive.google.com/file/d/1ICIT6P1nNPs_DJ2Y1ELjaUbyG7Fh8c6g/view?usp=drive_link
BA(P),WOMEN IN INDIAN HISTORY,2025,Not Specified,,https://drive.google.com/file/d/1UPHwvAtyYoVj1168-o-O8VDjk4bHji1P/view?usp=sharing,,Paper Code 2314000018 | Syllabus: https://drive.google.com/file/d/19t0EY7vz1cM7l75ma5LSPU6L3zHSKxie/view?usp=drive_link
BA(P),WORKING WITH PEOPLE,2025,Not Specified,,https://drive.google.com/file/d/1qWcv9sKLOlzMjqiZBaWx--dExIXopvTH/view?usp=sharing,,Paper Code 2336000001 | Syllabus: https://drive.google.com/file/d/1_Gk5okCZ-k3bVPNlxBcrCsup0pEx5phL/view?usp=drive_link
BA(P),WORKING WITH PEOPLE,2025,Not Specified,,https://drive.google.com/file/d/1pgiZA4samJZQI4Y81bjRnADzKq7cn9ck/view?usp=sharing,,Paper Code 2336000001 | Syllabus: https://drive.google.com/file/d/1_Gk5okCZ-k3bVPNlxBcrCsup0pEx5phL/view?usp=drive_link
BA(P),YOGA: PHILOSOPHY AND PRACTICE,2025,Not Specified,,https://drive.google.com/file/d/1loE7ua5tw3Ku4wzNjmScOZ1xf82eJ8fY/view?usp=sharing,,Paper Code 6967000021 | Syllabus: https://drive.google.com/file/d/1BsPTEz3w8OTaFusIO-i_tY2Uxmgahjpf/view?usp=drive_link
BA(P),YOUTH AND MENTAL HEALTH,2025,Not Specified,,https://drive.google.com/file/d/1S5Td2D6N1jKWjg9h6UZeJuSAEZU2Q1C8/view?usp=sharing,,Paper Code 2114002002 | Syllabus: https://drive.google.com/file/d/12JlYhc9b0ETAKx1FtTL2GbALOCoudegX/view?usp=drive_link
BA(P),जनसंचार और रचनात्मक लेखन (हिन्दी ख),2025,Not Specified,,https://drive.google.com/file/d/13b5gZQJpraDqf-F8wCqMRDIrsZvsI1mG/view?usp=sharing,,Paper Code 2051002002 | Syllabus: https://drive.google.com/file/d/1tNhkcZUGfuwa1IePLySJYtIhJX1wCKFD/view?usp=drive_link
BA(P),प्रवासी हिंदी साहित्य,2025,Not Specified,,https://drive.google.com/file/d/14HdaIMYVtsej8WJmY_Hnf061bQe427uy/view?usp=sharing,,Paper Code 2054000009 | Syllabus: https://drive.google.com/file/d/1yWy1k1mCoCXa_MSwkaeGlIntvkdEhNiR/view?usp=drive_link
BA(P),भारतीय भक्ति परम्परा और मानव मूल्य,2025,Not Specified,,https://drive.google.com/file/d/1u1C0qLF4g78id-70QYW1sh-hKXtTJHNl/view?usp=sharing,,Paper Code 6967000022 | Syllabus: https://drive.google.com/file/d/1tcAGhm-vJ46wDe-Jx9bBR5ccn7W_gyOw/view?usp=drive_link
BA(P),राजभाषा और राष्ट्रभाषा के रूप में हिंदी,2025,Not Specified,,https://drive.google.com/file/d/1W01R8h60Sfbkv5X2YaI-iEb27Xy8UMHU/view?usp=sharing,,Paper Code 2052203502 | Syllabus: https://drive.google.com/file/d/1NWXwx6afAMwLDIToGLgE10lJIuVeqgsl/view?usp=drive_link
BA(P),व्यवहारिक हिंदी (हिन्दी क),2025,Not Specified,,https://drive.google.com/file/d/1LW8E3v7m8J-nFdn43vfYaS8kvHR3aBbM/view?usp=sharing,,Paper Code 2051002001 | Syllabus: https://drive.google.com/file/d/1fPsFJ4kMWix-8SZTcSoUk-E3-BLSNIHO/view?usp=drive_link
BA(P),व्यावसायिक सम्प्रेषण और हिंदी भाषा,2025,Not Specified,,https://drive.google.com/file/d/1iIzfJHZm9Y0te5yutS19Zlc5AHkonF7i/view?usp=sharing,,Paper Code 2053200002 | Syllabus: https://drive.google.com/file/d/1cLAIZqn4IFX8A9lBzLtZUY_cLEQ5FNS2/view?usp=drive_link
BA(P),साहित्य संस्कृति और सिनेमा,2025,Not Specified,,https://drive.google.com/file/d/1Ieh4j6HaDJH2WjV62y5TGjm6nhW5Kz1F/view?usp=sharing,,Paper Code 6967000023 | Syllabus: https://drive.google.com/file/d/1oNPG1J2XWag9IkjNZbAcP0-TxZ7aOm1M/view?usp=drive_link
BA(P),सृजनात्मक लेखन के आयाम,2025,Not Specified,,https://drive.google.com/file/d/1Cw3ASHlfPRM-BfLYVyb4n2dTW9c4l3Ra/view?usp=sharing,,Paper Code 6967000024 | Syllabus: https://drive.google.com/file/d/1uwiKIWDslczkhrfed1ZMq7uWaYcfYmwb/view?usp=drive_link
BA(P),सृजनात्मक लेखन के आयाम,2025,Not Specified,,https://drive.google.com/file/d/1Ts73BUh2LxrcOwkeXc_0pUCKB8eLLwVO/view?usp=sharing,,Paper Code 6967000024 | Syllabus: https://drive.google.com/file/d/1uwiKIWDslczkhrfed1ZMq7uWaYcfYmwb/view?usp=drive_link
BA(P),सोशल मीडिया और ब्लॉग लेखन - ग,2025,Not Specified,,https://drive.google.com/file/d/1vsA70qEktnsXDnkmcZqbD5zV121sJ6Cb/view?usp=drive_link,,Paper Code 2051001003 | Syllabus: https://drive.google.com/file/d/1rAG8hc8OQjb5joh9zMZ_cTr8TZZAu0PZ/view?usp=drive_link
BA(P),हिंदी का वैश्विक परिदृश्य,2025,Not Specified,,https://drive.google.com/file/d/1wlgkgwk4jJeieox4tncSWb9P8reGjhdI/view?usp=sharing,,Paper Code 2054001001 | Syllabus: https://mscw.ac.in/library/NA
BA(P),हिंदी गद्य विकास के विविध चरण-(हिंदी क),2025,Not Specified,,https://drive.google.com/file/d/1UsVqe-fWhUStvit2zsXZ64KVqXfk6b64/view?usp=sharing,,Paper Code 2055092001 | Syllabus: https://drive.google.com/file/d/175YNOIj4K0QZfSR49bj6IPLe66OpK5XH/view?usp=drive_link
BA(P),हिंदी गद्य विकास के विविध चरण-(हिंदी ख),2025,Not Specified,,https://drive.google.com/file/d/1LQyQ1wXe9TFH37xeRQsqsY4K7WSrd3c4/view?usp=sharing,,Paper Code 2055092002 | Syllabus: https://drive.google.com/file/d/1bwwRQHfyuznR05OoGf6Ts3-l5JV9GM9V/view?usp=drive_link
BA(P),हिंदी गद्य: उद्भव और विकास 'ग',2025,Not Specified,,https://drive.google.com/file/d/1j4K0oyCCAZMR-Xy4jANYS0kTHHwZcqQ1/view?usp=drive_link,,Paper Code 2055002003 | Syllabus: https://drive.google.com/file/d/1jJ_4FFHsjhSjeoZY41TVtoe5e7FGxXk0/view?usp=drive_link
BA(P),हिंदी भाषा और तकनीकी (हिंदी ग),2025,Not Specified,,https://drive.google.com/file/d/1ucHPBv93JZzAUAz5HmkIDunmmib4rjVL/view?usp=sharing,,Paper Code 2051002003 | Syllabus: https://drive.google.com/file/d/1H03G89MHCbVA9k73ORv00qQWICa-88Bi/view?usp=drive_link
BA(P),हिंदी भाषा का व्यवहारिक व्याकरण,2025,Not Specified,,https://drive.google.com/file/d/1d8qBoBJktSQ6gYFaUdxZZlnEzAIFVN3x/view?usp=sharing,,Paper Code 2052203501 | Syllabus: https://drive.google.com/file/d/1JyHDVbHo_5U4F-4mvp8r1v3ja7UAUQx_/view?usp=drive_link
BA(P),हिंदी भाषा का व्यवहारिक व्याकरण,2025,Not Specified,,https://drive.google.com/file/d/1l7nahK86cOrgq8amEU-qlRyqewhtpISg/view?usp=sharing,,Paper Code 2052203501 | Syllabus: https://drive.google.com/file/d/1JyHDVbHo_5U4F-4mvp8r1v3ja7UAUQx_/view?usp=drive_link
BA(P),हिंदी में व्यावहारिक अनुवाद,2025,Not Specified,,https://drive.google.com/file/d/1rCoINAmzm5lnrQtCad77oW363tvl1DKD/view?usp=drive_link,,Paper Code 2054001002 | Syllabus: https://drive.google.com/file/d/1ZKAA9llKvdbpTXHKMp3INur7KUvCP2XF/view?usp=drive_link
BA(P),हिंदी सिनेमा और उसका अध्ययन,2025,Not Specified,,https://drive.google.com/file/d/18Fs1UjQNzBPz_ym-Y8G8dyRaup5PpUiC/view?usp=drive_link,,Paper Code 2054001003 | Syllabus: https://drive.google.com/file/d/1oOq0ty15XwgmbpvbL4RDixwHFKNXXJ0s/view?usp=drive_link
BA(P),हिन्दी औपचारिक लेखन - ख,2025,Not Specified,,https://drive.google.com/file/d/1RJ2ueBH-tzFmng7FenwPpXtSDKM7JVeH/view?usp=drive_link,,Paper Code 2051001002 | Syllabus: https://drive.google.com/file/d/1LP-Xi78d6G4TTQBtWB3DNM8iNfnVwxt3/view?usp=drive_link
BA(P),हिन्दी भाषा: सम्प्रेषण और संचार - क,2025,Not Specified,,https://drive.google.com/file/d/1XGFEoKrqcPQmG9L0ToElLskoZV37HZNX/view?usp=drive_link,,Paper Code 2051001001 | Syllabus: https://drive.google.com/file/d/1wBXfpEWmb3VDGCbvoe3XRiZjFYCoS0nq/view?usp=drive_link
BCOM(H),BUSINESS LAWS,2023,Not Specified,,https://drive.google.com/file/d/1sA1f858Ct2DxZJ4B3A2OIv9ee6Y-Wd80/view?usp=drive_link,,Paper Code 2412081102 | Syllabus: https://drive.google.com/file/d/1A5JWt0d74KP87EWFZ2LgH0jao5Mx9lLG/view?usp=drive_link
BCOM(H),BUSINESS MATHEMATICS,2023,Not Specified,,https://drive.google.com/file/d/1Im07PwZbRlYLD0RtvuZLofrglPvrXgG2/view?usp=drive_link,,Paper Code 2412082301 | Syllabus: https://drive.google.com/file/d/1tnEkuq1Hzz2PPufApLgPGZqzqGxWrdjl/view?usp=drive_link
BCOM(H),COMPANY LAW,2023,Not Specified,,https://drive.google.com/file/d/1Q2vxN_ja33MT90bAwPJ9nljIeBMA9D08/view?usp=drive_link,,Paper Code 2412081202 | Syllabus: https://drive.google.com/file/d/1FcCrBWHe8Vq3NCPLBWnGcMVzCFM8Xyax/view?usp=drive_link
BCOM(H),CORPORATE ACCOUNTING,2023,Not Specified,,https://drive.google.com/file/d/1WxCZm49y3kU0bnW5CdLllvPg42xLm_8F/view?usp=drive_link,,Paper Code 2412081201 | Syllabus: https://drive.google.com/file/d/1kFOTLJuKGjwEXdYN7k0LXsxLGY2uswzz/view?usp=drive_link
BCOM(H),FINANCIAL ACCOUNTING,2023,Not Specified,,https://drive.google.com/file/d/1Nnr96zKGwd3lnh7P3E5Ia6pNZKvuZEeW/view?usp=drive_link,,Paper Code 2412081103 | Syllabus: https://drive.google.com/file/d/1NojGE--D708gILKIRNZHt9pM7K6lZlxK/view?usp=drive_link
BCOM(H),FINANCIAL MANAGEMENT,2023,Not Specified,,https://drive.google.com/file/d/1KGyEgClpLNO_-X6G954Zzw0O8ESeHf0M/view?usp=drive_link,,Paper Code 2412082302 | Syllabus: https://drive.google.com/file/d/1aB3dcmcAJmLZD2pJO5NItIUd_voRqtVf/view?usp=drive_link
BCOM(H),FINANCIAL MARKETS AND INSTITUTIONS,2023,Not Specified,,https://drive.google.com/file/d/1fGzaWKtjMwoex25YZ-JjSs83GK5UttJL/view?usp=drive_link,,Paper Code 2413082002 | Syllabus: https://drive.google.com/file/d/165pZSAZwlGAX7yeyIgh3lIwfOEVy2F2u/view?usp=drive_link
BCOM(H),HUMAN RESOURCE MANAGEMENT,2023,Not Specified,,https://drive.google.com/file/d/1GMHWfIuCFEAq92apDQ0DYoNHdtseJ78I/view?usp=drive_link,,Paper Code 2412081203 | Syllabus: https://drive.google.com/file/d/1VcRIfyknaJ3fFKeadohO16JCZM1cidZ6/view?usp=drive_link
BCOM(H),MANAGEMENT PRINCIPLES AND APPLICATIONS,2023,Not Specified,,https://drive.google.com/file/d/1Pw2IEMuG_xYSshOKOvYcru4eRJNmSFB9/view?usp=drive_link,,Paper Code 2412081101 | Syllabus: https://drive.google.com/file/d/1mrTSj9HcVDoPrfExK5uN3KGEI_5j9IGB/view?usp=sharing
BCOM(H),PRINCIPLES OF MARKETING,2023,Not Specified,,https://drive.google.com/file/d/1wr7ImUEIpfNffQpV0vYXnCNhTatvxMFv/view?usp=drive_link,,Paper Code 2412082303 | Syllabus: https://drive.google.com/file/d/1klua_-hDWctKhp1rRXUQsnENZOUqNCcE/view?usp=drive_link
BCOM(H),BUSINESS STATISTICS,2024,Not Specified,,https://drive.google.com/file/d/1nvQEUZKKDYsrmI1vwdL6sO5-qkV_Io9X/view?usp=drive_link,,Paper Code 2412082401 | Syllabus: https://drive.google.com/file/d/17sk9VQvwTF_b3UJ2k-Qpq8EkAtOclr_2/view?usp=drive_link
BCOM(H),CORPORATE ACCOUNTING,2024,Not Specified,,https://drive.google.com/file/d/1S3JMx3QZfsabu82ObL4dOhQEyVzQTp9-/view?usp=sharing,,Paper Code 2412081201 | Syllabus: https://drive.google.com/file/d/1kFOTLJuKGjwEXdYN7k0LXsxLGY2uswzz/view?usp=drive_link
BCOM(H),COST ACCOUNTING,2024,Not Specified,,https://drive.google.com/file/d/1N1J69IHEFQBBUf4MABi7TVmGQ1iNj_rr/view?usp=drive_link,,Paper Code 2412082402 | Syllabus: https://drive.google.com/file/d/1W_5wUmOXqoPiwXPWTcYkFoDTtn63ObLQ/view?usp=drive_link
BCOM(H),INTERNATIONAL BUSINESS,2024,Not Specified,,https://drive.google.com/file/d/1A4oYOEtFHkg7-rCUjn9Fpf2AxTjfjeQl/view?usp=drive_link,,Paper Code 2412082403 | Syllabus: https://drive.google.com/file/d/1O7sMfD6M5A_07kFravDK6EYJX2GYiU2o/view?usp=drive_link
BCOM(H),AUDITING,2025,Not Specified,,https://drive.google.com/file/d/18kGSxMvJuzeeQpATho2OesMHoUOQSf0-/view?usp=sharing,,Paper Code 2413080015 | Syllabus: https://drive.google.com/file/d/1bX0NTiIEWSuujhHqiywMiR04OKLZ3U0k/view?usp=drive_link
BCOM(H),BUSINESS ECONOMICS,2025,Not Specified,,https://drive.google.com/file/d/1x-GXXwLUNvY3vjcYVqgNes-nTg7fNz_7/view?usp=sharing,,Paper Code 2412083502 | Syllabus: https://drive.google.com/file/d/18YoN6UVUaqpYRVuSy40__mjIcgBuUyuj/view?usp=drive_link
BCOM(H),BUSINESS MATHEMATICS,2025,Not Specified,,https://drive.google.com/file/d/1nzil39rPjglxon0P6AAV3eyDYh0IdX1F/view?usp=sharing,,Paper Code 2412082301 | Syllabus: https://drive.google.com/file/d/1tnEkuq1Hzz2PPufApLgPGZqzqGxWrdjl/view?usp=drive_link
BCOM(H),BUSINESS STATISTICS,2025,Not Specified,,https://drive.google.com/file/d/1FcGMmMsQFTqXN2sRSCVHJWxAOexQ4n4B/view?usp=sharing,,Paper Code 2412082401 | Syllabus: https://drive.google.com/file/d/17sk9VQvwTF_b3UJ2k-Qpq8EkAtOclr_2/view?usp=drive_link
BCOM(H),COMPANY LAWS,2025,Not Specified,,https://drive.google.com/file/d/1s9bBB_41on9Qmg0Q5OKmI-2MiXmGe9ru/view?usp=sharing,,Paper Code 2412081202 | Syllabus: https://drive.google.com/file/d/1FcCrBWHe8Vq3NCPLBWnGcMVzCFM8Xyax/view?usp=drive_link
BCOM(H),CONSUMER AFFAIRS AND SOVEREIGNTY,2025,Not Specified,,https://drive.google.com/file/d/18klFlQJKgDdU9G-tzYmppqNO54psvlpv/view?usp=sharing,,Paper Code 2413080013 | Syllabus: https://drive.google.com/file/d/1Sz5WgI0XXWGNc4B-4iKW_fCHnjhHic4J/view?usp=drive_link
BCOM(H),CORPORATE ACCOUNTING,2025,Not Specified,,https://drive.google.com/file/d/1i-sWibXRTOU5epZQtbG0ypr9EvKK8gi7/view?usp=sharing,,Paper Code 2412081201 | Syllabus: https://drive.google.com/file/d/1kFOTLJuKGjwEXdYN7k0LXsxLGY2uswzz/view?usp=drive_link
BCOM(H),COST ACCOUNTING,2025,Not Specified,,https://drive.google.com/file/d/1Kp0Q6aywQ3dsmlB-u6BIApTJ1LXN5YOe/view?usp=sharing,,Paper Code 2412082402 | Syllabus: https://drive.google.com/file/d/1W_5wUmOXqoPiwXPWTcYkFoDTtn63ObLQ/view?usp=drive_link
BCOM(H),FINANCIAL ACCOUNTING,2025,Not Specified,,https://drive.google.com/file/d/1Y7UgSdU2ZkT4jOK95GvoA1DuyFg4rukr/view?usp=sharing,,Paper Code 2412081103 | Syllabus: https://drive.google.com/file/d/1NojGE--D708gILKIRNZHt9pM7K6lZlxK/view?usp=drive_link
BCOM(H),FINANCIAL MANAGEMENT,2025,Not Specified,,https://drive.google.com/file/d/1k9je02UuvEB0H5sSij1YzmHbwCoRp6xo/view?usp=sharing,,Paper Code 2412082302 | Syllabus: https://drive.google.com/file/d/1aB3dcmcAJmLZD2pJO5NItIUd_voRqtVf/view?usp=drive_link
BCOM(H),FINANCIAL MARKETS AND INSTITUTIONS,2025,Not Specified,,https://drive.google.com/file/d/1tMmJl4UisJQoV_g4JsnCOHalVIjU7J4P/view?usp=sharing,,Paper Code 2413082002 | Syllabus: https://drive.google.com/file/d/165pZSAZwlGAX7yeyIgh3lIwfOEVy2F2u/view?usp=drive_link
BCOM(H),HUMAN RESOURCE MANAGEMENT,2025,Not Specified,,https://drive.google.com/file/d/1DlrWE7LF9yEDaViWsXYBLOVCwAsy28Xk/view?usp=sharing,,Paper Code 2412081203 | Syllabus: https://drive.google.com/file/d/1VcRIfyknaJ3fFKeadohO16JCZM1cidZ6/view?usp=drive_link
BCOM(H),INCOME TAX LAW AND PRACTICE,2025,Not Specified,,https://drive.google.com/file/d/1wzZpT_ou1602G06zM-VkIZkd_JfA0JtE/view?usp=sharing,,Paper Code 2412083501 | Syllabus: https://drive.google.com/file/d/1ceCAh_qnlx4R0GMWYypkYcd_Yg6MJ5zV/view?usp=drive_link
BCOM(H),INTERNATIONAL BUSINESS,2025,Not Specified,,https://drive.google.com/file/d/1u96ajffjAxTGaalNR28F4JRSfpTWCeh7/view?usp=sharing,,Paper Code 2412082403 | Syllabus: https://drive.google.com/file/d/1O7sMfD6M5A_07kFravDK6EYJX2GYiU2o/view?usp=drive_link
BCOM(H),MANAGEMENT PRINCIPLES AND APPLICATIONS,2025,Not Specified,,https://drive.google.com/file/d/110s7-lgrHvbb1AiQtOeczovY0HOLS8bI/view?usp=sharing,,Paper Code 2412081101 | Syllabus: https://drive.google.com/file/d/1mrTSj9HcVDoPrfExK5uN3KGEI_5j9IGB/view?usp=sharing
BCOM(H),PRINCIPLES OF MARKETING,2025,Not Specified,,https://drive.google.com/file/d/18ArMmR7zhxJ9YgMSb1w0ebGX1GilvIpk/view?usp=sharing,,Paper Code 2412082303 | Syllabus: https://drive.google.com/file/d/1klua_-hDWctKhp1rRXUQsnENZOUqNCcE/view?usp=drive_link
BCOM(P),BUSINESS LAW,2023,Not Specified,,https://drive.google.com/file/d/1R3l3t4VD2uFnM_eRPOVjh5D4AnDegSDo/view?usp=drive_link,,Paper Code 2412091102 | Syllabus: https://drive.google.com/file/d/1FIJepA4uAbKCpDG7WpOGObYCtK56oTK8/view?usp=drive_link
BCOM(P),BUSINESS ORGANISATION AND MANAGEMENT,2023,Not Specified,,https://drive.google.com/file/d/1GqOuXOQ8749tuaGXmeqzNBLwns0i9N86/view?usp=drive_link,,Paper Code 2412091101 | Syllabus: https://drive.google.com/file/d/1hQRyBhAOjFAKr8u0o-Pd4XJ9Ot7zHxwB/view?usp=drive_link
BCOM(P),BUSINESS STATISTICS,2023,Not Specified,,https://drive.google.com/file/d/18Md23taBCcRPjk8Po0XLlh9I5E7TM8Yr/view?usp=drive_link,,Paper Code 2412092301 | Syllabus: https://drive.google.com/file/d/1Mytd32ZCHJVXv5mYjFDnEiofO5GZ-DN0/view?usp=sharing
BCOM(P),CORPORATE ACCOUNTING,2023,Not Specified,,https://drive.google.com/file/d/1D5xcLgdrMBfbzGTKS_hLK3rxC6qmmzB4/view?usp=drive_link,,Paper Code 2412091201 | Syllabus: https://drive.google.com/file/d/1wAxc2IDHwhXakiVVd87ihBlsj3mv9tAL/view?usp=drive_link
BCOM(P),ENVIRONMENTAL SCIENCE: THEORY INTO PRACTICE - II,2023,Not Specified,,https://drive.google.com/file/d/1_nz2_Q0o7GFFUBq2BxQC6hdqgQU3uLVH/view?usp=drive_link,,Paper Code 2181002001 | Syllabus: https://drive.google.com/file/d/1ZhA-OV-QT2EYqe32EFkqgyl6BAsnxnK6/view?usp=drive_link
BCOM(P),FINANCIAL ACCOUNTING,2023,Not Specified,,https://drive.google.com/file/d/1UktV5OWdp3ijS8Kvv5q6QCgMKGly2VEb/view?usp=drive_link,,Paper Code 2412091103 | Syllabus: https://drive.google.com/file/d/1K1MLGRL7MimRwiIDamdool6GaX2pKarR/view?usp=drive_link
BCOM(P),FINANCIAL MANAGEMENT,2023,Not Specified,,https://drive.google.com/file/d/1p3iOMPA9kIYml5pSoX09D7y5iUY2awph/view?usp=drive_link,,Paper Code 2412092302 | Syllabus: https://drive.google.com/file/d/1th-qiUQ86ooeVtS3TYJdAQRNXG4UPsgY/view?usp=drive_link
BCOM(P),PERSONAL FINANCIAL PLANNING,2023,Not Specified,,https://drive.google.com/file/d/1iDPqUZd32pdMEY34sUlNRwGZLC4QJTyQ/view?usp=drive_link,,Paper Code 2416001004 | Syllabus: https://drive.google.com/file/d/1721tFLHGp-O-m3-dehusJZen8FGvb4Qt/view?usp=drive_link
BCOM(P),PRINCIPLES OF MARKETING,2023,Not Specified,,https://drive.google.com/file/d/1T7hVcVe2XmqKjslnX0pVKEzp7sAFHCfk/view?usp=drive_link,,Paper Code 2412092303 | Syllabus: https://drive.google.com/file/d/1q3h-3es4a_KNApTyzxr5wOO-sNkCcFk3/view?usp=drive_link
BCOM(P),COMPANY LAW,2024,Not Specified,,https://drive.google.com/file/d/1l79WImU0t9ThPow66g-r44XRsCXUWX9u/view?usp=sharing,,Paper Code 2412091202 | Syllabus: https://drive.google.com/file/d/1H5JUK98VT-G9W_gK_G890B0va-uc_scL/view?usp=drive_link
BCOM(P),CORPORATE ACCOUNTING,2024,Not Specified,,https://drive.google.com/file/d/1fw6-7ATHe6pbj8oyEAxA1x4rUC1YGeWC/view?usp=sharing,,Paper Code 2412091201 | Syllabus: https://drive.google.com/file/d/1wAxc2IDHwhXakiVVd87ihBlsj3mv9tAL/view?usp=drive_link
BCOM(P),COST ACCOUNTING,2024,Not Specified,,https://drive.google.com/file/d/1k4Ur6hZ-PYj0mSv9EvpFlGJUeSUp6I3L/view?usp=drive_link,,Paper Code 2412092402 | Syllabus: https://drive.google.com/file/d/1I0gUMU1QOh8-mooJMtds_sHrnaMwHysq/view?usp=drive_link
BCOM(P),ENTREPRENEURSHIP & NEW VENTURE PLANNING,2024,Not Specified,,https://drive.google.com/file/d/1ez43izoNkzWvxxvQGno9ad40HL_w6sV0/view?usp=drive_link,,Paper Code 2412092401 | Syllabus: https://drive.google.com/file/d/1aagMddql23nk9lpeuom9b8CV7rtNtO0H/view?usp=drive_link
BCOM(P),HUMAN RESOURCE MANAGEMENT,2024,Not Specified,,https://drive.google.com/file/d/131DjcpnvzNK4kFg8Pn8MskPD5C5CKgkM/view?usp=sharing,,Paper Code 2412091203 | Syllabus: https://drive.google.com/file/d/1FeMJkzV-UrLI_szJEMfi-FuiaDt38kLg/view?usp=drive_link
BCOM(P),INTERNATIONAL BUSINESS,2024,Not Specified,,https://drive.google.com/file/d/1rJx_OZ80_meyigdzN95cXXXeZbW8mGtK/view?usp=drive_link,,Paper Code 2412092403 | Syllabus: https://drive.google.com/file/d/1yrUEGju5KLhUZ2AHYIbYSgYNAxWMgFBA/view?usp=drive_link
BCOM(P),AUDITING,2025,Not Specified,,https://drive.google.com/file/d/11yhiurM-FYZ-4zV2G4CeebY3wrjFykWU/view?usp=sharing,,Paper Code 2413090006 | Syllabus: https://drive.google.com/file/d/1Elrt4VPud83bqLBtVcosW7ibdAMgDwRp/view?usp=drive_link
BCOM(P),BUSINESS ECONOMICS,2025,Not Specified,,https://drive.google.com/file/d/13SmvmY_NTyqEPEOQXrOOsTU9DzI0ique/view?usp=sharing,,Paper Code 2412093502 | Syllabus: https://drive.google.com/file/d/1oms-RxwvtP0t3zTImxhGBHAX0u-l7XBL/view?usp=drive_link
BCOM(P),BUSINESS LAWS,2025,Not Specified,,https://drive.google.com/file/d/1aYvBeztW18ifY3LWxN4zG09Bw0HwjG4k/view?usp=sharing,,Paper Code 2412091102 | Syllabus: https://drive.google.com/file/d/12znok_4I0rlSdIgu0aOG-3vfe9MInRk0/view?usp=drive_link
BCOM(P),BUSINESS ORGANISATION AND MANAGEMENT,2025,Not Specified,,https://drive.google.com/file/d/14H-NNF7lMxrsI1mr57ZrUO5laOPp8t78/view?usp=sharing,,Paper Code 2412091101 | Syllabus: https://drive.google.com/file/d/1hQRyBhAOjFAKr8u0o-Pd4XJ9Ot7zHxwB/view?usp=drive_link
BCOM(P),BUSINESS STATISTICS,2025,Not Specified,,https://drive.google.com/file/d/1hhzVc1OWA1kgK9L4P3wVbevhEdp5y-sy/view?usp=drive_link,,Paper Code 2412092301 | Syllabus: https://drive.google.com/file/d/1Mytd32ZCHJVXv5mYjFDnEiofO5GZ-DN0/view?usp=drive_link
BCOM(P),BUSINESS STATISTICS,2025,Not Specified,,https://drive.google.com/file/d/12dMd4SwlJ03Fm1Q3yTJnWe0umG-2Ql5K/view?usp=sharing,,Paper Code 2412092301 | Syllabus: https://drive.google.com/file/d/1Mytd32ZCHJVXv5mYjFDnEiofO5GZ-DN0/view?usp=drive_link
BCOM(P),COMPANY LAW,2025,Not Specified,,https://drive.google.com/file/d/1g3okkz0vBLfQshknbjzawGAhv310qLpR/view?usp=drive_link,,Paper Code 2412091202 | Syllabus: https://drive.google.com/file/d/1H5JUK98VT-G9W_gK_G890B0va-uc_scL/view?usp=drive_link
BCOM(P),CORPORATE ACCOUNTING,2025,Not Specified,,https://drive.google.com/file/d/1ed0g0GnoJcQOkZG5mFOtZbEXQwZw4Bas/view?usp=drive_link,,Paper Code 2412091201 | Syllabus: https://drive.google.com/file/d/1wAxc2IDHwhXakiVVd87ihBlsj3mv9tAL/view?usp=drive_link
BCOM(P),COST ACCOUNTING,2025,Not Specified,,https://drive.google.com/file/d/1PsQCAfgTaX-G9_EOeqwEVMvBrBbxXLim/view?usp=sharing,,Paper Code 2412092402 | Syllabus: https://drive.google.com/file/d/1I0gUMU1QOh8-mooJMtds_sHrnaMwHysq/view?usp=drive_link
BCOM(P),ENTREPRENEURSHIP & NEW VENTURE PLANNING,2025,Not Specified,,https://drive.google.com/file/d/1Jnp-wLi6NavLvaD7kSwLPCFkwFrMIrCq/view?usp=sharing,,Paper Code 2412092401 | Syllabus: https://drive.google.com/file/d/1aagMddql23nk9lpeuom9b8CV7rtNtO0H/view?usp=drive_link
BCOM(P),FINANCIAL ACCOUNTING,2025,Not Specified,,https://drive.google.com/file/d/1nQ5uEkufnj_plgVt-0JRzSW0e9Eixfm4/view?usp=sharing,,Paper Code 2412091103 | Syllabus: https://drive.google.com/file/d/1K1MLGRL7MimRwiIDamdool6GaX2pKarR/view?usp=drive_link
BCOM(P),FINANCIAL MANAGEMENT,2025,Not Specified,,https://drive.google.com/file/d/1hgacBRopT-Nq9ToLffhGg2Jh3x3lkdMe/view?usp=sharing,,Paper Code 2412092302 | Syllabus: https://drive.google.com/file/d/1th-qiUQ86ooeVtS3TYJdAQRNXG4UPsgY/view?usp=drive_link
BCOM(P),FINANCIAL MARKETS AND INSTITUTIONS,2025,Not Specified,,https://drive.google.com/file/d/1KtFyLPI6YbWpcP0VDyex9Pj9GeDVGeq4/view?usp=sharing,,Paper Code 2413090002 | Syllabus: https://drive.google.com/file/d/17eb9ZmmcU3Kqxubxfw0jK2Br37Yl-Mhl/view?usp=drive_link
BCOM(P),HUMAN RESOURCE MANAGEMENT,2025,Not Specified,,https://drive.google.com/file/d/1H11rJ8GfuisKkfdb2rOXIM_RDzWn5p_8/view?usp=sharing,,Paper Code 2412091203 | Syllabus: https://drive.google.com/file/d/1VcRIfyknaJ3fFKeadohO16JCZM1cidZ6/view?usp=drive_link
BCOM(P),INCOME TAX LAW AND PRACTICE,2025,Not Specified,,https://drive.google.com/file/d/1kK_Wv-KORouMCd40lT9y4HKAda7-Q1iG/view?usp=sharing,,Paper Code 2412093501 | Syllabus: https://drive.google.com/file/d/1D-Vosa8d3Y6BGK9qPQBcqM6ZMzKZoisV/view?usp=drive_link
BCOM(P),INTERNATIONAL BUSINESS,2025,Not Specified,,https://drive.google.com/file/d/1u0H6iJUx4rkIzUG_dlIlSA-n1NRRbKkJ/view?usp=sharing,,Paper Code 2412092403 | Syllabus: https://drive.google.com/file/d/1yrUEGju5KLhUZ2AHYIbYSgYNAxWMgFBA/view?usp=drive_link
BCOM(P),MANAGEMENT ACCOUNTING,2025,Not Specified,,https://drive.google.com/file/d/1IXyszK0nhOA4sFNddB3THIlQmKez1ue9/view?usp=sharing,,Paper Code 2412093503 | Syllabus: https://drive.google.com/file/d/1Q-nhVaINk5k0lzIEXkW5vx-rd-i74eDX/view?usp=drive_link
BCOM(P),ORGANIZATIONAL BEHAVIOUR,2025,Not Specified,,https://drive.google.com/file/d/1Rsuee_r72KlTvl9f_Pb2yMChhW3RNVap/view?usp=sharing,,Paper Code 2413090001 | Syllabus: https://drive.google.com/file/d/1k4m5jz08alPHWpWFTposhnGD3vtulFbY/view?usp=drive_link
BCOM(P),PRINCIPLES OF MARKETING,2025,Not Specified,,https://drive.google.com/file/d/1wYC25VzS4Dn_MOb3VeuIJn0dx0E4q9Ay/view?usp=sharing,,Paper Code 2412092303 | Syllabus: https://drive.google.com/file/d/1q3h-3es4a_KNApTyzxr5wOO-sNkCcFk3/view?usp=drive_link
BSC(H) BOTANY,BASIC LABORATORY AND FIELD SKILLS IN POLANT BIOLOGY,2023,Not Specified,,https://drive.google.com/file/d/12_Vi6aKdvIJFM5XYfcC9VF4wcAUty4eE/view?usp=drive_link,,Paper Code 2162011103 | Syllabus: https://drive.google.com/file/d/15GNaWL6QUIjrTYEgLTwX0XzhITY9V3rB/view?usp=drive_link
BSC(H) BOTANY,BASIC LABORATORY AND FIELD SKILLS IN POLANT BIOLOGY,2023,Not Specified,,https://drive.google.com/file/d/169vvw-TMWwqxGkOS7CYsLqFUPj6gHZid/view?usp=drive_link,,Paper Code 2162011103 | Syllabus: https://drive.google.com/file/d/15GNaWL6QUIjrTYEgLTwX0XzhITY9V3rB/view?usp=drive_link
BSC(H) BOTANY,CELL BIOLOGY-ORGANELLES AND BIOMOLECULES,2023,Not Specified,,https://drive.google.com/file/d/1xREOWnOhK7z5LMhFe1jp21DT5jUql1OG/view?usp=drive_link,,Paper Code 2162011102 | Syllabus: https://drive.google.com/file/d/16bbrWCWucuTx7btnVkxRxyCo28BgivB-/view?usp=drive_link
BSC(H) BOTANY,CELL BIOLOGY-ORGANELLES AND BIOMOLECULES,2023,Not Specified,,https://drive.google.com/file/d/1w9aXbC1Krfuhc_9QkTxtI2Nk6Z5_d-Xh/view?usp=drive_link,,Paper Code 2162011102 | Syllabus: https://drive.google.com/file/d/16bbrWCWucuTx7btnVkxRxyCo28BgivB-/view?usp=drive_link
BSC(H) BOTANY,PLANT DIVERSITY AND EVOLUTION,2023,Not Specified,,https://drive.google.com/file/d/1jSVaUUhykvDSHNJhHjJwmdEyyiUFeuU6/view?usp=drive_link,,Paper Code 2162011101 | Syllabus: https://drive.google.com/file/d/1CovFuqmXt2xcUUgXwJ5u1lATnzderLXf/view?usp=drive_link
BSC(H) BOTANY,PLANT DIVERSITY AND EVOLUTION,2023,Not Specified,,https://drive.google.com/file/d/1LGPjnmHuTe8d_-VkFzhqbJ4K9hX3A0Sb/view?usp=drive_link,,Paper Code 2162011101 | Syllabus: https://drive.google.com/file/d/1CovFuqmXt2xcUUgXwJ5u1lATnzderLXf/view?usp=drive_link
BSC(H) CHEMISTRY,ATOMIC STRUCTURE AND CHEMICAL BONDING,2023,Not Specified,,https://drive.google.com/file/d/1f4TjOh1PQLDcG2KAm8MKZVt_KdrXvLfs/view?usp=drive_link,,Paper Code 2172011101 | Syllabus: https://drive.google.com/file/d/1X7Y6TOmcHK9OBM4F7Zg-8pG-EncXPwdi/view?usp=drive_link
BSC(H) CHEMISTRY,ATOMIC STRUCTURE AND CHEMICAL BONDING,2023,Not Specified,,https://drive.google.com/file/d/1C_xiB4nNtBa2vWmsAbtSvHgIgxwCv7yq/view?usp=drive_link,,Paper Code 2172011101 | Syllabus: https://drive.google.com/file/d/1X7Y6TOmcHK9OBM4F7Zg-8pG-EncXPwdi/view?usp=drive_link
BSC(H) CHEMISTRY,BASIC CONCEPTS AND ALIPHATIC HYDROCARBONS,2023,Not Specified,,https://drive.google.com/file/d/1Eq3zy4PPy0ET4_cxmpbQR_DThZkEedRC/view?usp=drive_link,,Paper Code 2172011102 | Syllabus: https://drive.google.com/file/d/1L-pu81XVVYpqI5pPOJAy6y_V9Y14hEpL/view?usp=drive_link
BSC(H) CHEMISTRY,BASIC CONCEPTS AND ALIPHATIC HYDROCARBONS,2023,Not Specified,,https://drive.google.com/file/d/1uHfpWRnYEeiXPDtYvrWdZTSNdshYFNXG/view?usp=drive_link,,Paper Code 2172011102 | Syllabus: https://drive.google.com/file/d/1L-pu81XVVYpqI5pPOJAy6y_V9Y14hEpL/view?usp=drive_link
BSC(H) CHEMISTRY,GASEOUS AND LIQUID STATE,2023,Not Specified,,https://drive.google.com/file/d/1FtOHAYHfhufSIeg5TFBMDNs43bA0j-KW/view?usp=drive_link,,Paper Code 2172011103 | Syllabus: https://drive.google.com/file/d/1isGlid3COk1KY3dVg9z3xXuT4KCFShJq/view?usp=drive_link
BSC(H) CHEMISTRY,GASEOUS AND LIQUID STATE,2023,Not Specified,,https://drive.google.com/file/d/1FF8vyh7A0bY7jD5JpM-EH9k_g0NuuwHg/view?usp=drive_link,,Paper Code 2172011103 | Syllabus: https://drive.google.com/file/d/1isGlid3COk1KY3dVg9z3xXuT4KCFShJq/view?usp=drive_link
BSC(H) COMPUTER SCIENCE,COMPUTER SYSTEM ARCHITECTURE,2023,Not Specified,,https://drive.google.com/file/d/1YJFWJcAkRyq_2LN_fm_08QEcklrtuRUf/view?usp=drive_link,,Paper Code 2342011102 | Syllabus: https://drive.google.com/file/d/1JahJ1XdtI9HPELnMvEb1bgLoKRAGfl_4/view?usp=drive_link
BSC(H) COMPUTER SCIENCE,DATA ANALYSIS AND VISUALIZATION,2023,Not Specified,,https://drive.google.com/file/d/1e8oJw3OcIjKI3ZpnsjkqHEiWgDrqLU4j/view?usp=drive_link,,Paper Code 2343012002 | Syllabus: https://drive.google.com/file/d/1n9z45tgn_nY_QFnWUh-9S3CQngpDsKB4/view?usp=drive_link
BSC(H) COMPUTER SCIENCE,DATA STRUCTURES,2023,Not Specified,,https://drive.google.com/file/d/1pAXYhzIYxWjvHx4zoo0dZhrnLNVCKjqf/view?usp=drive_link,,Paper Code 2342012301 | Syllabus: https://drive.google.com/file/d/1UDKwNFHl9cVw5bwA7lj4eapi0koLpdxT/view?usp=drive_link
BSC(H) COMPUTER SCIENCE,DISCRETE MATHEMATICAL STRUCTURES,2023,Not Specified,,https://drive.google.com/file/d/1EPidZcqMHpE3qV6dckS4qYipYm7YnWD3/view?usp=drive_link,,Paper Code 2342011202 | Syllabus: https://drive.google.com/file/d/1h1RTGQ8e6vxRu4fxzKlepLHxyjn8D5uZ/view?usp=drive_link
BSC(H) COMPUTER SCIENCE,MATHEMATICS FOR COMPUTING,2023,Not Specified,,https://drive.google.com/file/d/1Mo0LkF9Ikqqybgtp-_c4KccZ9VzQJVEW/view?usp=drive_link,,Paper Code 2342011103 | Syllabus: https://drive.google.com/file/d/1E1tsM3dBoUZ9la-J5lGp-CJzBsHGYFTB/view?usp=drive_link
BSC(H) COMPUTER SCIENCE,NUMERICAL OPTIMIZATION,2023,Not Specified,,https://drive.google.com/file/d/1VEr_CmqCWargzJoZLWz8W_UJr8bqx_at/view?usp=drive_link,,Paper Code 2342012303 | Syllabus: https://drive.google.com/file/d/1HNshYMMmDAE4HXY6Y7tjOuYjdy8D_u2b/view?usp=drive_link
BSC(H) COMPUTER SCIENCE,OBJECT ORIENTED PROGRAMMING WITH C++,2023,Not Specified,,https://drive.google.com/file/d/1hxCzVS8bMi3-Bpk4uIi8gdNqPqGOC8CM/view?usp=drive_link,,Paper Code 2342011201 | Syllabus: https://drive.google.com/file/d/1yFXXI9bbXyOaThRFlONXjsTQpaBuiQiZ/view?usp=drive_link
BSC(H) COMPUTER SCIENCE,OPERATING SYSTEMS,2023,Not Specified,,https://drive.google.com/file/d/1o7NFiETq2BU20Ia1FYoEH18_sbc7wG_C/view?usp=drive_link,,Paper Code 2342012302 | Syllabus: https://drive.google.com/file/d/1P6XWdwvh90affF8lPLp2lkpIunw_a63S/view?usp=drive_link
BSC(H) COMPUTER SCIENCE,PROBABILITY FOR COMPUTING,2023,Not Specified,,https://drive.google.com/file/d/1-oTRTBndGbzVFdwcGCV6W17SpJPnXxVQ/view?usp=drive_link,,Paper Code 2342011203 | Syllabus: https://drive.google.com/file/d/1f59g6M1zc47K3D2-ub_a7Z59HnptfERL/view?usp=drive_link
BSC(H) COMPUTER SCIENCE,PROGRAMMING USING PYTHON,2023,Not Specified,,https://drive.google.com/file/d/1t3x8h_2A-cMCOpX3ZdShFjqMlJeJYapu/view?usp=drive_link,,Paper Code 2342011101 | Syllabus: https://drive.google.com/file/d/1l3zePtkk2Su9pwn_pxjXi4hDWe3Axp1D/view?usp=drive_link
BSC(H) COMPUTER SCIENCE,COMPUTER NETWORKS,2024,Not Specified,,https://drive.google.com/file/d/1bBVL3ec8IV3naOeOpydnE5STpOFbVXYN/view?usp=drive_link,,Paper Code 2342012403 | Syllabus: https://drive.google.com/file/d/1HDNO6divHjnPWmvjhb69hg9z_6y44Q5K/view?usp=drive_link
BSC(H) COMPUTER SCIENCE,DATABASE MANAGEMENT SYSTEMS,2024,Not Specified,,https://drive.google.com/file/d/1_oWAmNNjjYiwItWdy4N5_pJccM7V05kI/view?usp=drive_link,,Paper Code 2342012402 | Syllabus: https://drive.google.com/file/d/19xPhU5cs7Y5owVVveH-S9hdYgMlzoBpc/view?usp=drive_link
BSC(H) COMPUTER SCIENCE,DESIGN AND ANALYSIS OF ALGORITHMS,2024,Not Specified,,https://drive.google.com/file/d/1nVk2ead0mLfo00hhq9TH84DmT5wAQu_z/view?usp=drive_link,,Paper Code 2342012401 | Syllabus: https://drive.google.com/file/d/1oQnfmZOnhdNpUFCh_8IuSPJPi035fd8-/view?usp=drive_link
BSC(H) COMPUTER SCIENCE,DISCRETE MATHEMATICAL STRUCTURES,2024,Not Specified,,https://drive.google.com/file/d/1741e5eTdVrbE_-eoLDxwxm3Z_gGegGDe/view?usp=sharing,,Paper Code 2342011202 | Syllabus: https://drive.google.com/file/d/1h1RTGQ8e6vxRu4fxzKlepLHxyjn8D5uZ/view?usp=drive_link
BSC(H) COMPUTER SCIENCE,OBJECT ORIENTED PROGRAMMING WITH C++,2024,Not Specified,,https://drive.google.com/file/d/1cbgFnOSRnRufpNcAG_Mn6hHEXUsuuG1l/view?usp=sharing,,Paper Code 2342011201 | Syllabus: https://drive.google.com/file/d/1yFXXI9bbXyOaThRFlONXjsTQpaBuiQiZ/view?usp=drive_link
BSC(H) COMPUTER SCIENCE,ALGORITHMS AND ADVANCED DATA STRUCTURES,2025,Not Specified,,https://drive.google.com/file/d/1zD0eAc2y-B-JVzusLDAjRuocvnVyMHIf/view?usp=sharing,,Paper Code 2342013501 | Syllabus: https://drive.google.com/file/d/1AQriwwCIJPMFCsXJovbWpQZQy76rHRaW/view?usp=drive_link
BSC(H) COMPUTER SCIENCE,COMPUTER GRAPHICS,2025,Not Specified,,https://drive.google.com/file/d/1GoovH6gDyKkuAahfVYQyPlDxSJGQFlhu/view?usp=sharing,,Paper Code 2342012304 | Syllabus: https://drive.google.com/file/d/198SNlR8AuCDcQCMqsoDGIUEeQYClwmAs/view?usp=drive_link
BSC(H) COMPUTER SCIENCE,COMPUTER NETWORKS,2025,Not Specified,,https://drive.google.com/file/d/19fQ7E2Ic7BJfpbc3dqHLpnkGSz-nMXV8/view?usp=sharing,,Paper Code 2342012403 | Syllabus: https://drive.google.com/file/d/1HDNO6divHjnPWmvjhb69hg9z_6y44Q5K/view?usp=drive_link
BSC(H) COMPUTER SCIENCE,COMPUTER SYSTEM ARCHITECTURE,2025,Not Specified,,https://drive.google.com/file/d/1bUSS7LNwHD600VmVX91m2ejpCADzICfS/view?usp=sharing,,Paper Code 2342011102 | Syllabus: https://drive.google.com/file/d/1JahJ1XdtI9HPELnMvEb1bgLoKRAGfl_4/view?usp=drive_link
BSC(H) COMPUTER SCIENCE,DATA PRIVACY,2025,Not Specified,,https://drive.google.com/file/d/1q56P7LUiu38kJmS_zHE6fY8D8H59eNCC/view?usp=sharing,,Paper Code 2343010010 | Syllabus: https://drive.google.com/file/d/1m16axUclVftcKRCzTvRbpM4KTFnKYrsA/view?usp=drive_link
BSC(H) COMPUTER SCIENCE,DATA STRUCTURES,2025,Not Specified,,https://drive.google.com/file/d/1d3BaA0OTvVErCtTf8fVuTNZSFheoqda3/view?usp=sharing,,Paper Code 2342012301 | Syllabus: https://drive.google.com/file/d/1UDKwNFHl9cVw5bwA7lj4eapi0koLpdxT/view?usp=drive_link
BSC(H) COMPUTER SCIENCE,DATABASE MANAGEMENT SYSTEMS,2025,Not Specified,,https://drive.google.com/file/d/15rgeebZJXcmEgHrh270PzJL0OKZusZFo/view?usp=sharing,,Paper Code 2342012402 | Syllabus: https://drive.google.com/file/d/19xPhU5cs7Y5owVVveH-S9hdYgMlzoBpc/view?usp=drive_link
BSC(H) COMPUTER SCIENCE,DISCRETE MATHEMATICAL STRUCTURES,2025,Not Specified,,https://drive.google.com/file/d/1i88b63tNlKl-R69-Hxertao604CUKcc8/view?usp=sharing,,Paper Code 2342011202 | Syllabus: https://drive.google.com/file/d/1h1RTGQ8e6vxRu4fxzKlepLHxyjn8D5uZ/view?usp=drive_link
BSC(H) COMPUTER SCIENCE,MATHEMATICS FOR COMPUTING,2025,Not Specified,,https://drive.google.com/file/d/10iMotH1UPikapCEofp_BZ7KBoJp4bybQ/view?usp=sharing,,Paper Code 2342011103 | Syllabus: https://drive.google.com/file/d/1E1tsM3dBoUZ9la-J5lGp-CJzBsHGYFTB/view?usp=drive_link
BSC(H) COMPUTER SCIENCE,NUMERICAL OPTIMIZATION,2025,Not Specified,,https://drive.google.com/file/d/1dJPpDWHQfyOQSB35NUcRpI_OW6x98GCo/view?usp=sharing,,Paper Code 2342012303 | Syllabus: https://drive.google.com/file/d/1HNshYMMmDAE4HXY6Y7tjOuYjdy8D_u2b/view?usp=drive_link
BSC(H) COMPUTER SCIENCE,OBJECT ORIENTED PROGRAMMING USING PYTHON,2025,Not Specified,,https://drive.google.com/file/d/1QO6yQ48dYKIaxqQLmIANDi5bA9Gl2Ud6/view?usp=sharing,,Paper Code 2342011104 | Syllabus: https://mscw.ac.in/library/NA
BSC(H) COMPUTER SCIENCE,OBJECT ORIENTED PROGRAMMING WITH C++,2025,Not Specified,,https://drive.google.com/file/d/1vtazPUAHf43M0Cw8CHfHa5XIeb7tISqy/view?usp=sharing,,Paper Code 2342011201 | Syllabus: https://drive.google.com/file/d/1yFXXI9bbXyOaThRFlONXjsTQpaBuiQiZ/view?usp=drive_link
BSC(H) COMPUTER SCIENCE,OPERATING SYSTEMS,2025,Not Specified,,https://drive.google.com/file/d/1X9Z9yc5MJITmUC3ERYvA9ZaIsvCIICVr/view?usp=sharing,,Paper Code 2342012302 | Syllabus: https://drive.google.com/file/d/1P6XWdwvh90affF8lPLp2lkpIunw_a63S/view?usp=drive_link
BSC(H) COMPUTER SCIENCE,PROBABILITY FOR COMPUTING,2025,Not Specified,,https://drive.google.com/file/d/1Da_g-Kkpe3EbwKW_uWaJywEzULHUiDsl/view?usp=sharing,,Paper Code 2342011203 | Syllabus: https://drive.google.com/file/d/1f59g6M1zc47K3D2-ub_a7Z59HnptfERL/view?usp=drive_link
BSC(H) COMPUTER SCIENCE,PROGRAMMING USING PYTHON,2025,Not Specified,,https://drive.google.com/file/d/17jDYvVBTdwcEEWCihiWYGfu99Jv251j6/view?usp=sharing,,Paper Code 2342011101 | Syllabus: https://drive.google.com/file/d/1l3zePtkk2Su9pwn_pxjXi4hDWe3Axp1D/view?usp=drive_link
BSC(H) COMPUTER SCIENCE,SOFTWARE ENGINEERING,2025,Not Specified,,https://drive.google.com/file/d/1inNY7sPIoUFnE_wo9jhCZGX2w0SvNW_R/view?usp=sharing,,Paper Code 2342013503 | Syllabus: https://drive.google.com/file/d/1X5H-kBPpDZanc59csEdmJLu2Hcq0pm1O/view?usp=drive_link
BSC(H) COMPUTER SCIENCE,THEORY OF COMPUTATION,2025,Not Specified,,https://drive.google.com/file/d/1yPaoe0pPgRW1bW7Mnd1L8GKCquPLGSAR/view?usp=sharing,,Paper Code 2342013502 | Syllabus: https://drive.google.com/file/d/1hGjIfOA8gB539-S9fzpD1SVVw20yp374/view?usp=drive_link
BSC(H) MATHEMATICS,ALGEBRA,2023,Not Specified,,https://drive.google.com/file/d/11uYTy8lHUJna-l_GqtEM8WLDpZCC9uKI/view?usp=drive_link,,Paper Code 2352011101 | Syllabus: https://drive.google.com/file/d/1QNcHwHQZeVT2lRfCiIshZqlEg8zn4ixq/view?usp=drive_link
BSC(H) MATHEMATICS,CALCULUS,2023,Not Specified,,https://drive.google.com/file/d/14y4n3QbTJ3pi0kw5UEduf84t_mDOPV43/view?usp=drive_link,,Paper Code 2352011202 | Syllabus: https://drive.google.com/file/d/1Hrl_ut9Sxy2Zb0V_HYu7bWNxSlcm0qFP/view?usp=drive_link
BSC(H) MATHEMATICS,DISCRETE MATHEMATICS,2023,Not Specified,,https://drive.google.com/file/d/109gK_QpTSW7Jn2Yj4lhrN_-R5Gt8peTz/view?usp=drive_link,,Paper Code 2352012303 | Syllabus: https://drive.google.com/file/d/17SYWYvamj1R--qwZy1atAhM-a1Lr6krR/view?usp=drive_link
BSC(H) MATHEMATICS,ELEMENTARY REAL ANALYSIS,2023,Not Specified,,https://drive.google.com/file/d/1bWqavgkKMTjKXn0AcKpShhw9ft2n3cIn/view?usp=drive_link,,Paper Code 2352011102 | Syllabus: https://drive.google.com/file/d/1TihYpTs6lw7WI_D_1ITzo0QPdNmrSvQj/view?usp=drive_link
BSC(H) MATHEMATICS,GRAPH THEORY,2023,Not Specified,,https://drive.google.com/file/d/1CfFj-5qtNwe4NWSO0mA0QsoirSAuZ3kS/view?usp=drive_link,,Paper Code 2353012001 | Syllabus: https://drive.google.com/file/d/1coWRde_ttgW6XK3hX_c2D8F49lq1Ai5O/view?usp=drive_link
BSC(H) MATHEMATICS,GROUP THEORY,2023,Not Specified,,https://drive.google.com/file/d/1zy30gGUAcsk4v8LY17cNU6IfvmKmoFHr/view?usp=drive_link,,Paper Code 2352012301 | Syllabus: https://drive.google.com/file/d/1B1z20yFL1dZw4kKV1YzShBZePPE3G6N7/view?usp=drive_link
BSC(H) MATHEMATICS,LINEAR ALGEBRA,2023,Not Specified,,https://drive.google.com/file/d/1UMpM0HERhRzSm2FrJBpui13FlPQpHi1I/view?usp=drive_link,,Paper Code 2352011201 | Syllabus: https://drive.google.com/file/d/1FlqsOyhFMeIh1a29cWX2JaRElfSnEHhR/view?usp=drive_link
BSC(H) MATHEMATICS,MATHEMATICAL PYTHON,2023,Not Specified,,https://drive.google.com/file/d/1zjxKIQ9beK3vtAMYlLt5e1hY4KXI-MjK/view?usp=drive_link,,Paper Code 2353012002 | Syllabus: https://drive.google.com/file/d/1ctq70MX8-7aJCNiw0njznoROaPepppQG/view?usp=drive_link
BSC(H) MATHEMATICS,ORDINARY DIFFERENTIAL EQUATIONS,2023,Not Specified,,https://drive.google.com/file/d/1FfvREMmcUbnahH5oudMAMSx3airL46mn/view?usp=drive_link,,Paper Code 2352011203 | Syllabus: https://drive.google.com/file/d/1vaOR3zXJprBUsuylNH4jNuOjrnUvSupX/view?usp=drive_link
BSC(H) MATHEMATICS,PROBABILITY AND STATISTICS,2023,Not Specified,,https://drive.google.com/file/d/1GcBRvpxR6pqjJJYCmzqRvS0KrfeT15RA/view?usp=drive_link,,Paper Code 2352011103 | Syllabus: https://drive.google.com/file/d/1YBx2v6Hv8KpLl0p1m9HsElaurtQMpeSr/view?usp=drive_link
BSC(H) MATHEMATICS,RIEMANN INTEGRATION,2023,Not Specified,,https://drive.google.com/file/d/1IGwnUtaIxHz0JklZN7d_JT9zjCSQ_FfU/view?usp=drive_link,,Paper Code 2352012302 | Syllabus: https://drive.google.com/file/d/17y5Cw2A63wiTTb8is-iOTEEHa2QVsDBg/view?usp=drive_link
BSC(H) MATHEMATICS,CALCULUS,2024,Not Specified,,https://drive.google.com/file/d/1oDUonLL2D2gytwNyaUYoy9Jt97-oYf75/view?usp=sharing,,Paper Code 2352011202 | Syllabus: https://drive.google.com/file/d/1Hrl_ut9Sxy2Zb0V_HYu7bWNxSlcm0qFP/view?usp=drive_link
BSC(H) MATHEMATICS,LINEAR ALGEBRA,2024,Not Specified,,https://drive.google.com/file/d/16vSIEbWTQEzTW4Jnazf4J35ta8Jnji7_/view?usp=sharing,,Paper Code 2352011201 | Syllabus: https://drive.google.com/file/d/1FlqsOyhFMeIh1a29cWX2JaRElfSnEHhR/view?usp=drive_link
BSC(H) MATHEMATICS,MULTIVARIATE CALCULUS,2024,Not Specified,,https://drive.google.com/file/d/18fYPN9_ZADCc7INzNAqIbhAB70zYF3_y/view?usp=drive_link,,Paper Code 2352012402 | Syllabus: https://drive.google.com/file/d/1Lud56h4e15Jy-0lsy3gjnYXLusRjsuCX/view?usp=drive_link
BSC(H) MATHEMATICS,SEQUENCES AND SERIES OF FUNCTIONS,2024,Not Specified,,https://drive.google.com/file/d/1Flkxuv3Pb_st5LLABeAPcAAaGGmdIt1A/view?usp=drive_link,,Paper Code 2352012401 | Syllabus: https://drive.google.com/file/d/1JB8hAeFpx7DX7g1rfu82H7c-aoVp0T3N/view?usp=drive_link
BSC(H) MATHEMATICS,ALGEBRA,2025,Not Specified,,https://drive.google.com/file/d/1encfl2jDDu2K3ixS5MuEpeGnVy1mYhdY/view?usp=sharing,,Paper Code 2352011101 | Syllabus: https://drive.google.com/file/d/1QNcHwHQZeVT2lRfCiIshZqlEg8zn4ixq/view?usp=drive_link
BSC(H) MATHEMATICS,CALCULUS,2025,Not Specified,,https://drive.google.com/file/d/1SU7tW1E_AQPxoIobEf9d3xmY7JbCbwlS/view?usp=sharing,,Paper Code 2352011202 | Syllabus: https://drive.google.com/file/d/1Hrl_ut9Sxy2Zb0V_HYu7bWNxSlcm0qFP/view?usp=drive_link
BSC(H) MATHEMATICS,DISCRETE MATHEMATICS,2025,Not Specified,,https://drive.google.com/file/d/1-EQtV011uiCnYK-VLWwUO7wScB-DstKj/view?usp=sharing,,Paper Code 2352012303 | Syllabus: https://drive.google.com/file/d/17SYWYvamj1R--qwZy1atAhM-a1Lr6krR/view?usp=drive_link
BSC(H) MATHEMATICS,ELEMENTARY REAL ANALYSIS,2025,Not Specified,,https://drive.google.com/file/d/17dA5n1qmo_j01gkNySuGz3RceKmn5EFt/view?usp=sharing,,Paper Code 2352011102 | Syllabus: https://drive.google.com/file/d/1TihYpTs6lw7WI_D_1ITzo0QPdNmrSvQj/view?usp=drive_link
BSC(H) MATHEMATICS,GROUP THEORY,2025,Not Specified,,https://drive.google.com/file/d/1iPnT4XrWkL7ur5W9QjnYJFgethpQDiu0/view?usp=sharing,,Paper Code 2352012301 | Syllabus: https://drive.google.com/file/d/1B1z20yFL1dZw4kKV1YzShBZePPE3G6N7/view?usp=drive_link
BSC(H) MATHEMATICS,LINEAR ALGEBRA,2025,Not Specified,,https://drive.google.com/file/d/1EaIHS9waJuJxEENCHVUnS2o4bc3nkje6/view?usp=sharing,,Paper Code 2352011201 | Syllabus: https://drive.google.com/file/d/1FlqsOyhFMeIh1a29cWX2JaRElfSnEHhR/view?usp=drive_link
BSC(H) MATHEMATICS,LINEAR PROGRAMMING AND APPLICATIONS,2025,Not Specified,,https://drive.google.com/file/d/1evrg-0Wik1a1zuKSdelCyR89bDTn_036/view?usp=sharing,,Paper Code 2353010008 | Syllabus: https://drive.google.com/file/d/157y4T7Nipe1m0kiaYXn7Qs97SKO4wvzV/view?usp=drive_link
BSC(H) MATHEMATICS,MATHEMATICAL DATA SCIENCE,2025,Not Specified,,https://drive.google.com/file/d/11MjA8BHZiMyMrm66Ga63QyuxTYlIr_PA/view?usp=sharing,,Paper Code 2353010007 | Syllabus: https://drive.google.com/file/d/1f5-_0x1TEaPJMV2xmftWo6WslzNVJCu_/view?usp=drive_link
BSC(H) MATHEMATICS,METRIC SPACES,2025,Not Specified,,https://drive.google.com/file/d/1Wk35Bxk-Ccn8T9S28vEa9tVcn_bFOrm7/view?usp=sharing,,Paper Code 2352013501 | Syllabus: https://drive.google.com/file/d/1c6YqpAVl4ETk7MS2wmHBlElqIxth3GiT/view?usp=drive_link
BSC(H) MATHEMATICS,MULTIVARIATE CALCULUS,2025,Not Specified,,https://drive.google.com/file/d/1yY0mmFjA7RxucqfV5Y1UzOMfBDP6zF2S/view?usp=sharing,,Paper Code 2352012402 | Syllabus: https://drive.google.com/file/d/1Lud56h4e15Jy-0lsy3gjnYXLusRjsuCX/view?usp=drive_link
BSC(H) MATHEMATICS,ORDINARY DIFFERENTIAL EQUATIONS,2025,Not Specified,,https://drive.google.com/file/d/1D297EmH920hCklrZ5b2iKArwuLeFCsuw/view?usp=sharing,,Paper Code 2352011203 | Syllabus: https://drive.google.com/file/d/1vaOR3zXJprBUsuylNH4jNuOjrnUvSupX/view?usp=drive_link
BSC(H) MATHEMATICS,PARTIAL DIFFERENTIAL EQUATIONS,2025,Not Specified,,https://drive.google.com/file/d/1eFLjTwHY9DZLluXmpuP4syeORKG-xbQy/view?usp=sharing,,Paper Code 2352013503 | Syllabus: https://drive.google.com/file/d/1Yx6YXt7TN9oe5xxKNqBhaZ2juLS78xSz/view?usp=drive_link
BSC(H) MATHEMATICS,PROBABILITY AND STATISTICS,2025,Not Specified,,https://drive.google.com/file/d/1Yg6eNFUBkd1bzklVCjQ6bzJbE_lSVS9B/view?usp=sharing,,Paper Code 2352011103 | Syllabus: https://drive.google.com/file/d/1YBx2v6Hv8KpLl0p1m9HsElaurtQMpeSr/view?usp=drive_link
BSC(H) MATHEMATICS,RIEMANN INTEGRATION,2025,Not Specified,,https://drive.google.com/file/d/1PPWheb9_VluGhKCSmJ87HCuE9Tq1QR0o/view?usp=sharing,,Paper Code 2352012302 | Syllabus: https://drive.google.com/file/d/17y5Cw2A63wiTTb8is-iOTEEHa2QVsDBg/view?usp=drive_link
BSC(H) MATHEMATICS,RING THEORY,2025,Not Specified,,https://drive.google.com/file/d/11saip1KMb5r3ItpL1K9w-Uo_GS0m2vIt/view?usp=sharing,,Paper Code 2352013502 | Syllabus: https://drive.google.com/file/d/1tU33EtrCZii83pMEHfyxzJULjLPIR3is/view?usp=drive_link
BSC(H) MATHEMATICS,SEQUENCES AND SERIES OF FUNCTIONS,2025,Not Specified,,https://drive.google.com/file/d/1THXRAFUUKK-2FZrnq7cIwUye77zAGjwH/view?usp=sharing,,Paper Code 2352012401 | Syllabus: https://drive.google.com/file/d/1JB8hAeFpx7DX7g1rfu82H7c-aoVp0T3N/view?usp=drive_link
BSC(H) PHYSICS,MATHEMATICAL PHYSICS 1,2023,Not Specified,,https://drive.google.com/file/d/10AeQzJ4LhqjMGlAOOyPHhqWqWTi0I9X5/view?usp=drive_link,,Paper Code 2222011101 | Syllabus: https://drive.google.com/file/d/1lrQvFNXRbb1_u117W5u4Tn3o1vAtLcvt/view?usp=drive_link
BSC(H) PHYSICS,MECHANICS,2023,Not Specified,,https://drive.google.com/file/d/1cK8GGkkScjPTmpM6kkpifEe5oUsJLgbn/view?usp=drive_link,,Paper Code 2222011102 | Syllabus: https://drive.google.com/file/d/19vZ8f_qFKogMpVwp7An0yrrlM18WEgOW/view?usp=drive_link
BSC(H) PHYSICS,WAVES AND OSCILLATIONS,2023,Not Specified,,https://drive.google.com/file/d/1iZXJj50udYujCrBBDA1XaBKxpd95-Ae4/view?usp=drive_link,,Paper Code 2222011103 | Syllabus: https://drive.google.com/file/d/1qPCA50BSP9MhSlyRElofAge2FNPbYHBY/view?usp=drive_link
BSC(H) STATISTICS,ADVANCED PROBABILITY DISTRIBUTIONS,2023,Not Specified,,https://drive.google.com/file/d/18YSXZNYIgchrNl666jTOc2fNurlgxURO/view?usp=drive_link,,Paper Code 2372012302 | Syllabus: https://drive.google.com/file/d/1nOli0P69gX9danW-zsRxLN9q2uqxll37/view?usp=drive_link
BSC(H) STATISTICS,ALGEBRA FOR STATISTICS,2023,Not Specified,,https://drive.google.com/file/d/1_XjUIgwV6p4qFplQzjCKMU8OQnQpFqek/view?usp=drive_link,,Paper Code 2372011203 | Syllabus: https://drive.google.com/file/d/1AMiwbkhzo5L75bKvQZUMU0UkHMOSYSFK/view?usp=drive_link
BSC(H) STATISTICS,APPLIED STATISTICS - I,2023,Not Specified,,https://drive.google.com/file/d/1ha0ijpFpt1D0Y_72ZHizQw2zUcCrmWnM/view?usp=drive_link,,Paper Code 2372011202 | Syllabus: https://drive.google.com/file/d/1pbXrP6FTSGAco1l3dIQ1V2n7vO0GApXs/view?usp=drive_link
BSC(H) STATISTICS,CALCULUS,2023,Not Specified,,https://drive.google.com/file/d/1Yu-g8hDT70SgiatsMwJOxUGiXqB6TD9M/view?usp=drive_link,,Paper Code 2372011103 | Syllabus: https://drive.google.com/file/d/1gc4hF9ciUFcIrEH1l2tbTwk_4afz6ZGh/view?usp=drive_link
BSC(H) STATISTICS,DESCRIPTIVE STATISTICS,2023,Not Specified,,https://drive.google.com/file/d/1TH6l3Zvs-PbxbJZRxWuHq4B3098N2XB7/view?usp=drive_link,,Paper Code 2372011101 | Syllabus: https://drive.google.com/file/d/1XGPPPVi4ApotFSOhbBq_7LbiWy1daOu9/view?usp=drive_link
BSC(H) STATISTICS,INTRODUCTION TO PROBABILITY,2023,Not Specified,,https://drive.google.com/file/d/1Vj1N-21Spb9e3k9zAqtboHy3YiTqlD9Q/view?usp=drive_link,,Paper Code 2372011102 | Syllabus: https://drive.google.com/file/d/1ANQc54fY5prhkyNjXSJM1NUeOoQdpmzE/view?usp=drive_link
BSC(H) STATISTICS,MATHEMATICAL ANALYSIS,2023,Not Specified,,https://drive.google.com/file/d/1XMUkv5gjYPkPmAH8RWig5M7HNHT0UD5_/view?usp=drive_link,,Paper Code 2372012303 | Syllabus: https://drive.google.com/file/d/1BwpXQYBjM8FOBCsmE1VTJcs_mTrKeAQe/view?usp=drive_link
BSC(H) STATISTICS,OPTIMIZATION TECHNIQUES,2023,Not Specified,,https://drive.google.com/file/d/12HAMi9SNe2ibSOjUg0k91BbLVabiORx_/view?usp=drive_link,,Paper Code 2373012001 | Syllabus: https://drive.google.com/file/d/1Fml8_yNWERQkzDU7f3msPC9EtoR0TAMh/view?usp=drive_link
BSC(H) STATISTICS,SAMPLE SURVEYS,2023,Not Specified,,https://drive.google.com/file/d/1TP6YhYDbAA19BJo7N-DGWRIyficjL6Jy/view?usp=drive_link,,Paper Code 2372012301 | Syllabus: https://drive.google.com/file/d/11s2zIRlg3aaCgr5f49QLCXyRJbrZcY2J/view?usp=drive_link
BSC(H) STATISTICS,APPLIED STATISTICS,2024,Not Specified,,https://drive.google.com/file/d/1UUjhghLVgH6KjutTAx1WK-tgdnMzjwW6/view?usp=sharing,,Paper Code 2372011202 | Syllabus: https://drive.google.com/file/d/1pbXrP6FTSGAco1l3dIQ1V2n7vO0GApXs/view?usp=drive_link
BSC(H) STATISTICS,SAMPLING DISTRIBUTIONS,2024,Not Specified,,https://drive.google.com/file/d/1Jcvp6c8-7gafOB46QkAvRpnqqWlz-uG6/view?usp=drive_link,,Paper Code 2372012401 | Syllabus: https://drive.google.com/file/d/1Rx0W9Kb4UPqmYbPmzDK2u9U6C50gn9Di/view?usp=drive_link
BSC(H) STATISTICS,THEORY OF PROBABILITY DISTRIBUTIONS,2024,Not Specified,,https://drive.google.com/file/d/1AjgfGynxZCUfIsprTB7bUIq2eUmjlOlW/view?usp=sharing,,Paper Code 2372011201 | Syllabus: https://drive.google.com/file/d/1183NI1P4gDRA1Yh0kXMvLT3Ak2GMK6qY/view?usp=drive_link
BSC(H) STATISTICS,TOTAL QUALITY MANAGEMENT,2024,Not Specified,,https://drive.google.com/file/d/1JpmjuAl5Q9M5vx-EbkCZ-DePLHy4Y7nt/view?usp=drive_link,,Paper Code 2372012402 | Syllabus: https://drive.google.com/file/d/1WqDJe0XT-3HWRjRrldTpkAjDOegr4aIK/view?usp=drive_link
BSC(H) STATISTICS,ACTUARIAL STATISTICS,2025,Not Specified,,https://drive.google.com/file/d/1dBSFrD8T1PGeRKhOEeOgl3Dk06pgnT-4/view?usp=sharing,,Paper Code 2373010005 | Syllabus: https://drive.google.com/file/d/16_Bk7GO83q5PLlz-Fd3gwSkDZnAqmTh2/view?usp=drive_link
BSC(H) STATISTICS,ADVANCED PROBABILITY DISTRIBUTIONS,2025,Not Specified,,https://drive.google.com/file/d/11yXYzcVA-NkfaF5mivvy8xHAijfgZFiC/view?usp=sharing,,Paper Code 2372012302 | Syllabus: https://drive.google.com/file/d/1nOli0P69gX9danW-zsRxLN9q2uqxll37/view?usp=drive_link
BSC(H) STATISTICS,ALGEBRA FOR STATISTICS,2025,Not Specified,,https://drive.google.com/file/d/1RXtd2wvVzFre8YULt349h11ZMj1hq8Zq/view?usp=sharing,,Paper Code 2372011203 | Syllabus: https://drive.google.com/file/d/1AMiwbkhzo5L75bKvQZUMU0UkHMOSYSFK/view?usp=drive_link
BSC(H) STATISTICS,APPLIED STATISTICS -I,2025,Not Specified,,https://drive.google.com/file/d/1bpq2S78QfyqbdMXBB4reRbTIoTWBthAw/view?usp=sharing,,Paper Code 2372011202 | Syllabus: https://drive.google.com/file/d/1pbXrP6FTSGAco1l3dIQ1V2n7vO0GApXs/view?usp=drive_link
BSC(H) STATISTICS,CALCULUS,2025,Not Specified,,https://drive.google.com/file/d/1rYzi23IBG3I7So7mXgDi2uy-EGrg8xWp/view?usp=sharing,,Paper Code 2372011103 | Syllabus: https://drive.google.com/file/d/1gc4hF9ciUFcIrEH1l2tbTwk_4afz6ZGh/view?usp=drive_link
BSC(H) STATISTICS,DESCRIPTIVE STATISTICS,2025,Not Specified,,https://drive.google.com/file/d/1welu6WleZfy7370QddQp36tSd1KxNzPu/view?usp=sharing,,Paper Code 2372011101 | Syllabus: https://drive.google.com/file/d/1XGPPPVi4ApotFSOhbBq_7LbiWy1daOu9/view?usp=drive_link
BSC(H) STATISTICS,INTRODUCTION TO PROBABILITY,2025,Not Specified,,https://drive.google.com/file/d/1WiYjCtW5nsKX7A1Rfkbsvu9mQnLTULEb/view?usp=sharing,,Paper Code 2372011102 | Syllabus: https://drive.google.com/file/d/1ANQc54fY5prhkyNjXSJM1NUeOoQdpmzE/view?usp=drive_link
BSC(H) STATISTICS,LINEAR MODELS,2025,Not Specified,,https://drive.google.com/file/d/1CBkDOhCvHSthBGqGS3KekuAO8Kd-AmQO/view?usp=sharing,,Paper Code 2372013502 | Syllabus: https://drive.google.com/file/d/1hYY3lEODc6iQ9uWpNC5WrogsIPaZAgxI/view?usp=drive_link
BSC(H) STATISTICS,MATHEMATICAL ANALYSIS,2025,Not Specified,,https://drive.google.com/file/d/1pD9MsGYRLZIxVPV4Y-vRKEGKUzH4506c/view?usp=sharing,,Paper Code 2372012303 | Syllabus: https://drive.google.com/file/d/1BwpXQYBjM8FOBCsmE1VTJcs_mTrKeAQe/view?usp=drive_link
BSC(H) STATISTICS,OPTIMIZATION TECHNIQUES,2025,Not Specified,,https://drive.google.com/file/d/1dg1EhIptOzfaYGtZd_ZPQoSYM888Iuts/view?usp=sharing,,Paper Code 2373012001 | Syllabus: https://drive.google.com/file/d/1Fml8_yNWERQkzDU7f3msPC9EtoR0TAMh/view?usp=drive_link
BSC(H) STATISTICS,SAMPLE SURVEYS,2025,Not Specified,,https://drive.google.com/file/d/1p7yWDSADptirb-eepmtpJS5Q-fk-j19F/view?usp=sharing,,Paper Code 2372012301 | Syllabus: https://drive.google.com/file/d/1VU5YC3KpNlYVFyNNTSDjm3RnwjJjasoy/view?usp=drive_link
BSC(H) STATISTICS,SAMPLING DISTRIBUTIONS,2025,Not Specified,,https://drive.google.com/file/d/1gQaHZpf-H08MAOR6yT29aQ5lzBA013yd/view?usp=sharing,,Paper Code 2372012401 | Syllabus: https://drive.google.com/file/d/1Rx0W9Kb4UPqmYbPmzDK2u9U6C50gn9Di/view?usp=drive_link
BSC(H) STATISTICS,STOCHASTIC PROCESSES,2025,Not Specified,,https://drive.google.com/file/d/1sazYETjyCwFKCzz23We42y7CXGlQ5R3X/view?usp=sharing,,Paper Code 2372013503 | Syllabus: https://drive.google.com/file/d/1F2jMIFkDR_Z6L3dY0kLuba98dK_s3CbO/view?usp=drive_link
BSC(H) STATISTICS,THEORY OF ESTIMATION,2025,Not Specified,,https://drive.google.com/file/d/1onGGSw43qBCNTxdn4-rXqChM73LKDkNf/view?usp=sharing,,Paper Code 2372013501 | Syllabus: https://drive.google.com/file/d/1yWlFEslvuq-BoVu6tAo6ZRn9ZE9uxp9M/view?usp=drive_link
BSC(H) STATISTICS,THEORY OF PROBABILITY DISTRIBUTIONS,2025,Not Specified,,https://drive.google.com/file/d/1_COFcf46-KP0-UI0WntttzeOL89SauvE/view?usp=sharing,,Paper Code 2372011201 | Syllabus: https://drive.google.com/file/d/1183NI1P4gDRA1Yh0kXMvLT3Ak2GMK6qY/view?usp=drive_link
BSC(H) STATISTICS,TOTAL QUALITY MANAGEMENT,2025,Not Specified,,https://drive.google.com/file/d/1mrfqi8-kul2O3rOOHk97mXeGhrOSC4jS/view?usp=sharing,,Paper Code 2372012402 | Syllabus: https://drive.google.com/file/d/1WqDJe0XT-3HWRjRrldTpkAjDOegr4aIK/view?usp=drive_link
BSC(H) ZOOLOGY,BIOLOGY OF CELL : STRUCTURE AND FUNCTIONS,2023,Not Specified,,https://drive.google.com/file/d/1dODmWmnTQK_5i3ZQheyAlIYY3uhECipG/view?usp=drive_link,,Paper Code 2232011102 | Syllabus: https://drive.google.com/file/d/1xQPz_WFe1XS_SJPSerb8BdmXp-gIcwSR/view?usp=drive_link
BSC(H) ZOOLOGY,CONCEPTS OF ECOLOGY,2023,Not Specified,,https://drive.google.com/file/d/1a_aKIt62y5NtCQgttClN32Ki3Q-tigRu/view?usp=drive_link,,Paper Code 2232011103 | Syllabus: https://drive.google.com/file/d/16ddvWM8sr2UK8iyR37aGMPBCoM3MeiCF/view?usp=drive_link
BSC(H) ZOOLOGY,NON CHORDATA,2023,Not Specified,,https://drive.google.com/file/d/1XQM_h0B4cH6a0j5t9f1LQEFVbW5hv7cj/view?usp=drive_link,,Paper Code 2232011101 | Syllabus: https://drive.google.com/file/d/1h58U5B4WcOHdy3Ew09tVMhj2uP8fv8XI/view?usp=drive_link
BSC(P),DATA INTERPRETATION AND VISUALIZATION USING PYTHON,2024,Not Specified,,https://drive.google.com/file/d/1mtZa_IQ0W_vwKIwxsZGP3iocOJi9X2-9/view?usp=sharing,,Paper Code 2342201202 | Syllabus: https://mscw.ac.in/library/NA
BSC(P),DATA STRUCTURES,2024,Not Specified,,https://drive.google.com/file/d/1-taMN5pHvrgFwzP4jMAns-ol7nYhumrb/view?usp=sharing,,Paper Code 2342571201 | Syllabus: https://mscw.ac.in/library/NA
ITEP,16TH & 17TH CENTURY ENGLISH DRAMA,2024,Not Specified,,https://drive.google.com/file/d/1F2wc1shncs63JL3tw_jjQBoZE3KzbvPp/view?usp=drive_link,,Paper Code 2032101202 | Syllabus: https://drive.google.com/file/d/1NVpeVeT7md-c1U3Sm7uJRFtCR5pDWU9V/view?usp=drive_link
ITEP,18TH CENTURY LITERATURE,2024,Not Specified,,https://drive.google.com/file/d/18GnpQKcSW4DkK6cEqM5zeOnQCxJ1oFFX/view?usp=drive_link,,Paper Code 2032101203 | Syllabus: https://drive.google.com/file/d/1Qn4Y93SIIMuoI_dCUK8EOj_ZGk2AtwU0/view?usp=drive_link
ITEP,APPLICATION OF SOCIAL PSYCHOLOGY,2024,Not Specified,,https://drive.google.com/file/d/1Tv7_au62fyRpdq0WAn5NghcVuYzJtry5/view?usp=drive_link,,Paper Code 2112201202 | Syllabus: https://drive.google.com/file/d/12f4IFmTZOOtyM-i2Vl1mA5KhOCXy1fnc/view?usp=drive_link
ITEP,BASIC STATISTICS FOR ECONOMICS,2024,Not Specified,,https://drive.google.com/file/d/1g06g_g_hfYbSjKmS1jSiXhOUNlHjK3Ja/view?usp=drive_link,,Paper Code 2272201202 | Syllabus: https://drive.google.com/file/d/1_005f3pIVycGt5DSQylzsDJDnaqRLt4q/view?usp=drive_link
ITEP,F.2.1 EVOLUTION OF INDIAN EDUCATION,2024,Not Specified,,https://drive.google.com/file/d/1xSJuthQLzoS0XRRrJZT8k_NGDZukAYHM/view?usp=drive_link,,Paper Code 2432711101 | Syllabus: https://drive.google.com/file/d/12S-jUDVTgEDHBOp37GI-QWGa1Xdz7UyK/view?usp=drive_link
ITEP,F.2.2 SOCIOLOGICAL PERSPECTIVES OF EDUCATION,2024,Not Specified,,https://drive.google.com/file/d/1eKbPuMfU9LQfMpupL9padob4lkHa9jad/view?usp=drive_link,,Paper Code 2432711201 | Syllabus: https://drive.google.com/file/d/1kulz8uZPvWE7srhBM3S-69rAusjY-z73/view?usp=drive_link
ITEP,FUNDAMENTALS OF PSYCHOLOGY,2024,Not Specified,,https://drive.google.com/file/d/1OtiWvW5KfMfx3Pl4TdOSxbSSd74IKmZU/view?usp=drive_link,,Paper Code 2112201101 | Syllabus: https://drive.google.com/file/d/1ShwAa0_V1QQUjpq_Rclxr2kEkGAem8ns/view?usp=drive_link
ITEP,HINDI KAVITA(MADHYAKAL AUR AADHUNIKKAL),2024,Not Specified,,https://drive.google.com/file/d/1G-hDKO238ynURFNQPBQI9Pyl_CJdYqr6/view?usp=drive_link,,Paper Code 2052201201 | Syllabus: https://drive.google.com/file/d/1Z9cUvFVYML9ThcwbApk-gtdxTHQ6EuPa/view?usp=drive_link
ITEP,HISTORY OF INDIA : 330 CE TO 1200 CE,2024,Not Specified,,https://drive.google.com/file/d/1cc6iNVacZB6s9TbEPmCMwGGVn7uUob5b/view?usp=drive_link,,Paper Code 2312201201 | Syllabus: https://drive.google.com/file/d/1ruIxK5OpnX2HqPnem4MvQrf9dljVjij7/view?usp=drive_link
ITEP,HISTORY OF INDIA FROM EARLIEST TIMES UPTO C.300 CE,2024,Not Specified,,https://drive.google.com/file/d/1XSSdF3CDvUPIx7M8gv1mmi8-K62J3bWg/view?usp=drive_link,,Paper Code 2312201101 | Syllabus: https://drive.google.com/file/d/1GCjEfaLGjlC9eVzBrTyeJG73KVGmpDG2/view?usp=drive_link
ITEP,INDIA'S FOREIGN POLICY,2024,Not Specified,,https://drive.google.com/file/d/1J3C-hbIL_sREplhRAjlB9KGltVhussXs/view?usp=drive_link,,Paper Code 2322201202 | Syllabus: https://drive.google.com/file/d/1_FEYOQJus6MWyq1ztSz8z22RCwse4aQZ/view?usp=drive_link
ITEP,INDIAN GOVERNMENT AND POLITICS,2024,Not Specified,,https://drive.google.com/file/d/1AYXgOOKhS8pzG-WUw2EtfTzAXPmJi-Du/view?usp=drive_link,,Paper Code 2322201201 | Syllabus: https://drive.google.com/file/d/15sjrqAQxL3z2DEwgUG2pjwCFocCLYizq/view?usp=drive_link
ITEP,INTRODUCTION TO LITERARY STUDIES,2024,Not Specified,,https://drive.google.com/file/d/1MUg2F0-6B8aiTrXWOMX1xfGkjpinuMZR/view?usp=drive_link,,Paper Code 2032201101 | Syllabus: https://drive.google.com/file/d/1x2pmygl5ihlEsRgxrm7VFOjO7ZF7Y1u0/view?usp=drive_link
ITEP,INTRODUCTION TO POLITICAL THEORY,2024,Not Specified,,https://drive.google.com/file/d/1RdBcKme-iXa8eYSOcgQ80jJ_Ec6eFwuo/view?usp=drive_link,,Paper Code 2322201101 | Syllabus: https://drive.google.com/file/d/1pNtv8axMk0QNQoHkla_1RYfi_K3Yknzu/view?usp=drive_link
ITEP,INTRODUCTION TO SOCIAL PSYCHOLOGY,2024,Not Specified,,https://drive.google.com/file/d/1QQB2gpD6gg-yWoHW2TcU0Qya6BAJCki2/view?usp=drive_link,,Paper Code 2112201201 | Syllabus: https://drive.google.com/file/d/16DToGlensyogEgbhHQAgHWdmpRF5kjwS/view?usp=drive_link
ITEP,INTRODUCTORY MACROECONOMICS,2024,Not Specified,,https://drive.google.com/file/d/11w402V1SjSy2XJwYMhWnj2OrEtIPxW8k/view?usp=drive_link,,Paper Code 2272201201 | Syllabus: https://drive.google.com/file/d/11uQt7qjHnKQb5Vb2pUoT7WG-fY2DusFt/view?usp=drive_link
ITEP,INTRODUCTORY MICROECONOMICS,2024,Not Specified,,https://drive.google.com/file/d/1Wz1XKl4FLYOo94hRYZ7t1rsmDz5s8euj/view?usp=drive_link,,Paper Code 2272201101 | Syllabus: https://drive.google.com/file/d/1VpGOkb4sZRMI2GIhdfXUsApYB6PGEYI6/view?usp=drive_link
ITEP,MEDIEVAL SOCIETIES : GLOBAL PERSPECTIVES,2024,Not Specified,,https://drive.google.com/file/d/1WO8rPaeQRBFaYodoRPvqIvdSB2oJLraD/view?usp=sharing,,Paper Code 2312201202 | Syllabus: https://drive.google.com/file/d/1jQXPiggyk2ZjMEIpFHyYqVRGCqyijvRG/view?usp=drive_link
ITEP,14TH-17TH CENTURY ENGLISH POETRY,2025,Not Specified,,https://drive.google.com/file/d/1LnXBCKftnf5g1BeTq9hojjbng3_UXAt8/view?usp=sharing,,Paper Code 2032101201 | Syllabus: https://drive.google.com/file/d/1fl-oaZgq7KkSZt1YA7G4cqqae0FTxwnl/view?usp=drive_link
ITEP,16TH & 17TH CENTURY ENGLISH DRAMA,2025,Not Specified,,https://drive.google.com/file/d/1WEVT1uD2Ai3NHblF2Y5nx61E0eDAWNRS/view?usp=sharing,,Paper Code 2032201201 | Syllabus: https://drive.google.com/file/d/1WXLcCJUahnUMKUtjAVzUIhy8qINA4TRs/view?usp=drive_link
ITEP,18TH CENTURY LITERATURE,2025,Not Specified,,https://drive.google.com/file/d/1CGFVSBVtanl4NbZlN2QI6VYi3YNRVpHH/view?usp=sharing,,Paper Code 2032201202 | Syllabus: https://drive.google.com/file/d/1ryoGnKNmP_LLdRSkh3oX6_8U8Yk2xZvW/view?usp=drive_link
ITEP,ANYA GADYA VIDHAEN,2025,Not Specified,,https://drive.google.com/file/d/18hA6ZhYi8fczfQmxRjVInvszrCvKhwFi/view?usp=sharing,,Paper Code 2052202401 | Syllabus: https://drive.google.com/file/d/1uok3mYvDMAUEoZrgEx5yG1c-9BeBcH_H/view?usp=drive_link
ITEP,APPLICATIONS OF SOCIAL PSYCHOLOGY,2025,Not Specified,,https://drive.google.com/file/d/1XWzqqP719AiiwoaLM98ty0DAGAqy8P4N/view?usp=sharing,,Paper Code 2112201202 | Syllabus: https://drive.google.com/file/d/1WYJc9qP9xVi51Odcsi2x6QvRN_L0SnQU/view?usp=drive_link
ITEP,BASIC ECONOMETRICS,2025,Not Specified,,https://drive.google.com/file/d/1q445wXifcolxGlKTF3TNjekb6AwkcvR6/view?usp=sharing,,Paper Code 2272202402 | Syllabus: https://drive.google.com/file/d/1uG1Pl830h-qVQghHsgUJ7RL5hKQLBGmm/view?usp=drive_link
ITEP,BASIC STATISTICS FOR ECONOMICS,2025,Not Specified,,https://drive.google.com/file/d/1A1EM4VYtIXMU5IM4nyKuGOV13cFaDV5L/view?usp=sharing,,Paper Code 2272201202 | Syllabus: https://drive.google.com/file/d/1_005f3pIVycGt5DSQylzsDJDnaqRLt4q/view?usp=drive_link
ITEP,COMPARATIVE GOVERNMENT AND POLITICS,2025,Not Specified,,https://drive.google.com/file/d/1lbW7cFJlqky956bXjW_9y6lze5FkQ71h/view?usp=sharing,,Paper Code 2322202401 | Syllabus: https://drive.google.com/file/d/1ofrn_mxmKpbOtmVqDl7cB8Jyxy36p1rL/view?usp=drive_link
ITEP,CULTURAL TRANSFORMATION IN EARLY MODERN EUROPE-II,2025,Not Specified,,https://drive.google.com/file/d/1MKt7hpUbHdz5iTaoHDI9xnYTpgwosnte/view?usp=drive_link,,Paper Code 2312202402 | Syllabus: https://drive.google.com/file/d/1hnpG9p0vXhluOLsOM2g7Eowolg7x2bZs/view?usp=drive_link
ITEP,CULTURAL TRANSFORMATION IN EARLY MODERN EUROPE-II,2025,Not Specified,,https://drive.google.com/file/d/1YpkeRuePyfqzIAR40ohGIxIt5GLZr2DZ/view?usp=sharing,,Paper Code 2312202402 | Syllabus: https://drive.google.com/file/d/1hnpG9p0vXhluOLsOM2g7Eowolg7x2bZs/view?usp=drive_link
ITEP,EMERGENCE AND GROWTH OF PSYCHOLOGY,2025,Not Specified,,https://drive.google.com/file/d/1yU6WOvK_fHFEuCAmtblD3ToI2HYlfjLm/view?usp=sharing,,Paper Code 2112202402 | Syllabus: https://drive.google.com/file/d/15cXIDITRyyP9xihOnBW6MlUEYMMpg87_/view?usp=drive_link
ITEP,HINDI KAVITA : SAGUN BHAKTIKAVYA EVAM RITIKALEEN KAVYA,2025,Not Specified,,https://drive.google.com/file/d/1DygK4LmdTHm7_WZZvbbykVKnTyQqHPhj/view?usp=sharing,,Paper Code 2052101201 | Syllabus: https://drive.google.com/file/d/1IUp9dIwBLFgxHBxIXgkzHcN5M3Xcq7Kq/view?usp=drive_link
ITEP,HINDI KAVITA MADHYAKAL AUR AADHUNIK KAL,2025,Not Specified,,https://drive.google.com/file/d/10zdPIasYWrAIkVnpHYxfPJwVNPHUotFV/view?usp=sharing,,Paper Code 2052201201 | Syllabus: https://drive.google.com/file/d/1Z9cUvFVYML9ThcwbApk-gtdxTHQ6EuPa/view?usp=drive_link
ITEP,HINDI SAHITYA KA ITIHAS (REETIKAL SE ADHUNIK KAL),2025,Not Specified,,https://drive.google.com/file/d/1NE-cYgokX1y1vBfeURX-GEhoOKW7HiOo/view?usp=sharing,,Paper Code 2052101202 | Syllabus: https://drive.google.com/file/d/19QG6SYIdjZVNLuKb6z1NBqn9EH3s8zI4/view?usp=drive_link
ITEP,HISTORY OF INDIA (1550-1700),2025,Not Specified,,https://drive.google.com/file/d/1rCRikSdprdNv750I1Rk3uMRfFSaDAjIa/view?usp=sharing,,Paper Code 2312202401 | Syllabus: https://drive.google.com/file/d/1wfW_Yh5pdmBo2eDGSbkmYhUI27_TZs1U/view?usp=drive_link
ITEP,HISTORY OF INDIA 300 CE TO 750 CE,2025,Not Specified,,https://drive.google.com/file/d/1omST84QlHf_hg2AJ_rvWvBSAzJDuFyig/view?usp=sharing,,Paper Code 2312101201 | Syllabus: https://drive.google.com/file/d/10zj9XrOLmjzl0wGHLqBB2t0yE4IcndKu/view?usp=drive_link
ITEP,HISTORY OF INDIA C.1550-1700,2025,Not Specified,,https://drive.google.com/file/d/1GulAb2qn5qC-HKMjWJGZvZ_0jyBc-w2o/view?usp=drive_link,,Paper Code 2312202401 | Syllabus: https://drive.google.com/file/d/1wfW_Yh5pdmBo2eDGSbkmYhUI27_TZs1U/view?usp=drive_link
ITEP,HISTORY OF INDIA: 300 CE TO 1200 CE,2025,Not Specified,,https://drive.google.com/file/d/1DT5DxBMF0xRYhNXLFcaqTWXLI9eVvLAO/view?usp=sharing,,Paper Code 2312201201 | Syllabus: https://drive.google.com/file/d/1ruIxK5OpnX2HqPnem4MvQrf9dljVjij7/view?usp=drive_link
ITEP,INDIA'S FOREIGN POLICY,2025,Not Specified,,https://drive.google.com/file/d/1M6FEG50SKNYae3JMszB6vDPW7xpmHU__/view?usp=sharing,,Paper Code 2322201202 | Syllabus: https://drive.google.com/file/d/1_FEYOQJus6MWyq1ztSz8z22RCwse4aQZ/view?usp=drive_link
ITEP,INDIAN CLASSICAL LITERATURE,2025,Not Specified,,https://drive.google.com/file/d/10TPa5fYUQlRaJe7hGG84Xc96DdejiRa6/view?usp=drive_link,,Paper Code 2032101103 | Syllabus: https://drive.google.com/file/d/1ArbN9yYgMdLiHgyXTWyy-I-T9gZFdfrm/view?usp=drive_link
ITEP,INDIAN GOVERNMENT AND POLITICS,2025,Not Specified,,https://drive.google.com/file/d/1rg86pXAFRJ_P1F1KLQvUyL3Q-GrE11J1/view?usp=sharing,,Paper Code 2322201201 | Syllabus: https://drive.google.com/file/d/15sjrqAQxL3z2DEwgUG2pjwCFocCLYizq/view?usp=drive_link
ITEP,INDIAN WRITING IN ENGLISH,2025,Not Specified,,https://drive.google.com/file/d/1NM41aHEAsX2hzsZ8Zv1vWJFtZY43goVs/view?usp=sharing,,Paper Code 2032102402 | Syllabus: https://drive.google.com/file/d/1GkNIS51usO-Fdz5Muc3SH0BsGvZz-ChS/view?usp=drive_link
ITEP,INTERMEDIATE MACROECONOMICS-I: FOUNDATIONS OF  AGGREGATE INCOME DETERMINATION,2025,Not Specified,,https://drive.google.com/file/d/1yvVolPjb6ZaZi5cquwuLPhzqosqCFlo6/view?usp=drive_link,,Paper Code 2272202401 | Syllabus: https://drive.google.com/file/d/1tsp1lpRQOGhvreo9xnq4nZt2xPPmwwX-/view?usp=drive_link
ITEP,INTERMEDIATE MACROECONOMICS-I: FOUNDATIONS OF  AGGREGATE INCOME DETERMINATION,2025,Not Specified,,https://drive.google.com/file/d/109L-un6HAMhpTppYfyRfOnTNSez_c0Rl/view?usp=sharing,,Paper Code 2272202401 | Syllabus: https://drive.google.com/file/d/1tsp1lpRQOGhvreo9xnq4nZt2xPPmwwX-/view?usp=drive_link
ITEP,INTRODUCTION TO POLITICAL THEORY,2025,Not Specified,,https://drive.google.com/file/d/1e2HIl_1hWxaBBP_uvmZsFczAPRKtDn1Y/view?usp=drive_link,,Paper Code 2322201101 | Syllabus: https://drive.google.com/file/d/1pNtv8axMk0QNQoHkla_1RYfi_K3Yknzu/view?usp=drive_link
ITEP,INTRODUCTION TO SOCIAL PSYCHOLOGY,2025,Not Specified,,https://drive.google.com/file/d/1tIaGLLLSDITWs_LSiPEJdNCW3RSEeHSL/view?usp=sharing,,Paper Code 2112201201 | Syllabus: https://drive.google.com/file/d/16DToGlensyogEgbhHQAgHWdmpRF5kjwS/view?usp=drive_link
ITEP,INTRODUCTORY MACROECONOMICS,2025,Not Specified,,https://drive.google.com/file/d/1994Zo6NwcLHfZa2-63-3d14S2hPwd28r/view?usp=sharing,,Paper Code 2272201201 | Syllabus: https://drive.google.com/file/d/11uQt7qjHnKQb5Vb2pUoT7WG-fY2DusFt/view?usp=sharing
ITEP,INTRODUCTORY MICROECONOMICS,2025,Not Specified,,https://drive.google.com/file/d/1AwM8A9locRuV-gd_uBaa4a6CGNSIIOUP/view?usp=drive_link,,Paper Code 2272201101 | Syllabus: https://drive.google.com/file/d/1VpGOkb4sZRMI2GIhdfXUsApYB6PGEYI6/view?usp=drive_link
ITEP,LEARN PUNJABI – 1,2025,Not Specified,,https://drive.google.com/file/d/1Jn21TLWkXEHx3pIFa5uIH9oczIPNerYF/view?usp=drive_link,,Paper Code 2122201101 | Syllabus: https://drive.google.com/file/d/1dy7Nic8aEjJVk3GgSC1SMoW_OsQCDgZM/view?usp=drive_link
ITEP,MEDIEVAL SOCIETIES: GLOBAL PERSPECTIVES,2025,Not Specified,,https://drive.google.com/file/d/1lcnp7WY1M75qzm8cnZAUlOUD85kJMeYp/view?usp=sharing,,Paper Code 2312201202 | Syllabus: https://drive.google.com/file/d/1jQXPiggyk2ZjMEIpFHyYqVRGCqyijvRG/view?usp=drive_link
ITEP,PERSPECTIVES ON PUBLIC ADMINISTRATION,2025,Not Specified,,https://drive.google.com/file/d/1otOPxB4Er2jYseb3ZdRfbJxYmU_A2xrO/view?usp=sharing,,Paper Code 2322101201 | Syllabus: https://drive.google.com/file/d/1FGjCopzlOb61KmqP5lILS5-p0m3zEY7o/view?usp=drive_link
ITEP,PUBLIC INSTITUTION IN INDIA,2025,Not Specified,,https://drive.google.com/file/d/1jX2k82RgJ2_PAL2LCWIap87x3qYKjMp3/view?usp=drive_link,,Paper Code 2322202402 | Syllabus: https://drive.google.com/file/d/1XbhL6Xzdy1ivGCIrddZ-pN-cpv5y9OX_/view?usp=drive_link
ITEP,PUBLIC INSTITUTIONS IN INDIA,2025,Not Specified,,https://drive.google.com/file/d/1bIyRdy6PrO_FeEvuVA9iF048duMm7Fzl/view?usp=sharing,,Paper Code 2322202402 | Syllabus: https://drive.google.com/file/d/1XbhL6Xzdy1ivGCIrddZ-pN-cpv5y9OX_/view?usp=drive_link
ITEP,PUNJABI LOKDHARA ATE SABHIYACHAR,2025,Not Specified,,https://drive.google.com/file/d/1ZFDvF6reYFCBwKeexNWqI0_4YFlvvua_/view?usp=sharing,,Paper Code 2122201201 | Syllabus: https://drive.google.com/file/d/1Q9KeN3cHfjfdcQONCfiMRhsLd6Rxfu8u/view?usp=drive_link
ITEP,SOCIOLOGICAL PERSPECTIVES OF EDUCATION,2025,Not Specified,,https://drive.google.com/file/d/1E0jGWeuRwJ-H1rPCVWQdRlFIMPSJJOh0/view?usp=sharing,,Paper Code 2432711201 | Syllabus: https://drive.google.com/file/d/1kulz8uZPvWE7srhBM3S-69rAusjY-z73/view?usp=drive_link
ITEP,STATISTICAL METHODS AND PSYCHOLOGICAL TESTING,2025,Not Specified,,https://drive.google.com/file/d/1zXRkX3U2UL_wZ-P1KJuvJBPMSW-kjbP3/view?usp=sharing,,Paper Code 2112202401 | Syllabus: https://drive.google.com/file/d/17fGKSh4S29Hk_FSUfzH9WANuyHhrlopS/view?usp=drive_link
ITEP,VICTORIAN LITERATURE,2025,Not Specified,,https://drive.google.com/file/d/1leetV4nFErOGqe2prnD02sJPLmKJwrQX/view?usp=sharing,,Paper Code 2032102302 | Syllabus: https://drive.google.com/file/d/1kwmg9_ariTNm62mjZYTVzXzHlG2twjuW/view?usp=drive_link
ITEP,अन्य गद्य विधाएँ,2025,Not Specified,,https://drive.google.com/file/d/1FeZ0mOCGjGf3DGzj5TXLNeqtvmWRQh6f/view?usp=drive_link,,Paper Code 2052202401 | Syllabus: https://drive.google.com/file/d/1uok3mYvDMAUEoZrgEx5yG1c-9BeBcH_H/view?usp=drive_link
ITEP,हिंदी भाषा और साहित्य का इतिहास,2025,Not Specified,,https://drive.google.com/file/d/1JDJBPvlkxWeL3_qqpIRiC8VNoqk_5VJa/view?usp=drive_link,,Paper Code 2052201101 | Syllabus: https://drive.google.com/file/d/104Ej38caVD0og9btqq_wBmcGBLhwrfQo/view?usp=drive_link
