course,subject,yearRange,semesterGroup,semester,fileUrl,fileName,note
DEPARTMENT OF BIOCHEMISTRY,Genetic Engineering And Biotechnology,2023,May-June,,https://drive.google.com/uc?export=download&id=1D0PI4PEA81bytr5RDCPUVc5-01SaJ3y9,,[S] | UPC 32491601 | Exact (Question Bank code match)
DEPARTMENT OF BIOCHEMISTRY,Advanced Methodologies,2023,May-June,,https://drive.google.com/uc?export=download&id=1hO8-mULOV5T1n3vRAjfQ02OrsdpTy5J2,,[S] | UPC 32497601 | Exact (Question Bank code match)
DEPARTMENT OF BIOCHEMISTRY,Advanced Methodologies,2024,May-June,,https://drive.google.com/uc?export=download&id=1V0cgx7aEyhr9zSJrUmByTwgjYPt_Xbn5,,[S] | UPC 32497601 | Exact (Question Bank code match)
DEPARTMENT OF BIOCHEMISTRY,Biostatistics,2024,Nov-Dec,,https://drive.google.com/uc?export=download&id=1yh4zvmPqqQC4F7qPG3-MrM6M1H-4cZxU,,[S] | UPC 32493302 | Exact (Question Bank code match)
DEPARTMENT OF ZOOLOGY,Immunology,2024,May-June,,https://drive.google.com/uc?export=download&id=1nJuXCwvmZQNlMS3-WZCn9Eml6DV7fIIT,,[S] | UPC 42237904 | Exact (Question Bank code match)
DEPARTMENT OF CHEMISTRY,Analytical Clinical Biochemistry,2024,Nov-Dec,,https://drive.google.com/uc?export=download&id=19BhXvIPIzmTLC-cnFo-DUU28EvTovcqW,,[S] | UPC 32173907 | Exact (Question Bank code match)
DEPARTMENT OF CHEMISTRY,Analytical Clinical Biochemistry,2024,Nov-Dec,,https://drive.google.com/uc?export=download&id=1yF-oMawy7QZs9ai-5D3Ze94WCgAidFJW,,[S] | UPC 32173907 | Exact (Question Bank code match)
DEPARTMENT OF BIOCHEMISTRY,Introduction To Web Programming,2023,May-June,,https://drive.google.com/uc?export=download&id=1WkjFNVGYU50AHi3iOqXi7JcuQ8RjQ2fF,,[S] | UPC 32491202 | Exact (Question Bank code match)
DEPARTMENT OF BIOCHEMISTRY,Proteins,2023,May-June,,https://drive.google.com/uc?export=download&id=1gNfgEkRQPvrGewf8FUolFyUVYNIG0zSQ,,[S] | UPC 32491201 | Exact (Question Bank code match)
DEPARTMENT OF BIOCHEMISTRY,"Gene Organization, Replication And Repair",2022,May-June,,https://drive.google.com/uc?export=download&id=1U2makg40mO6dJuUf0dNknUjUvXQB-iyn,,[S] | UPC 32491402 | Exact (Question Bank code match)
B. Sc. (Hons) Biochemistry,Biochemical Techniques,2023,Nov-Dec,,https://drive.google.com/uc?export=download&id=11xemhfmqc8GkNSaM5SWzBjw-NjwPO_zU,,[S] | UPC 2492011103 | Exact (UPC/syllabus match)
B. Sc. (Hons) Biochemistry,Basic Concepts of Cell Biology,2025,May-June,,https://drive.google.com/uc?export=download&id=1o2h5W2-JL5Gj20CH25JB0GmUe2zoFTKy,,[S] | UPC 2492011203 | Exact (UPC/syllabus match)
B. Sc. (Hons) Biochemistry,Basic Concepts of Cell Biology,2024,May-June,,https://drive.google.com/uc?export=download&id=1Wm_bjBvVT2Ig3DMCTwRP5wyFZrJ840x1,,[S] | UPC 2492011203 | Exact (UPC/syllabus match)
B. Sc. (Hons) Biochemistry,Biochemical Techniques,2024,Nov-Dec,,https://drive.google.com/uc?export=download&id=1iEJHdBX_V0322ZGVJVTQC9ZqVIgdOWtV,,[S] | UPC 2492011103 | Exact (UPC/syllabus match)
B. Sc. (Hons) Biochemistry,Biochemical Techniques,2022,Nov-Dec,,https://drive.google.com/uc?export=download&id=1YhhAsRjK2m0h0gJzNU-2GMdxLgAL5sVH,,[S] | UPC 2492011103 | Exact (UPC/syllabus match)
B. Sc. (Hons) Biochemistry,Biomolecules,2023,Nov-Dec,,https://drive.google.com/uc?export=download&id=1cNfoLoSR0-BX-KVZcvb_cBW-zBNMmYTq,,[S] | UPC 2492011101 | Exact (UPC/syllabus match)
B. Sc. (Hons) Biochemistry,Microbiology,2024,Nov-Dec,,https://drive.google.com/uc?export=download&id=1EsYp5kVSeoDGpSB4TNHDCma_Zur7frHG,,[S] | UPC 2493012003 | Exact (UPC/syllabus match)
B. Sc. Life Science (Chemistry),Chem-DSE-5: Biomolecules-I,2024,May-June,,https://drive.google.com/uc?export=download&id=18tb-3gmYdzmWDZK3SMDPXp_2Vc3UxIXQ,,[S] | UPC 2173522006 | Exact (UPC/syllabus match)
B. Sc. (Hons) Biochemistry,Enzymes,2023,May-June,,https://drive.google.com/uc?export=download&id=1DQfaNXQom_j1D7e0UBt3yUI6mOWnYKS-,,[S] | UPC 2492011201 | Exact (UPC/syllabus match)
B. Sc. (Hons) Biochemistry,Enzymes,2024,May-June,,https://drive.google.com/uc?export=download&id=1c5MwLTO9UDMVIWjIrMkcQ1AbKOEh3Gqg,,[S] | UPC 2492011201 | Exact (UPC/syllabus match)
B. Sc. Life Science (Zoology),Fundamentals of Human Physiology,2024,May-June,,https://drive.google.com/uc?export=download&id=1kfn1qzmOuL3YnOXnq1fnkumSjBuQef9T,,[S] | UPC 2232522401 | Exact (UPC/syllabus match)
B. Sc. (Hons) Biochemistry,Molecules of Life,2024,Nov-Dec,,https://drive.google.com/uc?export=download&id=17QlbSo8U6iaJaKsxxtJDutWF2m8qt58-,,[S] | UPC 2494001001 | Exact (UPC/syllabus match)
B. Sc. (Hons) Biochemistry,"Gene Organization, Replication and Repair",2024,May-June,,https://drive.google.com/uc?export=download&id=1rOPJ_YQkjl_km_zyE4E7p9u0I9OBAnVC,,[S] | UPC 2492012403 | Exact (UPC/syllabus match)
B. Sc. (Hons) Biochemistry,Hormones: Biochemistry and Function,2024,May-June,,https://drive.google.com/uc?export=download&id=1POJsLPaa5P3Lwq8RQ2tj_oJlZ5Gi1x-K,,[S] | UPC 2492012402 | Exact (UPC/syllabus match)
B. Sc. (Hons) Biochemistry,Hormones: Biochemistry and Function,2025,May-June,,https://drive.google.com/uc?export=download&id=1BOz1sIExYnsxaWMgZjbNqwlPQEn57yrT,,[S] | UPC 2492012402 | Exact (UPC/syllabus match)
B. Sc. (Hons) Biochemistry,Human Physiology,2025,May-June,,https://drive.google.com/uc?export=download&id=1-8ows03za39BJEcHshr8TJiiRwaS-FK5,,[S] | UPC 2492013601 | Exact (UPC/syllabus match)
B. Sc. (Hons) Biochemistry,In-Silico Tools in Proteomics and Genomics,2024,Nov-Dec,,https://drive.google.com/uc?export=download&id=1qh3FrCPK8m5UDnzvScLofhigf1HAsc1d,,[S] | UPC 2493010008 | Exact (UPC/syllabus match)
B. Sc. (Hons) Biochemistry,Membrane Biology,2024,Nov-Dec,,https://drive.google.com/uc?export=download&id=1sgos5s95NER6MWAFBBDip2CFj-ydQFH8,,[S] | UPC 2492012303 | Exact (UPC/syllabus match)
B. Sc. (Hons) Biochemistry,Metabolism of Amino Acids and Nucleotides,2025,May-June,,https://drive.google.com/uc?export=download&id=1Cpu2vozrLlvqxUhdlIWJ3Q3lGiNxF783,,[S] | UPC 2492012401 | Exact (UPC/syllabus match)
B. Sc. (Hons) Biochemistry,Metabolism of Carbohydrates,2023,May-June,,https://drive.google.com/uc?export=download&id=1m3Zt8qXILeZhUecc5xdi0YW-a5PHpgaa,,[S] | UPC 2492011202 | Exact (UPC/syllabus match)
B. Sc. (Hons) Biochemistry,Metabolism of Lipids,2023,Nov-Dec,,https://drive.google.com/uc?export=download&id=1xHy_o7rpkfXDFX9_vIYPNhCJt53w9pZ9,,[S] | UPC 2492012301 | Exact (UPC/syllabus match)
B. Sc. (Hons) Biochemistry,Metabolism of Lipids,2024,Nov-Dec,,https://drive.google.com/uc?export=download&id=1uEQTDuUrbyXBjvB4iFXuWHPvYGa1f8p9,,[S] | UPC 2492012301 | Exact (UPC/syllabus match)
B. Sc. (Hons) Biochemistry,Metabolism of Carbohydrates,2024,May-June,,https://drive.google.com/uc?export=download&id=1YiaIKbzKYNeTJlomuXqE6WoPVprh8jNS,,[S] | UPC 2492011202 | Exact (UPC/syllabus match)
B. Sc. (Hons) Biochemistry,Molecules of Life,2023,Nov-Dec,,https://drive.google.com/uc?export=download&id=1Cuhk9ishfDRqX_nLcMkAsim5qBQz-_sz,,[S] | UPC 2494001001 | Exact (UPC/syllabus match)
B. Sc. (Hons) Biochemistry,Molecules of Life,2022,Nov-Dec,,https://drive.google.com/uc?export=download&id=1FCiNgVrUZKEVzoPXY6SYAb6PYCOGWpd_,,[S] | UPC 2494001001 | Exact (UPC/syllabus match)
B. Sc. (Hons) Biochemistry,Nutrition Biochemistry,2025,May-June,,https://drive.google.com/uc?export=download&id=1QXxmWmZDv1hDON6IDxKzNLenL0BcBpTa,,[S] | UPC 2493012005 | Exact (UPC/syllabus match)
B. Sc. (Hons) Biochemistry,Proteins,2024,Nov-Dec,,https://drive.google.com/uc?export=download&id=1oQ0Z2kYbYs_3NWts2mqdQAMmryjaOVle,,[S] | UPC 2492011102 | Exact (UPC/syllabus match)
B. Sc. (Hons) Biochemistry,Proteins,2022,Nov-Dec,,https://drive.google.com/uc?export=download&id=1LU0P7yfuKoYyh0GlNIqDgEIuN1oD4ld1,,[S] | UPC 2492011102 | Exact (UPC/syllabus match)
B. Sc. (Hons) Biochemistry,Research Methodology (Mandatory),2025,May-June,,https://drive.google.com/uc?export=download&id=1EATmqVrHukY_ShqOUbvl_zQlbRPbZQI1,,[S] | UPC 2493010012 | Exact (UPC/syllabus match)
University-wide Skill Enhancement Course Pool,Social Media Marketing,2024,Nov-Dec,,https://drive.google.com/uc?export=download&id=11Yg2rMumNUQ56gczFL5WnX-2ObA0XStZ,,[S] | UPC 2416000005 | Exact (UPC/syllabus match)
B. Sc. (Hons) Biochemistry,Biomolecules,2024,Nov-Dec,,https://drive.google.com/uc?export=download&id=1fzl32Z6fVRI6w4hyTchTEFxZcB-commH,,[S] | UPC 2492011101 | Exact (UPC/syllabus match)
B. Sc. (Hons) Biochemistry,Basic Concepts of Cell Biology,2023,May-June,,https://drive.google.com/uc?export=download&id=1BwrRmne34mXuUgwLOlrZo5ACp1kzOeY2,,[S] | UPC 2492011203 | Exact (UPC/syllabus match)
B. Sc. (Hons) Biochemistry,Human Physiology,2022,May-June,,https://drive.google.com/uc?export=download&id=1nBM3DYkiH3DN878yT8_2XqrCf3xCiFEC,,[S] | UPC 2492013601 | High (verify recommended)
B. Sc. (Hons) Biochemistry,Basics of Immunology,2025,May-June,,https://drive.google.com/uc?export=download&id=1CrNTXBvP7rokLavotUhWwe94q96IhJ0A,,[S] | UPC 2492013602 | High (verify recommended)
B. Sc. (Hons) Biochemistry,Biochemical Techniques,2022,Nov-Dec,,https://drive.google.com/uc?export=download&id=16eNKf8XnG2DpyqXnaHYmEsu1Xj2yMsSW,,[S] | UPC 2492011103 | High (verify recommended)
B. Sc. (Hons) Biochemistry,Biochemical Techniques,2024,Nov-Dec,,https://drive.google.com/uc?export=download&id=1SHPovcoS4w4L3_4gBLgsxtzsLKSLY1C2,,[S] | UPC 2492011103 | High (verify recommended)
B. Sc. (Hons) Biochemistry,Enzymes,2025,May-June,,https://drive.google.com/uc?export=download&id=1kxeaGSX4SJAn87utJnxrUMQOyTyuDUsh,,[S] | UPC 2492011201 | High (verify recommended)
B. Sc. (Hons) Biochemistry,Enzymes,2022,May-June,,https://drive.google.com/uc?export=download&id=1YKp7qMok8yHp_xZUpRmbjTvp5JGLzpbB,,[S] | UPC 2492011201 | High (verify recommended)
B. Sc. (Hons) Biochemistry,Fundamentals of Recombinant DNA Technology,2025,May-June,,https://drive.google.com/uc?export=download&id=1HhM8URFDCD63WcO_o_sKdHcDyo89kF-x,,[S] | UPC 2492013603 | High (verify recommended)
B. Sc. (Hons) Biochemistry,Gene Expression and Regulation,2023,Nov-Dec,,https://drive.google.com/uc?export=download&id=1x7ZUUiNit91pss_25r4mL5MjzYIum_sg,,[S] | UPC 2492013503 | High (verify recommended)
B. Sc. (Hons) Biochemistry,Gene Expression and Regulation,2022,Nov-Dec,,https://drive.google.com/uc?export=download&id=1uZEK1BWC4okHo5de_Y-paZQiCsgcIobY,,[S] | UPC 2492013503 | High (verify recommended)
B. Sc. (Hons) Biochemistry,Human Physiology,2024,May-June,,https://drive.google.com/uc?export=download&id=1PV1Yi8Z8mkZlNjua-RhhyHDh9H2KmZRz,,[S] | UPC 2492013601 | High (verify recommended)
B. Sc. (Hons) Biochemistry,Membrane Biology,2023,Nov-Dec,,https://drive.google.com/uc?export=download&id=1pgpfNutGjVwGEwiLPnb2ZMXz5WygtF--,,[S] | UPC 2492012303 | High (verify recommended)
B. Sc. (Hons) Biochemistry,Metabolism of Carbohydrates,2022,Nov-Dec,,https://drive.google.com/uc?export=download&id=1i4lJ9y-rT7nmHWwajac8YYkH36KPis5X,,[S] | UPC 2492011202 | High (verify recommended)
B. Sc. (Hons) Biochemistry,Metabolism of Carbohydrates,2024,Nov-Dec,,https://drive.google.com/uc?export=download&id=1sa0---y9SDN4Z-Gnc6gZMsyg00eIP7Nv,,[S] | UPC 2492011202 | High (verify recommended)
B. Sc. (Hons) Biochemistry,Metabolism of Carbohydrates,2025,May-June,,https://drive.google.com/uc?export=download&id=1hKLhI2Sbl6zq5ZlQiN8uoah1_tJeZ5Tp,,[S] | UPC 2492011202 | High (verify recommended)
B. Sc. (Hons) Biochemistry,Microbiology,2023,Nov-Dec,,https://drive.google.com/uc?export=download&id=1e04oYo1W14ccGyhHI9iDvhYaeoZyn3cd,,[S] | UPC 2493012003 | High (verify recommended)
B. Sc. (Hons) Biochemistry,Molecular Basis of Infectious Diseases,2024,May-June,,https://drive.google.com/uc?export=download&id=1MDzC9_CzFX-q7E6Q7zEYSGtNB4P-28Ye,,[S] | UPC 2493010013 | High (verify recommended)
B. Sc. (Hons) Biochemistry,Proteins and Enzymes,2023,May-June,,https://drive.google.com/uc?export=download&id=1qN9-HkXmo-bNxCq1gjwmjN9-8efQaGLK,,[S] | UPC 2494001202/ 2494002001 | High (verify recommended)
B. Sc. (Hons) Biochemistry,Techniques in Biochemistry,2023,May-June,,https://drive.google.com/uc?export=download&id=1W4h2Ij93zDhIfr7Nk1Rhq5iCWj6XBgUf,,[S] | UPC 2494001003/ 2494001203 | High (verify recommended)
B. Sc. (Hons) Biochemistry,Membrane Biology,2022,Nov-Dec,,https://drive.google.com/uc?export=download&id=1_Vg7nod4dyExBGvGWQebDijRss8gAw_m,,[S] | UPC 2492012303 | High (verify recommended)
B. Sc. (Hons) Biochemistry,Advanced Immunology,2023,Nov-Dec,,https://drive.google.com/uc?export=download&id=105I0NVgBeGFHOnSmfOfOvrXAtTboGb1X,,[S] | UPC TBA | Medium (verify required)
B. Sc. (Hons) Biochemistry,Advanced Immunology,2024,May-June,,https://drive.google.com/uc?export=download&id=124gb6ayeOOlIwacydxxREeRCf8bmxA6v,,[S] | UPC TBA | Medium (verify required)
B. Sc. (Hons) Biochemistry,Advanced Immunology,2022,May-June,,https://drive.google.com/uc?export=download&id=1JAelUFwCej1B1ctsuQTfSoEsAugCaiVx,,[S] | UPC TBA | Medium (verify required)
B. Sc. (Hons) Biochemistry,Nutrition Biochemistry,2024,Nov-Dec,,https://drive.google.com/uc?export=download&id=1z95Krybzsn4X0vyATli5nv-7MUS8EYB5,,[S] | UPC 2493012005 | Medium (verify required)
B.Sc. (Prog.) Applied Physical Science with Analytical Methods in Chemistry & Biochemistry,CHEMINFORMATICS,2023,May-June,,https://drive.google.com/uc?export=download&id=1LvWn4G8YelYduMDLt8YEvqGTBoLbl3fl,,[S] | UPC TBA | Medium (verify required)
B. Sc. (Hons) Biochemistry,Concepts in Genetics and Evolution,2023,Nov-Dec,,https://drive.google.com/uc?export=download&id=16zlX_Bd3DA5xTp9hqV5cSy5dMQyImOoO,,[S] | UPC 2492013502 | Medium (verify required)
B. Sc. (Hons) Biochemistry,Concepts in Genetics and Evolution,2024,Nov-Dec,,https://drive.google.com/uc?export=download&id=1nPvOZCluWLugwjpgBzvwnhTkyZvGekpa,,[S] | UPC 2492013502 | Medium (verify required)
B. Sc. (Hons) Biochemistry,"Gene Organization, Replication and Repair",2024,May-June,,https://drive.google.com/uc?export=download&id=1p7lsb6F98lX5FUjLnDjhjRpVsIwam5f7,,[S] | UPC 2492012403 | Medium (verify required)
B. Sc. (Hons) Biochemistry,Tools of Genetic Engineering,2024,May-June,,https://drive.google.com/uc?export=download&id=1gJLM7RfTMuoEYQRSafU8E68BISq1tLB6,,[S] | UPC 2494000023 | Medium (verify required)
B. Sc. (Hons) Biochemistry,Tools of Genetic Engineering,2022,May-June,,https://drive.google.com/uc?export=download&id=1oaOn9Rc9jZs0ku9j2B48eKhr1vNtkvZu,,[S] | UPC 2494000023 | Medium (verify required)
B. Sc. (Hons) Biochemistry,Hormones: Biochemistry and Function,2023,Nov-Dec,,https://drive.google.com/uc?export=download&id=1DqTYxLYSFvS6A0UYA0IgbXeEA_wkt8pL,,[S] | UPC 2492012402 | Medium (verify required)
B. Sc. (Hons) Biochemistry,Hormones: Biochemistry and Function,2022,Nov-Dec,,https://drive.google.com/uc?export=download&id=1sz-0jHyoB_2To0HY_O8Ozh64HIsZ47Dx,,[S] | UPC 2492012402 | Medium (verify required)
B. Sc. (Hons) Biochemistry,Advanced Immunology,2023,May-June,,https://drive.google.com/uc?export=download&id=16kqEbi-bNle0GJlofcd17kmPUIDwHggE,,[S] | UPC TBA | Medium (verify required)
B. Sc. (Hons) Biochemistry,Advanced Immunology,2024,May-June,,https://drive.google.com/uc?export=download&id=1HBYEIdfJLCK1pqvJzQ2-wWdu7USWFuXo,,[S] | UPC TBA | Medium (verify required)
B. Sc. (Hons) Biochemistry,Advanced Immunology,2022,May-June,,https://drive.google.com/uc?export=download&id=1dEWvnSDiIHIbGhSXUkwRawEfpqNxanZh,,[S] | UPC TBA | Medium (verify required)
B. Sc. (Hons) Biochemistry,Metabolism of Amino Acids and Nucleotides,2024,May-June,,https://drive.google.com/uc?export=download&id=1HN70iWUh7TN-PpaoG6Cfq4Vu41tOiQ5P,,[S] | UPC 2492012401 | Medium (verify required)
B. Sc. (Hons) Biochemistry,Research Methodology (Mandatory),2024,Nov-Dec,,https://drive.google.com/uc?export=download&id=1wRI7fypMptE_D2nQec9XblQKlP-ORPSv,,[S] | UPC 2493010012 | Medium (verify required)
Biochemistry,Biochemistry,,Not Specified,,https://drive.google.com/uc?export=download&id=1ZD_HV1OOnWFAW9LNRszAfioU8ijeTnJ_,,[S] | Unmatched (manual mapping needed)
Biochemistry,Biochemistry,,Not Specified,,https://drive.google.com/uc?export=download&id=1CIc7SWJnRe-A0TdebAWgpoczf0WsO_4f,,[S] | Unmatched (manual mapping needed)
Biochemistry,Biochemistry,,Not Specified,,https://drive.google.com/uc?export=download&id=1yNmofTj77vGuA_IRkPoNiiykOZ3CKYQB,,[S] | Unmatched (manual mapping needed)
Biochemistry,Biochemistry,,Not Specified,,https://drive.google.com/uc?export=download&id=1BrDQgcb_N_l0x59q8UC6QPIEOz4EtpYn,,[S] | Unmatched (manual mapping needed)
Biochemistry,Biochemistry,,Not Specified,,https://drive.google.com/uc?export=download&id=10U80zNBJZVa4h80ttcJ24OYTtmqgzC8F,,[S] | Unmatched (manual mapping needed)
Biochemistry,Biochemistry,2024,Nov-Dec,,https://drive.google.com/uc?export=download&id=117rbDoIMT1YYg1PtmRa7tM2GMXfKPkGI,,[S] | Unmatched (manual mapping needed)
Biochemistry,Biochemistry,2023,May-June,,https://drive.google.com/uc?export=download&id=1-eMIgKfGa29NOTZ64h9mS-MZUN1CPLN8,,[S] | Unmatched (manual mapping needed)
Biochemistry,Biochemistry,2022,Nov-Dec,,https://drive.google.com/uc?export=download&id=1vs45wORhYeoaGsFSedLmCL0AiwgItDVI,,[S] | Unmatched (manual mapping needed)
Biochemistry,Biochemistry,2023,Nov-Dec,,https://drive.google.com/uc?export=download&id=167W9YhHNDnGgQV34jGAQ0N-dVFyYqrpK,,[S] | Unmatched (manual mapping needed)
Biochemistry,Biochemistry,2023,May-June,,https://drive.google.com/uc?export=download&id=1NAK3mPBRHHVVCrflryQ0qxjYfQfKYHj2,,[S] | Unmatched (manual mapping needed)
Biochemistry,Biochemistry,2025,May-June,,https://drive.google.com/uc?export=download&id=1QfEagUO7xzEUaX5_UizxqTI-Tyu82_g4,,[S] | Unmatched (manual mapping needed)
Biochemistry,Biochemistry,2022,Nov-Dec,,https://drive.google.com/uc?export=download&id=1JCaDG4XXBthmrYDvI183LbN5MHQQC4Wj,,[S] | Unmatched (manual mapping needed)
Biochemistry,Biochemistry,2022,May-June,,https://drive.google.com/uc?export=download&id=1cE_gF9vuWaalaVMx57uuk93tQh4AuGh9,,[S] | Unmatched (manual mapping needed)
DEPARTMENT OF BOTANY,Anatomy 0F Angiosperms,2022,Nov-Dec,,https://drive.google.com/uc?export=download&id=1Q6nTfRpzGOO6MkB4eLWGlmqfsBAZ3yMo,,[S] | UPC 32161301 | Exact (Question Bank code match)
DEPARTMENT OF BOTANY,Anatomy 0F Angiosperms,2024,Nov-Dec,,https://drive.google.com/uc?export=download&id=1ydGV-00P8tBsvJ8MjkEWmmVYZmLc8ShS,,[S] | UPC 32161301 | Exact (Question Bank code match)
DEPARTMENT OF BOTANY,Archegoniatae,2022,May-June,,https://drive.google.com/uc?export=download&id=1y0G8ncI4M_RnOH1EIDl0PLb2nEG-xK_S,,[S] | UPC 32161202 | Exact (Question Bank code match)
DEPARTMENT OF BOTANY,Industrial And Environmental Microbiology,2023,May-June,,https://drive.google.com/uc?export=download&id=1Mo42XFP3OkNXBGgLuOY7L5rhr0XgSUlD,,[S] | UPC 32167601 | Exact (Question Bank code match)
DEPARTMENT OF BOTANY,Ecology,2022,May-June,,https://drive.google.com/uc?export=download&id=12QzuZd8_Nec87KOEauMNAzOyDysdF_OW,,[S] | UPC 32161402 | Exact (Question Bank code match)
DEPARTMENT OF BOTANY,Genetics And Evolutionary Biology,2024,May-June,,https://drive.google.com/uc?export=download&id=10Ah1yFaHF7Cch1DTKz1SQNv4rnrTSkeT,,[S] | UPC 42234406 | Exact (Question Bank code match)
DEPARTMENT OF BOTANY,Medicinal Botany,2022,May-June,,https://drive.google.com/uc?export=download&id=1lVL0Cn3YbkyELszMjm_a-O83sxRbXSu5,,[S] | UPC 32163404 | Exact (Question Bank code match)
DEPARTMENT OF BOTANY,Medicinal Botany,2023,May-June,,https://drive.google.com/uc?export=download&id=1fXeM_vg_V6AJj9DGb_CNFfQoIT8QignM,,[S] | UPC 32163404 | Exact (Question Bank code match)
DEPARTMENT OF BOTANY,Medicinal Botany,2024,May-June,,https://drive.google.com/uc?export=download&id=1lLfvBWAPb-p162wIhwMIpNwJKlbwbCJE,,[S] | UPC 32163404 | Exact (Question Bank code match)
DEPARTMENT OF BOTANY,Microbiology And Phycology,2022,Nov-Dec,,https://drive.google.com/uc?export=download&id=1ZKajXFzWtUsHaXz46rDqE_BfC3_9V5Rd,,[S] | UPC 32161101 | Exact (Question Bank code match)
DEPARTMENT OF BOTANY,Mycology And Phytopathology,2022,May-June,,https://drive.google.com/uc?export=download&id=117HuvpZZa-YKlQLM_awfuFlH8C13S-ic,,[S] | UPC 32161201 | Exact (Question Bank code match)
DEPARTMENT OF BOTANY,Plant Ecology And Taxonomy,2022,May-June,,https://drive.google.com/uc?export=download&id=1DHRIkqqGMtSC4L_ObtObf9kvTBLVuQnT,,[S] | UPC 32165201 | Exact (Question Bank code match)
DEPARTMENT OF BOTANY,Economic Botany And Biotechnology,2022,May-June,,https://drive.google.com/uc?export=download&id=1NqG-7TJvV6g6PvMQARwFkzMX71sdA2mN,,[S] | UPC 32165401 | Exact (Question Bank code match)
DEPARTMENT OF BOTANY,Analytical Techniques In Plant Sciences,2022,May-June,,https://drive.google.com/uc?export=download&id=1nO-IMb7tZdQ0Gz5CNHW7Dbo0y3ZPxdyY,,[S] | UPC 42167904 | Exact (Question Bank code match)
DEPARTMENT OF BOTANY,Plant Metabolism,2023,May-June,,https://drive.google.com/uc?export=download&id=1lBbD-l_0Gwclfnnm7Z6shHg2FeAUUgrI,,[S] | UPC 32161601 | Exact (Question Bank code match)
DEPARTMENT OF BOTANY,Plant Metabolism,2024,May-June,,https://drive.google.com/uc?export=download&id=1-_3oviWuz2EDZQbv8O5W9IrSRcNzlMg5,,[S] | UPC 32161601 | Exact (Question Bank code match)
DEPARTMENT OF BOTANY,Plant Ecology And Taxonomy,2022,May-June,,https://drive.google.com/uc?export=download&id=1kdNx5V5VIrmUZaF4D_YGE67oUf7Ox68-,,[S] | UPC 32165201 | Exact (Question Bank code match)
B.Sc. (Hons.) Botany,Advanced tools & Analytical Techniques in Plant Biology,2025,May-June,,https://drive.google.com/uc?export=download&id=1KnziKfKy4sXyaBOQ2H6MpdcYbAwIdcLg,,[S] | UPC 2162013603 | Exact (UPC/syllabus match)
B. Sc. Life Science (Botany) ; B.Sc. (Hons.) Botany,Applied Phycology,2024,May-June,,https://drive.google.com/uc?export=download&id=1fIplxVrIkb66KPVdLckVKXb4-XkKFBCg,,[S] | UPC 2163012003 | Exact (UPC/syllabus match)
B. Sc. Life Science (Botany) ; B.Sc. (Hons.) Botany,Applied Phycology,2025,May-June,,https://drive.google.com/uc?export=download&id=1jdBOjv_TKQZrkRO69UY16d6aJ3KOl5-Q,,[S] | UPC 2163012003 | Exact (UPC/syllabus match)
B.Sc. (Hons.) Botany,Basic Laboratory and Field Skills in Plant Biology,2022,Nov-Dec,,https://drive.google.com/uc?export=download&id=12mIWii82ROubhXSTW7YfprYSQBnvPyPi,,[S] | UPC 2162011103 | Exact (UPC/syllabus match)
B.Sc. (Hons.) Botany,Basic Laboratory and Field Skills in Plant Biology,2023,Nov-Dec,,https://drive.google.com/uc?export=download&id=10dT0Qd9G-KR9Ev0QMrmiivMMjpvkhTHW,,[S] | UPC 2162011103 | Exact (UPC/syllabus match)
B.Sc. (Hons.) Botany,Basic Laboratory and Field Skills in Plant Biology,2024,Nov-Dec,,https://drive.google.com/uc?export=download&id=1_ME0EYPN42NQcrfv6zlqeY-u8tENKxv1,,[S] | UPC 2162011103 | Exact (UPC/syllabus match)
B.Sc. (Hons.) Botany,Biofertilizers,2025,May-June,,https://drive.google.com/uc?export=download&id=1SBQf2OyKL-H2iEZfFEpjP6dBdKRqknP9,,[S] | UPC 2164001002 | Exact (UPC/syllabus match)
B.Sc. (Hons.) Botany,Biofertilizers,2025,May-June,,https://drive.google.com/uc?export=download&id=1U4vWv8HdpE6v0SoSfTLXOLLn5VAcDTxn,,[S] | UPC 2164001002 | Exact (UPC/syllabus match)
B.Sc. (Hons.) Botany,"Bryophytes, Pteridophytes and Gymnosperms",2023,Nov-Dec,,https://drive.google.com/uc?export=download&id=1u815Dyi4m08dY05xrLuK1hysbzTi3WDe,,[S] | UPC 2162012302 | Exact (UPC/syllabus match)
B.Sc. (Hons.) Botany,Cell Biology: Organelles and Biomolecules,2023,Nov-Dec,,https://drive.google.com/uc?export=download&id=1mYeFJoAbB-K-mlruuwge6o2bTuWlRSgN,,[S] | UPC 2162011102 | Exact (UPC/syllabus match)
B.Sc. (Hons.) Botany,Cell Biology: Organelles and Biomolecules,2022,Nov-Dec,,https://drive.google.com/uc?export=download&id=1bqI-6mFuugqI40-4UqYwZ4Im0iVTKZaE,,[S] | UPC 2162011102 | Exact (UPC/syllabus match)
B.Sc. (Hons.) Botany,Ecology and Conservation,2024,May-June,,https://drive.google.com/uc?export=download&id=1soMQpQ7d6oXMYCsmRkGnhALa6leqMNSG,,[S] | UPC 2162012402 | Exact (UPC/syllabus match)
B.Sc. (Hons.) Botany,Ecology and Conservation,2025,May-June,,https://drive.google.com/uc?export=download&id=11GQSuhzu48jxhPaewPSLIrhdWT7z2m42,,[S] | UPC 2162012402 | Exact (UPC/syllabus match)
B. Sc. Life Science (Botany),Economic Botany and Biotechnology DSC-16: Chemistry- 6,2025,May-June,,https://drive.google.com/uc?export=download&id=1BwafKwx0k6GWKlZrgzlJPO6-SFmcuXAk,,[S] | UPC 2162523601 | Exact (UPC/syllabus match)
B.Sc. (Hons.) Botany,Ethanobotany,2023,May-June,,https://drive.google.com/uc?export=download&id=1cS_eEAp-F6wLhi0nMyMEdH4Ctr3pIBnq,,[S] | UPC 2164001204 | Exact (UPC/syllabus match)
B. Sc. Life Science (Botany),"Genetics and Molecular Biology (DSC-2, Botany-02)",2023,May-June,,https://drive.google.com/uc?export=download&id=1SSWw3lJjK2-AP1KHAD5t3d3eiLXWe2e5,,[S] | UPC 2162521201 | Exact (UPC/syllabus match)
B. Sc. Life Science (Botany),"Genetics and Molecular Biology (DSC-2, Botany-02)",2025,May-June,,https://drive.google.com/uc?export=download&id=14YR-NxFOZZnrQp3zxZcn_6m6J1RjJjOH,,[S] | UPC 2162521201 | Exact (UPC/syllabus match)
B.Sc. (Hons.) Botany,Genetics & Plant Breeding,2023,Nov-Dec,,https://drive.google.com/uc?export=download&id=1XwkeSFZO-c5GdlGnCBZronIl2usefTuA,,[S] | UPC 2162012303 | Exact (UPC/syllabus match)
B.Sc. (Hons.) Botany,Genetics & Plant Breeding,2024,Nov-Dec,,https://drive.google.com/uc?export=download&id=1yp8cH0L2ewPsYrfXnJ1E7IKSKp2qjbIw,,[S] | UPC 2162012303 | Exact (UPC/syllabus match)
B. Sc. Life Science (Botany),"Genetics and Molecular Biology (DSC-2, Botany-02)",2024,May-June,,https://drive.google.com/uc?export=download&id=1BLvBr48eMT02VntkdkevPHaeAc_BnRCC,,[S] | UPC 2162521201 | Exact (UPC/syllabus match)
B.Sc. (Hons.) Botany,Microbiology and Plant- Microbe Interactions,2023,May-June,,https://drive.google.com/uc?export=download&id=1siLYgVKvGpV29H9FX1DXbcFZYHZuAyty,,[S] | UPC 2162011201 | Exact (UPC/syllabus match)
B.Sc. (Hons.) Botany,Microbiology and Plant- Microbe Interactions,2024,May-June,,https://drive.google.com/uc?export=download&id=1M-JUwjyMKZ8ftBnNMskN2W_bJW24GV-P,,[S] | UPC 2162011201 | Exact (UPC/syllabus match)
B.Sc. (Hons.) Botany,Mycology,2025,May-June,,https://drive.google.com/uc?export=download&id=1KWo-Sxw2bG8UxqHWZZtvGP92u5DF_Cr-,,[S] | UPC 2162012401 | Exact (UPC/syllabus match)
B.Sc. (Hons.) Botany,Mycology,2024,May-June,,https://drive.google.com/uc?export=download&id=12Ti13Ei4VMw4xAXXRSNGYBAET7C-BZIJ,,[S] | UPC 2162012401 | Exact (UPC/syllabus match)
B.Sc. (Hons.) Botany,Phycology -The World of Algae,2024,Nov-Dec,,https://drive.google.com/uc?export=download&id=1JSnEgkZVVoRapmHd5D0z0sYxg2ylId2N,,[S] | UPC 2162012301 | Exact (UPC/syllabus match)
B.Sc. (Hons.) Botany,Phycology -The World of Algae,2023,Nov-Dec,,https://drive.google.com/uc?export=download&id=1SKhA-uIB11f5hVtysMWemce-sugiCMjS,,[S] | UPC 2162012301 | Exact (UPC/syllabus match)
B.Sc. (Hons.) Botany,Plant Biochemistry and Metabolism,2025,May-June,,https://drive.google.com/uc?export=download&id=1p1lkx-FjRF4HXbLesuU1CBnTkpw1_7UB,,[S] | UPC 2162013602 | Exact (UPC/syllabus match)
B.Sc. (Hons.) Botany,Plant Biotechnology,2025,May-June,,https://drive.google.com/uc?export=download&id=1PGhSvKz4QanxdohtrkxdluS_rzmtnkcH,,[S] | UPC 2162013601 | Exact (UPC/syllabus match)
B. Sc. Life Science (Botany),Plant Cell and Developmental Biology (DSC,2023,Nov-Dec,,https://drive.google.com/uc?export=download&id=1CZoKfhokpnFvhL0B78_tXsh8xUFhYXVX,,[S] | UPC 2162522301 | Exact (UPC/syllabus match)
B.Sc. (Hons.) Botany,Plant Diversity and Evolution,2023,Nov-Dec,,https://drive.google.com/uc?export=download&id=1GeAQL4R6gz9VlmUv0Xqi44ef2xNlHa4M,,[S] | UPC 2162011101 | Exact (UPC/syllabus match)
B.Sc. (Hons.) Botany,Plant Diversity and Evolution,2024,Nov-Dec,,https://drive.google.com/uc?export=download&id=1X1htLhCSjw6wHJpCsaEnCJCBd8fHYwAF,,[S] | UPC 2162011101 | Exact (UPC/syllabus match)
B.Sc. (Hons.) Botany,Plant Diversity and Human Welfare,2024,Nov-Dec,,https://drive.google.com/uc?export=download&id=1S0rcJiBrGmu9u02J60-7tRX_RWtC2P9J,,[S] | UPC 2164001001 | Exact (UPC/syllabus match)
B. Sc. Life Science (Botany),"Plant Diversity and Systematics (DSC-1, Botany-01)",2022,Nov-Dec,,https://drive.google.com/uc?export=download&id=1pbcL4k6LCXR564Ko95-WvuzvNU4UHnkD,,[S] | UPC 2162521101 | Exact (UPC/syllabus match)
B. Sc. Life Science (Botany),"Plant Diversity and Systematics (DSC-1, Botany-01)",2023,Nov-Dec,,https://drive.google.com/uc?export=download&id=10AcqXOp4X47jvW9n4coYBsaon-7eZ3Yh,,[S] | UPC 2162521101 | Exact (UPC/syllabus match)
B. Sc. Life Science (Botany),"Plant Diversity and Systematics (DSC-1, Botany-01)",2024,Nov-Dec,,https://drive.google.com/uc?export=download&id=1qbDm5Jw64S8ZaXhO5W4YnXvjYTGQx43w,,[S] | UPC 2162521101 | Exact (UPC/syllabus match)
B.Sc. (Hons.) Botany,Plant Resources and Economic Botany,2023,May-June,,https://drive.google.com/uc?export=download&id=1YCxFkBpZ7DPMh2tLjf643PkNH_XjRfRX,,[S] | UPC 2162011202 | Exact (UPC/syllabus match)
B.Sc. (Hons.) Botany,Plant Resources and Economic Botany,2024,May-June,,https://drive.google.com/uc?export=download&id=1SyvU_pJGlIS_sJ1Az4JN29VjbAaBPZ5F,,[S] | UPC 2162011202 | Exact (UPC/syllabus match)
B.Sc. (Hons.) Botany,Plant Resources and Economic Botany,2025,May-June,,https://drive.google.com/uc?export=download&id=18uTJID2kkBl8PPwy9exSaARoUZfgtxVY,,[S] | UPC 2162011202 | Exact (UPC/syllabus match)
B.Sc. (Hons.) Botany,Plant Systematics,2023,May-June,,https://drive.google.com/uc?export=download&id=1IJUGcR8A_LfD5YBgP-62Rp6iERFfcYdZ,,[S] | UPC 2162011203 | Exact (UPC/syllabus match)
B.Sc. (Hons.) Botany,Plant Systematics,2024,May-June,,https://drive.google.com/uc?export=download&id=1E6meq6p-LwGj0JWFeVCIdhldCEA3UNzi,,[S] | UPC 2162011203 | Exact (UPC/syllabus match)
B. Sc. Life Science (Botany) ; B.Sc. (Hons.) Botany ; B.Sc. (Prog.) Applied Life Sciences with Agrochemicals and Pest Management pertaining to Botany,Research Methodology / Research methodology,2025,May-June,,https://drive.google.com/uc?export=download&id=1U5zwMuUqf3vABhSK5RCCjlz-SK-udmgj,,[S] | UPC 2163010009 | Exact (UPC/syllabus match)
University-wide Skill Enhancement Course Pool,Srjnatmak Lekhan,2024,Nov-Dec,,https://drive.google.com/uc?export=download&id=1v6_wvrDHnoL6FL4VGo2iY07XDsJ6orEG,,[S] | UPC 2126000002 | Exact (UPC/syllabus match)
B.Sc. (Hons.) Botany,"Development al Biology of Angiosperms: Form, Anatomy & Function",2025,May-June,,https://drive.google.com/uc?export=download&id=1Gu-cAZpUMJSuuzqeWOEd6XeNNCkHYyRl,,[S] | UPC 2162012403 | Exact (UPC/syllabus match)
B.Sc. (Hons.) Botany,Microbiology and Plant- Microbe Interactions,2025,May-June,,https://drive.google.com/uc?export=download&id=1J-oaSa3JbpCyIduCd-97kOYFXxjAt_pW,,[S] | UPC 2162011201 | Exact (UPC/syllabus match)
B. Sc. Life Science (Botany) ; B.Sc. (Hons.) Botany,Natural Resource Management,2024,Nov-Dec,,https://drive.google.com/uc?export=download&id=1W41yPA9r2LLYGensC44ajx4SRF27DU6N,,[S] | UPC 2163013006 | Exact (UPC/syllabus match)
DEPARTMENT OF BOTANY,General Theory,2022,May-June,,https://drive.google.com/uc?export=download&id=1D8v26OFRRLuo418ocM6HsDXoduZyQIky,,[S] | UPC 42161201 | Exact (ambiguous - verify)
DEPARTMENT OF BOTANY,General Theory,2022,May-June,,https://drive.google.com/uc?export=download&id=1ezg9uPX1AMLYw_HyMSBQ3exEm8b9bBQz,,[S] | UPC 42161201 | Exact (ambiguous - verify)
DEPARTMENT OF BOTANY,General Theory,2022,May-June,,https://drive.google.com/uc?export=download&id=1mIJJTG8IP2nTqlU6P3sVTK-GDN_nA0FM,,[S] | UPC 42161201 | Exact (ambiguous - verify)
DEPARTMENT OF BOTANY,General Theory,2023,May-June,,https://drive.google.com/uc?export=download&id=1bEHzWPV6L3irdOB5f_V4cu9SZ9aZr54F,,[S] | UPC 42161201 | Exact (ambiguous - verify)
DEPARTMENT OF BOTANY,General Theory,2024,May-June,,https://drive.google.com/uc?export=download&id=1y605EIvd_iFgOqwH5L-Z38kkkJAlVGcd,,[S] | UPC 42161201 | Exact (ambiguous - verify)
B.Sc. (Hons.) Botany,Biofertilizers,2022,May-June,,https://drive.google.com/uc?export=download&id=1b5HnMmZC4QV_WBUCvqAse-acvYwgHG5B,,[S] | UPC 2164001002 | High (verify recommended)
B.Sc. (Hons.) Botany,Biofertilizers,2022,Nov-Dec,,https://drive.google.com/uc?export=download&id=15tE-fCQhx3OOB-bejXBRAri2jj68NZjO,,[S] | UPC 2164001002 | High (verify recommended)
B. Sc. Life Science (Botany),Ecology and Evolution,2024,May-June,,https://drive.google.com/uc?export=download&id=1CyZ_lDyyfMse3VreTQKxV7J44Jk2ItET,,[S] | UPC 2162512401 | High (verify recommended)
B.Sc. (Hons.) Botany,Biofertilizers,2023,Nov-Dec,,https://drive.google.com/uc?export=download&id=1XXSNv4J-i0niXWjjvYe6cLASEqDSKSYq,,[S] | UPC 2164001002 | High (verify recommended)
B.Sc. (Hons.) Botany,Biofertilizers,2022,Nov-Dec,,https://drive.google.com/uc?export=download&id=1kXcaMIOSP9-HfwTLlUm7HE1o8m20JM8d,,[S] | UPC 2164001002 | High (verify recommended)
B.Sc. (Hons.) Botany,Biofertilizers,2023,May-June,,https://drive.google.com/uc?export=download&id=1QWjPNZpH6ibLyUltT7aWwCJtk_bCrkfy,,[S] | UPC 2164001002 | High (verify recommended)
B.Sc. (Hons.) Botany,Biofertilizers,2024,May-June,,https://drive.google.com/uc?export=download&id=1Sv2uYubit5eolZYyrYKph4ZRtvwXH8qD,,[S] | UPC 2164001002 | High (verify recommended)
B.Sc. (Hons.) Botany,Biofertilizers,2024,May-June,,https://drive.google.com/uc?export=download&id=1TXR7akWlVG2J4ZwkzSTGYxcUt0A5x9Tj,,[S] | UPC 2164001002 | High (verify recommended)
B.Sc. (Prog.) Applied Life Sciences with Agrochemicals and Pest Management pertaining to Botany,Economic Botany,2023,May-June,,https://drive.google.com/uc?export=download&id=1uoPu3FKRNvP0qduOK8DaVXtGggxLFla1,,[S] | UPC 2162581201 | High (verify recommended)
B.Sc. (Prog.) Applied Life Sciences with Agrochemicals and Pest Management pertaining to Botany,Economic Botany,2024,Nov-Dec,,https://drive.google.com/uc?export=download&id=1qlTgsFptMlAm_R4NMthka_460Na8axh0,,[S] | UPC 2162581201 | High (verify recommended)
B.Sc. (Hons.) Botany,Ethanobotany,2022,Nov-Dec,,https://drive.google.com/uc?export=download&id=1Y8lVnzT6YQFlOHOyzfnkTLeqjXRqz2l6,,[S] | UPC 2164001204 | High (verify recommended)
B.Sc. (Hons.) Botany,Ethanobotany,2023,Nov-Dec,,https://drive.google.com/uc?export=download&id=1T211AvWXDizc-YXuuvSGnYIQUZNpa-j-,,[S] | UPC 2164001204 | High (verify recommended)
B. Sc. Life Science (Botany),Evolutionary Biology of Plants,2024,Nov-Dec,,https://drive.google.com/uc?export=download&id=1XaGmtPOyQD_9zeHrn8jmMrXlT4XEl2aq,,[S] | UPC 2163012001 | High (verify recommended)
B.Sc. (Prog.) Applied Life Sciences with Agrochemicals and Pest Management pertaining to Botany,Intellectual Property Rights,2022,May-June,,https://drive.google.com/uc?export=download&id=1wPUElEKm4FL9Nwj6wB4Zb147huGsbRoA,,[S] | UPC TBA | High (verify recommended)
B.Sc. (Prog.) Applied Life Sciences with Agrochemicals and Pest Management pertaining to Botany,Intellectual Property Rights,2022,Nov-Dec,,https://drive.google.com/uc?export=download&id=1KvAhqBxDNWzq8PEO_i07LQlOHIjqOm3q,,[S] | UPC TBA | High (verify recommended)
B.Sc. (Prog.) Applied Life Sciences with Agrochemicals and Pest Management pertaining to Botany,Intellectual Property Rights,2023,Nov-Dec,,https://drive.google.com/uc?export=download&id=1rd2ilD4pGpLdkTB4K7YKynqoClmI5bSi,,[S] | UPC TBA | High (verify recommended)
B.Sc. (Prog.) Applied Life Sciences with Agrochemicals and Pest Management pertaining to Botany,Intellectual Property Rights,2023,May-June,,https://drive.google.com/uc?export=download&id=1etnwD2pj_LOA1s7gHK8x6z4EjQNh_hDZ,,[S] | UPC TBA | High (verify recommended)
B.Sc. (Prog.) Applied Life Sciences with Agrochemicals and Pest Management pertaining to Botany,Intellectual Property Rights,2024,Nov-Dec,,https://drive.google.com/uc?export=download&id=1GdBwAjVeMPqJ_UdxQ2VvJRRf5UhUoMzP,,[S] | UPC TBA | High (verify recommended)
B.Sc. (Prog.) Applied Life Sciences with Agrochemicals and Pest Management pertaining to Botany,Intellectual Property Rights,2024,May-June,,https://drive.google.com/uc?export=download&id=1Br9xkNQRKgLulSAQwoRBTCeBfzAMFjrh,,[S] | UPC TBA | High (verify recommended)
B.Sc. (Hons.) Botany,Intelligent Systems in Plants,2025,May-June,,https://drive.google.com/uc?export=download&id=15RBLOcUSDRbokQ92hrbakt8fdDtQaRh5,,[S] | UPC 2164001202 | High (verify recommended)
B.Sc. (Hons.) Botany,Plant Biotechnology,2023,May-June,,https://drive.google.com/uc?export=download&id=1lldHLOrvPlkmBVE1AwAm-jZKpkefAOGx,,[S] | UPC 2164002003 | High (verify recommended)
B.Sc. (Hons.) Botany,Plant Biotechnology,2024,May-June,,https://drive.google.com/uc?export=download&id=1y80CoD8U2ZJiDaZK8Npo75p9V8W4HSCK,,[S] | UPC 2164002003 | High (verify recommended)
B.Sc. (Hons.) Botany,Plant Physiology,2022,Nov-Dec,,https://drive.google.com/uc?export=download&id=1xQ5zmbu6S91bLXRlryuF5QBe9AiuIJzG,,[S] | UPC 2162013503 | High (verify recommended)
B.Sc. (Hons.) Botany,Plant Physiology,2023,Nov-Dec,,https://drive.google.com/uc?export=download&id=1t1vgUeBAqL9__h0kKGdhItc8mCWEniJj,,[S] | UPC 2162013503 | High (verify recommended)
B.Sc. (Hons.) Botany,Plant Physiology,2022,Nov-Dec,,https://drive.google.com/uc?export=download&id=1djlqXyfGnImbSAjqeyYqN4rSWd20DNf3,,[S] | UPC 2162013503 | High (verify recommended)
B.Sc. (Hons.) Botany,Plant Systematics,2022,May-June,,https://drive.google.com/uc?export=download&id=1_5h6I0osTGxgjIBtS-_RVfoO_g_ch1Cj,,[S] | UPC 2162011203 | High (verify recommended)
B.Sc. (Hons.) Botany,Plant Systematics,2023,May-June,,https://drive.google.com/uc?export=download&id=113C6KO7HZjX48w74Mr6jpy50FwqJe_SP,,[S] | UPC 2162011203 | High (verify recommended)
B.Sc. (Hons.) Botany,Plant Physiology,2024,May-June,,https://drive.google.com/uc?export=download&id=1tCzzpDhzvOkBJnF3SFQrULbpqkIG7H3I,,[S] | UPC 2162013503 | High (verify recommended)
B.Sc. (Hons.) Botany,Plant Systematics,2025,May-June,,https://drive.google.com/uc?export=download&id=1z-tO3RV4Rky6IFG4r-GA25yyrN-KHLhU,,[S] | UPC 2162011203 | High (verify recommended)
B. Sc. Life Science (Botany),Reproductive Ecology,2023,Nov-Dec,,https://drive.google.com/uc?export=download&id=1Y4O0Iv_TE954pZNKHhMIJLewWv458x5c,,[S] | UPC 2163010012 | Medium (verify required)
B.Sc. (Hons.) Botany,Advanced tools & Analytical Techniques in Plant Biology,2023,May-June,,https://drive.google.com/uc?export=download&id=1qf8EodgGn3UbbipRIG_MmJ7UCZaNQIKz,,[S] | UPC 2162013603 | Medium (verify required)
B.Sc. (Hons.) Botany,Advanced tools & Analytical Techniques in Plant Biology,2024,May-June,,https://drive.google.com/uc?export=download&id=1Ft-O5mm-Dt5SJv-T7szytXdhHB51g2T1,,[S] | UPC 2162013603 | Medium (verify required)
B.Sc. (Hons.) Botany,Advanced tools & Analytical Techniques in Plant Biology,2025,May-June,,https://drive.google.com/uc?export=download&id=1fEJ0nv64ye1WbV6nIf0L0TqB2hKeOjIe,,[S] | UPC 2162013603 | Medium (verify required)
B.Sc. (Prog.) Applied Life Sciences with Agrochemicals and Pest Management pertaining to Botany,Economic Botany,2022,Nov-Dec,,https://drive.google.com/uc?export=download&id=19FqPyMXIFMRw9mHIVAAg0KiYiI0XNLLS,,[S] | UPC 2162581201 | Medium (verify required)
B. Sc. Life Science (Botany),Biodiversity Informatics,2022,Nov-Dec,,https://drive.google.com/uc?export=download&id=1ZPxnVy1OJyvKjlsM6p_mTczUWL_96qxu,,[S] | UPC 2163010010 | Medium (verify required)
B. Sc. Life Science (Botany),Biodiversity Informatics,2023,Nov-Dec,,https://drive.google.com/uc?export=download&id=1K7O0v41NP4QJFrAwrn5uF764HZuzbN43,,[S] | UPC 2163010010 | Medium (verify required)
B. Sc. Life Science (Botany),Biodiversity Informatics,2024,Nov-Dec,,https://drive.google.com/uc?export=download&id=1DkFYFM8n_Btn61_w-8nFASNe6aZreru7,,[S] | UPC 2163010010 | Medium (verify required)
B. Sc. Life Science (Botany),Biodiversity Informatics,2024,May-June,,https://drive.google.com/uc?export=download&id=1pO_EUCiA0lwAAKZqB_S7p9IEvz76iYEa,,[S] | UPC 2163010010 | Medium (verify required)
B. Sc. Life Science (Botany),Biodiversity Informatics,2023,May-June,,https://drive.google.com/uc?export=download&id=1cmnw5Unb-TxYomrHG4RkKE3I_B5n2XTw,,[S] | UPC 2163010010 | Medium (verify required)
B.Sc. (Prog.) Applied Life Sciences with Agrochemicals and Pest Management pertaining to Botany,Genetics and Molecular Biology,2022,Nov-Dec,,https://drive.google.com/uc?export=download&id=1zrSZ5srO7hddNT5wWmI5a6iMGrJkii6R,,[S] | UPC 2162582301 | Medium (verify required)
B.Sc. (Prog.) Applied Life Sciences with Agrochemicals and Pest Management pertaining to Botany,Genetics and Molecular Biology,2023,Nov-Dec,,https://drive.google.com/uc?export=download&id=11GdTFn5pdvjn-LntiVgeo8VJSXg8t2GN,,[S] | UPC 2162582301 | Medium (verify required)
B.Sc. (Prog.) Applied Life Sciences with Agrochemicals and Pest Management pertaining to Botany,Genetics and Molecular Biology,2024,Nov-Dec,,https://drive.google.com/uc?export=download&id=1Y6azjx6e2M41hKndxApA6wUcD1Aji3Lu,,[S] | UPC 2162582301 | Medium (verify required)
B. Sc. Life Science (Botany),Biodiversity Informatics,2022,May-June,,https://drive.google.com/uc?export=download&id=1U8HcOvX_E3i5Rzdz26T0W7qlzMmk9gs0,,[S] | UPC 2163010010 | Medium (verify required)
B.Sc. (Hons.) Botany,Mycology,2023,May-June,,https://drive.google.com/uc?export=download&id=1PwxgWlbAjQGVXOR7Bdz-dtwiyLoAnZrC,,[S] | UPC 2162012401 | Medium (verify required)
B.Sc. (Hons.) Botany,Mycology,2024,May-June,,https://drive.google.com/uc?export=download&id=1klNA4I3Toyg3MWU4Xm-t5VtFZ3g3jygD,,[S] | UPC 2162012401 | Medium (verify required)
B. Sc. Life Science (Botany),Industrial and Environmental Microbiology,2022,May-June,,https://drive.google.com/uc?export=download&id=1YdGKjjSoKnIJt3ODiXqR7Vr-GzMJKcEc,,[S] | UPC 2163012004 | Medium (verify required)
B.Sc. (Hons.) Botany,Molecular Biology of the Cell,2022,May-June,,https://drive.google.com/uc?export=download&id=1VS0JI8MYO6LOqY65O7arqAT3tbLCw6-0,,[S] | UPC 2162013501 | Medium (verify required)
B.Sc. (Hons.) Botany,Molecular Biology of the Cell,2023,May-June,,https://drive.google.com/uc?export=download&id=1ibBhs1hb7u4MWrDqnM3_RBugmxVJynUb,,[S] | UPC 2162013501 | Medium (verify required)
B.Sc. (Hons.) Botany,Molecular Biology of the Cell,2024,Nov-Dec,,https://drive.google.com/uc?export=download&id=1Vt6BklMwBnlT1F-pUfVJJ-9cNIAd9Kuq,,[S] | UPC 2162013501 | Medium (verify required)
B.Sc. (Hons.) Botany,Plant Biochemistry and Metabolism,2022,May-June,,https://drive.google.com/uc?export=download&id=1l8DCVD9xPahHrQFvMDxxADpKrUAxKd5I,,[S] | UPC 2162013602 | Medium (verify required)
B. Sc. Life Science (Botany),Plant Physiology and Metabolism LS-BOT-DSC 05,2022,May-June,,https://drive.google.com/uc?export=download&id=1EgghYzat1g2LHkISxx1SqThfEL3ToBW2,,[S] | UPC 2162523502 | Medium (verify required)
B. Sc. Life Science (Botany),Reproductive Ecology,2022,Nov-Dec,,https://drive.google.com/uc?export=download&id=1kkhJWCzCALDEST7MGjegYG_jO_0zVKjz,,[S] | UPC 2163010012 | Medium (verify required)
B. Sc. Life Science (Botany),Reproductive Ecology,2024,Nov-Dec,,https://drive.google.com/uc?export=download&id=1M-MmzZ_kyTqHDSkGtfh9ygBxuNNVZ4mF,,[S] | UPC 2163010012 | Medium (verify required)
Botany,Botany,,Not Specified,,https://drive.google.com/uc?export=download&id=1YVh6CQ0Yyhwc78QVFiu9RGSLqK0y8pOl,,[S] | Unmatched (manual mapping needed)
Botany,Botany,,Not Specified,,https://drive.google.com/uc?export=download&id=1HxM9_W-H18tugRLwyrMucL2r7HtpmNFh,,[S] | Unmatched (manual mapping needed)
Botany,Botany,,Not Specified,,https://drive.google.com/uc?export=download&id=1Cmu5KreZog3JFluvjQr7orixGbAZ36SY,,[S] | Unmatched (manual mapping needed)
Botany,Botany,,Not Specified,,https://drive.google.com/uc?export=download&id=1sCVghKN0N_W0Xe5bpeZaBnEQ6N_4pG_F,,[S] | Unmatched (manual mapping needed)
Botany,Botany,,Not Specified,,https://drive.google.com/uc?export=download&id=1OsEDoVjN5CvdSA9qetTFRx14g5dVOQ06,,[S] | Unmatched (manual mapping needed)
Botany,Botany,2022,Nov-Dec,,https://drive.google.com/uc?export=download&id=1WUbi7Je1W5QjUEs_8YvV9qBSq732fqJi,,[S] | Unmatched (manual mapping needed)
Botany,Botany,2023,Nov-Dec,,https://drive.google.com/uc?export=download&id=1zPPCzIu3oG5f4ORrpMPGg1Wmze1AZmue,,[S] | Unmatched (manual mapping needed)
Botany,Botany,2022,Nov-Dec,,https://drive.google.com/uc?export=download&id=1DCh_NywNqgsp-FuMqZ3N8zG8OLcWGec_,,[S] | Unmatched (manual mapping needed)
Botany,Botany,2023,Nov-Dec,,https://drive.google.com/uc?export=download&id=1YLikAVcXfwWiV_xx8vFIokd4jnIqC1B7,,[S] | Unmatched (manual mapping needed)
Botany,Botany,2022,Nov-Dec,,https://drive.google.com/uc?export=download&id=1kYliWQ9PSGtcrt52hC_NNhIUUI6iPK7u,,[S] | Unmatched (manual mapping needed)
Botany,Botany,2023,Nov-Dec,,https://drive.google.com/uc?export=download&id=1hWyJdxy681X7D3AKUOc8BLeUCtHtLmtd,,[S] | Unmatched (manual mapping needed)
Botany,Botany,2023,Nov-Dec,,https://drive.google.com/uc?export=download&id=1_o81CpPWGY_YkP5dDf_2fzbr6Nf2zSD5,,[S] | Unmatched (manual mapping needed)
Botany,Botany,2022,May-June,,https://drive.google.com/uc?export=download&id=1hrNT3r1sjW2nr-UxM4coMRqG-Dp2WGyj,,[S] | Unmatched (manual mapping needed)
Botany,Botany,2024,May-June,,https://drive.google.com/uc?export=download&id=1ZqiVAkgxiNojjkqnGoVhpp_hdicgpNrO,,[S] | Unmatched (manual mapping needed)
Botany,Botany,2024,May-June,,https://drive.google.com/uc?export=download&id=1mVVv0MKi4yXO9dVYfCfkKyI9yuEVyeJr,,[S] | Unmatched (manual mapping needed)
B.A. (Hons.) Business Economics (BBE),Business Legislation in India,2025,May-June,,https://drive.google.com/uc?export=download&id=13m3SSIYDAgSqCBRHDDOyCCB3CiarADHZ,,[S] | UPC 2922103602 | Exact (UPC/syllabus match)
B.A. (Hons.) Business Economics (BBE),Environmental Economics,2025,May-June,,https://drive.google.com/uc?export=download&id=1f6LsXvGnstLH0OjuIrnAbZUPUmPOsaxz,,[S] | UPC 2922103603 | Exact (UPC/syllabus match)
B.A. (Hons.) Business Economics (BBE),Financial Institutions and Markets,2023,May-June,,https://drive.google.com/uc?export=download&id=16hRth3FQD9_6rzI2I28l4hJOP0W1J3E2,,[S] | UPC 2922101202 | Exact (UPC/syllabus match)
B.A. (Hons.) Business Economics (BBE),Financial Institutions and Markets,2023,May-June,,https://drive.google.com/uc?export=download&id=1k9QlIGAe0j9ttnRbQ38GErp2zuttIg5p,,[S] | UPC 2922101202 | Exact (UPC/syllabus match)
B.A. (Hons.) Business Economics (BBE),Financial Institutions and Markets,2025,May-June,,https://drive.google.com/uc?export=download&id=17ek5fdR5xqhNiV5QN42Oznn0NmYc3AlY,,[S] | UPC 2922101202 | Exact (UPC/syllabus match)
B.A. (Hons.) Business Economics (BBE),Financial Institutions and Markets,2024,May-June,,https://drive.google.com/uc?export=download&id=1_-L6cqvVAor0Q976jsovj6BgM6oKLeib,,[S] | UPC 2922101202 | Exact (UPC/syllabus match)
B.A. (Hons.) Business Economics (BBE),Macroeconomics – I,2024,May-June,,https://drive.google.com/uc?export=download&id=1LL_9D3WKe6BrL8arXL6pvnTOKlTqcLKN,,[S] | UPC 2922101201 | Exact (UPC/syllabus match)
B.A. (Hons.) Business Economics (BBE),Macroeconomics – I,2025,May-June,,https://drive.google.com/uc?export=download&id=1pfszE2WaxIN8SlH0W_nB_CgGAvuUmYwf,,[S] | UPC 2922101201 | Exact (UPC/syllabus match)
B.A. (Hons.) Business Economics (BBE),Macroeconomics – II,2025,May-June,,https://drive.google.com/uc?export=download&id=167itGmBML4MTspNgRlvmV1dMugZ9ekSx,,[S] | UPC 2922102401 | Exact (UPC/syllabus match)
B.A. (Hons.) Business Economics (BBE),Macroeconomics – II,2024,May-June,,https://drive.google.com/uc?export=download&id=1u_tXZp-_kZio-6K_EMUQwHFjT3bbiZTX,,[S] | UPC 2922102401 | Exact (UPC/syllabus match)
B.A. (Hons.) Business Economics (BBE),Marketing Management,2025,May-June,,https://drive.google.com/uc?export=download&id=1_HDCeYyKTihZGgqehY5nEie7sj5SBxhF,,[S] | UPC 2922102403 | Exact (UPC/syllabus match)
B.A. (Hons.) Business Economics (BBE),Marketing Management,2024,May-June,,https://drive.google.com/uc?export=download&id=1mat7bn39E6-7KE_TnZcOmKOYFHVz4y3G,,[S] | UPC 2922102403 | Exact (UPC/syllabus match)
B.A. (Hons.) Business Economics (BBE),Operations Research,2025,May-June,,https://drive.google.com/uc?export=download&id=1-_3PhNmt7wSBVkwlm23JRe5WQoAvKmtE,,[S] | UPC 2922103601 | Exact (UPC/syllabus match)
B.A. (Hons.) Business Economics (BBE),Research Methodology,2025,May-June,,https://drive.google.com/uc?export=download&id=1GWcHjaj2yQfAwaHkgf_z4r0DEP7HBmzB,,[S] | UPC 2923100015 | Exact (UPC/syllabus match)
B.A. (Hons.) Business Economics (BBE),Statistics for Business Economics – II,2024,May-June,,https://drive.google.com/uc?export=download&id=1NbtQb1lVHgVi8hHxWNemmonumijih2PF,,[S] | UPC 2922102402 | Exact (UPC/syllabus match)
B.A. (Hons.) Business Economics (BBE),Statistics for Business Economics – I,2023,May-June,,https://drive.google.com/uc?export=download&id=1ZHIgnRv4ppR3A2nG4pgzImBfWvZ8vQFT,,[S] | UPC 2922101203 | Exact (UPC/syllabus match)
B.A. (Hons.) Business Economics (BBE),Statistics for Business Economics – I,2025,May-June,,https://drive.google.com/uc?export=download&id=1mK29UDYwsj9nNA6RMM-uu8bV4VN2Fo9R,,[S] | UPC 2922101203 | Exact (UPC/syllabus match)
B.A. (Hons.) Business Economics (BBE),Statistics for Business Economics – I,2024,May-June,,https://drive.google.com/uc?export=download&id=1NZdgwj9THtH6QyWeLoo-EzdjJhtVuJsJ,,[S] | UPC 2922101203 | Exact (UPC/syllabus match)
B.A. (Hons.) Business Economics (BBE),Statistics for Business Economics – I,2024,May-June,,https://drive.google.com/uc?export=download&id=1t0i-lndAwY4xmSpTVFPKsxs8TABlZiP8,,[S] | UPC 2922101203 | Exact (UPC/syllabus match)
B.A. (Hons.) Business Economics (BBE),Macroeconomics – I,2023,May-June,,https://drive.google.com/uc?export=download&id=1u2xp6DDp_po0HzXezGIfU-p7N0GHHoWd,,[S] | UPC 2922101201 | Exact (UPC/syllabus match)
B.A. (Hons.) Business Economics (BBE),Advertising Management,2024,May-June,,https://drive.google.com/uc?export=download&id=1UVO5JkgNLYRs_AJOxZhP69tfvVoqPRiU,,[S] | UPC 2923100011 | High (verify recommended)
B.A. (Hons.) Business Economics (BBE),Basic Econometrics,2023,May-June,,https://drive.google.com/uc?export=download&id=1VBPbT4TUNydeJmBkQyPMySvN3mGppzPz,,[S] | UPC TBA | High (verify recommended)
B.A. (Hons.) Business Economics (BBE),Basic Econometrics,2024,May-June,,https://drive.google.com/uc?export=download&id=1ya0lUWh0LktXs-V9tvGwXapNe4yy_r0w,,[S] | UPC TBA | High (verify recommended)
B.A. (Hons.) Business Economics (BBE),Basic Econometrics,2024,Nov-Dec,,https://drive.google.com/uc?export=download&id=1jpAthvMA-HH2T_zjFcQDDLxZJ2CyEL7u,,[S] | UPC TBA | High (verify recommended)
B.A. (Hons.) Business Economics (BBE),Corporate Finance,2024,Nov-Dec,,https://drive.google.com/uc?export=download&id=12zIKJurODbZcleK2Mhc2HRRSbsahhPOo,,[S] | UPC TBA | High (verify recommended)
B.A. (Hons.) Business Economics (BBE),Entrepreneurship,2024,Nov-Dec,,https://drive.google.com/uc?export=download&id=1uTC_IFzi_9EFHkpvhA5uDcUxSwaNAPUT,,[S] | UPC 2929104802 | High (verify recommended)
B.A. (Hons.) Business Economics (BBE),Indian Financial System,2024,May-June,,https://drive.google.com/uc?export=download&id=1gas2S_Xe9sRbt3kVjrGnUX449KW7yNrg,,[S] | UPC TBA | High (verify recommended)
B.A. (Hons.) Business Economics (BBE),International Economics,2024,Nov-Dec,,https://drive.google.com/uc?export=download&id=12YBAPXXVr9V3lMHv9m7nfnb1R7hAHUBF,,[S] | UPC TBA | High (verify recommended)
B.A. (Hons.) Business Economics (BBE),International Economics,2024,May-June,,https://drive.google.com/uc?export=download&id=1Dpg2CYQj6XTrK1GtXk9Zy1ZkAl0ekG2M,,[S] | UPC TBA | High (verify recommended)
B.A. (Hons.) Business Economics (BBE),International Economics,2023,May-June,,https://drive.google.com/uc?export=download&id=1VyUTMI5mDEhWpyTf5_5zuPKLNfLbOL_h,,[S] | UPC TBA | High (verify recommended)
Bachelor of Management Studies,Legal Aspects of Business,2024,May-June,,https://drive.google.com/uc?export=download&id=1luT6KZhxl2TSDJP2uv_30hqwLQmFbSJh,,[S] | UPC 2922063502 | High (verify recommended)
Bachelor of Management Studies,Macroeconomics,2022,Nov-Dec,,https://drive.google.com/uc?export=download&id=18jA_hXT9DMjzd8YY0YAGXa-HF4NJKRT8,,[S] | UPC 2922062302 | High (verify recommended)
B.A. (Hons.) Business Economics (BBE),Marketing Management,2023,May-June,,https://drive.google.com/uc?export=download&id=1lyIyhmxgibgEJM9J-h6uvrCfzYfKHnJQ,,[S] | UPC 2922102403 | High (verify recommended)
B.A. (Hons.) Business Economics (BBE),Marketing Management,2024,May-June,,https://drive.google.com/uc?export=download&id=1ZWC4jMwXITV92l0ubDz3Lchrv3Evlc_u,,[S] | UPC 2922102403 | High (verify recommended)
B.A. (Hons.) Business Economics (BBE),Mathematics for Business Economics – I,2023,May-June,,https://drive.google.com/uc?export=download&id=1FXqSKvhY_3se5rWq9jdE8cdPF4aFRjD7,,[S] | UPC TBA | High (verify recommended)
B.A. (Hons.) Business Economics (BBE),Microeconomics – II,2024,Nov-Dec,,https://drive.google.com/uc?export=download&id=1wJIV5vvTkGCCC_jiUsb53fuyMhl29RId,,[S] | UPC TBA | High (verify recommended)
Bachelor of Management Studies,Microeconomics,2022,Nov-Dec,,https://drive.google.com/uc?export=download&id=1MS77IQwDm6ojPqRzcmNkGzS_oon9ogHJ,,[S] | UPC 2922061202 | High (verify recommended)
Bachelor of Management Studies,Microeconomics,2024,Nov-Dec,,https://drive.google.com/uc?export=download&id=16WI4bSp2CbUM5NhNXfkRP7TzDJPHvHIz,,[S] | UPC 2922061202 | High (verify recommended)
B.A. (Hons.) Business Economics (BBE),Organisational Behaviour,2022,Nov-Dec,,https://drive.google.com/uc?export=download&id=1YBnN_tSU_YCEG0VNnw3YuavXofR2Btx1,,[S] | UPC TBA | High (verify recommended)
B.A. (Hons.) Business Economics (BBE),Quantitative Techniques,2022,Nov-Dec,,https://drive.google.com/uc?export=download&id=15n8jKepVt-jOfRHMelocyuIqxaGUiUEO,,[S] | UPC TBA | High (verify recommended)
B.A. (Hons.) Business Economics (BBE),Statistics for Business Economics – I,2024,Nov-Dec,,https://drive.google.com/uc?export=download&id=1cxW9UXLxz_bdn5qzpXt-dtEw13u6Opw-,,[S] | UPC 2922101203 | High (verify recommended)
B.A. (Hons.) Business Economics (BBE),Statistics for Business Economics – I,2025,May-June,,https://drive.google.com/uc?export=download&id=1ho_WTMWPs2W9vFFXn96RWAoShZjK0H_F,,[S] | UPC 2922101203 | High (verify recommended)
Bachelor of Management Studies,Consumer Behavior,2022,Nov-Dec,,https://drive.google.com/uc?export=download&id=1drBAOoBJHTRF-5Z4v7cORY7a4HvMftLD,,[S] | UPC 2923062023 | Medium (verify required)
Bachelor of Management Studies,Consumer Behavior,2024,Nov-Dec,,https://drive.google.com/uc?export=download&id=1nDbrBKBFowXqMSjEw4OzmqnRQ5Gc3827,,[S] | UPC 2923062023 | Medium (verify required)
B.A. (Hons.) Business Economics (BBE),Investment and Portfolio Optimization,2024,Nov-Dec,,https://drive.google.com/uc?export=download&id=1FvQTyYKoujzfcGWuo85wa-Tmtjs3uknR,,[S] | UPC TBA | Medium (verify required)
B.A. (Hons.) Business Economics (BBE),Macroeconomics – II,2023,May-June,,https://drive.google.com/uc?export=download&id=1xXegOv729MpfkE5m5vL5IQow_rmn8xx2,,[S] | UPC 2922102401 | Medium (verify required)
B.A. (Hons.) Business Economics (BBE),Macroeconomics – I,2024,Nov-Dec,,https://drive.google.com/uc?export=download&id=16J_QE4DN9mbOO6iPtB-ZuZ1RMtDXuGeD,,[S] | UPC 2922101201 | Medium (verify required)
B.A. (Hons.) Business Economics (BBE),Macroeconomics – II,2023,May-June,,https://drive.google.com/uc?export=download&id=1XnbNhSS4qL9GWjqkZ4nDb5nkz9LbHcHi,,[S] | UPC 2922102401 | Medium (verify required)
B.A. (Hons.) Business Economics (BBE),Macroeconomics – II,2024,May-June,,https://drive.google.com/uc?export=download&id=1viLkBAbAPpKsWTyRu2yBfjGQxfalWkQc,,[S] | UPC 2922102401 | Medium (verify required)
B.A. (Hons.) Business Economics (BBE),Statistics for Business,2022,Nov-Dec,,https://drive.google.com/uc?export=download&id=1xBQUE_d_em87SIhFGiA0VRojn3r-hbcn,,[S] | UPC 2924001202 | Medium (verify required)
B.A. (Hons.) Business Economics (BBE),Statistics for Business,2024,Nov-Dec,,https://drive.google.com/uc?export=download&id=10iGo508V0LGmFw2dflshKWCHQJDv1nsK,,[S] | UPC 2924001202 | Medium (verify required)
B.A. (Hons.) Business Economics (BBE),Statistics for Business,2024,Nov-Dec,,https://drive.google.com/uc?export=download&id=13hGnJeuOPN1Wr31PYfL3dzyvDNlBLePt,,[S] | UPC 2924001202 | Medium (verify required)
B.A. (Hons.) Business Economics (BBE),Microeconomics – II,2024,May-June,,https://drive.google.com/uc?export=download&id=15Lhtx9JXa-xs6jESrJN8gX_YU991lGvG,,[S] | UPC TBA | Medium (verify required)
B.A. (Hons.) Business Economics (BBE),Principles of Macroeconomics,2025,May-June,,https://drive.google.com/uc?export=download&id=1FL37W8vabWeACY5PHUbm94tP0ja87-EB,,[S] | UPC 2274001201 | Medium (verify required)
Bachelor of Management Studies,Security Analysis & Portfolio Management,2022,Nov-Dec,,https://drive.google.com/uc?export=download&id=1WvOkBCmNOyoHyE1Ci0jP-ragjsNZGMtR,,[S] | UPC 2923060028 | Medium (verify required)
B.A. (Hons.) Business Economics (BBE),Understanding Consumer Behaviour,2024,Nov-Dec,,https://drive.google.com/uc?export=download&id=1y03IqwB2duxW1o19a_cPXbwwrLzASb_N,,[S] | UPC TBA | Medium (verify required)
Business Economics,Business Economics,,Not Specified,,https://drive.google.com/uc?export=download&id=11nfcFmS7XrbsqWO9oJhtH4UAuNNVDiYa,,[S] | Unmatched (manual mapping needed)
Business Economics,Business Economics,,Not Specified,,https://drive.google.com/uc?export=download&id=1itSG3YxmIuSHz-M82L4cUcWsUUQfgRJ5,,[S] | Unmatched (manual mapping needed)
Business Economics,Business Economics,,Not Specified,,https://drive.google.com/uc?export=download&id=1SLUmlXomo_B-30zETeXPBAg19e_WNwza,,[S] | Unmatched (manual mapping needed)
Business Economics,Business Economics,,Not Specified,,https://drive.google.com/uc?export=download&id=1quphsM6or-ig8Hrq4lgIWDb_E1Qasyuj,,[S] | Unmatched (manual mapping needed)
Business Economics,Business Economics,,Not Specified,,https://drive.google.com/uc?export=download&id=1lfPDezEgPPjGZRB4xM2PAY-ZvCYKd1kr,,[S] | Unmatched (manual mapping needed)
Business Economics,Business Economics,,Not Specified,,https://drive.google.com/uc?export=download&id=1W3Mq5a1hptz3ChxstViyTKsEUBDyBhrs,,[S] | Unmatched (manual mapping needed)
Business Economics,Business Economics,,Not Specified,,https://drive.google.com/uc?export=download&id=1cZVPyWXhBxhYq3ShSZ3kaYfB4Bs40qI2,,[S] | Unmatched (manual mapping needed)
Business Economics,Business Economics,2023,May-June,,https://drive.google.com/uc?export=download&id=1nxKS_hNscIypOk5s1d8AUaDlQxBFStX-,,[S] | Unmatched (manual mapping needed)
Business Economics,Business Economics,2023,May-June,,https://drive.google.com/uc?export=download&id=1xdGJsfu6K_kcS063lei8inPx5s1XNGHj,,[S] | Unmatched (manual mapping needed)
Business Economics,Business Economics,2025,May-June,,https://drive.google.com/uc?export=download&id=1xMcdY3lUPpf9m2_Xi6no3F6tLQkYH4_y,,[S] | Unmatched (manual mapping needed)
Business Economics,Business Economics,2024,May-June,,https://drive.google.com/uc?export=download&id=1OuDj5M1Fj7FjVdTvBwVWa2OcEKOAxu8i,,[S] | Unmatched (manual mapping needed)
Business Economics,Business Economics,2022,Nov-Dec,,https://drive.google.com/uc?export=download&id=17TBYEiSm_iZ2wyLv8kFWazcedfflXGAW,,[S] | Unmatched (manual mapping needed)
Business Economics,Business Economics,2023,May-June,,https://drive.google.com/uc?export=download&id=1ykXuNnDu0uNHv12lrxoa91FL7y8SFgea,,[S] | Unmatched (manual mapping needed)
Business Economics,Business Economics,2025,May-June,,https://drive.google.com/uc?export=download&id=11j9Ch5JdQ6zG5BQSpu-_GGEQFnK2a1eu,,[S] | Unmatched (manual mapping needed)
Business Economics,Business Economics,2024,May-June,,https://drive.google.com/uc?export=download&id=1PN3pfFRKqFc40m9rGQh2s1nopzYxAgyS,,[S] | Unmatched (manual mapping needed)
Business Economics,Business Economics,2025,May-June,,https://drive.google.com/uc?export=download&id=1BS0txeXwUJ06SCSIshaM1-FnXS8vRIOI,,[S] | Unmatched (manual mapping needed)
Business Economics,Business Economics,2025,May-June,,https://drive.google.com/uc?export=download&id=1Jxh1GMa8JGORK9yxGzAm5phf5p6gQbzk,,[S] | Unmatched (manual mapping needed)
Business Economics,Business Economics,2022,Nov-Dec,,https://drive.google.com/uc?export=download&id=1gv6csMixW5VFUlX_iRLJWyq4XhwWlBW2,,[S] | Unmatched (manual mapping needed)
DEPARTMENT OF CHEMISTRY,"Organo-Mettalics, Bio-Inorganic Chemistry, Polynuclear-Hydrocarbons And Uv&Ir",2023,May-June,,https://drive.google.com/uc?export=download&id=1_HR14TQUM_s7GaoCGec0b764zpypZPU_,,[S] | UPC 42177926 | Exact (Question Bank code match)
DEPARTMENT OF CHEMISTRY,"Organo-Mettalics, Bio-Inorganic Chemistry, Polynuclear-Hydrocarbons And Uv&Ir",2022,May-June,,https://drive.google.com/uc?export=download&id=1D1ZIjIpuxUBIZmOTFVKlgdWYK-86hHUV,,[S] | UPC 42177926 | Exact (Question Bank code match)
DEPARTMENT OF CHEMISTRY,It Skills For Chemists,2024,Nov-Dec,,https://drive.google.com/uc?export=download&id=175psH2xGRTizxLM4PazWl83E0OOblUZ5,,[S] | UPC 32173901 | Exact (Question Bank code match)
DEPARTMENT OF CHEMISTRY,"Chemical Energetics, Equilibria & Functional Group Organic Chemistry-I",2025,May-June,,https://drive.google.com/uc?export=download&id=1MoDsn_5X-cfC54YmfZqYkR1UxEAu8sVL,,[S] | UPC 42171205 | Exact (Question Bank code match)
DEPARTMENT OF CHEMISTRY,"Organo-Mettalics, Bio-Inorganic Chemistry, Polynuclear-Hydrocarbons And Uv&Ir",2023,May-June,,https://drive.google.com/uc?export=download&id=1viGrw1IcYgRBqn0ujSimEjSdKecU3p5u,,[S] | UPC 42177926 | Exact (Question Bank code match)
DEPARTMENT OF CHEMISTRY,"Organo-Mettalics, Bio-Inorganic Chemistry, Polynuclear-Hydrocarbons And Uv&Ir",2024,May-June,,https://drive.google.com/uc?export=download&id=1T-wT8RTHN9tDeaea0apAF6cUKjWMESoj,,[S] | UPC 42177926 | Exact (Question Bank code match)
DEPARTMENT OF CHEMISTRY,"Organo-Mettalics, Bio-Inorganic Chemistry, Polynuclear-Hydrocarbons And Uv&Ir",2022,May-June,,https://drive.google.com/uc?export=download&id=13k0bgTkYzAvFWmJCWhw9ZPseNMRLq2ci,,[S] | UPC 42177926 | Exact (Question Bank code match)
DEPARTMENT OF CHEMISTRY,"Organo-Mettalics, Bio-Inorganic Chemistry, Polynuclear-Hydrocarbons And Uv&Ir",2024,May-June,,https://drive.google.com/uc?export=download&id=13ue2100boFAFHGpML-TQVB-tzzT7Tge0,,[S] | UPC 42177926 | Exact (Question Bank code match)
DEPARTMENT OF CHEMISTRY,Applications Of Computers In Chemistry,2023,May-June,,https://drive.google.com/uc?export=download&id=1pTtDY8P2_HfyLEl18cqCGNkFYezUgTxd,,[S] | UPC 32177903 | Exact (Question Bank code match)
DEPARTMENT OF CHEMISTRY,Applications Of Computers In Chemistry,2022,May-June,,https://drive.google.com/uc?export=download&id=1STlgZMA1MDqaQCh2BKLdTBfsTFUHPKYN,,[S] | UPC 32177903 | Exact (Question Bank code match)
DEPARTMENT OF CHEMISTRY,Analytical Method In Chemistry,2024,Nov-Dec,,https://drive.google.com/uc?export=download&id=1eLpXzcoMOLlx7htfbr7oCx3tmr9q1AXz,,[S] | UPC 32177904 | Exact (Question Bank code match)
DEPARTMENT OF ECONOMICS,Principles Of Microeconomics,2024,Nov-Dec,,https://drive.google.com/uc?export=download&id=1Emuxl4PfB4OB-6P_NCRc_cNgL7cUg79R,,[S] | UPC 2274001003 | Exact (Question Bank code match)
DEPARTMENT OF CHEMISTRY,Analytical Clinical Biochemistry,2023,May-June,,https://drive.google.com/uc?export=download&id=1P1rPsveRtvjb4lVtvuOHZ7jGRsXWDOKA,,[S] | UPC 32173907 | Exact (Question Bank code match)
DEPARTMENT OF CHEMISTRY,Analytical Clinical Biochemistry,2024,May-June,,https://drive.google.com/uc?export=download&id=1X_6Wrch17N6JDrIyR13M1SqtCbaklR5A,,[S] | UPC 42173922 | Exact (Question Bank code match)
DEPARTMENT OF CHEMISTRY,Analytical Clinical Biochemistry,2022,May-June,,https://drive.google.com/uc?export=download&id=1HlmxrQoJmZ6fieZlw8kuYoGNLlvBMbQw,,[S] | UPC 32173907 | Exact (Question Bank code match)
DEPARTMENT OF CHEMISTRY,Chemistry Of Cosmetics And Perfumes,2024,Nov-Dec,,https://drive.google.com/uc?export=download&id=1fKWXkOcMdNJpu_qpreIB7W43eCrG8QJl,,[S] | UPC 32173910 | Exact (Question Bank code match)
DEPARTMENT OF CHEMISTRY,Chemistry Of Cosmetics And Perfumes,2024,Nov-Dec,,https://drive.google.com/uc?export=download&id=1ib1TtcY19i1B1Lv4ISCaz0KeGoa_4miR,,[S] | UPC 32173910 | Exact (Question Bank code match)
DEPARTMENT OF CHEMISTRY,Chemistry Of Cosmetics And Perfumes,2022,Nov-Dec,,https://drive.google.com/uc?export=download&id=1V5WSmnleaZjvNuNt2hcH3UIq2KdnSMUE,,[S] | UPC 32173910 | Exact (Question Bank code match)
DEPARTMENT OF CHEMISTRY,It Skills For Chemists,2024,May-June,,https://drive.google.com/uc?export=download&id=1xWTc3U78mMT7PoCFvJ7-3LSlGSe1--tM,,[S] | UPC 32173901 | Exact (Question Bank code match)
DEPARTMENT OF CHEMISTRY,Chemistry Of Cosmetics And Perfumes,2023,Nov-Dec,,https://drive.google.com/uc?export=download&id=1vM2sOg0hvfVWqlT-yGVe8NPNZS1-wnQE,,[S] | UPC 32173910 | Exact (Question Bank code match)
DEPARTMENT OF CHEMISTRY,It Skills For Chemists,2023,May-June,,https://drive.google.com/uc?export=download&id=1V0ddvaFrzQgiHKorrtNF4g1YXvzO7WQ0,,[S] | UPC 32173901 | Exact (Question Bank code match)
DEPARTMENT OF CHEMISTRY,It Skills For Chemists,2022,May-June,,https://drive.google.com/uc?export=download&id=1nST3ejWpwbVX4zCO8OyEcrIcajdp3ux-,,[S] | UPC 32173901 | Exact (Question Bank code match)
DEPARTMENT OF CHEMISTRY,"Solutions, Phase Equilibrium, Conductance, Electrochemistry & Functional Group Organic Chemistry- Ii",2023,Nov-Dec,,https://drive.google.com/uc?export=download&id=1PX4h3iUNTpPUP7f5TqdONunxz9yNWWXH,,[S] | UPC 32175915 | Exact (Question Bank code match)
DEPARTMENT OF CHEMISTRY,"Solutions, Phase Equilibrium, Conductance, Electrochemistry & Functional Group Organic Chemistry- Ii",2023,Nov-Dec,,https://drive.google.com/uc?export=download&id=1iBywu5VwTc2AfbxViZr9xEfT9TzLY6it,,[S] | UPC 32175915 | Exact (Question Bank code match)
DEPARTMENT OF CHEMISTRY,"Solutions, Phase Equilibrium, Conductance , Electrochemistry & Functional Group Organic Chemistry-Ii",2023,Nov-Dec,,https://drive.google.com/uc?export=download&id=1S6PGDFzXEnqNW1e7D0dwJ52PSr6S-ChS,,[S] | UPC 42174304 | Exact (Question Bank code match)
DEPARTMENT OF CHEMISTRY,"Solutions, Phase Equilibrium, Conductance , Electrochemistry & Functional Group Organic Chemistry-Ii",2023,Nov-Dec,,https://drive.google.com/uc?export=download&id=1ZKBSBnAfYWOQOWkH5F7qdksamdLzw-Jy,,[S] | UPC 42174304 | Exact (Question Bank code match)
B.Sc (hons) Chemistry,States of Matter,2023,Nov-Dec,,https://drive.google.com/uc?export=download&id=1nMVfV3GKVosQEwXelCmV1UQo_bdjIQ8G,,[S] | UPC 2174001011 | Exact (UPC/syllabus match)
B.Sc (hons) Chemistry,States of Matter,2023,Nov-Dec,,https://drive.google.com/uc?export=download&id=1ypfA1Aj32uiC2WkYiIrWs21dkcxVRnbY,,[S] | UPC 2174001011 | Exact (UPC/syllabus match)
B.Sc (hons) Chemistry,Chemistry of d- and f-Block Elements and Quantitative Inorganic Analysis,2023,Nov-Dec,,https://drive.google.com/uc?export=download&id=1n_6YHINlrz38-Dnw7JLNiuSQdij5Bvsz,,[S] | UPC 2172012301 | Exact (UPC/syllabus match)
B.Sc. (Hons) Instrumentation,Analytical Instrumentation-I (INDSC3A),2024,Nov-Dec,,https://drive.google.com/uc?export=download&id=1jRcIMU7GJn8WnbPu22EoKWAfrUpC56D_,,[S] | UPC 2512042301 | Exact (UPC/syllabus match)
Physical Science courses pertaining to Chemistry,Inorganic Materials of Industrial Importance,2024,Nov-Dec,,https://drive.google.com/uc?export=download&id=1vKKkMWoRFY-CpWyMjg1tBkJLSxHQteGW,,[S] | UPC 2173010002 | Exact (UPC/syllabus match)
B.Sc (hons) Chemistry,Chemistry of s- and p-Block Elements,2024,May-June,,https://drive.google.com/uc?export=download&id=1jD2hjXj4du7M7bBSyH69D0To_v6F9xZl,,[S] | UPC 2172011201 | Exact (UPC/syllabus match)
B.Sc. (Prog.) Applied Life Sciences with Agrochemicals and Pest Management pertaining to Chemistry,Organic Chemistry,2024,Nov-Dec,,https://drive.google.com/uc?export=download&id=1FvHkftUOmUhkpdHhO96EeHeaHxFA7b_K,,[S] | UPC 2172582301 | Exact (UPC/syllabus match)
B.Sc. (Prog.) Applied Physical Sciences with Industrial Chemistry,Periodic Properties and Chemical Bonding,2024,May-June,,https://drive.google.com/uc?export=download&id=1Zw_tylfOQI9Zt3PZIHqh1vkxhi8vSvNs,,[S] | UPC 2172521202 | Exact (UPC/syllabus match)
B.Sc (hons) Chemistry,Coordination Chemistry and Reaction Mechanism,2025,May-June,,https://drive.google.com/uc?export=download&id=1FMXS6xC0EKsrIxHeDQrhI1dpUn0tgw9g,,[S] | UPC 2172012401 | Exact (UPC/syllabus match)
B.Sc (hons) Chemistry,Basic Concepts and Aliphatic Hydrocarbons (Organic Chemistry–I),2024,Nov-Dec,,https://drive.google.com/uc?export=download&id=1xr7NiUHRDr4-CuPUiN07gK2iujyHRBx-,,[S] | UPC 2172011102 | Exact (UPC/syllabus match)
B.Sc (hons) Chemistry,Gaseous and Liquid State (Physical Chemistry–I),2024,Nov-Dec,,https://drive.google.com/uc?export=download&id=1ltnIWcSCiocsd4P7fxjasDLNawsjkxVb,,[S] | UPC 2172011103 | Exact (UPC/syllabus match)
B.Sc (hons) Chemistry,Gaseous and Liquid State (Physical Chemistry–I),2022,Nov-Dec,,https://drive.google.com/uc?export=download&id=1wV5fJ2TYUtKZnwzZt3hPDxMATzPR4ohN,,[S] | UPC 2172011103 | Exact (UPC/syllabus match)
B.Sc (hons) Chemistry,Atomic Structure and Chemical Bonding (Inorganic Chemistry–I),2024,Nov-Dec,,https://drive.google.com/uc?export=download&id=1zA-jEaqy_rZuhHh4eY1fGheSoNQmpol9,,[S] | UPC 2172011101 | Exact (UPC/syllabus match)
B.Sc (hons) Chemistry,"Carbohydrates, Lipids, and Heterocyclic Compounds",2024,May-June,,https://drive.google.com/uc?export=download&id=1QgLFLf46krxHNJ_yiOljY-uJ-j_KQxq1,,[S] | UPC 2172012402 | Exact (UPC/syllabus match)
B.Sc (hons) Chemistry,"Carbohydrates, Lipids, and Heterocyclic Compounds",2025,May-June,,https://drive.google.com/uc?export=download&id=1_PHIitpum1ykyFnsSSdv2ZP3hG-m3y-O,,[S] | UPC 2172012402 | Exact (UPC/syllabus match)
B.Sc (hons) Chemistry,"Carbonyls, Carboxylic Acids, Amines, Nitro Compounds, Nitriles, Isonitriles, and Diazonium Salts",2023,Nov-Dec,,https://drive.google.com/uc?export=download&id=1nH5HbTAap2Ffbj8_j6zmBaXTlvn_R2VQ,,[S] | UPC 2172012302 | Exact (UPC/syllabus match)
B. Sc. Life Science (Chemistry),"Chemical Bonding and Elements in Biological System (DSC-4, Chemistry-02)",2024,May-June,,https://drive.google.com/uc?export=download&id=1rSiFO0t4I9zicoTgiNh0MGYZCx-h0pRR,,[S] | UPC 2172521201 | Exact (UPC/syllabus match)
B. Sc. Life Science (Chemistry) ; B.Sc. (Prog.) Applied Physical Science with Analytical Methods in Chemistry & Biochemistry ; Physical Science courses pertaining to Chemistry,"Chemical Energetics and Equilibria / Chemical Energetics and Equilibria (DSC-7, Chemistry-03)",2024,Nov-Dec,,https://drive.google.com/uc?export=download&id=11POP5iCLJoZ0GST6UvoZPn-6TjPq_abp,,[S] | UPC 2172512302 | Exact (UPC/syllabus match)
B. Sc. Life Science (Chemistry) ; B.Sc. (Prog.) Applied Physical Science with Analytical Methods in Chemistry & Biochemistry ; Physical Science courses pertaining to Chemistry,"Chemical Energetics and Equilibria / Chemical Energetics and Equilibria (DSC-7, Chemistry-03)",2023,Nov-Dec,,https://drive.google.com/uc?export=download&id=1K3TaPQIt-685RD8Ukv8xZ1ZA6tXkLmJ3,,[S] | UPC 2172512302 | Exact (UPC/syllabus match)
B.Sc (hons) Chemistry,"Chemical Equilibrium, Ionic Equilibrium, Conductance, and Solid State",2024,Nov-Dec,,https://drive.google.com/uc?export=download&id=1zNNkA53PHHH7PyIoMOMvUh1_Y5jKjs2X,,[S] | UPC 2172012303 | Exact (UPC/syllabus match)
B. Sc. Life Science (Chemistry) ; B.Sc. (Prog.) Applied Physical Sciences with Industrial Chemistry ; Physical Science courses pertaining to Chemistry,"Chemistry of Carboxylic Acids & their Derivatives, Amines and Heterocycles (DSC-10, Chemistry-04) / Chemistry of Carboxylic acids derivatievs , Amines and Heterocycles / “Chemistry of Carboxylic Acids & their Derivatives, Amines and Heterocycles”",2024,May-June,,https://drive.google.com/uc?export=download&id=1eta22Nuz5-7odzJhFubcWKkiU1ZC_XCb,,[S] | UPC 2172512401 | Exact (UPC/syllabus match)
B.Sc (hons) Chemistry,Chemistry of s- and p-Block Elements,2025,May-June,,https://drive.google.com/uc?export=download&id=1DPg4mLqNi5WFrri5DBFtWtYqi8FpHjrW,,[S] | UPC 2172011201 | Exact (UPC/syllabus match)
B.Sc (hons) Chemistry,"Electrochemical Cells, Chemical Kinetics, and Catalysis",2025,May-June,,https://drive.google.com/uc?export=download&id=1H_zZQCMFLtPJMP6V8VYWC_Oel0ruL_aI,,[S] | UPC 2172012403 | Exact (UPC/syllabus match)
B.Sc (hons) Chemistry,Gaseous and Liquid State (Physical Chemistry–I),2023,Nov-Dec,,https://drive.google.com/uc?export=download&id=1-2vdo40S5rrXirWqeYWstKLSYNyktTQi,,[S] | UPC 2172011103 | Exact (UPC/syllabus match)
B.Sc. (Prog.) Applied Physical Sciences with Industrial Chemistry,Periodic Properties and Chemical Bonding,2025,May-June,,https://drive.google.com/uc?export=download&id=1BFS6AHkRZ5UL8hpZxCSizl4E7Ouo35tp,,[S] | UPC 2172521202 | Exact (UPC/syllabus match)
B.Sc (hons) Chemistry,"Polynuclear Hydrocarbons, Photochemistry, Pericyclic Reactions, and Spectroscopy of Organic Compounds",2025,May-June,,https://drive.google.com/uc?export=download&id=19RwQwLuvOkcgXMPxBFMuFVVJKcYwgbjn,,[S] | UPC 2172013602 | Exact (UPC/syllabus match)
B.Sc (hons) Chemistry,Principles of Qualitative Analysis and Bioinorganic Chemistry,2025,May-June,,https://drive.google.com/uc?export=download&id=1wQQb3Fxb4i6eZHIkCI5hgbQTvPBB87s-,,[S] | UPC 2172013601 | Exact (UPC/syllabus match)
B. Sc. Life Science (Chemistry) ; B.Sc. (Prog.) Applied Physical Sciences with Industrial Chemistry ; Physical Science courses pertaining to Chemistry,"Basic Concepts of Organic Chemistry / Basic Concepts of Organic Chemistry (DSC-1, Chemistry-01)",2022,Nov-Dec,,https://drive.google.com/uc?export=download&id=1zlXK84rxJHluM1aQeJEbjCGCnmd40pqd,,[S] | UPC 2172511101 | Exact (UPC/syllabus match)
B.Sc (hons) Chemistry,Atomic Structure and Chemical Bonding (Inorganic Chemistry–I),2022,Nov-Dec,,https://drive.google.com/uc?export=download&id=1DY_XUsWr85iCnuytZ5wMx1Hxd_sMDFYK,,[S] | UPC 2172011101 | Exact (UPC/syllabus match)
B. Sc. Life Science (Chemistry) ; B.Sc. (Prog.) Applied Physical Sciences with Industrial Chemistry ; Physical Science courses pertaining to Chemistry,"Basic Concepts of Organic Chemistry / Basic Concepts of Organic Chemistry (DSC-1, Chemistry-01)",2024,Nov-Dec,,https://drive.google.com/uc?export=download&id=1X_5QlXv8ftD_eMbSm75St9ynBup-8Ao_,,[S] | UPC 2172511101 | Exact (UPC/syllabus match)
B.Sc (hons) Chemistry,Photochemistry and Spectroscopy,2025,May-June,,https://drive.google.com/uc?export=download&id=1NSxbOORx695PhtRdE25WAeE2Vt1-iMic,,[S] | UPC 2172013603 | Exact (UPC/syllabus match)
B.Sc (hons) Chemistry,Applied Organic Chemistry,2024,Nov-Dec,,https://drive.google.com/uc?export=download&id=1LJK7yICURat8XldVHk2EI5Bxi4Ytxy7A,,[S] | UPC 2173010009 | Exact (UPC/syllabus match)
B. Sc. Life Science (Chemistry),Chem-DSE-5: Biomolecules-I,2024,May-June,,https://drive.google.com/uc?export=download&id=1o2C1i5rlsiAgxNAhTz0tMcDU1xnPRgFq,,[S] | UPC 2173522006 | Exact (UPC/syllabus match)
B.Sc. (Prog.) Applied Physical Science with Analytical Methods in Chemistry & Biochemistry ; Physical Science courses pertaining to Chemistry,"Conductance, Electrochemistry and Chemical Kinetics",2024,May-June,,https://drive.google.com/uc?export=download&id=1xfhOyJoG9qzexjTMrDLKFeqlUrb6mzSV,,[S] | UPC 2173542003 | Exact (UPC/syllabus match)
B.Sc (hons) Chemistry,Inorganic Materials of Industrial Importance,2024,Nov-Dec,,https://drive.google.com/uc?export=download&id=1RO9AO8Xd5vjvDuJ-cI9NTWmwhqMfgHco,,[S] | UPC 2173012002 | Exact (UPC/syllabus match)
B. Sc. Life Science (Chemistry) ; Physical Science courses pertaining to Chemistry,"Chem-DSE-2: Polynuclear Hydrocarbons, Pharmaceutical Compounds, UV- Visible & IR Spectroscopy / Polynuclear Hydrocarbons, Pharmaceutical Compounds, UV- Visible & IR Spectroscopy",2024,Nov-Dec,,https://drive.google.com/uc?export=download&id=16HLEzmnjbXmrp1J7P5Fnu5a3KldUp8Wc,,[S] | UPC 2173522002 | Exact (UPC/syllabus match)
B. Sc. Life Science (Chemistry) ; Physical Science courses pertaining to Chemistry,"Chem-DSE-2: Polynuclear Hydrocarbons, Pharmaceutical Compounds, UV- Visible & IR Spectroscopy / Polynuclear Hydrocarbons, Pharmaceutical Compounds, UV- Visible & IR Spectroscopy",2024,Nov-Dec,,https://drive.google.com/uc?export=download&id=1Q5GZqLKixXtJfdX6FIIy41Q_9PpQT3sw,,[S] | UPC 2173522002 | Exact (UPC/syllabus match)
B. Sc. Life Science (Chemistry) ; Physical Science courses pertaining to Chemistry,"Chem-DSE-2: Polynuclear Hydrocarbons, Pharmaceutical Compounds, UV- Visible & IR Spectroscopy / Polynuclear Hydrocarbons, Pharmaceutical Compounds, UV- Visible & IR Spectroscopy",2023,Nov-Dec,,https://drive.google.com/uc?export=download&id=1uZxdwaSjK3M82-RL5g9GhWxUCOsfF0O2,,[S] | UPC 2173522002 | Exact (UPC/syllabus match)
B.Sc (hons) Chemistry,"Reactions, Reagents, and Chemical Process",2025,May-June,,https://drive.google.com/uc?export=download&id=18qIvL81OedyPKh4hUcAHE-6ZY-aTFL6S,,[S] | UPC 2173012011 | Exact (UPC/syllabus match)
B. Sc. Life Science (Chemistry),Chem-DSE-4: Acids & Bases and Aqueous Chemistry of Metal Ions,2025,May-June,,https://drive.google.com/uc?export=download&id=1B74Jwel0N0PlExNv2ckaTfZkp3VI8gm9,,[S] | UPC 2173522005 | Exact (UPC/syllabus match)
B.Sc (hons) Chemistry,"Electrochemical Cells, Chemical Kinetics, and Catalysis",2024,May-June,,https://drive.google.com/uc?export=download&id=1lGn7EFsBbYDKJ5fnK54Dl-9ata2bP50S,,[S] | UPC 2172012403 | Exact (UPC/syllabus match)
B.Sc. (Hons.) Environmental Science,Environmental Biotechnology,2024,Nov-Dec,,https://drive.google.com/uc?export=download&id=110c9FeRTAFWVLwwrOqw_c5-ip3yKhTdR,,[S] | UPC 2182012301 | Exact (UPC/syllabus match)
University-wide Skill Enhancement Course Pool,Forensic Chemistry,2024,May-June,,https://drive.google.com/uc?export=download&id=1GuApDt5-_buAyy9XTdYhc63_DN6VmWB7,,[S] | UPC 2176000008 | Exact (UPC/syllabus match)
B.Sc (hons) Chemistry,Atomic Structure and Chemical Bonding,2023,Nov-Dec,,https://drive.google.com/uc?export=download&id=1_w_dxnrK2JG_8FW8CJ-D0A0hqoCJIprK,,[S] | UPC 2174001001 | Exact (UPC/syllabus match)
B.Sc (hons) Chemistry,Atomic Structure and Chemical Bonding,2022,Nov-Dec,,https://drive.google.com/uc?export=download&id=1j2soaDQS-N0Lq4UAu97kVAnLbfpiuFIM,,[S] | UPC 2174001001 | Exact (UPC/syllabus match)
University-wide Skill Enhancement Course Pool,Essential Food Nutrients,2023,Nov-Dec,,https://drive.google.com/uc?export=download&id=1uPyGJgiU-W6EbxwsFYosWHiZPncecKST,,[S] | UPC 2176000001 | Exact (UPC/syllabus match)
University-wide Skill Enhancement Course Pool,Green Methods in Chemistry,2024,Nov-Dec,,https://drive.google.com/uc?export=download&id=1MIie5sbrTOl1Ik3ECjdgG0JTktVKdevW,,[S] | UPC 32173908 | Exact (UPC/syllabus match)
University-wide Skill Enhancement Course Pool,Green Methods in Chemistry,2024,Nov-Dec,,https://drive.google.com/uc?export=download&id=1NbNwCbquYxjZnFHLcAiYr10HJPt-M3Qu,,[S] | UPC 32173908 | Exact (UPC/syllabus match)
University-wide Skill Enhancement Course Pool,Essential Food Nutrients,2023,Nov-Dec,,https://drive.google.com/uc?export=download&id=1rheTFiXF9Tqb3wEkiSM0R4SMeu9lmnan,,[S] | UPC 2176000001 | Exact (UPC/syllabus match)
B.Sc (hons) Chemistry,Chemistry of d- and f-Block Elements and Quantitative Inorganic Analysis,2024,Nov-Dec,,https://drive.google.com/uc?export=download&id=14BDYh_QPy4VB3sWVZ4VXjVMcg-NoRZnK,,[S] | UPC 2172012301 | Exact (UPC/syllabus match)
B.Sc (hons) Chemistry,Coordination Chemistry and Reaction Mechanism,2024,May-June,,https://drive.google.com/uc?export=download&id=12PuOLcf4cSkBeHd2Tuhe8fc7l3aaLMeV,,[S] | UPC 2172012401 | Exact (UPC/syllabus match)
B.Sc (hons) Chemistry,Chemical Thermodynamics and Its Applications,2024,May-June,,https://drive.google.com/uc?export=download&id=1vYGvZz4K3auJeQNZVcwXVtpz_2uNmuI5,,[S] | UPC 2172011203 | Exact (UPC/syllabus match)
B.Sc (hons) Chemistry,Basic Concepts of Organic Chemistry,2025,May-June,,https://drive.google.com/uc?export=download&id=1KjdLe_XEJtdA6aU1TrzLeqAmY-YhEb_X,,[S] | UPC 2174001002 | Exact (UPC/syllabus match)
B.Sc (hons) Chemistry,Basic Concepts of Organic Chemistry,2025,May-June,,https://drive.google.com/uc?export=download&id=1PBbHna_zG6_VkkG7_GmgO-x-Dg3cGbKX,,[S] | UPC 2174001002 | Exact (UPC/syllabus match)
B. Sc. Life Science (Chemistry) ; B.Sc. (Prog.) Applied Physical Sciences with Industrial Chemistry ; Physical Science courses pertaining to Chemistry,"Chemistry of Carboxylic Acids & their Derivatives, Amines and Heterocycles (DSC-10, Chemistry-04) / Chemistry of Carboxylic acids derivatievs , Amines and Heterocycles / “Chemistry of Carboxylic Acids & their Derivatives, Amines and Heterocycles”",2025,May-June,,https://drive.google.com/uc?export=download&id=1YA-lEDmuSDOFVFmKnrz9G5hCFyOaqtsM,,[S] | UPC 2172512401 | Exact (UPC/syllabus match)
B.Sc (hons) Chemistry,Basic Concepts of Organic Chemistry,2025,May-June,,https://drive.google.com/uc?export=download&id=1rXWD1jSR_LMo1aRwCqh2xCao47TDE3E5,,[S] | UPC 2174001002 | Exact (UPC/syllabus match)
B.Sc. (Prog.) Applied Physical Science with Analytical Methods in Chemistry & Biochemistry,Chemical Energetics and Equilibria,2024,May-June,,https://drive.google.com/uc?export=download&id=1gnfkFE36B_XlRQzxgtLFoMP7v85O4Yxe,,[S] | UPC 2172512302 | High (verify recommended)
B.Sc. (Prog.) Applied Physical Science with Analytical Methods in Chemistry & Biochemistry,Chemical Energetics and Equilibria,2024,May-June,,https://drive.google.com/uc?export=download&id=1lun2WKfZgDo-jn5YvcQw6XyTsOVJ4hkj,,[S] | UPC 2172512302 | High (verify recommended)
B.Sc. (Prog.) Applied Physical Science with Analytical Methods in Chemistry & Biochemistry,Chemical Energetics and Equilibria,2023,May-June,,https://drive.google.com/uc?export=download&id=1MA8a7RjsQxS8mR3--qJMZVuO9Gkm6qOF,,[S] | UPC 2172512302 | High (verify recommended)
B.Sc. (Prog.) Applied Physical Science with Analytical Methods in Chemistry & Biochemistry,Chemical Energetics and Equilibria,2023,May-June,,https://drive.google.com/uc?export=download&id=1Q4CC9tqSNvR2PD2bN28Kr5mUVKbOru-e,,[S] | UPC 2172512302 | High (verify recommended)
B.Sc. (Prog.) Applied Physical Science with Analytical Methods in Chemistry & Biochemistry,Chemical Energetics and Equilibria,2022,May-June,,https://drive.google.com/uc?export=download&id=1kOciMqGOsGFqvOQ-bdwUpYWP-7iwygfz,,[S] | UPC 2172512302 | High (verify recommended)
B.Sc. (Prog.) Applied Life Sciences with Agrochemicals and Pest Management pertaining to Chemistry,Inorganic Chemistry,2024,May-June,,https://drive.google.com/uc?export=download&id=1-3h8BHLfNCQ-q8yJ2HbVnc18uuLS3M2-,,[S] | UPC 2172581101 | High (verify recommended)
B.Sc. (Prog.) Applied Life Sciences with Agrochemicals and Pest Management pertaining to Chemistry,Inorganic Chemistry,2024,Nov-Dec,,https://drive.google.com/uc?export=download&id=1V911xAOiYnrs1A2EO0Cb0GsikoO4_u1k,,[S] | UPC 2172581101 | High (verify recommended)
B.Sc (hons) Chemistry,"Reactions, Reagents, and Chemical Process",2024,May-June,,https://drive.google.com/uc?export=download&id=1PQe1es8VM84iOyNYBHbyODI_Pl9FnAXY,,[S] | UPC 2173012011 | High (verify recommended)
B.Sc (hons) Chemistry,Research Methodology for Chemists,2025,May-June,,https://drive.google.com/uc?export=download&id=1ChmI5GPxY_Et-f5WbrGdFryBFew1FssP,,[S] | UPC Sem VI- 2173012019 / Sem VII- 2173010013 | High (verify recommended)
B.Sc (hons) Chemistry,Green Chemistry,2022,Nov-Dec,,https://drive.google.com/uc?export=download&id=1YovmPH5qzbmwNVxD3WKCaRxy4OL6OBZU,,[S] | UPC 2174001201 | High (verify recommended)
B.Sc (hons) Chemistry,Chemistry of s- and p-Block Elements,2024,May-June,,https://drive.google.com/uc?export=download&id=1_EM0asee6aFOBwc8bBdxXs0gsMBiD0UR,,[S] | UPC 2172011201 | High (verify recommended)
B.Sc (hons) Chemistry,Green Chemistry,2023,Nov-Dec,,https://drive.google.com/uc?export=download&id=1J0qEviqpruKJCJfkYZFv6DQp6FVUXgZj,,[S] | UPC 2174001201 | High (verify recommended)
B.Sc. (Prog.) Applied Life Sciences with Agrochemicals and Pest Management pertaining to Chemistry,Inorganic Chemistry,2023,May-June,,https://drive.google.com/uc?export=download&id=1DKb7iCLUHRaIzIoQo4SsAaFMZOpA3F_O,,[S] | UPC 2172581101 | High (verify recommended)
B.Sc. (Prog.) Applied Life Sciences with Agrochemicals and Pest Management pertaining to Chemistry,Inorganic Chemistry,2022,May-June,,https://drive.google.com/uc?export=download&id=17Ta4Ulq9IoIPIeRjIr_N3tBIxmIaiEj2,,[S] | UPC 2172581101 | High (verify recommended)
B.Sc. (Prog.) Applied Life Sciences with Agrochemicals and Pest Management pertaining to Chemistry,Inorganic Chemistry,2022,Nov-Dec,,https://drive.google.com/uc?export=download&id=1OmH8ilfKgfycIZZVFRVkbctel10Tu6Od,,[S] | UPC 2172581101 | High (verify recommended)
B.Sc. (Prog.) Applied Life Sciences with Agrochemicals and Pest Management pertaining to Chemistry,Inorganic Chemistry,2023,May-June,,https://drive.google.com/uc?export=download&id=1hSeBAcwUlud0u-Hb8BHal6KijU-K6VL8,,[S] | UPC 2172581101 | High (verify recommended)
B.Sc. (Prog.) Applied Life Sciences with Agrochemicals and Pest Management pertaining to Chemistry,Inorganic Chemistry,2022,May-June,,https://drive.google.com/uc?export=download&id=1nJ6x9W0IYjPts-yQWrWblfucQdZcmdsy,,[S] | UPC 2172581101 | High (verify recommended)
B.Sc. (Prog.) Applied Life Sciences with Agrochemicals and Pest Management pertaining to Chemistry,Organic Chemistry,2022,Nov-Dec,,https://drive.google.com/uc?export=download&id=13PVx0azyiqZohRIKcksrmh7jojBrCr-z,,[S] | UPC 2172582301 | High (verify recommended)
B.Sc. (Prog.) Applied Life Sciences with Agrochemicals and Pest Management pertaining to Chemistry,Organic Chemistry,2023,Nov-Dec,,https://drive.google.com/uc?export=download&id=16JuXAhjWyAzSrxWX1ViD2fpEm6URDOq1,,[S] | UPC 2172582301 | High (verify recommended)
B.Sc. (Prog.) Applied Life Sciences with Agrochemicals and Pest Management pertaining to Chemistry,Organic Chemistry,2022,Nov-Dec,,https://drive.google.com/uc?export=download&id=10ZtFcDSJqLP9KR5LMDc2CMvLyqwiWH0f,,[S] | UPC 2172582301 | High (verify recommended)
B.Sc. (Prog.) Applied Life Sciences with Agrochemicals and Pest Management pertaining to Chemistry,Organic Chemistry,2023,Nov-Dec,,https://drive.google.com/uc?export=download&id=1wJkX3ueiAsRE8kVTQKcjGrZ41x9TxqNK,,[S] | UPC 2172582301 | High (verify recommended)
B.Sc. (Prog.) Applied Life Sciences with Agrochemicals and Pest Management pertaining to Chemistry,Organic Chemistry,2024,May-June,,https://drive.google.com/uc?export=download&id=1zwdih5_c5Q9_2YjmMPfrgKgbYLXih1RY,,[S] | UPC 2172582301 | High (verify recommended)
B.Sc. (Prog.) Applied Life Sciences with Agrochemicals and Pest Management pertaining to Chemistry,Organic Chemistry,2024,May-June,,https://drive.google.com/uc?export=download&id=1vX-CsA6s-nqV04vHXGqVms-bQsai8aeT,,[S] | UPC 2172582301 | High (verify recommended)
B.Sc. (Prog.) Applied Life Sciences with Agrochemicals and Pest Management pertaining to Chemistry,Organic Chemistry,2023,May-June,,https://drive.google.com/uc?export=download&id=1uod2I4oVTJ2LJ5Rx5p99T-h2GJnh1PFb,,[S] | UPC 2172582301 | High (verify recommended)
B.Sc. (Prog.) Applied Life Sciences with Agrochemicals and Pest Management pertaining to Chemistry,Organic Chemistry,2022,May-June,,https://drive.google.com/uc?export=download&id=1SL_OW5CkvjVb-yBrqwP7bNUBb4PK2vdD,,[S] | UPC 2172582301 | High (verify recommended)
B.Sc. (Prog.) Applied Life Sciences with Agrochemicals and Pest Management pertaining to Chemistry,Organic Chemistry,2023,May-June,,https://drive.google.com/uc?export=download&id=1mDb1579_LiAF-m3TRROxUGvPLYO4IOdd,,[S] | UPC 2172582301 | High (verify recommended)
B.Sc. (Prog.) Applied Life Sciences with Agrochemicals and Pest Management pertaining to Chemistry,Organic Chemistry,2022,May-June,,https://drive.google.com/uc?export=download&id=1E7Mje80FFeEZ3oA0lD00RtJetQOPklG9,,[S] | UPC 2172582301 | High (verify recommended)
B.Sc. (Prog.) Applied Life Sciences with Agrochemicals and Pest Management pertaining to Chemistry,Physical Chemistry,2023,May-June,,https://drive.google.com/uc?export=download&id=1ez4TgpvrN_cHQ0jOrOwL3Kc5nlyGO2KO,,[S] | UPC 2172583501 | High (verify recommended)
B.Sc. (Prog.) Applied Life Sciences with Agrochemicals and Pest Management pertaining to Chemistry,Physical Chemistry,2022,May-June,,https://drive.google.com/uc?export=download&id=1nqBxhFefDntMXKVBN5q7ccKiVrHHtcrG,,[S] | UPC 2172583501 | High (verify recommended)
B.Sc. (Prog.) Applied Life Sciences with Agrochemicals and Pest Management pertaining to Chemistry,Physical Chemistry,2023,May-June,,https://drive.google.com/uc?export=download&id=1CLky38NQJfcYE9n8S-PMW1m2OyCL1hGX,,[S] | UPC 2172583501 | High (verify recommended)
B.Sc. (Prog.) Applied Life Sciences with Agrochemicals and Pest Management pertaining to Chemistry,Physical Chemistry,2022,May-June,,https://drive.google.com/uc?export=download&id=1KQqpToj55ywTbSmIH-_Lc8XQlMWxr2rQ,,[S] | UPC 2172583501 | High (verify recommended)
B.Sc (hons) Chemistry,Atomic Structure and Chemical Bonding,2024,Nov-Dec,,https://drive.google.com/uc?export=download&id=16ExWTESf8LQwJd6GnEzdIAp7FLlO-sPx,,[S] | UPC 2174001001 | Medium (verify required)
B.Sc (hons) Chemistry,Atomic Structure and Chemical Bonding,2024,Nov-Dec,,https://drive.google.com/uc?export=download&id=1NSW2mObRvRuFXNWLcK7EEE2tLInkSKKa,,[S] | UPC 2174001001 | Medium (verify required)
B.Sc (hons) Chemistry,Atomic Structure and Chemical Bonding,2024,Nov-Dec,,https://drive.google.com/uc?export=download&id=1r3H5a9KnpXr19H5x19gQklGxF5J1nbOj,,[S] | UPC 2174001001 | Medium (verify required)
B.Sc (hons) Chemistry,Atomic Structure and Chemical Bonding,2022,Nov-Dec,,https://drive.google.com/uc?export=download&id=1WpCco4PJdWDrhzrkwDa3SUy7ofkROOwR,,[S] | UPC 2174001001 | Medium (verify required)
B.Sc (hons) Chemistry,Atomic Structure and Chemical Bonding,2023,Nov-Dec,,https://drive.google.com/uc?export=download&id=1VsSRfQdA6oWK4KHXizQLhvkQBvRFxG7d,,[S] | UPC 2174001001 | Medium (verify required)
B.Sc (hons) Chemistry,Atomic Structure and Chemical Bonding,2022,Nov-Dec,,https://drive.google.com/uc?export=download&id=1lVEDZz5m0UYn03-ennmsloK2EPhfbrBF,,[S] | UPC 2174001001 | Medium (verify required)
B.Sc (hons) Chemistry,Chemistry of s- and p-Block Elements,2023,May-June,,https://drive.google.com/uc?export=download&id=1wsiObcSm0mbfVIBYBwDlT6sIZxyJcje4,,[S] | UPC 2172011201 | Medium (verify required)
B.Sc (hons) Chemistry,Chemistry of s- and p-Block Elements,2022,May-June,,https://drive.google.com/uc?export=download&id=1hXj9ObNeLUqSTto4wbLYvgXn4IcItG8z,,[S] | UPC 2172011201 | Medium (verify required)
B. Sc. (Hons) Biochemistry,Basic Concepts of Cell Biology,2023,Nov-Dec,,https://drive.google.com/uc?export=download&id=1lfpiLX9xLiUKyztdVIHNilvL3vNgRcGH,,[S] | UPC 2492011203 | Medium (verify required)
B.Sc (hons) Chemistry,Chemistry of s- and p-Block Elements,2024,May-June,,https://drive.google.com/uc?export=download&id=1uIe48QTCMiLaHy7AxtUbUraN4L_nJTXa,,[S] | UPC 2172011201 | Medium (verify required)
B.Sc (hons) Chemistry,Chemistry of s- and p-Block Elements,2022,Nov-Dec,,https://drive.google.com/uc?export=download&id=1vKIs-qqBDzM4yKidamXWgu_LJ-0zIkn0,,[S] | UPC 2172011201 | Medium (verify required)
B.Sc (hons) Chemistry,Chemistry of s- and p-Block Elements,2023,Nov-Dec,,https://drive.google.com/uc?export=download&id=1fa5H_vmzxr1afawDndQfqIcB1bIvBctR,,[S] | UPC 2172011201 | Medium (verify required)
B. Sc. Life Science (Chemistry),Chem-DSE-7: Analytical Methods in Chemistry,2024,May-June,,https://drive.google.com/uc?export=download&id=1CqREk3ZEsa1oQLIvM0sgqoMGQxnDnBdG,,[S] | UPC 2173522008 | Medium (verify required)
B.Sc (hons) Chemistry,Applications of Computers in Chemistry,2024,May-June,,https://drive.google.com/uc?export=download&id=1vZIQd0nb_Px3bhG0WhW5YcgDtcYlc2MS,,[S] | UPC 2173010006 | Medium (verify required)
B.Sc (hons) Chemistry,Chemistry of s- and p-Block Elements,2023,Nov-Dec,,https://drive.google.com/uc?export=download&id=1-7EP22jZK5fPyKdQaxm6rvnpovRa15SF,,[S] | UPC 2172011201 | Medium (verify required)
B.Sc (hons) Chemistry,Bioinorganic Chemistry,2025,May-June,,https://drive.google.com/uc?export=download&id=1BZjGTSWnP_m7tfWPRMLskOigbcHNIUW_,,[S] | UPC 2174001003 | Medium (verify required)
B.Sc. (Prog.) Applied Physical Sciences with Industrial Chemistry,Industrial Catalysts,2024,Nov-Dec,,https://drive.google.com/uc?export=download&id=1s2Pr2aK-H1lOuojOB-kPWtE4iJKGStK_,,[S] | UPC 2172513503 | Medium (verify required)
B.Sc (hons) Chemistry,Atomic Structure and Chemical Bonding,2023,Nov-Dec,,https://drive.google.com/uc?export=download&id=1_rzGeXr0uuflIz62LlD29eET2RSsOhAm,,[S] | UPC 2174001001 | Medium (verify required)
B.Sc. (Prog.) Applied Life Sciences with Agrochemicals and Pest Management pertaining to Chemistry,Inorganic Chemistry,2023,Nov-Dec,,https://drive.google.com/uc?export=download&id=1C1HHs0WzvzBOv5oolWbloMJxRXgkWxBY,,[S] | UPC 2172581101 | Medium (verify required)
B.Sc. (Prog.) Applied Life Sciences with Agrochemicals and Pest Management pertaining to Chemistry,Physical Chemistry,2023,Nov-Dec,,https://drive.google.com/uc?export=download&id=1IsVQ5HAG5AdRfDUkQVp87oiXdVxr63c9,,[S] | UPC 2172583501 | Medium (verify required)
B.Sc. (Prog.) Applied Life Sciences with Agrochemicals and Pest Management pertaining to Chemistry,Physical Chemistry,2022,Nov-Dec,,https://drive.google.com/uc?export=download&id=1PIo_2TX_DeLQIEeEYRmeB3ebfY5mzCKT,,[S] | UPC 2172583501 | Medium (verify required)
B.Sc. (Prog.) Applied Physical Science with Analytical Methods in Chemistry & Biochemistry,ADVANCED INSTRUMENTAL METHODS I,2024,Nov-Dec,,https://drive.google.com/uc?export=download&id=10BTizHVQJX2uK5EOSZPYiQb_c_DudlnE,,[S] | UPC 2172544701 | Medium (verify required)
B.Sc. (Prog.) Applied Physical Science with Analytical Methods in Chemistry & Biochemistry,ADVANCED INSTRUMENTAL METHODS I,2024,Nov-Dec,,https://drive.google.com/uc?export=download&id=1qfOyrbd1pkQS6xVJ_ylA3Py2xdbYTN6q,,[S] | UPC 2172544701 | Medium (verify required)
B.Sc. (Prog.) Applied Life Sciences with Agrochemicals and Pest Management pertaining to Chemistry,Physical Chemistry,2022,Nov-Dec,,https://drive.google.com/uc?export=download&id=1GVrxZgg_LhTvsshDT1pXOI25odTD4AXS,,[S] | UPC 2172583501 | Medium (verify required)
B.Sc (hons) Chemistry,Atomic Structure and Chemical Bonding,2022,Nov-Dec,,https://drive.google.com/uc?export=download&id=12iGjzWcnIieK6mPZtYOzj9ZM74-P7vCz,,[S] | UPC 2174001001 | Medium (verify required)
Chemistry,Chemistry,,Not Specified,,https://drive.google.com/uc?export=download&id=1vbqO77wP0aNz3SYdwPY3mUBiHQHiugtx,,[S] | Unmatched (manual mapping needed)
Chemistry,Chemistry,,Not Specified,,https://drive.google.com/uc?export=download&id=1vbQMiOGha17_URM77Cm56g0NFaraneLJ,,[S] | Unmatched (manual mapping needed)
Chemistry,Chemistry,,Not Specified,,https://drive.google.com/uc?export=download&id=1Mkkcm9XKNEadJG06U7hDv2e-2WYwF-Fx,,[S] | Unmatched (manual mapping needed)
Chemistry,Chemistry,,Not Specified,,https://drive.google.com/uc?export=download&id=1HBDJM2Ux7fuKpJ3CHlctkyUjeYEosnUj,,[S] | Unmatched (manual mapping needed)
Chemistry,Chemistry,,Not Specified,,https://drive.google.com/uc?export=download&id=16mwugT5tArUWP5NnrNQLwU0sRRNfRA88,,[S] | Unmatched (manual mapping needed)
Chemistry,Chemistry,2023,Nov-Dec,,https://drive.google.com/uc?export=download&id=19aGCY8cgWyjxOn6Yy3RUHOq6ZnWna5ng,,[S] | Unmatched (manual mapping needed)
Chemistry,Chemistry,2023,Nov-Dec,,https://drive.google.com/uc?export=download&id=1MRAAolUxst1xGPHa0QX62kSlps4unbrr,,[S] | Unmatched (manual mapping needed)
Chemistry,Chemistry,2025,May-June,,https://drive.google.com/uc?export=download&id=10ilCmAE-RtG6KHuHnfSRzibJjgdy2xLw,,[S] | Unmatched (manual mapping needed)
Chemistry,Chemistry,2025,May-June,,https://drive.google.com/uc?export=download&id=1jQseUkGYc8-vMzRBu8yN8Hd6WWSyB7Fn,,[S] | Unmatched (manual mapping needed)
Chemistry,Chemistry,2023,Nov-Dec,,https://drive.google.com/uc?export=download&id=1YM2_AcOww2b-n6pw9kqMnST0untqdEjs,,[S] | Unmatched (manual mapping needed)
Chemistry,Chemistry,2025,May-June,,https://drive.google.com/uc?export=download&id=13EZnuLhwPptVBpXgX_lwSDc94aOldRx9,,[S] | Unmatched (manual mapping needed)
Chemistry,Chemistry,2024,Nov-Dec,,https://drive.google.com/uc?export=download&id=1kyzDCghE2Y1TvIBm_XstYgn2T9vpP_cr,,[S] | Unmatched (manual mapping needed)
Chemistry,Chemistry,2023,Nov-Dec,,https://drive.google.com/uc?export=download&id=16BkVuGFtcmRgvN4yxYDXCwBJ8X8BnSGz,,[S] | Unmatched (manual mapping needed)
Chemistry,Chemistry,2022,Nov-Dec,,https://drive.google.com/uc?export=download&id=190IFIoMTzpytmIcfQGMwOYETyYzfMutW,,[S] | Unmatched (manual mapping needed)
Chemistry,Chemistry,2022,Nov-Dec,,https://drive.google.com/uc?export=download&id=1zw4x_LfygnmQUT8Uas5hK_zdq0v28Btl,,[S] | Unmatched (manual mapping needed)
Chemistry,Chemistry,2025,May-June,,https://drive.google.com/uc?export=download&id=148iNQhIlUeM9q7WYIwkxeLkwID57rynH,,[S] | Unmatched (manual mapping needed)
Chemistry,Chemistry,2025,May-June,,https://drive.google.com/uc?export=download&id=1oYzp3whR3CR1mG3O8YD0OyQDCFpzHJaU,,[S] | Unmatched (manual mapping needed)
Chemistry,Chemistry,2024,May-June,,https://drive.google.com/uc?export=download&id=1N_6_4ILDzi_kL0t1wBoxqgDyd254-LJl,,[S] | Unmatched (manual mapping needed)
Chemistry,Chemistry,2023,Nov-Dec,,https://drive.google.com/uc?export=download&id=1s7lzoRWTwfzc41E9dBcXzKtnneYyMWXo,,[S] | Unmatched (manual mapping needed)
Chemistry,Chemistry,2022,Nov-Dec,,https://drive.google.com/uc?export=download&id=1TNhkzZ5ZXPtDKFItmqyneZn_Quq-8Wkd,,[S] | Unmatched (manual mapping needed)
Chemistry,Chemistry,2022,Nov-Dec,,https://drive.google.com/uc?export=download&id=1qAqbfdyBoONBj52J3q-CN7aGIc47yMnD,,[S] | Unmatched (manual mapping needed)
Chemistry,Chemistry,2024,Nov-Dec,,https://drive.google.com/uc?export=download&id=1inPTx_tkGP-RHXClZMy_FkoJPkSX7eS-,,[S] | Unmatched (manual mapping needed)
Chemistry,Chemistry,2022,Nov-Dec,,https://drive.google.com/uc?export=download&id=19R3pQf7J0vUVkFbZ9yK6xvihL2g775M7,,[S] | Unmatched (manual mapping needed)
DEPARTMENT OF COMMERCE,"Advertising, Personal Selling And Salesmanship",2023,May-June,,https://drive.google.com/uc?export=download&id=1LQzDwMLEgLgiU1jSShbpcoRHTiGNMVt4,,[S] | UPC 52413613 | Exact (Question Bank code match)
DEPARTMENT OF COMMERCE,Insurance And Risk Management,2024,May-June,,https://drive.google.com/uc?export=download&id=1D0vAmYuZeZaKSMb0iJTqaIM4DxYuc1h_,,[S] | UPC 22415403 | Exact (Question Bank code match)
DEPARTMENT OF ECONOMICS,Public Finance,2025,May-June,,https://drive.google.com/uc?export=download&id=1N4OcI8vE_mp8IOs2pySfok3cl7CGthE_,,[S] | UPC 12275403 | Exact (Question Bank code match)
DEPARTMENT OF COMMERCE,Training And Development,2024,Nov-Dec,,https://drive.google.com/uc?export=download&id=1u9Oy_tisyz3As3ufJrnG1qV20AyeI455,,[S] | UPC 22413302 | Exact (Question Bank code match)
DEPARTMENT OF COMMERCE,"Advertising, Personal Selling And Salesmanship",2022,May-June,,https://drive.google.com/uc?export=download&id=1M_0hUHdHWGSY1G6pDWhPbRLzLH0ChSIg,,[S] | UPC 52413613 | Exact (Question Bank code match)
DEPARTMENT OF COMMERCE,International Business,2024,May-June,,https://drive.google.com/uc?export=download&id=1bPLDggNBn6mYkLJ9Y2PMYV9R_Ep3sNvf,,[S] | UPC 52417606 | Exact (Question Bank code match)
B.Com. (Hons.),Human Resource Management,2023,May-June,,https://drive.google.com/uc?export=download&id=1r9szjuhBSdW0ESO8PZnRTtr0fLzPoPdi,,[S] | UPC 2412081203 | Exact (UPC/syllabus match)
University-wide Skill Enhancement Course Pool,Business Communication,2023,Nov-Dec,,https://drive.google.com/uc?export=download&id=1AveDCZdC39ZN0S73y0pIOG2i0glQoKqU,,[S] | UPC 2416000001 | Exact (UPC/syllabus match)
B.Com (P),Business Laws,2022,Nov-Dec,,https://drive.google.com/uc?export=download&id=12FOSx9ZFgfjOzrVHYoFT6tS7o_YK50u8,,[S] | UPC 2412091102 | Exact (UPC/syllabus match)
B.Com (P),Business Laws,2023,Nov-Dec,,https://drive.google.com/uc?export=download&id=1yWeatxigFyS5bAVdAA5ZiN9ugvnrI9I4,,[S] | UPC 2412091102 | Exact (UPC/syllabus match)
B.Com. (Hons.),Business Laws,2024,Nov-Dec,,https://drive.google.com/uc?export=download&id=1JWRhD9hp8zfq13oEAhi_2H-ghPK59q3K,,[S] | UPC 2412081102 | Exact (UPC/syllabus match)
B.Com. (Hons.),Business Laws,2022,Nov-Dec,,https://drive.google.com/uc?export=download&id=1OV5yU5y2ae_GOw6fsITkdJyiYMJBGqR3,,[S] | UPC 2412081102 | Exact (UPC/syllabus match)
B.Com. (Hons.),Business Mathematics,2023,Nov-Dec,,https://drive.google.com/uc?export=download&id=1YDYAeQETFjHUa7VdmaLw8_2QLSICm7UU,,[S] | UPC 2412082301 | Exact (UPC/syllabus match)
B.Com. (Hons.),Business Mathematics,2024,Nov-Dec,,https://drive.google.com/uc?export=download&id=1atKeMeaYyqaXKbBHUCklYct_bgjJxaCY,,[S] | UPC 2412082301 | Exact (UPC/syllabus match)
B.Com. (Hons.),Business Mathematics,2024,Nov-Dec,,https://drive.google.com/uc?export=download&id=1wCZIaNnOZkqYBckIh4x-etHl9LMVHCpW,,[S] | UPC 2412082301 | Exact (UPC/syllabus match)
B.Com (P),Business organisation and management,2022,Nov-Dec,,https://drive.google.com/uc?export=download&id=1JM1m8QGg8tcO5h3t8tM8l1obr4xD24rh,,[S] | UPC 2412091101 | Exact (UPC/syllabus match)
B.Com (P),Business organisation and management,2023,Nov-Dec,,https://drive.google.com/uc?export=download&id=1x3mVCZT5N63m5bx-gBU5lpYTKUwwyG7g,,[S] | UPC 2412091101 | Exact (UPC/syllabus match)
B.Com (P) ; B.Com. (Hons.),Business Organisation,2024,Nov-Dec,,https://drive.google.com/uc?export=download&id=1Q0psaj-cYne9YEKfkiwgC-BNxIa6dEeu,,[S] | UPC 2414001004 | Exact (UPC/syllabus match)
B.Com (P) ; B.Com. (Hons.),Business Organisation,2024,Nov-Dec,,https://drive.google.com/uc?export=download&id=1ZGQglQiWpo61FIY3anG5ttNv9Y2jtS50,,[S] | UPC 2414001004 | Exact (UPC/syllabus match)
B.Com (P) ; B.Com. (Hons.),Business Research Methodology,2025,May-June,,https://drive.google.com/uc?export=download&id=1Ewc-01iEtIJub0sbzyrfYC_EU5FgmARt,,[S] | UPC 2413080026 | Exact (UPC/syllabus match)
B.Com (P),Business Statistics,2023,Nov-Dec,,https://drive.google.com/uc?export=download&id=1rZ-qluUmfNoBXndZUY9kNvS28v0s1y5e,,[S] | UPC 2412092301 | Exact (UPC/syllabus match)
B.Com. (Hons.),Business Statistics,2024,May-June,,https://drive.google.com/uc?export=download&id=10z7OpAr2teYnOw163351qaIISOZnVTcy,,[S] | UPC 2412082401 | Exact (UPC/syllabus match)
B.Com. (Hons.),Business Laws,2023,Nov-Dec,,https://drive.google.com/uc?export=download&id=1OMirDrH8A3I0JDW_K2frMLr2wLVo1JsK,,[S] | UPC 2412081102 | Exact (UPC/syllabus match)
B.Com. (Hons.),Consumer Affairs and Sovereignty,2024,Nov-Dec,,https://drive.google.com/uc?export=download&id=1QkVwnI56e6jNqH3CiXesxCH1-h5NW30j,,[S] | UPC 2413080013 | Exact (UPC/syllabus match)
B.Com. (Hons.),Corporate Accounting,2023,May-June,,https://drive.google.com/uc?export=download&id=1oyW9zxD5CB8sdgXppn9ekiNaeSiEzUz5,,[S] | UPC 2412081201 | Exact (UPC/syllabus match)
B.Com. (Hons.),Corporate Accounting,2024,May-June,,https://drive.google.com/uc?export=download&id=1C6VLowoJy97_RWP92nN32aYsjDSOOQkz,,[S] | UPC 2412081201 | Exact (UPC/syllabus match)
B.Com. (Hons.),Corporate Governance,2025,May-June,,https://drive.google.com/uc?export=download&id=1YrkM99hhJ9xgmWeiZ15gLxvCg_yNJzMi,,[S] | UPC 2412083602 | Exact (UPC/syllabus match)
B.Com. (Hons.),Cost Accounting,2024,May-June,,https://drive.google.com/uc?export=download&id=1oQqGsO292MiYEYmd_3YV_rYF1Xhq0UX7,,[S] | UPC 2412082402 | Exact (UPC/syllabus match)
B.Com (P),Cost Accounting,2024,May-June,,https://drive.google.com/uc?export=download&id=1Kk6rHlcNqHw5--CaJBrFlh97wxFea9Ji,,[S] | UPC 2412092402 | Exact (UPC/syllabus match)
B.Com. (Hons.),Brand Management,2023,Nov-Dec,,https://drive.google.com/uc?export=download&id=1r3rLzyW14wn95uGSUvC9f_emhvzR-MIQ,,[S] | UPC 2413082003 | Exact (UPC/syllabus match)
B.Com (P),Entrepreneurship and New venture planning,2024,May-June,,https://drive.google.com/uc?export=download&id=1huXQ6BvSA1rGGBqHKeKMoCLA_vkYiy9n,,[S] | UPC 2412092401 | Exact (UPC/syllabus match)
B.Com (P) ; B.Com. (Hons.),Finance for Everyone,2023,Nov-Dec,,https://drive.google.com/uc?export=download&id=1MeCtFauz_Z0Xl569WGbTB1FXJuo4dW9_,,[S] | UPC 2414001006 | Exact (UPC/syllabus match)
B.Com. (Hons.),Financial Management,2023,Nov-Dec,,https://drive.google.com/uc?export=download&id=1NeukNP8i6C4ExDgvXlG38UAgqHyPurNV,,[S] | UPC 2412082302 | Exact (UPC/syllabus match)
B.Com (P),Financial Accounting,2023,Nov-Dec,,https://drive.google.com/uc?export=download&id=12FmW8RKoKD896VhFmiLkrDDbGaxstKl8,,[S] | UPC 2412091103 | Exact (UPC/syllabus match)
B.Com. (Hons.),Fundamentals of International Business,2024,May-June,,https://drive.google.com/uc?export=download&id=10vtAjQOnGfnBWW_Lr4dUo4l9RAmJkMG4,,[S] | UPC 2414002009 | Exact (UPC/syllabus match)
B.Com (P),Human Resource Management,2023,May-June,,https://drive.google.com/uc?export=download&id=1J4EKkVxuWG7kS1Vx9d1wOcHfRoPOW0LO,,[S] | UPC 2412091203 | Exact (UPC/syllabus match)
B.Com. (Hons.),Human Resource Management,2024,May-June,,https://drive.google.com/uc?export=download&id=1S1Z_rrwgvStWQl0emcahdCGuSaOr14SE,,[S] | UPC 2412081203 | Exact (UPC/syllabus match)
B.Com. (Hons.),International Business,2024,May-June,,https://drive.google.com/uc?export=download&id=1NbuRdLkLxO29NOw6COJHDKXTGi5Kpbrc,,[S] | UPC 2412082403 | Exact (UPC/syllabus match)
B.Com. (Hons.),Investing in Stock Markets,2023,Nov-Dec,,https://drive.google.com/uc?export=download&id=1a1q5OWQ_pKtcFq7IVxWtJf2di1nlSO97,,[S] | UPC 2414002003 | Exact (UPC/syllabus match)
B.Com. (Hons.),Management Principles and Applications,2023,Nov-Dec,,https://drive.google.com/uc?export=download&id=1q1l8ABuaGfWKfqIz18JGmZPrT5errhhU,,[S] | UPC 2412081101 | Exact (UPC/syllabus match)
B.Com. (Hons.),Management Principles and Applications,2024,Nov-Dec,,https://drive.google.com/uc?export=download&id=1BIhXgf-NaCTiX_BfCOr5BFqKh7HA7qeH,,[S] | UPC 2412081101 | Exact (UPC/syllabus match)
B.Com. (Hons.),Management Principles and Applications,2022,Nov-Dec,,https://drive.google.com/uc?export=download&id=1U5Rv-fOwUgAFTjyVqd45Geme9VLAWQBB,,[S] | UPC 2412081101 | Exact (UPC/syllabus match)
University-wide Skill Enhancement Course Pool,Personal Financial Planning,2023,Nov-Dec,,https://drive.google.com/uc?export=download&id=1KtzDHdlT0sZG4och2MDFfmRm3nmf2DQp,,[S] | UPC 2416000004 | Exact (UPC/syllabus match)
University-wide Skill Enhancement Course Pool,Personal Financial Planning,2023,Nov-Dec,,https://drive.google.com/uc?export=download&id=1qXfzoza7Ap5mm-cWAfhBCwlWoBVH67uq,,[S] | UPC 2416000004 | Exact (UPC/syllabus match)
University-wide Skill Enhancement Course Pool,Personal Financial Planning,2024,Nov-Dec,,https://drive.google.com/uc?export=download&id=1gBo7fMBcujY53jBpdYjzl2UpATRLI5sf,,[S] | UPC 2416000004 | Exact (UPC/syllabus match)
B.Com (P),Principles of Marketing,2023,Nov-Dec,,https://drive.google.com/uc?export=download&id=1eFHcOtXCWz8E7q_1BGr1FONCLgEsfvWB,,[S] | UPC 2412092303 | Exact (UPC/syllabus match)
B.Com. (Hons.),Principles of Marketing,2023,Nov-Dec,,https://drive.google.com/uc?export=download&id=16JG3OuuT4V3AowSOunoS3lz5NsKVw8er,,[S] | UPC 2412082303 | Exact (UPC/syllabus match)
B.Com. (Hons.),Principles of Marketing,2024,Nov-Dec,,https://drive.google.com/uc?export=download&id=1ujzCSmD7UzCPQYXWcOkDn8vq_9wWvISo,,[S] | UPC 2412082303 | Exact (UPC/syllabus match)
University-wide Skill Enhancement Course Pool,Social Media Marketing,2023,Nov-Dec,,https://drive.google.com/uc?export=download&id=1-Eh43Fl7GlQe9MUIZzYfgWHvF0JuUHaA,,[S] | UPC 2416000005 | Exact (UPC/syllabus match)
University-wide Skill Enhancement Course Pool,Social Media Marketing,2024,Nov-Dec,,https://drive.google.com/uc?export=download&id=1JeYIr5AVWX7pV8BSI_79TwNAVy9SU4GF,,[S] | UPC 2416000005 | Exact (UPC/syllabus match)
B.Com (P) ; B.Com. (Hons.),Financial Management for Beginners / Sales Promotion,2023,May-June,,https://drive.google.com/uc?export=download&id=1PQ0dSSb5z7UNhhWN0Syw9OeFi9mA9p5t,,[S] | UPC 2414001203 | Exact (UPC/syllabus match)
B.Com. (Hons.),Sustainability Marketing,2024,May-June,,https://drive.google.com/uc?export=download&id=1xDMbKV05pdty1DRW2fSLunodmFr0EFmY,,[S] | UPC 2413082007 | Exact (UPC/syllabus match)
B.Com. (Hons.),Financial Accounting,2024,Nov-Dec,,https://drive.google.com/uc?export=download&id=151WVkOldf-F5d3s28bi-mmOXxokv6wCA,,[S] | UPC 2412081103 | Exact (UPC/syllabus match)
Bachelor of Management Studies,Business Ethics and Governance,2024,Nov-Dec,,https://drive.google.com/uc?export=download&id=1MzJln2JP6-oOO9xV-APYti0Ud6lc5ycO,,[S] | UPC 2922063501 | Exact (UPC/syllabus match)
B.Com. (Hons.),Cost Accounting,2025,May-June,,https://drive.google.com/uc?export=download&id=1YakAlKzy9T29OMFDpM0EkDr9oQLfpDp2,,[S] | UPC 2412082402 | Exact (UPC/syllabus match)
B.Com (P),Business Laws,2023,May-June,,https://drive.google.com/uc?export=download&id=1lNJCt_DdZxVQvJVzJEo4XSy7dI2Jsucz,,[S] | UPC 2412091102 | High (verify recommended)
B.Com (P),Business Laws,2022,May-June,,https://drive.google.com/uc?export=download&id=19jaJp15fQQwMYTlLgVUB203Gs2OAFZeo,,[S] | UPC 2412091102 | High (verify recommended)
B.Com (P),Business Mathematics,2023,May-June,,https://drive.google.com/uc?export=download&id=1jYFEJq07g6ExfX_rvet5bbPI0JvFQ5sx,,[S] | UPC 2413090004 | High (verify recommended)
B.Com (P),Business Mathematics,2024,May-June,,https://drive.google.com/uc?export=download&id=13hvOPRpOAzPspdowsLuVwL3vJdJU1b4H,,[S] | UPC 2413090004 | High (verify recommended)
B.Com (P),Business Mathematics,2022,May-June,,https://drive.google.com/uc?export=download&id=1bXq5MXakhuLq1_gIl9gZ36cYWu6ZzsGp,,[S] | UPC 2413090004 | High (verify recommended)
B.Com (P),Business Mathematics,2025,May-June,,https://drive.google.com/uc?export=download&id=1SQLEpDbgQbLEkrBN06iJYzYOCHUpqb-4,,[S] | UPC 2413090004 | High (verify recommended)
B.Com (P),Business Organisation,2023,Nov-Dec,,https://drive.google.com/uc?export=download&id=1mYXJG1xZ0Txz8OmfkQzJry3ws7MLP_7z,,[S] | UPC 2414001004 | High (verify recommended)
B.Com (P),Company Law,2023,Nov-Dec,,https://drive.google.com/uc?export=download&id=1QF51HngJhcDjUyRwH_9svMO3civnd4Vg,,[S] | UPC 2412091202 | High (verify recommended)
B.Com (P),Company Law,2023,May-June,,https://drive.google.com/uc?export=download&id=1cpZe3zBi95sdODo-Bg_679ja4znZnAk4,,[S] | UPC 2412091202 | High (verify recommended)
B.Com (P),Company Law,2024,May-June,,https://drive.google.com/uc?export=download&id=1-fcGrRrBldL2B6OXkTv8sZBR3OtmfxBW,,[S] | UPC 2412091202 | High (verify recommended)
B.Com (P),Computer Applications in Business,2025,May-June,,https://drive.google.com/uc?export=download&id=1ZqYurbW4NQ9Qm8l9lkjxn1Om7CPSla01,,[S] | UPC 2414000022 | High (verify recommended)
B.Com (P),Computer Applications in Business,2025,May-June,,https://drive.google.com/uc?export=download&id=1GSSSIAMXeMz_ty7gI5pf7m_B8xRQnsES,,[S] | UPC 2414000022 | High (verify recommended)
B.Com (P),Corporate Accounting,2023,May-June,,https://drive.google.com/uc?export=download&id=1D_YCmYGsGPusojcHpP59GBMREnBixAJA,,[S] | UPC 2412091201 | High (verify recommended)
B.Com (P),Corporate Accounting,2024,May-June,,https://drive.google.com/uc?export=download&id=1c3ZO31c23CTTmzkFu79NzSHGQ4l2l_Xv,,[S] | UPC 2412091201 | High (verify recommended)
B.Com (P),Cost Accounting,2023,May-June,,https://drive.google.com/uc?export=download&id=1h771a_nPjLweaFSyTmIIyJ-U4WbfUKb0,,[S] | UPC 2412092402 | High (verify recommended)
B.Com (P),Cost Accounting,2023,May-June,,https://drive.google.com/uc?export=download&id=12UiB39mS1W5oun5nc_TBg_6CnBeivCac,,[S] | UPC 2412092402 | High (verify recommended)
B.Com (P),Cost Accounting,2024,May-June,,https://drive.google.com/uc?export=download&id=1k_U5GfnBKo-zBvP2JNazPtq79Rc6Fg50,,[S] | UPC 2412092402 | High (verify recommended)
B.Com (P),Cost Accounting,2025,May-June,,https://drive.google.com/uc?export=download&id=1UE_UZHZGVipz8nzjOEZo16vz8qaxkG2k,,[S] | UPC 2412092402 | High (verify recommended)
B.Com (P),Cost Accounting,2022,May-June,,https://drive.google.com/uc?export=download&id=1QF6NYpzQYUWF5aN1f8GQKy7sTcvQZtNV,,[S] | UPC 2412092402 | High (verify recommended)
B.Com. (Hons.),Digital Marketing,2023,Nov-Dec,,https://drive.google.com/uc?export=download&id=17AcwNyOYRqzF4A2PiHmawmr1sczaQsvq,,[S] | UPC 2414000019 | High (verify recommended)
B.Com. (Hons.),Digital Marketing,2022,Nov-Dec,,https://drive.google.com/uc?export=download&id=1pNh4vNsUYx9dromOkN1I7SgcH1DJaa1G,,[S] | UPC 2414000019 | High (verify recommended)
B.Com. (Hons.),Digital Marketing,2024,Nov-Dec,,https://drive.google.com/uc?export=download&id=1bbT8PdcsNInQoFjGulW6arR47vn6XwOI,,[S] | UPC 2414000019 | High (verify recommended)
B.Com (P),E-Commerce,2022,May-June,,https://drive.google.com/uc?export=download&id=1C_VXlpvO72BytrFa26OuFykFcBpnmQYg,,[S] | UPC 2414090006 | High (verify recommended)
B.Com (P),E-Commerce,2024,Nov-Dec,,https://drive.google.com/uc?export=download&id=1ovDuv-XsRp5bbrqMIY6q4w-ro4Lr7GCP,,[S] | UPC 2414090006 | High (verify recommended)
B.Com (P),Finance for Everyone,2023,Nov-Dec,,https://drive.google.com/uc?export=download&id=1iqG8Q8AYksieZNUIq-lGtnKeePvYNZzh,,[S] | UPC 2414001006 | High (verify recommended)
B.Com (P),Finance for Everyone,2024,Nov-Dec,,https://drive.google.com/uc?export=download&id=13Km6cbKN9r8jrjZm9oMpU3gPwlYEc4ji,,[S] | UPC 2414001006 | High (verify recommended)
B.Com (P),Finance for Everyone,2024,May-June,,https://drive.google.com/uc?export=download&id=1Aa9RgcO3v72gzjDDv97-tokgq175bsIO,,[S] | UPC 2414001006 | High (verify recommended)
B.Com (P),Financial Accounting,2023,Nov-Dec,,https://drive.google.com/uc?export=download&id=1AWVmczvCEK_SKOKXW9ftrcGB6mfVri5P,,[S] | UPC 2412091103 | High (verify recommended)
B.Com (P),Financial Management,2023,Nov-Dec,,https://drive.google.com/uc?export=download&id=1gdcewkV9JIaoBfQFN9gA1S9McXYzZ4M2,,[S] | UPC 2412092302 | High (verify recommended)
B.Com (P),Fundamentals of Investment,2025,May-June,,https://drive.google.com/uc?export=download&id=1WWbJYsX6VKvAeu-xIGc9DwF3h9r04nR8,,[S] | UPC 2413090012 | High (verify recommended)
B.Com (P),Fundamentals of Investment,2023,May-June,,https://drive.google.com/uc?export=download&id=16F35ShNMaH2Z0d1P5sljAkHEfh6dmeE7,,[S] | UPC 2413090012 | High (verify recommended)
B.Com (P),Fundamentals of Investment,2024,May-June,,https://drive.google.com/uc?export=download&id=1bcvu9RgAPeR68zUkICuSJ6mX3LUhtGGV,,[S] | UPC 2413090012 | High (verify recommended)
B.Com (P),Goods & Services Tax (GST) and Customs Law,2025,May-June,,https://drive.google.com/uc?export=download&id=1P_y4Z0wTEHakAWBQfQvFNKmMg7d-Qi9I,,[S] | UPC 2412093603 | High (verify recommended)
B.Com (P),Human Resource Management,2023,Nov-Dec,,https://drive.google.com/uc?export=download&id=1H6u8A2BtSQYop9CTXq99rwP1Yf_eTiTb,,[S] | UPC 2412091203 | High (verify recommended)
B.Com (P),Human Resource Management,2022,Nov-Dec,,https://drive.google.com/uc?export=download&id=18UVmzH5V7CVEG4PG4giPkbQXYAvwn96M,,[S] | UPC 2412091203 | High (verify recommended)
B.Com (P),Human Resource Management,2022,Nov-Dec,,https://drive.google.com/uc?export=download&id=1ZUpeUgbTnSz_NLzvTnaXy9z0sCi46lU7,,[S] | UPC 2412091203 | High (verify recommended)
B.Com (P),Human Resource Management,2023,Nov-Dec,,https://drive.google.com/uc?export=download&id=10NIsquAZkGLT7-OrZcqvY0lhpE-OSbGn,,[S] | UPC 2412091203 | High (verify recommended)
B.Com (P),Human Resource Management,2023,Nov-Dec,,https://drive.google.com/uc?export=download&id=1H_defky3kxG38QtUI9y0GwdfOK-he0Rk,,[S] | UPC 2412091203 | High (verify recommended)
B.Com (P),Income Tax Law and Practice,2023,Nov-Dec,,https://drive.google.com/uc?export=download&id=1augpbrNGLjS8Auupbkm2Phj9qf5u9mn9,,[S] | UPC 2412093501 | High (verify recommended)
B.Com (P),Income Tax Law and Practice,2023,Nov-Dec,,https://drive.google.com/uc?export=download&id=1168rCTtvO9m_7tDzvTzT0KiU2-o-0hhk,,[S] | UPC 2412093501 | High (verify recommended)
B.Com (P),International Business,2023,May-June,,https://drive.google.com/uc?export=download&id=1MyGX8SDFdayUqC176Ja4GnKl1v49AAX3,,[S] | UPC 2412092403 | High (verify recommended)
B.Com (P),International Business,2023,May-June,,https://drive.google.com/uc?export=download&id=16nWqgf2zdK-GwqGPal4rMeTNH3YPkabZ,,[S] | UPC 2412092403 | High (verify recommended)
B.Com (P),International Business,2024,May-June,,https://drive.google.com/uc?export=download&id=1V8SEXXa41aBlSvLk2z-7XibuIWtActNm,,[S] | UPC 2412092403 | High (verify recommended)
B.Com (P),International Business,2024,May-June,,https://drive.google.com/uc?export=download&id=1pqYx3hl2NafmrqrEbwsSTzueLEs2X-st,,[S] | UPC 2412092403 | High (verify recommended)
B.Com (P),International Business,2022,May-June,,https://drive.google.com/uc?export=download&id=1soS1IsAih_ssOQmJbGtkOH9CZzyZ5MW6,,[S] | UPC 2412092403 | High (verify recommended)
B.Com (P),International Business,2025,May-June,,https://drive.google.com/uc?export=download&id=1szCwcM8CkbrD5AJ-ltLc73GLoTVdhVsI,,[S] | UPC 2412092403 | High (verify recommended)
B.Com (P),International Business,2022,May-June,,https://drive.google.com/uc?export=download&id=1FfCuZOWn9Mw3FeORoq2E-RUmxLd9COq-,,[S] | UPC 2412092403 | High (verify recommended)
B.Com. (Hons.),Investing in Stock Markets,2022,May-June,,https://drive.google.com/uc?export=download&id=1WmeQ_ETvPYQGxkxBOFyaTLSbTpMp2_GG,,[S] | UPC 2414002003 | High (verify recommended)
B.Com (P),Management Accounting,2023,Nov-Dec,,https://drive.google.com/uc?export=download&id=1U8xU55cc8b6FwyGPbpPHZuO39BwtrkgN,,[S] | UPC 2412093503 | High (verify recommended)
B.Com (P),Management Accounting,2023,May-June,,https://drive.google.com/uc?export=download&id=1fr5hLZVBHgHcgD4ixZZN13vvKAjcTD-8,,[S] | UPC 2412093503 | High (verify recommended)
B.Com (P),Management Accounting,2022,May-June,,https://drive.google.com/uc?export=download&id=1j3V9NCpaWHOvr-_C-rPQzuEmvEsPZEGd,,[S] | UPC 2412093503 | High (verify recommended)
B.Com (P),Organisational Behaviour,2023,Nov-Dec,,https://drive.google.com/uc?export=download&id=1DWajpkvtcLxmFRMuwXGZeUsiGMJHYWsA,,[S] | UPC 2413090001 | High (verify recommended)
B.Com. (Hons.),Personal Financial Planning,2024,Nov-Dec,,https://drive.google.com/uc?export=download&id=1bafiVeyovI5pVKDnsloK44r4-A_W_U7X,,[S] | UPC 2414002006 | High (verify recommended)
B.Com (P),Principles of Marketing,2023,Nov-Dec,,https://drive.google.com/uc?export=download&id=10Wz8TXWtdPZXNEjlkkbADMkVI_mUEh4B,,[S] | UPC 2412092303 | High (verify recommended)
B.Com (P),Principles of Marketing,2024,Nov-Dec,,https://drive.google.com/uc?export=download&id=1SWW3ui2YVnsE2pzqqJ01Zkp3w7Q_tJNv,,[S] | UPC 2412092303 | High (verify recommended)
B.Com (P),Principles of Marketing,2023,Nov-Dec,,https://drive.google.com/uc?export=download&id=1ibeF28m9G7MJA-CuXGCZMKJ3t2MniEA2,,[S] | UPC 2412092303 | High (verify recommended)
B.Com (P),Principles of Marketing,2022,Nov-Dec,,https://drive.google.com/uc?export=download&id=1Inkac7hkkACoOiJcZ5EadBFZkHImnfW-,,[S] | UPC 2412092303 | High (verify recommended)
B.Com (P),Project Management,2023,May-June,,https://drive.google.com/uc?export=download&id=1EiLjrzMfM2Te9dHnP2Ux0AkazsC3-6T5,,[S] | UPC 2414000018 | High (verify recommended)
B.Com (P),Project Management,2024,May-June,,https://drive.google.com/uc?export=download&id=1ERhvdBjcRkyfriuzxh-82FkZcX4O-R_v,,[S] | UPC 2414000018 | High (verify recommended)
B.Com (P),Project Management,2022,May-June,,https://drive.google.com/uc?export=download&id=1POKyR7_PrMCrpGLDloPkfokKngZkWepM,,[S] | UPC 2414000018 | High (verify recommended)
B.Com (P),Financial Accounting,2023,Nov-Dec,,https://drive.google.com/uc?export=download&id=1E0i833S1pEO8QZXZ2y_a4__DRcVd-z31,,[S] | UPC 2412091103 | Medium (verify required)
B.Com (P),Computer Applications in Business,2024,May-June,,https://drive.google.com/uc?export=download&id=1QdHTWT1GhMNZ5XB5KiG5g6mOoYJyYoM5,,[S] | UPC 2414000022 | Medium (verify required)
B.Com (P),Business Statistics,2024,Nov-Dec,,https://drive.google.com/uc?export=download&id=1HrR5i6VINUNC_ABKn9lZ7GDjkzOM0NW2,,[S] | UPC 2412092301 | Medium (verify required)
B.Com (P),Communication in Management,2024,Nov-Dec,,https://drive.google.com/uc?export=download&id=1n0MCNnGYu5picIcj2lK71dqyFUg5OAk1,,[S] | UPC 2414000028 | Medium (verify required)
B.Com (P),Computer Applications in Business,2023,May-June,,https://drive.google.com/uc?export=download&id=1C1GT38cMlNlmoyZIPbfThern0hcFpcve,,[S] | UPC 2414000022 | Medium (verify required)
B.Com (P),Corporate Tax Planning,2023,May-June,,https://drive.google.com/uc?export=download&id=1iyf2_gd0Y-J707dVlvwz6SEgYbrgfaDX,,[S] | UPC 2413090020 | Medium (verify required)
B.Com (P),Corporate Tax Planning,2022,May-June,,https://drive.google.com/uc?export=download&id=1IxynFPhzr6j2r30QKrYLDDoE-08xl9Ok,,[S] | UPC 2413090020 | Medium (verify required)
B.Com. (Hons.),Entrepreneurship Track,2023,Nov-Dec,,https://drive.google.com/uc?export=download&id=1SGL3Xc5c21nSv80ozotu_iAGt5PsXkwm,,[S] | UPC 2419084702 | Medium (verify required)
B.Com (P),Fundamentals of Investment,2022,May-June,,https://drive.google.com/uc?export=download&id=1T2J7kORdHxlGWbChykCM1lC7heqUF7gH,,[S] | UPC 2413090012 | Medium (verify required)
B.Com (P),Fundamentals of Investment,2023,Nov-Dec,,https://drive.google.com/uc?export=download&id=1KJhSRS1jGDs2GWWvcjSvd6kJYR4sfked,,[S] | UPC 2413090012 | Medium (verify required)
B.Com (P),Goods & Services Tax (GST) and Customs Law,2024,May-June,,https://drive.google.com/uc?export=download&id=19B8yq9wuJpfx7ldcVRRqV2YeoPu1TtBn,,[S] | UPC 2412093603 | Medium (verify required)
B.Com (P),Goods & Services Tax (GST) and Customs Law,2023,May-June,,https://drive.google.com/uc?export=download&id=1h_SeoJic7tCPHG7bv78gh8uFR4E_mrjg,,[S] | UPC 2412093603 | Medium (verify required)
B.Com. (Hons.),Goods and Services Tax(GST) and Customs Law,2022,May-June,,https://drive.google.com/uc?export=download&id=1CKpD_ILmdmMdNh0E7BuTMBwJ_gVLUjIX,,[S] | UPC 2412083603 | Medium (verify required)
B.Com. (Hons.),Financial Risk Management,2023,May-June,,https://drive.google.com/uc?export=download&id=127BAkDknnuATkJM62QPCJstOB9qardZ_,,[S] | UPC 2413080034 | Medium (verify required)
B.Com. (Hons.),Management Principles and Applications,2023,Nov-Dec,,https://drive.google.com/uc?export=download&id=1j49Ib5We0lQNek_ppHfsLN0H8Dg6KKzd,,[S] | UPC 2412081101 | Medium (verify required)
B.Com. (Hons.),Personal Financial Planning,2022,Nov-Dec,,https://drive.google.com/uc?export=download&id=1hdkrNG8HErNTZSGGMuj6I3WQh0Pc5uRl,,[S] | UPC 2414002006 | Medium (verify required)
B.Com. (Hons.),Personal Financial Planning,2022,Nov-Dec,,https://drive.google.com/uc?export=download&id=1iJOTuuC2VdmDAwMoA-Yn5ymGg7luxQYw,,[S] | UPC 2414002006 | Medium (verify required)
B.Com (P),Fundamentals of Investment,2024,Nov-Dec,,https://drive.google.com/uc?export=download&id=1UWSKrP4JpuB8XaRglyPeFpW-aQawrHEo,,[S] | UPC 2413090012 | Medium (verify required)
Commerce,Commerce,,Not Specified,,https://drive.google.com/uc?export=download&id=1Z-4pjEefhzzeVf49cldV7IDBSZq0kE6I,,[S] | Unmatched (manual mapping needed)
Commerce,Commerce,,Not Specified,,https://drive.google.com/uc?export=download&id=1TgDaKGvmeyyFlS_ewiTSGRZBhQkt67d5,,[S] | Unmatched (manual mapping needed)
Commerce,Commerce,,Not Specified,,https://drive.google.com/uc?export=download&id=1-LseltK7VxWmpm_KdL-kzy-rLCexuYFf,,[S] | Unmatched (manual mapping needed)
Commerce,Commerce,,Not Specified,,https://drive.google.com/uc?export=download&id=1zbq4EyMvDAdLZ3FsF1TeZk9dex3RJL6M,,[S] | Unmatched (manual mapping needed)
Commerce,Commerce,,Not Specified,,https://drive.google.com/uc?export=download&id=10CtjV6tg_gg7ufVbJIAKJtCmne_hpsgw,,[S] | Unmatched (manual mapping needed)
Commerce,Commerce,,Not Specified,,https://drive.google.com/uc?export=download&id=1QXzlOprWGQK-HsQgcZ-DVf6KLbkNbiaB,,[S] | Unmatched (manual mapping needed)
Commerce,Commerce,2023,May-June,,https://drive.google.com/uc?export=download&id=1CoJCb1U13IbGqdMDgoeiSNcGuDJ46icJ,,[S] | Unmatched (manual mapping needed)
Commerce,Commerce,2023,Nov-Dec,,https://drive.google.com/uc?export=download&id=1r3AJdU_LIxW-oRStMDADm5Gz6PQMBFxe,,[S] | Unmatched (manual mapping needed)
Commerce,Commerce,2022,Nov-Dec,,https://drive.google.com/uc?export=download&id=1KgQEm1TNH3g4sahOB1vJNW9hqXEh0yE4,,[S] | Unmatched (manual mapping needed)
Commerce,Commerce,2022,May-June,,https://drive.google.com/uc?export=download&id=14T7qY0StYxc1FAPoAGUnUkZ3l1fx0yQ4,,[S] | Unmatched (manual mapping needed)
Commerce,Commerce,2022,May-June,,https://drive.google.com/uc?export=download&id=1BbemjPD1Et6y_At2O9GNnzz87FYdR-XB,,[S] | Unmatched (manual mapping needed)
Commerce,Commerce,2025,May-June,,https://drive.google.com/uc?export=download&id=1iT5e3VOibvN44n9t-k0my2IjOC9jqw9A,,[S] | Unmatched (manual mapping needed)
Commerce,Commerce,2024,May-June,,https://drive.google.com/uc?export=download&id=1WbhfgMZk5GMAPczEacu8ZH5lj9h2utqw,,[S] | Unmatched (manual mapping needed)
Commerce,Commerce,2025,May-June,,https://drive.google.com/uc?export=download&id=1vjGO-q-DUzUF0xgohGfHOcslC4ZPSLZ-,,[S] | Unmatched (manual mapping needed)
Commerce,Commerce,2023,May-June,,https://drive.google.com/uc?export=download&id=1KWuM0ouEiI5UTAjMS5v1OrcWRbRJf3iB,,[S] | Unmatched (manual mapping needed)
Commerce,Commerce,2022,May-June,,https://drive.google.com/uc?export=download&id=12sAG0wk7rEhnC9BXwqKpA7I2hYVVpScd,,[S] | Unmatched (manual mapping needed)
Commerce,Commerce,2024,May-June,,https://drive.google.com/uc?export=download&id=1fW7NbSPr435WR7aWpBSv31zLQcOVBpra,,[S] | Unmatched (manual mapping needed)
Commerce,Commerce,2022,May-June,,https://drive.google.com/uc?export=download&id=1hQGJQvs1H-qefLJ14z3Zi-GCOBVazal0,,[S] | Unmatched (manual mapping needed)
DEPARTMENT OF COMPUTER SCIENCE,Programming Fundamentals Using C++,2022,Nov-Dec,,https://drive.google.com/uc?export=download&id=1ivN_mvdKluUScYASjBW4H2hwRkR9aaK4,,[S] | UPC 2342571101 | Exact (Question Bank code match)
DEPARTMENT OF COMPUTER SCIENCE,Operating System,2022,Nov-Dec,,https://drive.google.com/uc?export=download&id=1DI5Tx5J8I2Z6qEB68svfKv5Z9caq2kUl,,[S] | UPC 42344304 | Exact (Question Bank code match)
DEPARTMENT OF COMPUTER SCIENCE,Computer System Architecture,2025,May-June,,https://drive.google.com/uc?export=download&id=1QjR-x0nshyaiPA3aEo10mnTNlwfjTDF4,,[S] | UPC 42344403 | Exact (Question Bank code match)
DEPARTMENT OF ENGLISH,Digital Communication-Ii,2025,May-June,,https://drive.google.com/uc?export=download&id=1Z0mYmG0Xt60lHKb-YeL-5l5U62ECJVLc,,[S] | UPC 2035002002 | Exact (Question Bank code match)
DEPARTMENT OF COMPUTER SCIENCE,Operating System,2024,Nov-Dec,,https://drive.google.com/uc?export=download&id=1Gj0LN7K5iuFunhY7Y-OZzKA0tUok3ZX6,,[S] | UPC 42344304 | Exact (Question Bank code match)
DEPARTMENT OF ELECTRONIC SCIENCE,Virtual Instrumentation,2024,Nov-Dec,,https://drive.google.com/uc?export=download&id=124UHfzYIojIs-M0t46K4MUyHexp5YL6M,,[S] | UPC 32513910 | Exact (Question Bank code match)
DEPARTMENT OF COMPUTER SCIENCE,Web Design Using Html5,2024,Nov-Dec,,https://drive.google.com/uc?export=download&id=1FG3PN2I2hhGYb_LFnFhsiKP9M0zP_sVo,,[S] | UPC 42343503 | Exact (Question Bank code match)
DEPARTMENT OF MATHEMATICS,Latex And Html,2024,Nov-Dec,,https://drive.google.com/uc?export=download&id=1KGumzmixMwwMIB9Xw6KyIKSr2ewKYQzi,,[S] | UPC 32353301 | Exact (Question Bank code match)
B.Sc. (Hons) Computer Science ; B.Sc. (Prog) Physical Science courses pertaining to Computer Science,Computer Networks,2025,May-June,,https://drive.google.com/uc?export=download&id=15V0Scw6bp7CluLI7_5kiybvK9ond6Ndn,,[S] | UPC 2344000020 | Exact (UPC/syllabus match)
B.Sc. (Prog) Physical Science courses pertaining to Computer Science,Computer Networks,2025,May-June,,https://drive.google.com/uc?export=download&id=1OSU56oqI9KUwjQUx7h94Rayzevpky7ks,,[S] | UPC 2342573601 | Exact (UPC/syllabus match)
B.Sc. (Hons) Computer Science ; B.Sc. (Prog) Physical Science courses pertaining to Computer Science,Data Analysis and Visualization using Spreadsheet,2025,May-June,,https://drive.google.com/uc?export=download&id=1-dR9e1d_bjbJpfFAD0UaYJe60995Arfn,,[S] | UPC 2344001202 | Exact (UPC/syllabus match)
B.Sc. (Hons) Computer Science ; B.Sc. (Prog) Physical Science courses pertaining to Computer Science,Data Analysis and Visualization using Spreadsheet,2023,May-June,,https://drive.google.com/uc?export=download&id=1MwKkzPiTwVrb7XIR_d2X5x9NpyXar5Z-,,[S] | UPC 2344001202 | Exact (UPC/syllabus match)
B.Sc. (Hons) Computer Science,Data Mining I,2024,Nov-Dec,,https://drive.google.com/uc?export=download&id=18-eK26-Hq_rtMeXZAUqE0cNNsbYeoTff,,[S] | UPC 2343010013 | Exact (UPC/syllabus match)
B.Sc. (Prog) Physical Science courses pertaining to Computer Science,Data Structures,2024,May-June,,https://drive.google.com/uc?export=download&id=1X68Tp31Y37ZlFf2lMgl9LTtiDH7ZRaBk,,[S] | UPC 2342571201 | Exact (UPC/syllabus match)
B.Sc. (Prog) Physical Science courses pertaining to Computer Science,Data Structures,2023,May-June,,https://drive.google.com/uc?export=download&id=1Pbz4i8V-6np1VXFHc_FfYifakEiWasgU,,[S] | UPC 2342571201 | Exact (UPC/syllabus match)
B.Sc. (Hons) Computer Science ; B.Sc. (Prog) Physical Science courses pertaining to Computer Science,Data Analysis and Visualization using Python,2025,May-June,,https://drive.google.com/uc?export=download&id=11R0kHNDmhqQC3Vo7qNvOXgs1zsmjPrdW,,[S] | UPC 2344001201 | Exact (UPC/syllabus match)
B.Sc. (Prog) Physical Science courses pertaining to Computer Science,Database Management Systems,2024,Nov-Dec,,https://drive.google.com/uc?export=download&id=1UwLTJaPwBPp7AS-_om4aSVwuELKo1GMq,,[S] | UPC 2342573501 | Exact (UPC/syllabus match)
B.Sc. (Prog) Physical Science courses pertaining to Computer Science,Introduction to Web Programming,2025,May-June,,https://drive.google.com/uc?export=download&id=1ksLZ2Gc_Z4BxExL4k5sYRx-Dovky8Uut,,[S] | UPC 2344002004 | Exact (UPC/syllabus match)
B.Sc. (Prog) Physical Science courses pertaining to Computer Science,Introduction to Web Programming,2024,May-June,,https://drive.google.com/uc?export=download&id=1YzeHgnIjv5-8D5GwaJkOxG-eGLoGPfpK,,[S] | UPC 2344002004 | Exact (UPC/syllabus match)
B.Sc. (Prog) Physical Science courses pertaining to Computer Science,Operating Systems,2025,May-June,,https://drive.google.com/uc?export=download&id=14fHQJy-EfeJQ0gKhsPCXEwuYvyapR6qU,,[S] | UPC 2342572401 | Exact (UPC/syllabus match)
B.Sc. (Prog) Physical Science courses pertaining to Computer Science,Operating Systems,2024,May-June,,https://drive.google.com/uc?export=download&id=14K14ABV-usGxPFVMXz_txj5Uvr7nUuU9,,[S] | UPC 2342572401 | Exact (UPC/syllabus match)
B.Sc. (Hons) Computer Science ; B.Sc. (Prog) Physical Science courses pertaining to Computer Science,Research Methodology,2025,May-June,,https://drive.google.com/uc?export=download&id=1CKjQRaidhoewt2kyW9L0d549snyWybl3,,[S] | UPC 2343010020 | Exact (UPC/syllabus match)
B.Sc. (Hons) Computer Science,Artificial Intelligence,2024,Nov-Dec,,https://drive.google.com/uc?export=download&id=1Y8iwIwWM47V2jv-QHb9bXhnOKN9bjJYo,,[S] | UPC 2342012305 | High (verify recommended)
B.Sc. (Hons) Computer Science,Computer Graphics,2024,Nov-Dec,,https://drive.google.com/uc?export=download&id=1dZUgcOVH8lNELm8EpnrOa6AwCkPhX83Q,,[S] | UPC 2343010016 | High (verify recommended)
B.Sc. (Hons) Computer Science,Computer Networks,2022,May-June,,https://drive.google.com/uc?export=download&id=1k1p3OBjmBdPlcjB5l4fkCL2-XmGICjGI,,[S] | UPC 2342012403 | High (verify recommended)
B.Sc. (Hons) Computer Science,Computer Networks,2025,May-June,,https://drive.google.com/uc?export=download&id=1xjJpY8YBWjMI6McGM5cQVX67_p1ScVEa,,[S] | UPC 2342012403 | High (verify recommended)
B.Sc. (Hons) Computer Science,Computer Networks,2024,May-June,,https://drive.google.com/uc?export=download&id=1LxBZXN2ZASr6tC6tmK6pYJX5IkYBmbMl,,[S] | UPC 2342012403 | High (verify recommended)
B.Sc. (Hons) Computer Science,Computer System Architecture,2023,May-June,,https://drive.google.com/uc?export=download&id=1QEX_Nj1Od3YRdta2ZsAAeo7SAB5vPSsm,,[S] | UPC 2342011102 | High (verify recommended)
B.Sc. (Hons) Computer Science,Computer System Architecture,2022,May-June,,https://drive.google.com/uc?export=download&id=1MOvNHMUcOkQ3yx9xR9ov1cW22SlMxHda,,[S] | UPC 2342011102 | High (verify recommended)
B.Sc. (Hons) Computer Science,Computer System Architecture,2024,Nov-Dec,,https://drive.google.com/uc?export=download&id=1mJHYvE0QvP3erUn2KCbgVmI2sAusA5w-,,[S] | UPC 2342011102 | High (verify recommended)
B.Sc. (Hons) Computer Science,Data Analysis and Visualization using Python,2023,May-June,,https://drive.google.com/uc?export=download&id=1zJ-D-1fNyOnOowVI-qj9mlgfMo8YXZF-,,[S] | UPC 2344001201 | High (verify recommended)
B.Sc. (Hons) Computer Science,Data Structures,2023,Nov-Dec,,https://drive.google.com/uc?export=download&id=10m4uAUM4buPvyHpy1XvRYe5kkrlHKL-R,,[S] | UPC 2342012301 | High (verify recommended)
B.Sc. (Hons) Computer Science,Data Structures,2025,May-June,,https://drive.google.com/uc?export=download&id=1Emzf3o65cjg0Ou1P-F3QZ8HrO4c8A7Na,,[S] | UPC 2342012301 | High (verify recommended)
B.Sc. (Hons) Computer Science,Database Management Systems,2023,May-June,,https://drive.google.com/uc?export=download&id=1JSGACz_7gf0yDk9cayPr5LWUlEGaBeOD,,[S] | UPC 2344002001 | High (verify recommended)
B.Sc. (Hons) Computer Science,Database Management Systems,2023,May-June,,https://drive.google.com/uc?export=download&id=1SBRUJyVGeWKmPkaUMwxgNjW-MqyfXfP3,,[S] | UPC 2344002001 | High (verify recommended)
B.Sc. (Hons) Computer Science,Database Management Systems,2022,May-June,,https://drive.google.com/uc?export=download&id=1gCWjlkyxsHCqdRUVHpYZ6o1lelFcdpI2,,[S] | UPC 2344002001 | High (verify recommended)
B.Sc. (Hons) Computer Science,Computer Networks,2022,Nov-Dec,,https://drive.google.com/uc?export=download&id=17h5qd3vaLhDexFkyMBRWag98CkJ9YoGU,,[S] | UPC 2342012403 | High (verify recommended)
B.Sc. (Hons) Computer Science,Computer Networks,2023,Nov-Dec,,https://drive.google.com/uc?export=download&id=1yQ2ELr8EVyc17QplZqdQ3bXhETR97Eph,,[S] | UPC 2342012403 | High (verify recommended)
B.Sc. (Hons) Computer Science,Information Security,2024,May-June,,https://drive.google.com/uc?export=download&id=1eN6eNMQhq9_FqBxCFX-Ue9WOFGC_MbT9,,[S] | UPC TBA | High (verify recommended)
B.Sc. (Hons) Computer Science,Information Security,2022,May-June,,https://drive.google.com/uc?export=download&id=1SxEXLw3foFGqkICHL4OHGUGWarz3TJNW,,[S] | UPC TBA | High (verify recommended)
B.Sc. (Hons) Computer Science,Introduction to Web Programming,2024,Nov-Dec,,https://drive.google.com/uc?export=download&id=1jDeg1YmJZobdCe9Gy2MgEZc--juTmzNm,,[S] | UPC 2343012008 | High (verify recommended)
B.Sc. (Hons) Computer Science,Operating Systems,2023,Nov-Dec,,https://drive.google.com/uc?export=download&id=1iuHRa3DwBlWc4Xm8B8MVjWuI6gkrc5Te,,[S] | UPC 2342012302 | High (verify recommended)
B.Sc. (Hons) Computer Science,Programming Using C++,2024,Nov-Dec,,https://drive.google.com/uc?export=download&id=1Gr1ld3XQHSENnBygrCIUShHqfVO1bFnO,,[S] | UPC 2344001101 | High (verify recommended)
B.Sc. (Hons) Computer Science,Programming Using C++,2025,May-June,,https://drive.google.com/uc?export=download&id=1NFRoMef_yU8h-wOgsdrrxYb3WCTihYzE,,[S] | UPC 2344001101 | High (verify recommended)
B.Sc. (Hons) Computer Science,Programming Using C++,2024,May-June,,https://drive.google.com/uc?export=download&id=1Lhyj2q5fZ_VcnMzvov1Yk3e5Z4QKvR_k,,[S] | UPC 2344001101 | High (verify recommended)
B.Sc. (Hons) Computer Science,Data Structures,2022,Nov-Dec,,https://drive.google.com/uc?export=download&id=1hVBCf7oDR4k6-SUXb4aBnFJlOcbZpjA8,,[S] | UPC 2342012301 | High (verify recommended)
B.Sc. (Hons) Computer Science,Programming Using C++,2023,May-June,,https://drive.google.com/uc?export=download&id=180WCY7jQU5HAzVf6EcIogC4j7WCc-Jh5,,[S] | UPC 2344001101 | Medium (verify required)
B.Sc. (Hons) Computer Science,Advanced Web Programming,2022,Nov-Dec,,https://drive.google.com/uc?export=download&id=1mvcJxflrucs4vepTxw2SV3AJaP3wfZiO,,[S] | UPC 2344000006 | Medium (verify required)
B.Sc. (Hons) Computer Science,Database Management Systems,2022,May-June,,https://drive.google.com/uc?export=download&id=1EHp6-GBsIlCpQHm_ONpw8xz_4yzPAcRm,,[S] | UPC 2344002001 | Medium (verify required)
B.Sc. (Hons) Computer Science,Data Analysis and Visualization using Python,2023,Nov-Dec,,https://drive.google.com/uc?export=download&id=1cZbxFCzQVqBcVc5qyq5a8hQYBEusvfqV,,[S] | UPC 2344001201 | Medium (verify required)
B.Sc. (Hons) Computer Science,Data Analysis and Visualization using Python,2022,Nov-Dec,,https://drive.google.com/uc?export=download&id=1h565CvLyrYPICbwYHPkj9J4h_FCjpQd4,,[S] | UPC 2344001201 | Medium (verify required)
B.Sc. (Hons) Computer Science,Data Structures,2024,Nov-Dec,,https://drive.google.com/uc?export=download&id=1jL90tB88OC3eLSRn9cJp3zLNqR5UANaV,,[S] | UPC 2342012301 | Medium (verify required)
B.Sc. (Hons) Computer Science,Data Structures,2025,May-June,,https://drive.google.com/uc?export=download&id=1G6UjFQR3LaHAFoc2U51bg8LTjnGRkIbR,,[S] | UPC 2342012301 | Medium (verify required)
B.Sc. (Hons) Computer Science,Data Structures,2025,May-June,,https://drive.google.com/uc?export=download&id=1tOJfIBSzTxB-RWyewx7cywRn50XOfMbZ,,[S] | UPC 2342012301 | Medium (verify required)
B.Sc. (Hons) Computer Science,Combinatorial Optimization,2024,Nov-Dec,,https://drive.google.com/uc?export=download&id=1wTu_26IzPI64SQnmV0eozCbH2ZTbHQrh,,[S] | UPC 2343012006 | Medium (verify required)
B.Sc. (Hons) Computer Science,JAVA Programming,2023,May-June,,https://drive.google.com/uc?export=download&id=13RtsqBS_OKv-acCXXbjwBU0DByEGVuFu,,[S] | UPC 2344002002 | Medium (verify required)
B.Sc. (Hons) Computer Science,Programming Using C++,2022,May-June,,https://drive.google.com/uc?export=download&id=1iHgrsKhoN7G9_EX6B99JNOhDp0h8l_XI,,[S] | UPC 2344001101 | Medium (verify required)
B.Sc. (Hons) Computer Science,Programming Using C++,2024,May-June,,https://drive.google.com/uc?export=download&id=1J1zQy98In2u4ZwZOgMnUjlSa4Di0l-ZD,,[S] | UPC 2344001101 | Medium (verify required)
B.Sc. (Hons) Computer Science,Programming Using C++,2024,Nov-Dec,,https://drive.google.com/uc?export=download&id=1xuVvlkcCa0uDuTnCOcGHhRTyBp4H40PD,,[S] | UPC 2344001101 | Medium (verify required)
B.Sc. (Hons) Computer Science,Programming Using C++,2022,Nov-Dec,,https://drive.google.com/uc?export=download&id=1qcxz4DgA882JgVCSnkdvmUATqC8U_L-E,,[S] | UPC 2344001101 | Medium (verify required)
B.Sc. (Hons) Computer Science,Programming Using C++,2022,Nov-Dec,,https://drive.google.com/uc?export=download&id=1_O7L2i7N42nyrOsl_aI2hAQjcW-ZeA2U,,[S] | UPC 2344001101 | Medium (verify required)
B.Sc. (Hons) Computer Science,Programming Using C++,2022,May-June,,https://drive.google.com/uc?export=download&id=1G_PkF5g1IRQJX2K7rxdF08_NE4GOg_h9,,[S] | UPC 2344001101 | Medium (verify required)
B.Sc. (Hons) Computer Science,Programming Using C++,2024,Nov-Dec,,https://drive.google.com/uc?export=download&id=1uXWsyJKT3vr0yeTJhh57IAYu0VpoHmmM,,[S] | UPC 2344001101 | Medium (verify required)
B.Sc. (Hons) Computer Science,Programming Using C++,2024,Nov-Dec,,https://drive.google.com/uc?export=download&id=16h33wWNOnkN52YzRtolCLfJTU3EUDhPa,,[S] | UPC 2344001101 | Medium (verify required)
B.Sc. (Hons) Computer Science,Programming Using C++,2024,Nov-Dec,,https://drive.google.com/uc?export=download&id=1JNOY1Brkn0acvuGyUfKXEDqtkKhm8M5i,,[S] | UPC 2344001101 | Medium (verify required)
B.Sc. (Hons) Computer Science,Programming Using C++,2023,Nov-Dec,,https://drive.google.com/uc?export=download&id=1sq6LjT9xlvq0rMcYB79cCk1FLu1UBxXe,,[S] | UPC 2344001101 | Medium (verify required)
B.Sc. (Hons) Computer Science,Programming Using C++,2024,Nov-Dec,,https://drive.google.com/uc?export=download&id=1NSQedTA3ppJe9XO8ti7fS0G-qynU7Qvu,,[S] | UPC 2344001101 | Medium (verify required)
B.Sc. (Hons) Computer Science,Programming Using C++,2024,Nov-Dec,,https://drive.google.com/uc?export=download&id=194MDcXvSUukMKKPs9CEQ7Vpo1SrCRPWc,,[S] | UPC 2344001101 | Medium (verify required)
Computer Science,Computer Science,,Not Specified,,https://drive.google.com/uc?export=download&id=1cZcRNscmWJyUa3OqL1L2UzUbPh75NvBz,,[S] | Unmatched (manual mapping needed)
Computer Science,Computer Science,,Not Specified,,https://drive.google.com/uc?export=download&id=1S4HgbkEEYCDsELl7wN61Pa4mMewIEgQS,,[S] | Unmatched (manual mapping needed)
Computer Science,Computer Science,,Not Specified,,https://drive.google.com/uc?export=download&id=1cqxXSv7YUIOL1rS8qe5j4ytec5jZ11Ov,,[S] | Unmatched (manual mapping needed)
Computer Science,Computer Science,,Not Specified,,https://drive.google.com/uc?export=download&id=1oFc_rGaDYawK4QV7b5fbsBLfuJ433F-m,,[S] | Unmatched (manual mapping needed)
Computer Science,Computer Science,,Not Specified,,https://drive.google.com/uc?export=download&id=1s5sfIKbF8AUNt_GapaXi_HMq89enafRe,,[S] | Unmatched (manual mapping needed)
Computer Science,Computer Science,2023,Nov-Dec,,https://drive.google.com/uc?export=download&id=1mHiTLtF2IlYBI9saqZW_QgFS2Xx0MjM6,,[S] | Unmatched (manual mapping needed)
Computer Science,Computer Science,2024,May-June,,https://drive.google.com/uc?export=download&id=1GY1t5VKicErXL2DKGW5goxMnXypeYvGW,,[S] | Unmatched (manual mapping needed)
Computer Science,Computer Science,2025,May-June,,https://drive.google.com/uc?export=download&id=1kdMuWkb_Fd1bUqCmkhN65ne3YDkIMwui,,[S] | Unmatched (manual mapping needed)
Computer Science,Computer Science,2024,Nov-Dec,,https://drive.google.com/uc?export=download&id=1Ba22g6t4FZi1i6X3ho39IOruLqKpdvvW,,[S] | Unmatched (manual mapping needed)
Computer Science,Computer Science,2022,May-June,,https://drive.google.com/uc?export=download&id=12DFPPZj1EHBXtheNee5M2NSoGefclSUr,,[S] | Unmatched (manual mapping needed)
Computer Science,Computer Science,2024,Nov-Dec,,https://drive.google.com/uc?export=download&id=1Zu6bnINYs2cIUHNedTCGiei9OD1dHW97,,[S] | Unmatched (manual mapping needed)
Computer Science,Computer Science,2024,Nov-Dec,,https://drive.google.com/uc?export=download&id=1N6zgzCywNSuio6c6x4MsmBxFehAYvnbn,,[S] | Unmatched (manual mapping needed)
Computer Science,Computer Science,2023,Nov-Dec,,https://drive.google.com/uc?export=download&id=1PSzSuCX6GON43USGvp7dHPROfHVoZKFR,,[S] | Unmatched (manual mapping needed)
Computer Science,Computer Science,2023,Nov-Dec,,https://drive.google.com/uc?export=download&id=1QiFzeyAckg0yHLocB8Lv2sNuyt2qqsni,,[S] | Unmatched (manual mapping needed)
Computer Science,Computer Science,2024,Nov-Dec,,https://drive.google.com/uc?export=download&id=1zZ1WAih-TnDlYKXoUVkBV8frajLbpNTv,,[S] | Unmatched (manual mapping needed)
DEPARTMENT OF ECONOMICS,Principles Of Microeconomics - Ii,2022,May-June,,https://drive.google.com/uc?export=download&id=1v9J55Svc5LCbuLRhymPnLypngorjILEI,,[S] | UPC 62271201 | Exact (Question Bank code match)
DEPARTMENT OF ECONOMICS,Basic Computational Techniques For Data Analysis,2023,May-June,,https://drive.google.com/uc?export=download&id=1-pPxZq3mzO-M1F6tKeLZSuPUD9gn18xh,,[S] | UPC 62273601 | Exact (Question Bank code match)
DEPARTMENT OF ECONOMICS,Basic Computational Techniques For Data Analysis,2022,May-June,,https://drive.google.com/uc?export=download&id=1coGlMHYE1KvLdBVbyngYL5w8SauK6qT8,,[S] | UPC 62273601 | Exact (Question Bank code match)
DEPARTMENT OF ECONOMICS,Principles Of Microeconomics,2022,Nov-Dec,,https://drive.google.com/uc?export=download&id=1q6HbPW6pqJ415GmvjgAQVADnbWUC_-eL,,[S] | UPC 2274001003 | Exact (Question Bank code match)
DEPARTMENT OF ECONOMICS,Data Analysis,2023,Nov-Dec,,https://drive.google.com/uc?export=download&id=1kOwdq7--DTvoHd4XfClTllK1cUhMffne,,[S] | UPC 12273303 | Exact (Question Bank code match)
DEPARTMENT OF COMMERCE,Finance For Everyone,2024,Nov-Dec,,https://drive.google.com/uc?export=download&id=1OT46sRV6T6oRIsddcIqL1MxVnKx39zx5,,[S] | UPC 2416000002 | Exact (Question Bank code match)
DEPARTMENT OF ECONOMICS,Intemediate Microeconomics Ii,2023,May-June,,https://drive.google.com/uc?export=download&id=1DnxQ9B0jKvxq7JB4Jv5XU510I0PlItb2,,[S] | UPC 12271401 | Exact (Question Bank code match)
DEPARTMENT OF ECONOMICS,Understanding The Economic Survey And Union Budget,2023,Nov-Dec,,https://drive.google.com/uc?export=download&id=1Hu6csTxt0svqu9lIjuys5TZNWGxvYeV9,,[S] | UPC 62273326 | Exact (Question Bank code match)
DEPARTMENT OF ECONOMICS,Intemediate Microeconomics Ii,2022,May-June,,https://drive.google.com/uc?export=download&id=15gMpkojdHz_w6Go5GBCMt_eQOQio7Qx0,,[S] | UPC 12271401 | Exact (Question Bank code match)
B.A. (Hons.) Economics,Intermediate Statistics for Economics,2023,May-June,,https://drive.google.com/uc?export=download&id=1WKGE0tA6fBRt27yQoJzuSk4f_o2aHoH_,,[S] | UPC 2272101203 | Exact (UPC/syllabus match)
B.A. (Hons.) Economics,Advanced Mathematical Methods for Economics,2023,Nov-Dec,,https://drive.google.com/uc?export=download&id=19yt5lVQn5CZ1HLDYOz3UsszczlBisXQF,,[S] | UPC 2272102303 | Exact (UPC/syllabus match)
B.A (Prog.) Economics as Major ; B.A (Prog.) Economics as Minor ; B.A. (Hons.) Economics,Basic Econometrics,2025,May-June,,https://drive.google.com/uc?export=download&id=1lmjjmb0yZpyAw8IDiGHP6D2JBHmxtEDC,,[S] | UPC 2274000014 | Exact (UPC/syllabus match)
B.A (Prog.) Economics as Major ; B.A (Prog.) Economics as Minor ; B.A. (Hons.) Economics,Basic Environmental Economics,2025,May-June,,https://drive.google.com/uc?export=download&id=1LWKBg6UNOCLCr1_z68NYIJX59ydGLptM,,[S] | UPC 2274000018 | Exact (UPC/syllabus match)
B.A (Prog.) Economics as Major ; B.A (Prog.) Economics as Minor ; B.A. (Hons.) Economics,Basic Environmental Economics,2025,May-June,,https://drive.google.com/uc?export=download&id=1PEODj9kcqTRuPV8bGUoJb3l2ybDvLSsW,,[S] | UPC 2274000018 | Exact (UPC/syllabus match)
B.A (Prog.) Economics as Major,Basic Mathematics for Economic Analysis,2023,Nov-Dec,,https://drive.google.com/uc?export=download&id=1KD3tvNNoLbO5h8vWiPJOGDQctqY9SHO_,,[S] | UPC 2272201102 | Exact (UPC/syllabus match)
B.A (Prog.) Economics as Major,Basic Mathematics for Economic Analysis,2024,Nov-Dec,,https://drive.google.com/uc?export=download&id=1q4YCYZfkedAdzVAGdfWmiQLrK1ebG0cA,,[S] | UPC 2272201102 | Exact (UPC/syllabus match)
B.A (Prog.) Economics as Major,Basic Mathematics for Economic Analysis,2022,Nov-Dec,,https://drive.google.com/uc?export=download&id=1f4kSlsEIuF3UzWiULcKjODvs6kRTmlHy,,[S] | UPC 2272201102 | Exact (UPC/syllabus match)
B.A (Prog.) Economics as Major,Basic Statistics for Economics,2025,May-June,,https://drive.google.com/uc?export=download&id=1tpQ8KAHsuvkkq21HbX267PZj-v7ySd_D,,[S] | UPC 2272201202 | Exact (UPC/syllabus match)
B.A (Prog.) Economics as Major ; B.A (Prog.) Economics as Minor ; B.A. (Hons.) Economics,Economics of Climate Change and Natural Resources,2024,Nov-Dec,,https://drive.google.com/uc?export=download&id=1FBOWmzU2vCZCo9alSocrEUrdpoBnVjyD,,[S] | UPC 2273102002 | Exact (UPC/syllabus match)
B.A (Prog.) Economics as Major ; B.A (Prog.) Economics as Minor ; B.A. (Hons.) Economics,Economy of Colonial India,2025,May-June,,https://drive.google.com/uc?export=download&id=1Iucx2rG4VOKjC07c4xHSFbM4H-uPbw7B,,[S] | UPC 2274000017 | Exact (UPC/syllabus match)
B.A (Prog.) Economics as Major ; B.A (Prog.) Economics as Minor ; B.A. (Hons.) Economics,Fiscal Policy and Public Finance in India,2023,Nov-Dec,,https://drive.google.com/uc?export=download&id=1rw5TAyttIzS-SmW1SAFPRPi5gSFIYnD9,,[S] | UPC 2273102003 | Exact (UPC/syllabus match)
B.A (Prog.) Economics as Major ; B.A (Prog.) Economics as Minor ; B.A. (Hons.) Economics,Fiscal Policy and Public Finance in India,2024,Nov-Dec,,https://drive.google.com/uc?export=download&id=1JKGk0U4yapOJnV0STZZzcfQ9Efds0DqY,,[S] | UPC 2273102003 | Exact (UPC/syllabus match)
B.A (Prog.) Economics as Major ; B.A (Prog.) Economics as Minor ; B.A. (Hons.) Economics,Fiscal Policy and Public Finance in India,2024,Nov-Dec,,https://drive.google.com/uc?export=download&id=1YIqKMs07hOJ9ecTU5CmIABO_EvGV-i-n,,[S] | UPC 2273102003 | Exact (UPC/syllabus match)
B.Com. (Hons.),Fundamentals of International Business,2025,May-June,,https://drive.google.com/uc?export=download&id=1J8cX6tE_E3a192az9ZuKiCaIuUlc0R1O,,[S] | UPC 2414002009 | Exact (UPC/syllabus match)
B.A. (Hons.) Economics,Game Theory and Strategic Interactions,2024,Nov-Dec,,https://drive.google.com/uc?export=download&id=1y-zyCu2d6VyVYfe9yd4pxaVMm7JE1iIS,,[S] | UPC 2272103501 | Exact (UPC/syllabus match)
B.A. (Hons.) Economics,Introductory Macroeconomics,2023,May-June,,https://drive.google.com/uc?export=download&id=1K82OijRFeuQthu1qcFJjbrCm01hkFnCQ,,[S] | UPC 2272101201 | Exact (UPC/syllabus match)
B.A (Prog.) Economics as Major ; B.A (Prog.) Economics as Minor,Intermediate Macroeconomics I: Foundations of Aggregate Income Determination,2025,May-June,,https://drive.google.com/uc?export=download&id=1-6SNEaJr8KZoFDjG4S36UhdfAeL60QB7,,[S] | UPC 2272202401 | Exact (UPC/syllabus match)
B.A. (Hons.) Economics,Intermediate Macroeconomics I: Foundations of Aggregate Income Determination,2023,Nov-Dec,,https://drive.google.com/uc?export=download&id=1_7plt6CUoESvM0ytOFlQ_7cgcLGusjTo,,[S] | UPC 2272102302 | Exact (UPC/syllabus match)
B.A (Prog.) Economics as Major,Intermediate Macroeconomics II: Policy Issues,2025,May-June,,https://drive.google.com/uc?export=download&id=1RoCV6fXn0Ng22CrZjlFMo2PbqO5UrYY-,,[S] | UPC 2272203602 | Exact (UPC/syllabus match)
B.A. (Hons.) Economics,Intermediate Mathematical Methods for Economics,2023,May-June,,https://drive.google.com/uc?export=download&id=1bIvQZBDo5Y64OE-6Ja8IQx1yGMD2lCdy,,[S] | UPC 2272101202 | Exact (UPC/syllabus match)
B.A (Prog.) Economics as Major ; B.A (Prog.) Economics as Minor,Intermediate Microeconomics I: Behavioural Foundations of Market Interactions / Intermediate Microeconomics I: Behavioural foundations of Market Interactions,2023,Nov-Dec,,https://drive.google.com/uc?export=download&id=1yQo2ZgiYh0OPkbjH0dxt3ZT08Rbiwn84,,[S] | UPC 2272202301 | Exact (UPC/syllabus match)
B.A. (Hons.) Economics,Intermediate Microeconomics I: Behavioural foundations of Market Interactions,2023,Nov-Dec,,https://drive.google.com/uc?export=download&id=1Q9Y_xZBh7Er5SNErg76dN9-fY0AMIdRg,,[S] | UPC 2272102301 | Exact (UPC/syllabus match)
B.A. (Hons.) Economics,Intermediate Statistics for Economics,2025,May-June,,https://drive.google.com/uc?export=download&id=1HiHzp4QDBPwDZxgRWGcPu3w5a07C-v-R,,[S] | UPC 2272101203 | Exact (UPC/syllabus match)
B.A. (Hons.) Economics,International Trade,2025,May-June,,https://drive.google.com/uc?export=download&id=17ByKkBknraYwvwm_oY464B33uuPOjOdV,,[S] | UPC 2272103601 | Exact (UPC/syllabus match)
B.A (Prog.) Economics as Major ; B.A (Prog.) Economics as Minor,Introductory Development Economics,2024,Nov-Dec,,https://drive.google.com/uc?export=download&id=1-auWXoQnJnVSmM6GFA95fwz9Yo3UmQxJ,,[S] | UPC 2272203501 | Exact (UPC/syllabus match)
B.A (Prog.) Economics as Major ; B.A (Prog.) Economics as Minor,Introductory Macroeconomics,2025,May-June,,https://drive.google.com/uc?export=download&id=1KOBFDGAzEqTiY5BktBbA1t5z4KXvzBbd,,[S] | UPC 2272201201 | Exact (UPC/syllabus match)
B.A. (Hons.) Economics,Introductory Mathematical Methods for Economics,2023,Nov-Dec,,https://drive.google.com/uc?export=download&id=1qmqMPLHFi49aMlfCyTRHV5SxcVbNoqE9,,[S] | UPC 2272101102 | Exact (UPC/syllabus match)
B.A. (Hons.) Economics,Introductory Mathematical Methods for Economics,2024,Nov-Dec,,https://drive.google.com/uc?export=download&id=1F1IS_AI1zmgAn-fPhoS8zJ-JmHRxBK0c,,[S] | UPC 2272101102 | Exact (UPC/syllabus match)
B.A. (Hons.) Economics,Introductory Microeconomics,2023,Nov-Dec,,https://drive.google.com/uc?export=download&id=1k6elQnhSCkrr2eWaUQ07SpFbdpHeyuA5,,[S] | UPC 2272101101 | Exact (UPC/syllabus match)
B.A (Prog.) Economics as Major ; B.A (Prog.) Economics as Minor,Introductory Microeconomics,2023,Nov-Dec,,https://drive.google.com/uc?export=download&id=1rcbDlxINRRyBI8jOpebmgFCQGT96ncpJ,,[S] | UPC 2272201101 | Exact (UPC/syllabus match)
B.A. (Hons.) Economics,Introductory Microeconomics,2024,Nov-Dec,,https://drive.google.com/uc?export=download&id=1BTwH4rIp3LpauT3kxoSW02zQ_6LENX5_,,[S] | UPC 2272101101 | Exact (UPC/syllabus match)
B.A. (Hons.) Economics,Introductory Microeconomics,2022,Nov-Dec,,https://drive.google.com/uc?export=download&id=16BPnHUs4NUG4ewafA38cIncvc1LC9y7K,,[S] | UPC 2272101101 | Exact (UPC/syllabus match)
B.A (Prog.) Economics as Major ; B.A (Prog.) Economics as Minor,Introductory Microeconomics,2022,Nov-Dec,,https://drive.google.com/uc?export=download&id=1uu59L0zvDvY-7BWdQNJfaMXPL24Gt0-y,,[S] | UPC 2272201101 | Exact (UPC/syllabus match)
B.A. (Hons.) Economics,Introductory Statistics for Economics,2024,Nov-Dec,,https://drive.google.com/uc?export=download&id=151t7lWTnDpsZF7en_47V_U5sO2QJ9Fz8,,[S] | UPC 2272101103 | Exact (UPC/syllabus match)
University-wide Skill Enhancement Course Pool,Personal Financial Planning,2024,Nov-Dec,,https://drive.google.com/uc?export=download&id=1enYYLdIwcrmImkOE0zAoZVZCoqQhBbib,,[S] | UPC 2416000004 | Exact (UPC/syllabus match)
B.A (Prog.) Economics as Major ; B.A (Prog.) Economics as Minor ; B.A. (Hons.) Business Economics (BBE) ; B.A. (Hons.) Economics,Principles of Macroeconomics / Principles of Macroeconomics I,2025,May-June,,https://drive.google.com/uc?export=download&id=15kTaJ1DU1j-aZhll03SJqg_DiOxlGZ1d,,[S] | UPC 2274001201 | Exact (UPC/syllabus match)
B.A (Prog.) Economics as Major ; B.A (Prog.) Economics as Minor ; B.A. (Hons.) Business Economics (BBE) ; B.A. (Hons.) Economics,Principles of Macroeconomics / Principles of Macroeconomics I,2025,May-June,,https://drive.google.com/uc?export=download&id=1Vgjjv4fJfAJ5Dk799GlEIE9VPos1rRla,,[S] | UPC 2274001201 | Exact (UPC/syllabus match)
B.A (Prog.) Economics as Major ; B.A (Prog.) Economics as Minor ; B.A. (Hons.) Business Economics (BBE) ; B.A. (Hons.) Economics,Principles of Macroeconomics / Principles of Macroeconomics I,2025,May-June,,https://drive.google.com/uc?export=download&id=1Vn_E9V0pv1jqpK1iFQJ-AKJnPIFVJ5Vb,,[S] | UPC 2274001201 | Exact (UPC/syllabus match)
B.A (Prog.) Economics as Major ; B.A (Prog.) Economics as Minor ; B.A. (Hons.) Economics,Principles of Macroeconomics II,2025,May-June,,https://drive.google.com/uc?export=download&id=1J_kcetRKU1PFLaa-WnXldQ5WJjjLkfRI,,[S] | UPC 2274000024 | Exact (UPC/syllabus match)
B.A (Prog.) Economics as Major ; B.A (Prog.) Economics as Minor ; B.A. (Hons.) Economics,Public Economics,2024,Nov-Dec,,https://drive.google.com/uc?export=download&id=1nbqiVc_tIGTrBTI8QeKt_Z9IAWR92fEW,,[S] | UPC 2273100015 | Exact (UPC/syllabus match)
B.A (Prog.) Economics as Major ; B.A (Prog.) Economics as Minor ; B.A. (Hons.) Economics,Public Finance in India,2025,May-June,,https://drive.google.com/uc?export=download&id=1JLBvfR6TcSy0KwNCcQb-jOu3ih3nKIph,,[S] | UPC 2274000020 | Exact (UPC/syllabus match)
B.A (Prog.) Economics as Major ; B.A (Prog.) Economics as Minor ; B.A. (Hons.) Economics,Research Methodology for Economics,2025,May-June,,https://drive.google.com/uc?export=download&id=1Sj4z0LgnYNfY_ayHm88rraDJTdm2Eplu,,[S] | UPC 2273100019 | Exact (UPC/syllabus match)
B.A (Prog.) Economics as Major ; B.A (Prog.) Economics as Minor ; B.A. (Hons.) Economics,Research Methodology for Economics,2025,May-June,,https://drive.google.com/uc?export=download&id=1O93wlBBx-7Mi5XNpnORU09cO4zz-EMJ9,,[S] | UPC 2273100019 | Exact (UPC/syllabus match)
B.A (Prog.) Economics as Major ; B.A (Prog.) Economics as Minor ; B.A. (Hons.) Economics,Sectoral Issue in Indian Economy,2025,May-June,,https://drive.google.com/uc?export=download&id=1b4S5nAzz6mrHzY5ibtwOG2RTFITGCTx1,,[S] | UPC 2274000015 | Exact (UPC/syllabus match)
B.A (Prog.) Economics as Major ; B.A (Prog.) Economics as Minor ; B.A. (Hons.) Business Economics (BBE) ; B.A. (Hons.) Economics,Principles of Macroeconomics / Principles of Macroeconomics I,2023,May-June,,https://drive.google.com/uc?export=download&id=17QDGW5PfUSCJ2yF2g0WUvOPkJG65tG96,,[S] | UPC 2274001201 | Exact (UPC/syllabus match)
B.A. (Hons.) Economics,Introductory Econometrics,2025,May-June,,https://drive.google.com/uc?export=download&id=1KpeUQQePCAjVT75Hyxrjx5vJxss-zmy8,,[S] | UPC 2272102403 | Exact (UPC/syllabus match)
B.Com (P) ; B.Com. (Hons.),E-Filing of Returns / E-Filling of Returns,2025,May-June,,https://drive.google.com/uc?export=download&id=1qFWEEgmhh2ishRdfpQNcav1Vy70JhH8q,,[S] | UPC 2414000034 | Exact (UPC/syllabus match)
B.A (Prog.) Economics as Major,Basic Statistics for Economics,2023,May-June,,https://drive.google.com/uc?export=download&id=1D2c2oSvJy2WoxAxgyx4sXfY5Zu_FM8YY,,[S] | UPC 2272201202 | Exact (UPC/syllabus match)
B.A. (Hons.) Economics,Indian Growth and Development,2025,May-June,,https://drive.google.com/uc?export=download&id=19CbVBO_LX8R_h_SVwB9-gWwbGEHoozID,,[S] | UPC 2272103603 | Exact (UPC/syllabus match)
B.A (Prog.) Economics as Major ; B.A (Prog.) Economics as Minor,Indian Growth and Development,2025,May-June,,https://drive.google.com/uc?export=download&id=1otDg8izcR5KrBfrxtKYRhLIuPtEI33dl,,[S] | UPC 2272203601 | Exact (UPC/syllabus match)
B.A (Prog.) Economics as Major,Optimization Methods for Economic Analysis,2023,Nov-Dec,,https://drive.google.com/uc?export=download&id=1jB6YlSvx2uIcLqiKQeDdLdVMnRxaHa_Y,,[S] | UPC 2272202302 | Exact (UPC/syllabus match)
B.A. (Hons.) Economics,Introductory Statistics for Economics,2023,Nov-Dec,,https://drive.google.com/uc?export=download&id=1zWhbPOE3J6VMnMwopwPBDSQkQvwJUR_D,,[S] | UPC 2272101103 | Exact (UPC/syllabus match)
B.A. (Hons.) Economics,Intermediate Microeconomics I: Behavioural foundations of Market Interactions,2024,Nov-Dec,,https://drive.google.com/uc?export=download&id=19jXEzw-l9EH_qWylY5_L07sxSTxurGV_,,[S] | UPC 2272102301 | Exact (UPC/syllabus match)
B.A. (Hons.) Economics,Intermediate Microeconomics I: Behavioural foundations of Market Interactions,2024,Nov-Dec,,https://drive.google.com/uc?export=download&id=1e6pDmFI4BSgkJcOlZCbCNLlBBl0rzEcQ,,[S] | UPC 2272102301 | Exact (UPC/syllabus match)
DEPARTMENT OF ECONOMICS,Introductory Macroeconomics,2025,May-June,,https://drive.google.com/uc?export=download&id=1cWs6SdoiZQVIpmK0FAbTrAASDmPc9a-N,,[S] | UPC 12275201 | Exact (ambiguous - verify)
DEPARTMENT OF ECONOMICS,Introductory Macroeconomics,2025,May-June,,https://drive.google.com/uc?export=download&id=1ovcW7uoW-Pq3uc23UcEiUKD-sArj0w8k,,[S] | UPC 12275201 | Exact (ambiguous - verify)
DEPARTMENT OF ECONOMICS,Principles Of Macroeconomics,2025,May-June,,https://drive.google.com/uc?export=download&id=19oGGVLSj2IqA4zp3-dlKTW6KfGbcgAr4,,[S] | UPC 62275604 | Exact (ambiguous - verify)
DEPARTMENT OF ECONOMICS,Introductory Macroeconomics,2022,May-June,,https://drive.google.com/uc?export=download&id=1kiiYet_EQLcnaiEiZYDM-oFQeSD20_f_,,[S] | UPC 12275201 | Exact (ambiguous - verify)
B.A (Prog.) Economics as Major,Basic Econometrics,2025,May-June,,https://drive.google.com/uc?export=download&id=1dEcdkF5aKPzbFoK1Fl6YeOOgkSFdfe3H,,[S] | UPC 2272202402 | High (verify recommended)
B.A. (Hons.) Business Economics (BBE),Development Economics,2023,May-June,,https://drive.google.com/uc?export=download&id=12E8cO_DxOtzwQn7L_0ZrIr7WWFg8mkGS,,[S] | UPC TBA | High (verify recommended)
B.A. (Hons.) Business Economics (BBE),Development Economics,2023,Nov-Dec,,https://drive.google.com/uc?export=download&id=1VHDzvnInu8utXwHkC9NPWViBCU7nH3rx,,[S] | UPC TBA | High (verify recommended)
B.A. (Hons.) Business Economics (BBE),Development Economics,2022,Nov-Dec,,https://drive.google.com/uc?export=download&id=1wdXB-OWQ-H0rLVeJpQEl2GtxQ81sqtmL,,[S] | UPC TBA | High (verify recommended)
B.A. (Hons.) Business Economics (BBE),Development Economics,2022,May-June,,https://drive.google.com/uc?export=download&id=1bDtoThyxbZTseLY_NNOkC1eAvqRe5dbb,,[S] | UPC TBA | High (verify recommended)
B.A. (Hons.) Business Economics (BBE),Development Economics,2024,Nov-Dec,,https://drive.google.com/uc?export=download&id=1DgZOKzN306o4lvzsdAN-_WU9x327fCT0,,[S] | UPC TBA | High (verify recommended)
B.A (Prog.) Economics as Major,Environmental Economics,2023,May-June,,https://drive.google.com/uc?export=download&id=1nUmAjt_2QBkLgzdEGwHTaAIyLhJJS2oL,,[S] | UPC 2273100010 | High (verify recommended)
B.A (Prog.) Economics as Major,Environmental Economics,2022,May-June,,https://drive.google.com/uc?export=download&id=1vaaab_ulnOtgOD2Xqd-Ci7Z93S5aw7ym,,[S] | UPC 2273100010 | High (verify recommended)
B.A. (Hons.) Business Economics (BBE),Public Finance,2023,May-June,,https://drive.google.com/uc?export=download&id=1YMtpfZyddKN_TEn7nYVP_mAjpahHMhog,,[S] | UPC 2923100010 | High (verify recommended)
B.A (Prog.) Economics as Major,Indian Economy,2025,May-June,,https://drive.google.com/uc?export=download&id=1UVpOEz8XKIz4hoSo-F5qbHce7gNydq8R,,[S] | UPC 2274001203 / 2274000013 | High (verify recommended)
B.A (Prog.) Economics as Major,Indian Economy,2023,May-June,,https://drive.google.com/uc?export=download&id=1KhQevMmLuicfxBQ9D5_B-8mpZWYoQkNE,,[S] | UPC 2274001203 / 2274000013 | High (verify recommended)
B.A (Prog.) Economics as Major,Indian Economy,2023,Nov-Dec,,https://drive.google.com/uc?export=download&id=1YTnf48pZr8svhHd0GZtfpsTUuC3VKR5l,,[S] | UPC 2274001203 / 2274000013 | High (verify recommended)
B.A (Prog.) Economics as Major,Indian Economy,2022,Nov-Dec,,https://drive.google.com/uc?export=download&id=1HKdL9pbgwq2H-YWfmbxAOPeuq4SM7CMa,,[S] | UPC 2274001203 / 2274000013 | High (verify recommended)
B.A (Prog.) Economics as Major,Indian Economy,2025,May-June,,https://drive.google.com/uc?export=download&id=1Dqrv8bJyEZqjCGNerIFMHu1N40ppJm7D,,[S] | UPC 2274001203 / 2274000013 | High (verify recommended)
B.A (Prog.) Economics as Major,Indian Economy,2025,May-June,,https://drive.google.com/uc?export=download&id=1LZ5nYm2Rcm1i671C6KND4f8ob1Sj9A9L,,[S] | UPC 2274001203 / 2274000013 | High (verify recommended)
B.A (Prog.) Economics as Major,Indian Economy,2022,Nov-Dec,,https://drive.google.com/uc?export=download&id=1ow9j8XdZAaXCmqfn9R7BFTRaqgFBgiLc,,[S] | UPC 2274001203 / 2274000013 | High (verify recommended)
B.A (Prog.) Economics as Major,Indian Economy,2022,May-June,,https://drive.google.com/uc?export=download&id=1Yw_rii8Ri__BpvRBXSSHUCin3WnR_rUA,,[S] | UPC 2274001203 / 2274000013 | High (verify recommended)
B.A (Prog.) Economics as Major,Indian Economy,2025,May-June,,https://drive.google.com/uc?export=download&id=1SDqzrjUOAyE-I70i-7PJHeqf6JKPDxWy,,[S] | UPC 2274001203 / 2274000013 | High (verify recommended)
B.A (Prog.) Economics as Major,Indian Economy,2025,May-June,,https://drive.google.com/uc?export=download&id=1nmKJSZT3jnAPurwysPmHL7YxWG7Wj1se,,[S] | UPC 2274001203 / 2274000013 | High (verify recommended)
B.A (Prog.) Economics as Major,Intermediate Macroeconomics II: Policy Issues,2025,May-June,,https://drive.google.com/uc?export=download&id=1h-vhII-DKVZ20b9uENgP02pupmYwyPMi,,[S] | UPC 2272203602 | High (verify recommended)
B.A. (Hons.) Economics,Intermediate Mathematical Methods for Economics,2025,May-June,,https://drive.google.com/uc?export=download&id=1XqgaosFVFdE-nGdt4peiuU57QTS2QqCT,,[S] | UPC 2272101202 | High (verify recommended)
B.A. (Hons.) Economics,International Trade,2023,Nov-Dec,,https://drive.google.com/uc?export=download&id=1GeIB01NQodNeoiQaNq7WUhJe3jnBclE0,,[S] | UPC 2272103601 | High (verify recommended)
B.A. (Hons.) Economics,Introductory Econometrics,2023,May-June,,https://drive.google.com/uc?export=download&id=1r7fvsk4u8eAN9xs4DFrYg-aVXi7H9fQP,,[S] | UPC 2272102403 | High (verify recommended)
B.A. (Hons.) Economics,Introductory Econometrics,2022,May-June,,https://drive.google.com/uc?export=download&id=19a4a4Slh7FhgKKqyhegVIU1c0i7lgDxW,,[S] | UPC 2272102403 | High (verify recommended)
B.A (Prog.) Economics as Major,Introductory Macroeconomics,2023,May-June,,https://drive.google.com/uc?export=download&id=1CwhLAmgEejPkQBNK19M-EXUiL6TmjzVr,,[S] | UPC 2272201201 | High (verify recommended)
B.A (Prog.) Economics as Major,Introductory Macroeconomics,2023,May-June,,https://drive.google.com/uc?export=download&id=1Vpfv8MNu1kFQpOQ2ajnrIK-CWr_iEL6P,,[S] | UPC 2272201201 | High (verify recommended)
B.A (Prog.) Economics as Major,Introductory Macroeconomics,2023,May-June,,https://drive.google.com/uc?export=download&id=1y81Czaffif5r4W09bok3A16X7HrWDxBF,,[S] | UPC 2272201201 | High (verify recommended)
B.A (Prog.) Economics as Major,Introductory Macroeconomics,2022,May-June,,https://drive.google.com/uc?export=download&id=10UA2n8zoA6K0-j2RcWLfbpdDn3sG_k6u,,[S] | UPC 2272201201 | High (verify recommended)
B.A (Prog.) Economics as Major,Introductory Macroeconomics,2022,May-June,,https://drive.google.com/uc?export=download&id=1Pfz2cppBFyLu7S1C-O_2R3ABLG_vJ62-,,[S] | UPC 2272201201 | High (verify recommended)
B.A (Prog.) Economics as Major,Introductory Microeconomics,2023,Nov-Dec,,https://drive.google.com/uc?export=download&id=1bzJku9LrroIsjMZFa9pF2PeISGNDK-0U,,[S] | UPC 2272201101 | High (verify recommended)
B.A (Prog.) Economics as Major,Introductory Microeconomics,2022,Nov-Dec,,https://drive.google.com/uc?export=download&id=1OzQsJNsS0Jr7JRIt9_KLKCgCrBdLxaF4,,[S] | UPC 2272201101 | High (verify recommended)
B.A (Prog.) Economics as Major,Money and Banking,2022,Nov-Dec,,https://drive.google.com/uc?export=download&id=1iY6w_Zs5u5WzOyJYyellEqMiGZ4VpO7C,,[S] | UPC 2274002005 | High (verify recommended)
B.A (Prog.) Economics as Major,Money and Financial Markets,2023,May-June,,https://drive.google.com/uc?export=download&id=1YUeCcL8qCFk4wfm3Sdq9rw4n4sdom8TZ,,[S] | UPC 2273102006 | High (verify recommended)
B.A (Prog.) Economics as Major,Money and Banking,2023,Nov-Dec,,https://drive.google.com/uc?export=download&id=1UPLNFxh-nlmmEza6RvZF5Ns0TfZJB0u0,,[S] | UPC 2274002005 | High (verify recommended)
B.A (Prog.) Economics as Major,Money and Banking,2023,Nov-Dec,,https://drive.google.com/uc?export=download&id=1qjtcvHK5benQG4pSCIKc1iViHjdDGR0U,,[S] | UPC 2274002005 | High (verify recommended)
B.A (Prog.) Economics as Major,Money and Banking,2024,Nov-Dec,,https://drive.google.com/uc?export=download&id=1SskDFPVH7csSyUQfbc2MFrjivngc3--e,,[S] | UPC 2274002005 | High (verify recommended)
B.A (Prog.) Economics as Major,Principles of Macroeconomics II,2022,May-June,,https://drive.google.com/uc?export=download&id=1znqadW1yNy-uA5LQ1Gu5SCOAePXRsHZc,,[S] | UPC 2274000024 | High (verify recommended)
B.A (Prog.) Economics as Major,Principles of Macroeconomics I,2023,May-June,,https://drive.google.com/uc?export=download&id=1Hb-6S_cYbGRbGY-WDoHC4z69yEd14JsN,,[S] | UPC 2274001201 | High (verify recommended)
B.A (Prog.) Economics as Major,Principles of Macroeconomics I,2023,May-June,,https://drive.google.com/uc?export=download&id=1If6XC6vJG8vhiE4A9FnO09eYeUc_hCaZ,,[S] | UPC 2274001201 | High (verify recommended)
B.A. (Hons.) Business Economics (BBE),Principles of Macroeconomics,2023,Nov-Dec,,https://drive.google.com/uc?export=download&id=1Z1lyL2vkUOxxEBoB88DI7qmKPamffJWp,,[S] | UPC 2274001201 | High (verify recommended)
B.A. (Hons.) Business Economics (BBE),Principles of Macroeconomics,2023,May-June,,https://drive.google.com/uc?export=download&id=15qAFfI53Qi2viyBcQluX1j9AT2gTx7TX,,[S] | UPC 2274001201 | High (verify recommended)
B.A (Prog.) Economics as Major,Principles of Microeconomics I,2023,May-June,,https://drive.google.com/uc?export=download&id=1o8KEzAbRo9F3oGcB_w-5UAPof360q_RE,,[S] | UPC 2274002001 | High (verify recommended)
B.A. (Hons.) Business Economics (BBE),Principles of Microeconomics,2022,Nov-Dec,,https://drive.google.com/uc?export=download&id=1AkK0xS8zoNxKw-KzjYxhZFpX5WOmOjGz,,[S] | UPC TBA | High (verify recommended)
B.A. (Hons.) Business Economics (BBE),Principles of Microeconomics,2023,Nov-Dec,,https://drive.google.com/uc?export=download&id=1Bay7s4kIpaut9IIHvfv0xzxj0t4rZhnL,,[S] | UPC TBA | High (verify recommended)
B.A. (Hons.) Business Economics (BBE),Principles of Microeconomics,2022,May-June,,https://drive.google.com/uc?export=download&id=1AU8QW2no1Qfv0HuDD-yorcA3u0iHcTrB,,[S] | UPC TBA | High (verify recommended)
B.A. (Hons.) Business Economics (BBE),Principles of Microeconomics,2022,Nov-Dec,,https://drive.google.com/uc?export=download&id=1lgbf6-gThLSXIVD5cJQeRRF1yLglwqH-,,[S] | UPC TBA | High (verify recommended)
B.A (Prog.) Economics as Major,Principles of Microeconomics I,2023,Nov-Dec,,https://drive.google.com/uc?export=download&id=1TkHwGXhVS7emWuvKdbqHXqhc-I-2nnXJ,,[S] | UPC 2274002001 | High (verify recommended)
B.A (Prog.) Economics as Major,Principles of Microeconomics I,2023,May-June,,https://drive.google.com/uc?export=download&id=16sx5ed7-FKIkFJCW8LLWbGSQ-UVKZX8A,,[S] | UPC 2274002001 | High (verify recommended)
B.A. (Hons.) Business Economics (BBE),Principles of Microeconomics,2024,Nov-Dec,,https://drive.google.com/uc?export=download&id=1ZoWSzLlwGHxDLtd4RWWDijDHVrfuICbT,,[S] | UPC TBA | High (verify recommended)
B.A (Prog.) Economics as Major,Public Economics,2023,Nov-Dec,,https://drive.google.com/uc?export=download&id=1YWWM69kyIo7m1SQ2YWFI4pJwKWQ2qJhH,,[S] | UPC 2273100015 | High (verify recommended)
B.A (Prog.) Economics as Major,Public Economics,2022,Nov-Dec,,https://drive.google.com/uc?export=download&id=1068CdGf87ENm_Mcs1dKASUKfdw4hpTVK,,[S] | UPC 2273100015 | High (verify recommended)
B.A. (Hons.) Business Economics (BBE),Public Finance,2022,May-June,,https://drive.google.com/uc?export=download&id=12RJei4qX0JKEPfpOuU9nCo8Ie7ZyC5jY,,[S] | UPC 2923100010 | High (verify recommended)
B.A. (Hons.) Business Economics (BBE),Public Finance,2025,May-June,,https://drive.google.com/uc?export=download&id=1DxJA3v23-DW7UERQuH07QPJRx3Yc_2vh,,[S] | UPC 2923100010 | High (verify recommended)
B.A. (Hons.) Business Economics (BBE),Research Methodology,2023,May-June,,https://drive.google.com/uc?export=download&id=15dhQU0yPdsM4liwxmAn3-lSh6fJYbySh,,[S] | UPC 2923100015 | High (verify recommended)
B.A. (Hons.) Business Economics (BBE),Research Methodology,2023,May-June,,https://drive.google.com/uc?export=download&id=1rhAiDIOGoczl_KgxVSLNhSp1SFmvEzI2,,[S] | UPC 2923100015 | High (verify recommended)
B.A. (Hons.) Business Economics (BBE),Research Methodology,2022,May-June,,https://drive.google.com/uc?export=download&id=1ZxLFtnAZcllbe4tT0y5kx5Jr-VCLaj5L,,[S] | UPC 2923100015 | High (verify recommended)
B.A. (Hons.) Business Economics (BBE),Principles of Macroeconomics,2022,May-June,,https://drive.google.com/uc?export=download&id=1lys5fW6PWcc5k0EfghBkLPLSa21mZHms,,[S] | UPC 2274001201 | High (verify recommended)
B.A (Prog.) Economics as Major,Money and Financial Markets,2022,May-June,,https://drive.google.com/uc?export=download&id=1VwELOIPWiY62HVVhOKaFtwgLapsAMOwi,,[S] | UPC 2273102006 | Medium (verify required)
B.A. (Hons.) Economics,Economic Development and Policy in India,2022,May-June,,https://drive.google.com/uc?export=download&id=1WDEOxHPaFFSgcumh6pe9h2tJ5KKt9z6z,,[S] | UPC TBA | Medium (verify required)
B.A (Prog.) Economics as Major,Development Theory and Experience,2025,May-June,,https://drive.google.com/uc?export=download&id=1vbgkD4P6mOmyHyU9IexZo7-gaTyf8Bdi,,[S] | UPC 2272204801 | Medium (verify required)
B.A. (Hons.) Economics,Economic Development and Policy in India,2023,Nov-Dec,,https://drive.google.com/uc?export=download&id=12qb1f1jTPfKDrUBBtKj2bc4Pug--0lSa,,[S] | UPC TBA | Medium (verify required)
B.A. (Hons.) Economics,Economic Development and Policy in India,2022,Nov-Dec,,https://drive.google.com/uc?export=download&id=1JCcrU_xOO7z88GALWWYxtJeC9pI_cp6x,,[S] | UPC TBA | Medium (verify required)
B.A. (Hons.) Economics,Economic Development and Policy in India,2025,May-June,,https://drive.google.com/uc?export=download&id=1jMoP56XsPFrHJYbSACJievLhefZvaWIt,,[S] | UPC TBA | Medium (verify required)
B.A (Prog.) Economics as Major,Indian Economy,2022,May-June,,https://drive.google.com/uc?export=download&id=1euXTMHVD3NwvH3p_6lwb9zibaVQjT2sX,,[S] | UPC 2274001203 / 2274000013 | Medium (verify required)
B.A (Prog.) Economics as Major,Indian Economy,2023,Nov-Dec,,https://drive.google.com/uc?export=download&id=1sUerTsm-YpoROcU40i0-8S4vK0j6s-oB,,[S] | UPC 2274001203 / 2274000013 | Medium (verify required)
B.A. (Hons.) Economics,Intermediate Statistics for Economics,2023,Nov-Dec,,https://drive.google.com/uc?export=download&id=1gZQDrIQhCUQvEgUb7d3VewojsG7rtFMN,,[S] | UPC 2272101203 | Medium (verify required)
B.A. (Hons.) Economics,Intermediate Statistics for Economics,2023,Nov-Dec,,https://drive.google.com/uc?export=download&id=1vR0JPqd1vOFmHRlUs7QHKRFVvb-egXbd,,[S] | UPC 2272101203 | Medium (verify required)
B.A. (Hons.) Economics,Intermediate Statistics for Economics,2025,May-June,,https://drive.google.com/uc?export=download&id=1LDAMu9FqhWzjZvq3t7RMrs9-yu4xtlTv,,[S] | UPC 2272101203 | Medium (verify required)
B.A. (Hons.) Economics,Intermediate Statistics for Economics,2024,Nov-Dec,,https://drive.google.com/uc?export=download&id=1APeV4Y1Q9R7kL73jTzyQc60ACEkl4Ri8,,[S] | UPC 2272101203 | Medium (verify required)
B.A. (Hons.) Economics,Advanced Mathematical Methods for Economics,2023,May-June,,https://drive.google.com/uc?export=download&id=129U7EIU0OW0TmxmQ-soBJAn3VOITveb0,,[S] | UPC 2272102303 | Medium (verify required)
B.A. (Hons.) Economics,Advanced Mathematical Methods for Economics,2022,May-June,,https://drive.google.com/uc?export=download&id=1wi2hy5GWMSFUz2UTt-MZDZpKbgsW9_UO,,[S] | UPC 2272102303 | Medium (verify required)
B.A. (Hons.) Business Economics (BBE),Principles of Macroeconomics,2025,May-June,,https://drive.google.com/uc?export=download&id=17bhon-wM_ozBIyUIeQcV886tZQ6hhkxp,,[S] | UPC 2274001201 | Medium (verify required)
B.A (Prog.) Economics as Major,Forecasting Methods for Economics,2023,Nov-Dec,,https://drive.google.com/uc?export=download&id=19Ab5CPMWxLlIm6veUGntW8XGw2OR8N6-,,[S] | UPC 2273100024 | Medium (verify required)
Economics,Economics,,Not Specified,,https://drive.google.com/uc?export=download&id=1HI53JTSU2MI3OhelTJvom8fJF2PdIrPc,,[S] | Unmatched (manual mapping needed)
Economics,Economics,,Not Specified,,https://drive.google.com/uc?export=download&id=162HtIwCNUh33TxKIPzPHafGT-unZXz-g,,[S] | Unmatched (manual mapping needed)
Economics,Economics,,Not Specified,,https://drive.google.com/uc?export=download&id=1BkYbFp7QBN6vxzzIDPxEzxXE3i204Kmq,,[S] | Unmatched (manual mapping needed)
Economics,Economics,,Not Specified,,https://drive.google.com/uc?export=download&id=14RV3To1pTgdpZhMeH1BWia6bcPW3A49g,,[S] | Unmatched (manual mapping needed)
Economics,Economics,,Not Specified,,https://drive.google.com/uc?export=download&id=1Hp5ouLuHN8s-sUa3HOxoguENhFBU4Zaj,,[S] | Unmatched (manual mapping needed)
Economics,Economics,2022,May-June,,https://drive.google.com/uc?export=download&id=1u7PkB9CXTooiQKpSu7d_49ycQ1yrTGMn,,[S] | Unmatched (manual mapping needed)
Economics,Economics,2023,May-June,,https://drive.google.com/uc?export=download&id=1mnhYHvARVWZbB434uHtC6tdEIBUgtRBI,,[S] | Unmatched (manual mapping needed)
DEPARTMENT OF ENGLISH,Digital Communication-I,2022,Nov-Dec,,https://drive.google.com/uc?export=download&id=1wG05fWpYSKkPzmHo-t8MS4n6AhfbYiBC,,[S] | UPC 2035001002 | Exact (Question Bank code match)
DEPARTMENT OF ENGLISH,"Modes Of Creative Writing: Poetry, Fiction And Drama",2023,Nov-Dec,,https://drive.google.com/uc?export=download&id=1zLQudyBx6KtVPyUDtOYCbuDVTv-b_rDq,,[S] | UPC 12033914 | Exact (Question Bank code match)
DEPARTMENT OF ENGLISH,Academic Writing And Composition,2023,Nov-Dec,,https://drive.google.com/uc?export=download&id=1gs8BtBrKH1mU0XjqBrY7MYl4cGoM4RdE,,[S] | UPC 62035918 | Exact (Question Bank code match)
DEPARTMENT OF ENGLISH,Academic Writing And Composition,2022,Nov-Dec,,https://drive.google.com/uc?export=download&id=1jBNYVvKK2BRPBdtbxko4toY0tyGVw01J,,[S] | UPC 62035918 | Exact (Question Bank code match)
DEPARTMENT OF ENGLISH,British Literature: 18Th Century,2022,May-June,,https://drive.google.com/uc?export=download&id=1INWa4Bjtrqo323r3mqFlhrfeGmyOURc7,,[S] | UPC 12031401 | Exact (Question Bank code match)
DEPARTMENT OF ENGLISH,Digital Communication-Ii,2023,Nov-Dec,,https://drive.google.com/uc?export=download&id=1XeAnmlhS-fMH3cR39p_y9qdcS2gktEfm,,[S] | UPC 2035002002 | Exact (Question Bank code match)
DEPARTMENT OF ENGLISH,Digital Communication-I,2023,Nov-Dec,,https://drive.google.com/uc?export=download&id=1M2UA7EgN7CLOKkYiulXCfy6JHsLrLj_E,,[S] | UPC 2035001002 | Exact (Question Bank code match)
DEPARTMENT OF ENGLISH,Digital Communication-I,2024,Nov-Dec,,https://drive.google.com/uc?export=download&id=1aSSdUgtrsZAn9a-71xECnVEx4LlXLUJZ,,[S] | UPC 2035001002 | Exact (Question Bank code match)
AECC,English A,2024,May-June,,https://drive.google.com/uc?export=download&id=1-1HZWj4EOZuOeDsucH8f-b-z85Bf2FvS,,[S] | UPC 72032801 | Exact (Question Bank code match)
AECC,English A,2022,May-June,,https://drive.google.com/uc?export=download&id=1GuzgKcEKQnFyOF_Eelii-S6gRHhTvzmP,,[S] | UPC 72032801 | Exact (Question Bank code match)
AECC,English A,2023,Nov-Dec,,https://drive.google.com/uc?export=download&id=1Q5NuVTHRsKKolOvI9WDmqyRAiQqk_8bb,,[S] | UPC 72032801 | Exact (Question Bank code match)
AECC,English A,2025,May-June,,https://drive.google.com/uc?export=download&id=1T8TtwkZpGn4eXydjA1B_JlBQwW1rNHRd,,[S] | UPC 72032801 | Exact (Question Bank code match)
AECC,English A,2025,May-June,,https://drive.google.com/uc?export=download&id=1cScLEFWSNGWkVL64870LHDrqA_aqlvJG,,[S] | UPC 72032801 | Exact (Question Bank code match)
DEPARTMENT OF ENGLISH,English Fluency,2024,Nov-Dec,,https://drive.google.com/uc?export=download&id=191wFTCrkwRCvBly_Ltm6BxykUpkQDhoq,,[S] | UPC 62031902 | Exact (Question Bank code match)
DEPARTMENT OF ENGLISH,English Fluency,2024,May-June,,https://drive.google.com/uc?export=download&id=1mMsIUG9jB0bF2ayCXs6yNzhZSbHL2Rsc,,[S] | UPC 62031902 | Exact (Question Bank code match)
DEPARTMENT OF ENGLISH,English Fluency,2023,May-June,,https://drive.google.com/uc?export=download&id=1FXLPO5snTaS4KxoyZmOm872Ve1OhWup9,,[S] | UPC 62031902 | Exact (Question Bank code match)
DEPARTMENT OF ENGLISH,English Fluency,2023,Nov-Dec,,https://drive.google.com/uc?export=download&id=18OuLXLm2Pi1VfIN0AcSiMhNC-wnyuY3d,,[S] | UPC 62031106 | Exact (Question Bank code match)
DEPARTMENT OF ENGLISH,Fluency In English,2022,May-June,,https://drive.google.com/uc?export=download&id=1TyAbAOSQu6bsdT3x7pJ_HqchmhKR9w_L,,[S] | UPC 52031902 | Exact (Question Bank code match)
DEPARTMENT OF ENGLISH,English Fluency,2022,May-June,,https://drive.google.com/uc?export=download&id=1qlFx9zFEO8ZzSOpE3KYPYqA6TijLNRwg,,[S] | UPC 62031902 | Exact (Question Bank code match)
DEPARTMENT OF ENGLISH,Film Studies,2022,Nov-Dec,,https://drive.google.com/uc?export=download&id=1E899KYXWTHb1ElXs2oxqr10MHRnM5dmJ,,[S] | UPC 12033915 | Exact (Question Bank code match)
DEPARTMENT OF ENGLISH,English Language Teaching,2023,Nov-Dec,,https://drive.google.com/uc?export=download&id=1UObDtQ8q0FOsmaw_g7ks6HtvK9P-74Vw,,[S] | UPC 12033902 | Exact (Question Bank code match)
DEPARTMENT OF ENGLISH,English Language Teaching,2022,Nov-Dec,,https://drive.google.com/uc?export=download&id=1RT8iWgK3SPkdW5J7TOCeKjPTVJPSN5rK,,[S] | UPC 12033902 | Exact (Question Bank code match)
DEPARTMENT OF ENGLISH,English Language Teaching,2022,Nov-Dec,,https://drive.google.com/uc?export=download&id=1TZGVQPrsE8XdEat--Y5_A32D-Fmy8Fqi,,[S] | UPC 12033902 | Exact (Question Bank code match)
DEPARTMENT OF ENGLISH,English Language Through Literature,2023,Nov-Dec,,https://drive.google.com/uc?export=download&id=1z6VUfBaQTRd69Ob_Qg45_8k6X2aIM1QS,,[S] | UPC 62031105 | Exact (Question Bank code match)
DEPARTMENT OF ENGLISH,English Language Through Literature,2025,May-June,,https://drive.google.com/uc?export=download&id=1OWg5pgyzJ1rYXh6hWwt7UmNwTMdX8hQ0,,[S] | UPC 2035002001 | Exact (Question Bank code match)
DEPARTMENT OF ENGLISH,English Language Through Literature,2025,May-June,,https://drive.google.com/uc?export=download&id=1wlAX2vYWTz_BPLGiRWZypfgu4ufTrAk0,,[S] | UPC 2035002001 | Exact (Question Bank code match)
DEPARTMENT OF ENGLISH,English Language Through Literature-I,2024,Nov-Dec,,https://drive.google.com/uc?export=download&id=1MZ3fM-Ymjsorh1oMXoDvnKFvWBUi3m40,,[S] | UPC 2035001004 | Exact (Question Bank code match)
DEPARTMENT OF ENGLISH,English Language Through Literature,2024,Nov-Dec,,https://drive.google.com/uc?export=download&id=1fXDYqJLDPW6J6MKLD-aiPR6xX7-xYuRc,,[S] | UPC 62031901 | Exact (Question Bank code match)
DEPARTMENT OF ENGLISH,English Language Through Literature,2025,May-June,,https://drive.google.com/uc?export=download&id=1Q3HNsjW9oSUVsPjD5E5sG7DfmxxVVNYv,,[S] | UPC 62031901 | Exact (Question Bank code match)
DEPARTMENT OF ENGLISH,English Language Through Literature,2025,May-June,,https://drive.google.com/uc?export=download&id=1d1_vcTR5actPnu6FnPtDezm7dTGTjB-Z,,[S] | UPC 62031901 | Exact (Question Bank code match)
DEPARTMENT OF ENGLISH,English Language Through Literature,2023,May-June,,https://drive.google.com/uc?export=download&id=1jbN5rH39kd9e3RH3xu52U_AzOsjwmCtx,,[S] | UPC 62031901 | Exact (Question Bank code match)
DEPARTMENT OF ENGLISH,English Proficiency,2024,Nov-Dec,,https://drive.google.com/uc?export=download&id=1Lidymd3DNUPWs4eBktQtEMohC1PpVFSM,,[S] | UPC 62031903 | Exact (Question Bank code match)
DEPARTMENT OF ENGLISH,English Proficiency,2022,May-June,,https://drive.google.com/uc?export=download&id=1G5gytQDq998pwxX-7QRyam21_BVq6wgI,,[S] | UPC 62031903 | Exact (Question Bank code match)
AECC,English A,2022,May-June,,https://drive.google.com/uc?export=download&id=1xbUQ_ktHo_YFx6ziRS77hOtvMqaaSllJ,,[S] | UPC 72032801 | Exact (Question Bank code match)
AECC,English C,2025,May-June,,https://drive.google.com/uc?export=download&id=1BtuPWNhayT2hdf2XRyo9wmIVaf6dnRiW,,[S] | UPC 72032806 | Exact (Question Bank code match)
AECC,English B,2025,May-June,,https://drive.google.com/uc?export=download&id=1R4ALYkVtQmsaA9YILYX904YZy1qCBFQw,,[S] | UPC 72032805 | Exact (Question Bank code match)
DEPARTMENT OF ENGLISH,Film Studies,2023,Nov-Dec,,https://drive.google.com/uc?export=download&id=1VpT8LnI0hcTUCJlqrzXAPBj2AmbjHmmH,,[S] | UPC 12033915 | Exact (Question Bank code match)
DEPARTMENT OF ENGLISH,Film Studies,2023,Nov-Dec,,https://drive.google.com/uc?export=download&id=1ac-qsT2VgXEy74HGo4BqOuYDT4V6JR2O,,[S] | UPC 12033915 | Exact (Question Bank code match)
DEPARTMENT OF ENGLISH,Fluency In English,2023,May-June,,https://drive.google.com/uc?export=download&id=1cp5PCgbQ-uZ7tDlQZ9Z5fTrOUyBYuEV7,,[S] | UPC 52031902 | Exact (Question Bank code match)
DEPARTMENT OF ENGLISH,Media And Communication Skills,2024,May-June,,https://drive.google.com/uc?export=download&id=1aoeBIqEZwasaEnOLWLyra6hLrTMgcal_,,[S] | UPC 12035902 | Exact (Question Bank code match)
DEPARTMENT OF ENGLISH,"Literary Cross Currents, Selections From Living Literatures: An Anthology Of Prose And Poetry",2024,May-June,,https://drive.google.com/uc?export=download&id=1kZinUyrzDAt41Jlau8JZty9cJp2_0zpr,,[S] | UPC 62034401 | Exact (Question Bank code match)
DEPARTMENT OF ENGLISH,"Literary Cross Currents, Selections From Living Literatures: An Anthology Of Prose And Poetry",2023,May-June,,https://drive.google.com/uc?export=download&id=1ZEpx1sMUfdSVCQX-YMhuBTpErhiYcRnp,,[S] | UPC 62034401 | Exact (Question Bank code match)
DEPARTMENT OF ENGLISH,"Literary Cross Currents, Selections From Living Literatures: An Anthology Of Prose And Poetry",2023,May-June,,https://drive.google.com/uc?export=download&id=1yrx5zFGjmXIhEwgRtkMixKK_KWl0uNsj,,[S] | UPC 62034401 | Exact (Question Bank code match)
DEPARTMENT OF ENGLISH,"Literary Cross Currents, Selections From Living Literatures: An Anthology Of Prose And Poetry",2022,May-June,,https://drive.google.com/uc?export=download&id=1YGaAEMGj-1WvCUNY3BiST9fxS6x42GWN,,[S] | UPC 62034401 | Exact (Question Bank code match)
DEPARTMENT OF ENGLISH,"Literary Cross Currents, Selections From Living Literatures: An Anthology Of Prose And Poetry",2025,May-June,,https://drive.google.com/uc?export=download&id=18VYeB3FPG8mYuinaAO7uhF5Nw32IOc3Q,,[S] | UPC 62034401 | Exact (Question Bank code match)
DEPARTMENT OF ENGLISH,"Literary Cross Currents, Selections From Living Literatures: An Anthology Of Prose And Poetry",2025,May-June,,https://drive.google.com/uc?export=download&id=1dblTsve8ShFZxoKnAG_PLcDcNL0xx3iC,,[S] | UPC 62034401 | Exact (Question Bank code match)
DEPARTMENT OF ENGLISH,"Modes Of Creative Writing: Poetry, Fiction And Drama",2023,May-June,,https://drive.google.com/uc?export=download&id=1zbgRc4-wpTDYiEb7tKEqFBrs6DI-PJkw,,[S] | UPC 12033914 | Exact (Question Bank code match)
DEPARTMENT OF ENGLISH,Readings On Indian Diversities And Literary Movements,2022,Nov-Dec,,https://drive.google.com/uc?export=download&id=1YaMoo6tbRjDKwVEz6pwzdcZ8Y7aI7Pvq,,[S] | UPC 12035908 | Exact (Question Bank code match)
DEPARTMENT OF ENGLISH,Analytical Reading And Writing,2023,May-June,,https://drive.google.com/uc?export=download&id=1TR3-rlp4wQ9oPGr4BlFFspblLjLLY2Bj,,[S] | UPC 12033908 | Exact (Question Bank code match)
DEPARTMENT OF ENGLISH,Translation Studies,2022,May-June,,https://drive.google.com/uc?export=download&id=1iEpjUHdHMEJlMdU92hwZtxSiQ3P_CwvK,,[S] | UPC 12033904 | Exact (Question Bank code match)
DEPARTMENT OF ENGLISH,Translation Studies,2023,May-June,,https://drive.google.com/uc?export=download&id=1KXLhjh3e4cPRe8V-LMkh5jSlOM_fu9p_,,[S] | UPC 12033904 | Exact (Question Bank code match)
RAMANUJAN COLLEGE,Selections (Poems And Short Stories) From Modern Indian Literature,2023,May-June,,https://drive.google.com/uc?export=download&id=1Q9rvtSj0wbXaet3010lNHMeAVTW5ukvw,,[S] | UPC 62031201 | Exact (Question Bank code match)
RAMANUJAN COLLEGE,Selections (Poems And Short Stories) From Modern Indian Literature,2023,May-June,,https://drive.google.com/uc?export=download&id=1yYdWSBfhTYPCfcQbOyXbN2AixuP17nD2,,[S] | UPC 62031201 | Exact (Question Bank code match)
RAMANUJAN COLLEGE,Selections (Poems And Short Stories) From Modern Indian Literature,2022,May-June,,https://drive.google.com/uc?export=download&id=1HvdDB4Ot_9f33zzWHB4hwFq3nnEQLGNx,,[S] | UPC 62031201 | Exact (Question Bank code match)
RAMANUJAN COLLEGE,Selections (Poems And Short Stories) From Modern Indian Literature,2022,May-June,,https://drive.google.com/uc?export=download&id=1UmY1P_VQydm_AUpM-jbP7yoDjuZR863x,,[S] | UPC 62031201 | Exact (Question Bank code match)
RAMANUJAN COLLEGE,Selections (Poems And Short Stories) From Modern Indian Literature,2022,May-June,,https://drive.google.com/uc?export=download&id=1d2mwIOtM70P0zoXQ3wEq9BA-ah5dpRVA,,[S] | UPC 62031201 | Exact (Question Bank code match)
RAMANUJAN COLLEGE,Selections (Poems And Short Stories) From Modern Indian Literature,2025,May-June,,https://drive.google.com/uc?export=download&id=10Rd0X_KZO6y5OaG-gXJSih8iKZgYIdGU,,[S] | UPC 62031201 | Exact (Question Bank code match)
RAMANUJAN COLLEGE,Selections (Poems And Short Stories) From Modern Indian Literature,2024,May-June,,https://drive.google.com/uc?export=download&id=1OCmVVL56xrW-oLwZLU77XEvZ5QWalQoX,,[S] | UPC 62031201 | Exact (Question Bank code match)
DEPARTMENT OF ENGLISH,Translation Studies,2024,May-June,,https://drive.google.com/uc?export=download&id=1DxkoMNRLAdM3TUzh6y95MoKI-cxia_Ja,,[S] | UPC 12033904 | Exact (Question Bank code match)
DEPARTMENT OF ENGLISH,Partition Literature,2024,May-June,,https://drive.google.com/uc?export=download&id=1A5BV-3bRAWbO2dQZ7aTHnqVR3Jc-r04L,,[S] | UPC 12037610 | Exact (Question Bank code match)
DEPARTMENT OF ENGLISH,Readings On Indian Diversities And Literary Movements,2024,May-June,,https://drive.google.com/uc?export=download&id=1wIrE-XD2IBba_BnAdOKYmhzY1cvQwibf,,[S] | UPC 62035924 | Exact (Question Bank code match)
DEPARTMENT OF ENGLISH,Indian English Literatures,2024,May-June,,https://drive.google.com/uc?export=download&id=1Cmxhgg2wHPTmPprYvwoDMhEQzk7KFbxf,,[S] | UPC 12035911 | Exact (Question Bank code match)
DEPARTMENT OF ENGLISH,Digital Communication-Ii,2024,May-June,,https://drive.google.com/uc?export=download&id=1sD3V9vXDXA4aLaBAbJa6D_hL9OQrzAPm,,[S] | UPC 2035002002 | Exact (Question Bank code match)
AECC,English A,2022,Nov-Dec,,https://drive.google.com/uc?export=download&id=1AusM0HKFsv3fLPqxfv7pZMhx_xmK4jwn,,[S] | UPC 72032801 | Exact (Question Bank code match)
DEPARTMENT OF ENGLISH,English Language Through Literature,2022,May-June,,https://drive.google.com/uc?export=download&id=14s8MVUObYicBBfua__K78xCL2HGHLQaq,,[S] | UPC 62031901 | Exact (Question Bank code match)
B. A. (Hons) English,14th to 17th Century English Poetry,2023,May-June,,https://drive.google.com/uc?export=download&id=1mi3QbWivg8jiEoWr7CybKOYeYwX8F70F,,[S] | UPC 2032101201 | Exact (UPC/syllabus match)
B. A. (Prog) English,16th & 17th Century English Drama,2023,May-June,,https://drive.google.com/uc?export=download&id=1d0N4ibHPDYFBgZF1NbCKfpoJf7fPIHSS,,[S] | UPC 2032201201 | Exact (UPC/syllabus match)
B. A. (Hons) English,16th and 17th Century English Drama,2023,May-June,,https://drive.google.com/uc?export=download&id=1V7JHuvHXhd32-c0EV-xPtdUahrlFbDWU,,[S] | UPC 2032101202 | Exact (UPC/syllabus match)
B. A. (Prog) English,16th & 17th Century English Drama,2023,May-June,,https://drive.google.com/uc?export=download&id=1g0upQokCZh6vaEcvVqN0uSO7FbD6Vd1s,,[S] | UPC 2032201201 | Exact (UPC/syllabus match)
B. A. (Prog) English,18th Century Literature,2024,May-June,,https://drive.google.com/uc?export=download&id=1U0NXgKuE5G7AhUXZiZipJD0Kr83XSLDg,,[S] | UPC 2032201202 | Exact (UPC/syllabus match)
B. A. (Hons) English,18th Century Literature,2023,May-June,,https://drive.google.com/uc?export=download&id=1fzeg_uRvxKd8zKrVusaQqa5O57AJnjHF,,[S] | UPC 2032101203 | Exact (UPC/syllabus match)
B. A. (Prog) English,18th Century Literature,2025,May-June,,https://drive.google.com/uc?export=download&id=1cNFck2AJlVFxTL6AbuzNQmCT1SvATjbX,,[S] | UPC 2032201202 | Exact (UPC/syllabus match)
B. A. (Prog) English,18th Century Literature,2023,May-June,,https://drive.google.com/uc?export=download&id=1O3Zhuosh0r-eQroCN9NC7rmwLgeYalue,,[S] | UPC 2032201202 | Exact (UPC/syllabus match)
B. A. (Hons) English,18th Century Literature,2024,May-June,,https://drive.google.com/uc?export=download&id=1ecIV_mZ0Wa5WtvmyDt1729Up04cxmDMJ,,[S] | UPC 2032101203 | Exact (UPC/syllabus match)
B. A. (Hons) English,Literary Criticism,2023,Nov-Dec,,https://drive.google.com/uc?export=download&id=1sBMJxmtD-psnqtq0XAnLHTfBEwY6PPWo,,[S] | UPC 2032102303 | Exact (UPC/syllabus match)
B. A. (Hons) English,American Literature,2025,May-June,,https://drive.google.com/uc?export=download&id=1Bs3uHfo2vVH12jbiRvDNNd6jTKmSIFqu,,[S] | UPC 2032102401 | Exact (UPC/syllabus match)
B. A. (Hons) English,American Literature,2025,May-June,,https://drive.google.com/uc?export=download&id=1mcuUyYn_fJ3FpZlUyJbmRDP-lhwXgYpt,,[S] | UPC 2032102401 | Exact (UPC/syllabus match)
B. A. (Hons) English,American Literature,2024,May-June,,https://drive.google.com/uc?export=download&id=1xki78uEHsHEFcVtoGo4imrmVajPHSN-W,,[S] | UPC 2032102401 | Exact (UPC/syllabus match)
B. A. (Hons) English,Culture & Theory,2025,May-June,,https://drive.google.com/uc?export=download&id=136JNSLYSuFrWGdiXiZhIC92cgZNNRbNh,,[S] | UPC 2034001208 | Exact (UPC/syllabus match)
B. A. (Hons) English,Culture & Theory,2025,May-June,,https://drive.google.com/uc?export=download&id=17zAkJw3X7di0Q_tCkuzw0Q81zSG_dLI6,,[S] | UPC 2034001208 | Exact (UPC/syllabus match)
B. A. (Hons) English,Culture & Theory,2025,May-June,,https://drive.google.com/uc?export=download&id=1AgdAUlpeAOym3Qv63iwqa6nsUIwbJgwz,,[S] | UPC 2034001208 | Exact (UPC/syllabus match)
B. A. (Hons) English,European Classical Literature,2022,Nov-Dec,,https://drive.google.com/uc?export=download&id=1Kc9jKHCJ8TdGXh4dr6RgYNNj9OzeT2Ik,,[S] | UPC 2032101102 | Exact (UPC/syllabus match)
B. A. (Hons) English,European Classical Literature,2024,Nov-Dec,,https://drive.google.com/uc?export=download&id=1-f_jLNUIakDbJ8JVMW8kmSh1Jz7ohya9,,[S] | UPC 2032101102 | Exact (UPC/syllabus match)
B. A. (Hons) English,Indian Classical Literature,2024,Nov-Dec,,https://drive.google.com/uc?export=download&id=16NpHt9pOAsb7WD-ZGDU-ynOY07D6ia1o,,[S] | UPC 2032101103 | Exact (UPC/syllabus match)
B. A. (Hons) English,Indian Classical Literature,2023,Nov-Dec,,https://drive.google.com/uc?export=download&id=1bWxw5HhlpmJ8kFOiP--ZStDtzfpXWBGl,,[S] | UPC 2032101103 | Exact (UPC/syllabus match)
B. A. (Hons) English,Indian Classical Literature,2022,Nov-Dec,,https://drive.google.com/uc?export=download&id=1RAOk92CnUGvWYHXOdpKjhUMjqYUwlhvB,,[S] | UPC 2032101103 | Exact (UPC/syllabus match)
B. A. (Hons) English ; B. A. (Prog) English,Indian Partition Literature,2024,Nov-Dec,,https://drive.google.com/uc?export=download&id=1Uaza-BeyPETFNV-0gbkrKHDkyUwiFwwo,,[S] | UPC 2033100015 | Exact (UPC/syllabus match)
B. A. (Prog) English,Indian Writing in English,2024,May-June,,https://drive.google.com/uc?export=download&id=154v4eJ_W8082InMxqUUKc9q9hgZREetx,,[S] | UPC 2032202401 | Exact (UPC/syllabus match)
B. A. (Prog) English,Indian Writing in English,2024,May-June,,https://drive.google.com/uc?export=download&id=1LKK8W0iqsCpktXcaAhd-j8hoZIVx2U4D,,[S] | UPC 2032202401 | Exact (UPC/syllabus match)
B. A. (Hons) English,Indian Writing in English,2024,May-June,,https://drive.google.com/uc?export=download&id=1i1UVCsLieKg2luOfDtf1RQIy1jI-MwWo,,[S] | UPC 2032102402 | Exact (UPC/syllabus match)
B. A. (Prog) English,Indian Writing in English Translation,2024,May-June,,https://drive.google.com/uc?export=download&id=13PDqqTmz9wkEsJ3lPJ8SoqbLS-V-_eU5,,[S] | UPC 2032202402 | Exact (UPC/syllabus match)
B. A. (Hons) English,Indian Classical Literature,2025,May-June,,https://drive.google.com/uc?export=download&id=1DH_77uXoFqELX3sr-eJOqFxIAbICNlze,,[S] | UPC 2034001203 | Exact (UPC/syllabus match)
B. A. (Hons) English,Indian Classical Literature,2025,May-June,,https://drive.google.com/uc?export=download&id=1DHljJh8t0Mgc1tPI60KrzPMv6yBY0wru,,[S] | UPC 2034001203 | Exact (UPC/syllabus match)
B. A. (Hons) English,Indian Classical Literature,2025,May-June,,https://drive.google.com/uc?export=download&id=1KZtvROl1Z3nacax1HqY495knwzFyN9Pz,,[S] | UPC 2034001203 | Exact (UPC/syllabus match)
B. A. (Prog) English,Indian Writing in English,2025,May-June,,https://drive.google.com/uc?export=download&id=1-hn4dxeBe9r9fulhaIPMrI7iITtv-cDQ,,[S] | UPC 2032202401 | Exact (UPC/syllabus match)
B. A. (Prog) English,Indian Writing in English,2025,May-June,,https://drive.google.com/uc?export=download&id=14LO1IW7tBQMKjcCNCjM-pczUgnL_cmDL,,[S] | UPC 2032202401 | Exact (UPC/syllabus match)
B. A. (Prog) English,Indian Writing in English,2025,May-June,,https://drive.google.com/uc?export=download&id=1Po86Z4KxclA92pZ1_An2Aqdx-UKMyR55,,[S] | UPC 2032202401 | Exact (UPC/syllabus match)
B. A. (Prog) English,Indian Writing in English,2025,May-June,,https://drive.google.com/uc?export=download&id=1wKvyAKJUuBm-2kl0C5rJRwh0WTssIQ2P,,[S] | UPC 2032202401 | Exact (UPC/syllabus match)
B. A. (Hons) English,Indian Writing in English Translation,2025,May-June,,https://drive.google.com/uc?export=download&id=1cW5Gfmsvnx-VLlpUWJGXe09F7E0J_Djd,,[S] | UPC 2032102403 | Exact (UPC/syllabus match)
B. A. (Hons) English,Indian Writing in English Translation,2025,May-June,,https://drive.google.com/uc?export=download&id=1hbf3KnCELW1lUgUVwMNqkL5yFFsQ173i,,[S] | UPC 2032102403 | Exact (UPC/syllabus match)
B. A. (Hons) English,Individual and Society,2024,May-June,,https://drive.google.com/uc?export=download&id=1Iyf_UuUCcs0VCnQT1IfPKsE9-toj9a2F,,[S] | UPC 2034001210 | Exact (UPC/syllabus match)
B. A. (Hons) English,Individual and Society,2023,May-June,,https://drive.google.com/uc?export=download&id=1dChx1hvaJ-gzj2oRnyqao_eBQrImvbyB,,[S] | UPC 2034001210 | Exact (UPC/syllabus match)
B. A. (Hons) English,Individual and Society,2025,May-June,,https://drive.google.com/uc?export=download&id=1aQbVeHCKLr6OOE7RyX__zbzyv95062zQ,,[S] | UPC 2034001210 | Exact (UPC/syllabus match)
B. A. (Prog) English,Introduction to Literary Studies,2023,Nov-Dec,,https://drive.google.com/uc?export=download&id=1AKmqZa1uaWNJm31gMPh-nQOkRc7KuMBX,,[S] | UPC 2032201101 | Exact (UPC/syllabus match)
B. A. (Prog) English,Introduction to Literary Studies,2022,Nov-Dec,,https://drive.google.com/uc?export=download&id=156t4if1IVa_dCK0LqT8C6A6R6eVkzKBi,,[S] | UPC 2032201101 | Exact (UPC/syllabus match)
B. A. (Hons) English,Introduction to Literary Studies,2024,Nov-Dec,,https://drive.google.com/uc?export=download&id=1agnvIA3bwIqCePHcSAv6_qkMqgsUJtiq,,[S] | UPC 2032101101 | Exact (UPC/syllabus match)
B. A. (Hons) English,Introduction to Literary Studies,2023,Nov-Dec,,https://drive.google.com/uc?export=download&id=18a608-mGfmu835F2XccK56tiHkDCn8JB,,[S] | UPC 2032101101 | Exact (UPC/syllabus match)
B. A. (Prog) English,Introduction to Literary Studies,2023,Nov-Dec,,https://drive.google.com/uc?export=download&id=1dRxPmVSnffrHodTzLyMSsUj6S8aYcKdC,,[S] | UPC 2032201101 | Exact (UPC/syllabus match)
B. A. (Prog) English,Introduction to Literary Studies,2022,Nov-Dec,,https://drive.google.com/uc?export=download&id=1TAax-xblTInnKVLjHEtUMvvkYMfqA4d7,,[S] | UPC 2032201101 | Exact (UPC/syllabus match)
B. A. (Hons) English,Introduction to Literary Studies,2022,Nov-Dec,,https://drive.google.com/uc?export=download&id=1bJfMWyW78Cp-JT6mJksnhVxjbrDoKMzU,,[S] | UPC 2032101101 | Exact (UPC/syllabus match)
B. A. (Hons) English,Life & Literature,2024,May-June,,https://drive.google.com/uc?export=download&id=1YEmRGdIRecpptriCXv9s09WA9fURN5jn,,[S] | UPC 2034001209 | Exact (UPC/syllabus match)
B. A. (Hons) English,Life & Literature,2025,May-June,,https://drive.google.com/uc?export=download&id=11CTzOqQS1GSDT4CP-DIHxWo_m1KyzW1a,,[S] | UPC 2034001209 | Exact (UPC/syllabus match)
B. A. (Hons) English,Life & Literature,2025,May-June,,https://drive.google.com/uc?export=download&id=1rG7jg9aT7bCT123JX9pVCgtIY4aZnKyi,,[S] | UPC 2034001209 | Exact (UPC/syllabus match)
B. A. (Hons) English,Life & Literature,2025,May-June,,https://drive.google.com/uc?export=download&id=1wETjxVePkk94WjHp6LYIVwXPB-LpjeR5,,[S] | UPC 2034001209 | Exact (UPC/syllabus match)
B. A. (Hons) English,Marginalities in Indian Writing,2025,May-June,,https://drive.google.com/uc?export=download&id=17kmxfeyGwu03AuA_8BdDSpJyNjdydfhm,,[S] | UPC 2034001202 | Exact (UPC/syllabus match)
B. A. (Hons) English,Marginalities in Indian Writing,2025,May-June,,https://drive.google.com/uc?export=download&id=1RUTXZruaz39cjXZxDeZ0rHg0jVNtx0df,,[S] | UPC 2034001202 | Exact (UPC/syllabus match)
B. A. (Hons) English,Marginalities in Indian Writing,2025,May-June,,https://drive.google.com/uc?export=download&id=1lw1s9aq_67U_OCbS2zSfOwaUnPncKtHU,,[S] | UPC 2034001202 | Exact (UPC/syllabus match)
B. A. (Hons) English ; B. A. (Prog) English,Romantic Literature,2024,Nov-Dec,,https://drive.google.com/uc?export=download&id=1iNBDdXpCaFPeZLNunuOZh2fFrlyygk-z,,[S] | UPC 2032102301 | Exact (UPC/syllabus match)
B. A. (Hons) English ; B. A. (Prog) English,Romantic Literature,2023,Nov-Dec,,https://drive.google.com/uc?export=download&id=1WvX4XHLImGxlR19KbTcxM83NGew2TX8A,,[S] | UPC 2032102301 | Exact (UPC/syllabus match)
B. A. (Hons) English ; B. A. (Prog) English,Romantic Literature,2023,Nov-Dec,,https://drive.google.com/uc?export=download&id=1TpfgOakwkRwn7KkCEwCe4nf4AqeuMSUE,,[S] | UPC 2032102301 | Exact (UPC/syllabus match)
University-wide Skill Enhancement Course Pool,Personality Development and Communication,2024,May-June,,https://drive.google.com/uc?export=download&id=195pcY8T1DHYT96vPBmIe8Aqluf_vc2pC,,[S] | UPC 2036000005 | Exact (UPC/syllabus match)
B. A. (Hons) English,Twentieth Century Poetry and Drama,2024,Nov-Dec,,https://drive.google.com/uc?export=download&id=1VgMsoFI1BQsWD5FMOh_2EmmZL26W5FrD,,[S] | UPC 2032103501 | Exact (UPC/syllabus match)
B. A. (Hons) English,Twentieth Century Drama,2025,May-June,,https://drive.google.com/uc?export=download&id=1ibYFTLxDRejBxNXhCSakpHjDHuBEmtml,,[S] | UPC 2034001204 | Exact (UPC/syllabus match)
B. A. (Hons) English,Twentieth Century Drama,2025,May-June,,https://drive.google.com/uc?export=download&id=1PuF5nA5emCsQkMmteYq1hZrBcFJs48nK,,[S] | UPC 2034001204 | Exact (UPC/syllabus match)
B. A. (Hons) English,Twentieth Century Drama,2025,May-June,,https://drive.google.com/uc?export=download&id=1xUogA6k7XTQgMtcGXFgmRLjMgmsHQndu,,[S] | UPC 2034001204 | Exact (UPC/syllabus match)
B. A. (Prog) English,Twentieth Century Novel,2024,Nov-Dec,,https://drive.google.com/uc?export=download&id=1t8deKHADZXe0ceybVJgP_wG3B8MOeo4O,,[S] | UPC 2032203501 | Exact (UPC/syllabus match)
B. A. (Hons) English,14th to 17th Century English Poetry,2024,May-June,,https://drive.google.com/uc?export=download&id=12yTToMQ92-S-8IHZprGtREUVvMGPZSTJ,,[S] | UPC 2032101201 | Exact (UPC/syllabus match)
B. A. (Hons) English,16th and 17th Century English Drama,2024,May-June,,https://drive.google.com/uc?export=download&id=1Xkk2bkIe-WROPChf-EHK6OlwakViKB5F,,[S] | UPC 2032101202 | Exact (UPC/syllabus match)
B. A. (Prog) English,16th & 17th Century English Drama,2024,May-June,,https://drive.google.com/uc?export=download&id=1txV2XGKHNxPHfOhfuB70dyTZ9pO9wxfE,,[S] | UPC 2032201201 | Exact (UPC/syllabus match)
B. A. (Prog) English,Indian Classical Literature,2022,Nov-Dec,,https://drive.google.com/uc?export=download&id=1YRqlxS9A4nrr22zNRxl-wpS4EgQhz7Qk,,[S] | UPC 2032201102 | Exact (UPC/syllabus match)
B. A. (Hons) English,Indian Writing in English,2025,May-June,,https://drive.google.com/uc?export=download&id=1P46ZX0Jw7vVtbdHrYb2ewXxhpqdlJL02,,[S] | UPC 2032102402 | Exact (UPC/syllabus match)
B. A. (Hons) English,Indian Writing in English,2025,May-June,,https://drive.google.com/uc?export=download&id=1iH3b_9Zx0R5kAo-hPfg0QXvbQq1nMXqC,,[S] | UPC 2032102402 | Exact (UPC/syllabus match)
B. A. (Prog) English,Indian Writing in English Translation,2025,May-June,,https://drive.google.com/uc?export=download&id=1HphbACIhSrFEFF1krHt5xbfhWnhj1OQg,,[S] | UPC 2032202402 | Exact (UPC/syllabus match)
B. A. (Prog) English,Indian Writing in English Translation,2025,May-June,,https://drive.google.com/uc?export=download&id=1poK69eGKoTOZkJz1XjKH3c9jtm4mC-Iu,,[S] | UPC 2032202402 | Exact (UPC/syllabus match)
B. A. (Prog) English,Indian Classical Literature,2023,Nov-Dec,,https://drive.google.com/uc?export=download&id=10j5BrZLgqJ9RYVWGeSD06DDjX-iknsCV,,[S] | UPC 2032201102 | Exact (UPC/syllabus match)
B. A. (Hons) English,16th and 17th Century English Drama,2025,May-June,,https://drive.google.com/uc?export=download&id=1yxnpQ9ApPXzl5XOWhmeWcRc4ec3GsUpa,,[S] | UPC 2032101202 | High (verify recommended)
B. A. (Hons) English,Children’s Literature,2024,May-June,,https://drive.google.com/uc?export=download&id=1-uHOLBbt5bxKwaQ2oBHz5z2PZ7hYbTxW,,[S] | UPC 2033100014 | High (verify recommended)
B. A. (Hons) English,African Literature,2024,May-June,,https://drive.google.com/uc?export=download&id=1u9ThId5UoBaqUNzwlojLLvDQgBSZTEej,,[S] | UPC 2033100026 | High (verify recommended)
B. A. (Hons) English,African Literature,2023,May-June,,https://drive.google.com/uc?export=download&id=1zVbLUwF9bDVI7HZzAIZul6-Vy_NfSm0V,,[S] | UPC 2033100026 | High (verify recommended)
B. A. (Hons) English,American Literature,2023,Nov-Dec,,https://drive.google.com/uc?export=download&id=1UtQ2zu94szqZxzVotYmhbDvv2fd8gfBk,,[S] | UPC 2032102401 | High (verify recommended)
B. A. (Hons) English,American Literature,2024,Nov-Dec,,https://drive.google.com/uc?export=download&id=11fvsMlbRAXcyf4kLGq-cF2l0y5XoHtIm,,[S] | UPC 2032102401 | High (verify recommended)
B. A. (Hons) English,Children’s Literature,2024,May-June,,https://drive.google.com/uc?export=download&id=1ioS6-X2ClaVIQUzq_QuLG9iTQyXZ28Va,,[S] | UPC 2033100014 | High (verify recommended)
B. A. (Hons) English,Children’s Literature,2023,May-June,,https://drive.google.com/uc?export=download&id=123w_x_wBO4SJmXKph1lxrRRCcKsR_YJ7,,[S] | UPC 2033100014 | High (verify recommended)
B. A. (Hons) English,Children’s Literature,2023,May-June,,https://drive.google.com/uc?export=download&id=12uBbGDzPSCvy4Wqe6sD7gBSvMLTtVUmk,,[S] | UPC 2033100014 | High (verify recommended)
B. A. (Hons) English,Indian Partition Literature,2023,May-June,,https://drive.google.com/uc?export=download&id=1BHpbk2oxT4zX2fSB9KREIn8GrF__j6T0,,[S] | UPC 2033100015 | High (verify recommended)
B. A. (Hons) English,Indian Classical Literature,2022,Nov-Dec,,https://drive.google.com/uc?export=download&id=1wX-XwZ9gpJEwE63RUpR8hYPeEzmXfroI,,[S] | UPC 2032101103 | High (verify recommended)
B. A. (Hons) English,Indian English Literatures,2024,May-June,,https://drive.google.com/uc?export=download&id=1OJpaQUxg11HHdU1ps-xj8ITUb388m7xH,,[S] | UPC 2034002006 | High (verify recommended)
B. A. (Hons) English,Indian English Literatures,2024,Nov-Dec,,https://drive.google.com/uc?export=download&id=1rknGoeix0OG1M8YnOZgYWaRJy4OC2-ec,,[S] | UPC 2034002006 | High (verify recommended)
B. A. (Hons) English,Indian Writing in English,2024,May-June,,https://drive.google.com/uc?export=download&id=15vvyiEbcYpzdE14xBXmfcxJ1SbLMl8sk,,[S] | UPC 2032102402 | High (verify recommended)
B. A. (Hons) English,Indian Writing in English,2024,May-June,,https://drive.google.com/uc?export=download&id=1VuBp4hfZYExvqmwIy1I9RUlmBXhLUwZP,,[S] | UPC 2032102402 | High (verify recommended)
B. A. (Hons) English,Indian Writing in English,2022,May-June,,https://drive.google.com/uc?export=download&id=1GAkumQhBvmztY6UocNvrS2xVs_U3HGks,,[S] | UPC 2032102402 | High (verify recommended)
B. A. (Hons) English,Literature and Human Rights,2024,Nov-Dec,,https://drive.google.com/uc?export=download&id=1YkiG4iLwgxYDW8aVfGs_AnxqUcJqgNsf,,[S] | UPC 2033100016 | High (verify recommended)
B. A. (Hons) English,Literature and Human Rights,2023,Nov-Dec,,https://drive.google.com/uc?export=download&id=1FkwuBvSEb2-_FUHfOrnjLsV8ZAOi9xNH,,[S] | UPC 2033100016 | High (verify recommended)
B. A. (Hons) English,Modern European Drama,2024,May-June,,https://drive.google.com/uc?export=download&id=1majYmpZoNw0O5ORh73ZT_7ugQMGKyRvs,,[S] | UPC 2032103601 | High (verify recommended)
B. A. (Hons) English,Modern European Drama,2023,May-June,,https://drive.google.com/uc?export=download&id=1AB25pInO3ORqSs9kUAwi1cP8tM2mQKYw,,[S] | UPC 2032103601 | High (verify recommended)
B. A. (Hons) English,Modern European Drama,2022,May-June,,https://drive.google.com/uc?export=download&id=1B1E2G_da-vRtE8WECTlo5cUAXWXnQKjU,,[S] | UPC 2032103601 | High (verify recommended)
B. A. (Hons) English,Children’s Literature,2022,May-June,,https://drive.google.com/uc?export=download&id=1pT4HwqC9s9sERTmv-LnLDbsGDcaIYmX_,,[S] | UPC 2033100014 | High (verify recommended)
B. A. (Hons) English,Indian Partition Literature,2022,May-June,,https://drive.google.com/uc?export=download&id=1A246e1Zipebi-iByyuxvsY8eF9hrpiHl,,[S] | UPC 2033100015 | High (verify recommended)
B. A. (Hons) English,Postcolonial Literature,2024,May-June,,https://drive.google.com/uc?export=download&id=1GSOpd6aKZ7PC9Eskz236kp0Wlv7Ycb-2,,[S] | UPC TBA | High (verify recommended)
B. A. (Hons) English,Postcolonial Literature,2023,May-June,,https://drive.google.com/uc?export=download&id=1Limhq_5QzjaCsKG55s1ZZ44eeFzsvERF,,[S] | UPC TBA | High (verify recommended)
B. A. (Hons) English,Postcolonial Literature,2022,May-June,,https://drive.google.com/uc?export=download&id=1Fy9EQKN62EavmjJh9UuHwbHZHZqDR4bX,,[S] | UPC TBA | High (verify recommended)
B. A. (Hons) English,Indian English Literatures,2025,May-June,,https://drive.google.com/uc?export=download&id=1DGbWFpRqSn97Y3CJcYoV1O-_6vLUVNKx,,[S] | UPC 2034002006 | High (verify recommended)
B. A. (Hons) English,Indian English Literatures,2025,May-June,,https://drive.google.com/uc?export=download&id=1vdyXmPTrlZpE-Ia9py1VPt70Zr57Fpkz,,[S] | UPC 2034002006 | High (verify recommended)
B. A. (Hons) English,Indian English Literatures,2025,May-June,,https://drive.google.com/uc?export=download&id=1zV8T9qywM7STf3SGoaMApSG1wtIbeg0l,,[S] | UPC 2034002006 | High (verify recommended)
B. A. (Hons) English,Indian Writing in English,2022,May-June,,https://drive.google.com/uc?export=download&id=1y2IAMSneNODfne8cl8z1M23_s61PHnRR,,[S] | UPC 2032102402 | High (verify recommended)
B. A. (Hons) English,Twentieth Century Poetry and Drama,2024,May-June,,https://drive.google.com/uc?export=download&id=1KAxM4x9AlHWNGd2MU3CBPcCswcASfQlL,,[S] | UPC 2032103501 | Medium (verify required)
B. A. (Hons) English,16th and 17th Century English Drama,2024,May-June,,https://drive.google.com/uc?export=download&id=1SuIP_SDNHLECBzZsM5VyR_GqnR9UUfzE,,[S] | UPC 2032101202 | Medium (verify required)
B. A. (Hons) English,British Literature Post World War II,2024,May-June,,https://drive.google.com/uc?export=download&id=1i0_Syrcp7I0UOKbrtDNu9a4AdE75_tR8,,[S] | UPC 2033100018 | Medium (verify required)
B. A. (Hons) English,British Literature Post World War II,2022,May-June,,https://drive.google.com/uc?export=download&id=1GIWSaM-1nREn5HGilhT4_ws_fDqT_eo0,,[S] | UPC 2033100018 | Medium (verify required)
B. A. (Hons) English,British Literature Post World War II,2024,May-June,,https://drive.google.com/uc?export=download&id=1HFEKkpS6KwjPDlz19fo1z5HBM6GpN24r,,[S] | UPC 2033100018 | Medium (verify required)
B. A. (Hons) English,British Literature Post World War II,2023,May-June,,https://drive.google.com/uc?export=download&id=16An-fv7DWMQZAHPcMpRswbbNPYAj26LQ,,[S] | UPC 2033100018 | Medium (verify required)
B. A. (Hons) English,British Literature Post World War II,2024,Nov-Dec,,https://drive.google.com/uc?export=download&id=1FO907fIhA_xPYttbGE-TuiSZx8vQt7nw,,[S] | UPC 2033100018 | Medium (verify required)
B. A. (Hons) English,British Literature Post World War II,2023,Nov-Dec,,https://drive.google.com/uc?export=download&id=1u3mtKhqjVMim24RUyvca6aDxfccM-H28,,[S] | UPC 2033100018 | Medium (verify required)
B. A. (Hons) English,British Literature Post World War II,2022,Nov-Dec,,https://drive.google.com/uc?export=download&id=1goGQ0iM440RZinloUZfC1ZvtYS73PyVs,,[S] | UPC 2033100018 | Medium (verify required)
B. A. (Hons) English,British Literature Post World War II,2022,Nov-Dec,,https://drive.google.com/uc?export=download&id=13EeZKIRAogrp53Mx350JF7I_b_ExR4Rg,,[S] | UPC 2033100018 | Medium (verify required)
B. A. (Hons) English,British Literature Post World War II,2023,Nov-Dec,,https://drive.google.com/uc?export=download&id=1gkMq_yEgCTeqS4tEnvClkbhWUw9zyPJy,,[S] | UPC 2033100018 | Medium (verify required)
B. A. (Hons) English,Twentieth Century Poetry and Drama,2022,May-June,,https://drive.google.com/uc?export=download&id=1WaOcf3v61yJxeFUcZmxUDSrAawwwnhua,,[S] | UPC 2032103501 | Medium (verify required)
B. A. (Hons) English,Romantic Literature,2024,May-June,,https://drive.google.com/uc?export=download&id=1Qma2_lJpShmuLZxeFWcGq1oEquX1o2mB,,[S] | UPC 2032102301 | Medium (verify required)
B. A. (Hons) English,Romantic Literature,2023,May-June,,https://drive.google.com/uc?export=download&id=10mvyoow4Q9YeaebLaAmg4Mr23F7dXPyX,,[S] | UPC 2032102301 | Medium (verify required)
B. A. (Hons) English,Romantic Literature,2022,May-June,,https://drive.google.com/uc?export=download&id=1b7RnK1tBJbzc9k9Gtp3KkYuTZd3zIaaC,,[S] | UPC 2032102301 | Medium (verify required)
B. A. (Hons) English,Romantic Literature,2023,May-June,,https://drive.google.com/uc?export=download&id=1Dbe9tFq5_fECQc3SXX33NjKGGxZ3a2fV,,[S] | UPC 2032102301 | Medium (verify required)
B. A. (Hons) English,Dystopian Writings,2022,Nov-Dec,,https://drive.google.com/uc?export=download&id=1x15wlqlBgsw0G5gZX2plxaETK9nRMhxu,,[S] | UPC 2034002003 | Medium (verify required)
B. A. (Hons) English,Life & Literature,2023,Nov-Dec,,https://drive.google.com/uc?export=download&id=1AlVDtxBn3uADKfX3GmOS8udBzMVHumx2,,[S] | UPC 2034001209 | Medium (verify required)
B. A. (Hons) English,Life & Literature,2022,Nov-Dec,,https://drive.google.com/uc?export=download&id=18Wf5rpghhIIZen5xth1B1ZE4rypQ0zS_,,[S] | UPC 2034001209 | Medium (verify required)
B. A. (Hons) English,Literature of the Indian Diaspora,2022,Nov-Dec,,https://drive.google.com/uc?export=download&id=1_YMthJFB50mmc6PMgndQ5qDvN7paJBlp,,[S] | UPC 2033102012 | Medium (verify required)
B. A. (Hons) English,Indian Popular Literature,2023,Nov-Dec,,https://drive.google.com/uc?export=download&id=1mXsxBTAF_vApjEYx2VTMmBsw5D4D_bn1,,[S] | UPC TBA | Medium (verify required)
B. A. (Hons) English,Indian Popular Literature,2022,Nov-Dec,,https://drive.google.com/uc?export=download&id=1RkIxo6NsJRYhmjQEJsyTPwmHrmxzAUIj,,[S] | UPC TBA | Medium (verify required)
B. A. (Hons) English,Readings on Indian Diversities and Literary Movements,2025,May-June,,https://drive.google.com/uc?export=download&id=1ww9Rmklo1OeRHqUhPquzCnxR76Gr9xnm,,[S] | UPC 2034000012 | Medium (verify required)
B. A. (Hons) English,Life & Literature,2022,May-June,,https://drive.google.com/uc?export=download&id=1iLgCg1B1EUVgyp8QkLITbzPSZVuDjBuM,,[S] | UPC 2034001209 | Medium (verify required)
B. A. (Hons) English,Women’s Writing,2023,Nov-Dec,,https://drive.google.com/uc?export=download&id=1Sy2gkk4wBKdSI-NYyQMmkuguw1lX80Us,,[S] | UPC 2032103603 | Medium (verify required)
B. A. (Hons) English,Women’s Writing,2022,Nov-Dec,,https://drive.google.com/uc?export=download&id=1opSmSf7k9eaXbjs4GObW_f5-zDYrzyc1,,[S] | UPC 2032103603 | Medium (verify required)
English,English,,Not Specified,,https://drive.google.com/uc?export=download&id=1nN86Ae14AyPD4jaf_swAC90dpwxNfh_D,,[S] | Unmatched (manual mapping needed)
English,English,,Not Specified,,https://drive.google.com/uc?export=download&id=1GrCHvMG0QUv3RA5v96V7bBAT_HJmbbww,,[S] | Unmatched (manual mapping needed)
English,English,,Not Specified,,https://drive.google.com/uc?export=download&id=1eRa3jq0JYiupSLyyL24_8r0zGDtV5LPv,,[S] | Unmatched (manual mapping needed)
English,English,,Not Specified,,https://drive.google.com/uc?export=download&id=1oKL4dxK-Ro8sWfVODrFCx939BhGmk7tg,,[S] | Unmatched (manual mapping needed)
English,English,,Not Specified,,https://drive.google.com/uc?export=download&id=189Hn--RaHEIXelHS1RwQ91pHz01Zdztj,,[S] | Unmatched (manual mapping needed)
English,English,,Not Specified,,https://drive.google.com/uc?export=download&id=1fOzo5dYkBa0kyt6NYFAjf5Q6aGuvFgoQ,,[S] | Unmatched (manual mapping needed)
English,English,,Not Specified,,https://drive.google.com/uc?export=download&id=1qbOWblfGEhQqa0rtnWHg_iBgESoTsuco,,[S] | Unmatched (manual mapping needed)
English,English,2022,May-June,,https://drive.google.com/uc?export=download&id=13g5fSMMnRr2sqtp3egeqwiyl1NecQ6hk,,[S] | Unmatched (manual mapping needed)
English,English,2022,May-June,,https://drive.google.com/uc?export=download&id=15Snv8kinvbY4UwZ2U-dW6qY_orj5MJfZ,,[S] | Unmatched (manual mapping needed)
English,English,2023,Nov-Dec,,https://drive.google.com/uc?export=download&id=1NOWfbI6AXZQudXFageh9Mbcnj2aAM91z,,[S] | Unmatched (manual mapping needed)
English,English,2022,Nov-Dec,,https://drive.google.com/uc?export=download&id=1HPSzYPG5NcMdGD4DuSPYejeu_0fWxTi8,,[S] | Unmatched (manual mapping needed)
English,English,2024,May-June,,https://drive.google.com/uc?export=download&id=1Jv4kh7aAhTCIn4R8iHbQn5AttzxTnnGu,,[S] | Unmatched (manual mapping needed)
English,English,2023,May-June,,https://drive.google.com/uc?export=download&id=19NEP1AohlyKBAk4ink1pGmYI3jKJHKJt,,[S] | Unmatched (manual mapping needed)
English,English,2022,Nov-Dec,,https://drive.google.com/uc?export=download&id=1LcwouRS-Nz_mvWm58uDJsz7O_ZMlvtBj,,[S] | Unmatched (manual mapping needed)
English,English,2023,Nov-Dec,,https://drive.google.com/uc?export=download&id=1T6HKAhrrHB946jnfzY9yVTKXrjwfwAv6,,[S] | Unmatched (manual mapping needed)
English,English,2022,May-June,,https://drive.google.com/uc?export=download&id=1vjezPkJbBj6J5M7YkxnEpqpeJ06T4liU,,[S] | Unmatched (manual mapping needed)
English,English,2023,May-June,,https://drive.google.com/uc?export=download&id=1YzPTkFSKg9fP45DPRdsvyDypBy5gpose,,[S] | Unmatched (manual mapping needed)
English,English,2022,Nov-Dec,,https://drive.google.com/uc?export=download&id=1LLhwTrxmKq-aoCvEkRcWtG71rxpxWfOh,,[S] | Unmatched (manual mapping needed)
English,English,2023,May-June,,https://drive.google.com/uc?export=download&id=1QVOTbS20RJD2aLoROBtOOt-au0CYVh41,,[S] | Unmatched (manual mapping needed)
English,English,2023,Nov-Dec,,https://drive.google.com/uc?export=download&id=1l1EgVabeqQNs3VusOGh7njmIK4_NoEUY,,[S] | Unmatched (manual mapping needed)
English,English,2022,Nov-Dec,,https://drive.google.com/uc?export=download&id=14XsnhQ8EMGiGRlsd8dR1pEuVSptpCSW-,,[S] | Unmatched (manual mapping needed)
English,English,2022,Nov-Dec,,https://drive.google.com/uc?export=download&id=1YLLUKIb035TJivho0AV4_w71RSbQy7Cl,,[S] | Unmatched (manual mapping needed)
English,English,2023,Nov-Dec,,https://drive.google.com/uc?export=download&id=1l6EwYjrmt6G_czzc2Ha9dHHnG0Hmvb53,,[S] | Unmatched (manual mapping needed)
English,English,2022,Nov-Dec,,https://drive.google.com/uc?export=download&id=17yvktJv8UcnT2xAk2fecdGgJQutyGj5i,,[S] | Unmatched (manual mapping needed)
English,English,2023,May-June,,https://drive.google.com/uc?export=download&id=1Qg31qM4D4sM9Zb_3G_iLF1WIm5-lYK9e,,[S] | Unmatched (manual mapping needed)
English,English,2022,Nov-Dec,,https://drive.google.com/uc?export=download&id=19sDyuw2M8RLhbh7kY1jHucG97pINWynA,,[S] | Unmatched (manual mapping needed)
English,English,2022,Nov-Dec,,https://drive.google.com/uc?export=download&id=1SPzexda0No5iZ6djg07bKSw9YouGUrUi,,[S] | Unmatched (manual mapping needed)
English,English,2025,May-June,,https://drive.google.com/uc?export=download&id=17HBs5YNR7EukjCgC7vCm1hFjzspaHtPm,,[S] | Unmatched (manual mapping needed)
English,English,2022,May-June,,https://drive.google.com/uc?export=download&id=11EhEGBhigjlSQOl2y2tVC_znZQuZ3l38,,[S] | Unmatched (manual mapping needed)
English,English,2022,May-June,,https://drive.google.com/uc?export=download&id=1QO8-SmDLhIIxlvoydA7CquQRiHhxGDOm,,[S] | Unmatched (manual mapping needed)
English,English,2022,May-June,,https://drive.google.com/uc?export=download&id=1s9ywI-4LN_QH-a0YgppUQAT-EQ6thxGc,,[S] | Unmatched (manual mapping needed)
University-wide Ability Enhancement Course Pool,Environmental Science: Theory into Practice – I,2024,May-June,,https://drive.google.com/uc?export=download&id=1FJ8-i0dZv9mNUZb8f409Gfd7h_JyD-a3,,[S] | UPC 2181001001 | Exact (UPC/syllabus match)
University-wide Ability Enhancement Course Pool,Environmental Science: Theory into Practice – II,2024,May-June,,https://drive.google.com/uc?export=download&id=1SgVGzzXE1fclvdfYzBB5-JD9jVCCIZsf,,[S] | UPC 2181002001 | Exact (UPC/syllabus match)
University-wide Ability Enhancement Course Pool,Environmental Science: Theory into Practice – I,2024,May-June,,https://drive.google.com/uc?export=download&id=1ocVTmb5YbURi5t3c_zXGNGORVyW1vPv_,,[S] | UPC 2181001001 | Exact (UPC/syllabus match)
University-wide Ability Enhancement Course Pool,Environmental Science: Theory into Practice – I,2023,Nov-Dec,,https://drive.google.com/uc?export=download&id=1wlBSgSNN3bw-5TY8DR7eh6CpeQPkNbpg,,[S] | UPC 2181001001 | Exact (UPC/syllabus match)
University-wide Ability Enhancement Course Pool,Environmental Science: Theory into Practice – I,2023,Nov-Dec,,https://drive.google.com/uc?export=download&id=1vttZX1-6ajG9WevR6UkEUNkkb2vmzQHf,,[S] | UPC 2181001001 | Exact (UPC/syllabus match)
University-wide Ability Enhancement Course Pool,Environmental Science: Theory into Practice – I,2024,Nov-Dec,,https://drive.google.com/uc?export=download&id=1ErIbXxcYTVYvUhJVkg98dWf4hB45Vm4b,,[S] | UPC 2181001001 | Exact (UPC/syllabus match)
University-wide Ability Enhancement Course Pool,Environmental Science: Theory into Practice – II,2023,Nov-Dec,,https://drive.google.com/uc?export=download&id=1w3Ale-KZtC_YhZ1SSOGyj_-JTe4itQAI,,[S] | UPC 2181002001 | Exact (UPC/syllabus match)
University-wide Ability Enhancement Course Pool,Environmental Science: Theory into Practice – II,2024,May-June,,https://drive.google.com/uc?export=download&id=1rsOmD4Mc0fEIetrpCQhnh2g__2B4UGoS,,[S] | UPC 2181002001 | Exact (UPC/syllabus match)
University-wide Ability Enhancement Course Pool,Environmental Science: Theory into Practice – II,2025,May-June,,https://drive.google.com/uc?export=download&id=1-TjYYmD07amz16_E999oW85Jw1u7wyCr,,[S] | UPC 2181002001 | Exact (UPC/syllabus match)
University-wide Ability Enhancement Course Pool,Environmental Science: Theory into Practice – II,2025,May-June,,https://drive.google.com/uc?export=download&id=1Cu_suDjSmm8Jp0psG7hu5bF2FbU9eV2i,,[S] | UPC 2181002001 | Exact (UPC/syllabus match)
B.Sc. (Hons.) Environmental Science,Environmental Physics,2023,Nov-Dec,,https://drive.google.com/uc?export=download&id=1Hil7TBk5xKbSgwcNZJU94OyKg05l6QCw,,[S] | UPC 2182011102 | Medium (verify required)
B.Sc. (Hons.) Environmental Science,Environmental Physics,2022,Nov-Dec,,https://drive.google.com/uc?export=download&id=183ET-AHlkRjy4srKee6TsJWchk5s15gV,,[S] | UPC 2182011102 | Medium (verify required)
B.Sc. (Hons.) Environmental Science,Environmental Physics,2022,May-June,,https://drive.google.com/uc?export=download&id=1wKfUOuBswin6kavWQDjX2bLCT40EhWGV,,[S] | UPC 2182011102 | Medium (verify required)
B.Sc. (Hons.) Environmental Science,Environmental Physics,2024,May-June,,https://drive.google.com/uc?export=download&id=1-5Hj13bo0iFW7_0_2-KNb9Vwb2eb6jV-,,[S] | UPC 2182011102 | Medium (verify required)
B.Sc. (Hons.) Environmental Science,Environmental Physics,2022,May-June,,https://drive.google.com/uc?export=download&id=1K9FwsYlKlgpI5Q5Vev9nrVv7pTbmuAHw,,[S] | UPC 2182011102 | Medium (verify required)
B.Sc. (Hons.) Environmental Science,Environmental Physics,2022,May-June,,https://drive.google.com/uc?export=download&id=1uVqYLl7Akuu-VO7UF_lBivLjCPRAkGFO,,[S] | UPC 2182011102 | Medium (verify required)
B.Sc. (Hons.) Environmental Science,Environmental Physics,2025,May-June,,https://drive.google.com/uc?export=download&id=1iZcZUKVaE-p-ShMAW9l8g2ikciwW8afc,,[S] | UPC 2182011102 | Medium (verify required)
B.Sc. (Hons.) Environmental Science,Environmental Physics,2025,May-June,,https://drive.google.com/uc?export=download&id=1jD9Svi5ldk0kJwT8uXVsLYcFCux_e1O6,,[S] | UPC 2182011102 | Medium (verify required)
Environmental Studies,Environmental Studies,,Not Specified,,https://drive.google.com/uc?export=download&id=1CnisiI_l8GLNSpoKH6Mg-pOuP2omdmtx,,[S] | Unmatched (manual mapping needed)
Environmental Studies,Environmental Studies,,Not Specified,,https://drive.google.com/uc?export=download&id=1yBh9kguof-DbpH5kA7GWmBHFUOd3-YEq,,[S] | Unmatched (manual mapping needed)
Environmental Studies,Environmental Studies,,Not Specified,,https://drive.google.com/uc?export=download&id=1y5_1pKTRHy1O_QAjP2udExom_zJl2YYH,,[S] | Unmatched (manual mapping needed)
Environmental Studies,Environmental Studies,,Not Specified,,https://drive.google.com/uc?export=download&id=1y979DLpfMj1eyUNeTSoGrnqzn7EoGK-E,,[S] | Unmatched (manual mapping needed)
Environmental Studies,Environmental Studies,,Not Specified,,https://drive.google.com/uc?export=download&id=1bdLD6pf8wsCOBO6dCHm-KAXOtdlaqhyO,,[S] | Unmatched (manual mapping needed)
Environmental Studies,Environmental Studies,,Not Specified,,https://drive.google.com/uc?export=download&id=1mvaZT6mdMp7GsE3VPvIGNgPErkfyeDaZ,,[S] | Unmatched (manual mapping needed)
Environmental Studies,Environmental Studies,2025,May-June,,https://drive.google.com/uc?export=download&id=1F0fOm2YZ3plu2pjzRDndXl8AIqKsRX72,,[S] | Unmatched (manual mapping needed)
DEPARTMENT OF GEOGRAPHY,Disaster Risk Reduction,2024,May-June,,https://drive.google.com/uc?export=download&id=19DUftnC1ItQp5FxRYb2B5aQ0-xA4EKnc,,[S] | UPC 62297602 | Exact (Question Bank code match)
DEPARTMENT OF GEOGRAPHY,Biogeography And Biodiversity,2024,May-June,,https://drive.google.com/uc?export=download&id=1ad4X8hvi1C8RbDM_B9Ofuva9FKsAidPi,,[S] | UPC 12297607 | Exact (Question Bank code match)
DEPARTMENT OF GEOGRAPHY,Environmental Geography,2022,May-June,,https://drive.google.com/uc?export=download&id=18CIhqNkb6C8V9ms7XdDwZXPI93yzTd2g,,[S] | UPC 62294406 | Exact (Question Bank code match)
DEPARTMENT OF GEOGRAPHY,Climate Change Vulnerability And Mitigation,2024,May-June,,https://drive.google.com/uc?export=download&id=1xYeWVo45I3xqfPlEtzL9jojp-2niZBhX,,[S] | UPC 62295602 | Exact (Question Bank code match)
DEPARTMENT OF GEOGRAPHY,Climate Change Vulnerability And Mitigation,2023,May-June,,https://drive.google.com/uc?export=download&id=12JwMGliw96aqSx26EpQMDmPmBrBzdQTI,,[S] | UPC 62295602 | Exact (Question Bank code match)
DEPARTMENT OF GEOGRAPHY,Introduction To Gi Science,2022,May-June,,https://drive.google.com/uc?export=download&id=1N7JaW9xUdY1WuJUsaJ6R0MaLG0IQwiAZ,,[S] | UPC 62293602 | Exact (Question Bank code match)
DEPARTMENT OF GEOGRAPHY,Disaster Risk Reduction,2024,May-June,,https://drive.google.com/uc?export=download&id=1Lcel7dALoI8czSGVVhipbscp_EY-KZ7T,,[S] | UPC 62297602 | Exact (Question Bank code match)
DEPARTMENT OF GEOGRAPHY,Disaster Risk Reduction,2023,May-June,,https://drive.google.com/uc?export=download&id=1VZ2kXub4yEHFA6tq3OGui9Ej_QP5I5Ui,,[S] | UPC 62297602 | Exact (Question Bank code match)
DEPARTMENT OF GEOGRAPHY,Disaster Risk Reduction,2023,May-June,,https://drive.google.com/uc?export=download&id=1uvr9fUZMk5vBTAZxL8MxomjH3PwXddCn,,[S] | UPC 62297602 | Exact (Question Bank code match)
DEPARTMENT OF GEOGRAPHY,Disaster Risk Reduction,2022,May-June,,https://drive.google.com/uc?export=download&id=1GKeDbSQ0cEN9A7YndqLJ1CAfRXziqH_C,,[S] | UPC 62297602 | Exact (Question Bank code match)
DEPARTMENT OF GEOGRAPHY,Disaster Risk Reduction,2022,May-June,,https://drive.google.com/uc?export=download&id=1zIOBbRi9RVVMVOVPOnhFAHdo-rq5PXxY,,[S] | UPC 62297602 | Exact (Question Bank code match)
DEPARTMENT OF HOME SCIENCE,Field Techniques And Surveying Methods,2023,Nov-Dec,,https://drive.google.com/uc?export=download&id=1VrmOm-GtgTgClYpgNVFT3vD57ua-_vAg,,[S] | UPC 62293503 | Exact (Question Bank code match)
DEPARTMENT OF HOME SCIENCE,Field Techniques And Surveying Methods,2022,Nov-Dec,,https://drive.google.com/uc?export=download&id=1MlRrbbHxVs5ikiJHBn4hRWu1gscXz96r,,[S] | UPC 62293503 | Exact (Question Bank code match)
DEPARTMENT OF GEOGRAPHY,General Geography,2023,Nov-Dec,,https://drive.google.com/uc?export=download&id=1H8WtY_MKBwc-dhegxDTZirbOWydlq5uz,,[S] | UPC 62294304 | Exact (Question Bank code match)
DEPARTMENT OF GEOGRAPHY,General Geography,2022,Nov-Dec,,https://drive.google.com/uc?export=download&id=1hjY7j1MqpKFTcnXZo3FQ-gc2WedlfjmG,,[S] | UPC 62294304 | Exact (Question Bank code match)
DEPARTMENT OF GEOGRAPHY,General Geography,2022,Nov-Dec,,https://drive.google.com/uc?export=download&id=110bcj05cZChEDNAwT4Nu2ebKb9yuSAsF,,[S] | UPC 62294304 | Exact (Question Bank code match)
DEPARTMENT OF GEOGRAPHY,Hydrology And Soil Studies,2022,Nov-Dec,,https://drive.google.com/uc?export=download&id=1EBuzEzxVFzX-hSDIKL_FFEILHokclxOm,,[S] | UPC 12297506 | Exact (Question Bank code match)
DEPARTMENT OF GEOGRAPHY,Hydrology And Soil Studies,2023,Nov-Dec,,https://drive.google.com/uc?export=download&id=1oUmHwP7O0IYRx1jGBK4OMpotmoZSi3Gm,,[S] | UPC 12297506 | Exact (Question Bank code match)
DEPARTMENT OF GEOGRAPHY,Introduction To Gi Science,2023,May-June,,https://drive.google.com/uc?export=download&id=1Erd1qWuipLzZ0CBJ3gNm1wRjH9iH0IcY,,[S] | UPC 62293602 | Exact (Question Bank code match)
DEPARTMENT OF GEOGRAPHY,Sustainable Resource Development,2022,May-June,,https://drive.google.com/uc?export=download&id=1uFpUE_QwVpRuNgmNGS_etXY6XkUn7ZmZ,,[S] | UPC 12295404 | Exact (Question Bank code match)
DEPARTMENT OF GEOGRAPHY,Economic Geography,2023,May-June,,https://drive.google.com/uc?export=download&id=1o7_L-amg7u5XmhorA_1-ru2lQv4Hab6U,,[S] | UPC 12291401 | Exact (Question Bank code match)
DEPARTMENT OF GEOGRAPHY,Introduction To Gi Science,2025,May-June,,https://drive.google.com/uc?export=download&id=1tZa7KBgUy3N10ma3Gs_L_9Ebw2H7x2lK,,[S] | UPC 62293602 | Exact (Question Bank code match)
Bachelor of Arts (Hons) Geography,Population Geography,2023,May-June,,https://drive.google.com/uc?export=download&id=1ylj7iRcHysgAsNTrG_oVPOylJTDzmUXl,,[S] | UPC 2292101202 | Exact (UPC/syllabus match)
B.A. (Prog.) Geography as Major Discipline ; B.A. (Prog.) Geography as Minor Discipline,Population Geography,2025,May-June,,https://drive.google.com/uc?export=download&id=14qi4LGMCqcDBUAbndvm6Zkne9yxEoENb,,[S] | UPC 2292201201 | Exact (UPC/syllabus match)
B.A. (Prog.) Geography as Major Discipline ; B.A. (Prog.) Geography as Minor Discipline ; Bachelor of Arts (Hons) Geography,BIOGEOGRAPHY / Biogeography,2023,Nov-Dec,,https://drive.google.com/uc?export=download&id=1sozz5C7GKYuZO5IIcfI2CiO-lBr-AVjF,,[S] | UPC 2293102001 | Exact (UPC/syllabus match)
B.A. (Prog.) Geography as Major Discipline ; B.A. (Prog.) Geography as Minor Discipline ; Bachelor of Arts (Hons) Geography,Climatology,2023,Nov-Dec,,https://drive.google.com/uc?export=download&id=1YXsmZI8LX23ehUWv-UF58S5hJlC3XxCI,,[S] | UPC 2292102301 | Exact (UPC/syllabus match)
B.A. (Prog.) Geography as Major Discipline ; B.A. (Prog.) Geography as Minor Discipline ; Bachelor of Arts (Hons) Geography,Climatology,2024,Nov-Dec,,https://drive.google.com/uc?export=download&id=1CuZAeKULAWqPOg__Px46frLCtiJqkxws,,[S] | UPC 2292102301 | Exact (UPC/syllabus match)
B.A. (Prog.) Geography as Major Discipline ; B.A. (Prog.) Geography as Minor Discipline ; Bachelor of Arts (Hons) Geography,Climatology,2023,Nov-Dec,,https://drive.google.com/uc?export=download&id=1G7qTPEz2V-Bi9H_yUDuQjBtXTsxMa1rF,,[S] | UPC 2292102301 | Exact (UPC/syllabus match)
B.A. (Prog.) Geography as Major Discipline ; B.A. (Prog.) Geography as Minor Discipline ; Bachelor of Arts (Hons) Geography,Climatology,2023,Nov-Dec,,https://drive.google.com/uc?export=download&id=1L-b_6eDOxXzxA3XqoVJlF-wRymP0Ky84,,[S] | UPC 2292102301 | Exact (UPC/syllabus match)
Bachelor of Arts (Hons) Geography,Contemporary Environmental Issues,2023,Nov-Dec,,https://drive.google.com/uc?export=download&id=13x6RBHZXyld_N-9xOLeWqW4v0AOvGK4z,,[S] | UPC 2294002003 | Exact (UPC/syllabus match)
Bachelor of Arts (Hons) Geography,Disaster Management,2024,May-June,,https://drive.google.com/uc?export=download&id=1U66Nb5V55TwUpBnbbgFFLJlRU0PZV8yM,,[S] | UPC 2294001202 | Exact (UPC/syllabus match)
Bachelor of Arts (Hons) Geography,Disaster Management,2023,May-June,,https://drive.google.com/uc?export=download&id=1r2wHyr8ZWrpcmENoOF11bav1tzjaSgHn,,[S] | UPC 2294001202 | Exact (UPC/syllabus match)
B.A. (Prog.) Geography as Major Discipline ; B.A. (Prog.) Geography as Minor Discipline,Economic Geography,2024,May-June,,https://drive.google.com/uc?export=download&id=179zij6OI4Bmtsybkj7XGg7WB9KqxUi5I,,[S] | UPC 2292202401 | Exact (UPC/syllabus match)
B.A. (Prog.) Geography as Major Discipline ; B.A. (Prog.) Geography as Minor Discipline,Economic Geography,2024,May-June,,https://drive.google.com/uc?export=download&id=1PVjhLwEOEAl67a977aDCy80254NgSgOC,,[S] | UPC 2292202401 | Exact (UPC/syllabus match)
B.A. (Prog.) Geography as Major Discipline ; B.A. (Prog.) Geography as Minor Discipline,Economic Geography,2025,May-June,,https://drive.google.com/uc?export=download&id=15y9hRVLbAtRqvBuArk-f2ShvpvioPNPS,,[S] | UPC 2292202401 | Exact (UPC/syllabus match)
Bachelor of Arts (Hons) Geography,Economic Geography,2025,May-June,,https://drive.google.com/uc?export=download&id=1YfXcQsC008QtLAeC__JEAASixZgZxhUV,,[S] | UPC 2292102402 | Exact (UPC/syllabus match)
B.A. (Prog.) Geography as Major Discipline ; B.A. (Prog.) Geography as Minor Discipline,Economic Geography,2025,May-June,,https://drive.google.com/uc?export=download&id=1g2XEVyn-tYZ-sTOUVThzR6uAP1ycpP0V,,[S] | UPC 2292202401 | Exact (UPC/syllabus match)
Bachelor of Arts (Hons) Geography,Economic Geography,2024,May-June,,https://drive.google.com/uc?export=download&id=1GX49dOhB2UN7j1v_cR-WXvUHWOjxjZwu,,[S] | UPC 2292102402 | Exact (UPC/syllabus match)
Bachelor of Arts (Hons) Geography,Education for Sustainable Development,2025,May-June,,https://drive.google.com/uc?export=download&id=1R-EQcSA_mmmwF8jaEycLyG2CL0sYMamn,,[S] | UPC 2294000019 | Exact (UPC/syllabus match)
Bachelor of Arts (Hons) Geography,Environment and Ecology,2024,Nov-Dec,,https://drive.google.com/uc?export=download&id=1tlRsjXUBDKUvRAMDFiCcsIIysGiYgBId,,[S] | UPC 2292103501 | Exact (UPC/syllabus match)
B.A. (Prog.) Geography as Major Discipline,Evolution of Geographical Thought,2025,May-June,,https://drive.google.com/uc?export=download&id=1XUDgzg5MTuvPgnCwvpDciDcjDR5CzamG,,[S] | UPC 2292203602 | Exact (UPC/syllabus match)
B.A. (Prog.) Geography as Major Discipline,Evolution of Geographical Thought,2025,May-June,,https://drive.google.com/uc?export=download&id=1XuYghVQmPMr3TdJUkpJL2XzZ0eOMxC8X,,[S] | UPC 2292203602 | Exact (UPC/syllabus match)
Bachelor of Arts (Hons) Geography,Evolution of Geographical Thought,2025,May-June,,https://drive.google.com/uc?export=download&id=1flIRVwq8uSdye6B6FcwVW0FrwDHmSHI3,,[S] | UPC 2292103602 | Exact (UPC/syllabus match)
B.A. (Prog.) Geography as Major Discipline,Evolution of Geographical Thought,2025,May-June,,https://drive.google.com/uc?export=download&id=1Tz8Fqto-PgEEe1LEHfwGnR0PfRlrVIVs,,[S] | UPC 2292203602 | Exact (UPC/syllabus match)
B.A. (Prog.) Geography as Major Discipline,Evolution of Geographical Thought,2025,May-June,,https://drive.google.com/uc?export=download&id=1zh6yPWLn7-cqfoRK4V5G8gUfSZ8fY_QJ,,[S] | UPC 2292203602 | Exact (UPC/syllabus match)
Bachelor of Arts (Hons) Geography,Disaster Management Based Project Report (Practical),2025,May-June,,https://drive.google.com/uc?export=download&id=1LesnEdWpf7Fm_hVI4EdORr3_1NsJjpkq,,[S] | UPC 2292103603 | Exact (UPC/syllabus match)
Bachelor of Arts (Hons) Geography,Geography of India,2024,Nov-Dec,,https://drive.google.com/uc?export=download&id=1wVloW2b4PmiXzofpVmtELLeCH37kIBwX,,[S] | UPC 2294001002 | Exact (UPC/syllabus match)
Bachelor of Arts (Hons) Geography,Geography of India,2023,Nov-Dec,,https://drive.google.com/uc?export=download&id=1p9T_B-Dvhj1ej6ioYi4ktRFPLqSLl8ui,,[S] | UPC 2294001002 | Exact (UPC/syllabus match)
Bachelor of Arts (Hons) Geography,Geography of India,2022,Nov-Dec,,https://drive.google.com/uc?export=download&id=1rj-05Tn4cu7oSirDXeDyCaaaV3oVT_tx,,[S] | UPC 2294001002 | Exact (UPC/syllabus match)
B.A. (Prog.) Geography as Major Discipline,Geomorphology,2024,May-June,,https://drive.google.com/uc?export=download&id=1YiekKx4fU89s0Zs0xDbHVZtgJlCWID5C,,[S] | UPC 2292201202 | Exact (UPC/syllabus match)
B.A. (Prog.) Geography as Major Discipline,Geomorphology,2024,May-June,,https://drive.google.com/uc?export=download&id=1c1lytsrEubaY_gc25XjPtTDCD1PzbK15,,[S] | UPC 2292201202 | Exact (UPC/syllabus match)
Bachelor of Arts (Hons) Geography,Geomorphology,2023,May-June,,https://drive.google.com/uc?export=download&id=19qi2cvv8Vljww8EWUYh1DznmWK6-vw0O,,[S] | UPC 2292101201 | Exact (UPC/syllabus match)
Bachelor of Arts (Hons) Geography,Population Geography,2023,May-June,,https://drive.google.com/uc?export=download&id=1w9_xRHcLBFlLc_9Cybkxs3NSbdFQo0Al,,[S] | UPC 2292101202 | Exact (UPC/syllabus match)
Bachelor of Arts (Hons) Geography,Human Geography,2022,Nov-Dec,,https://drive.google.com/uc?export=download&id=14yBlZrz4vDOaM8LT2LMescP7jIlv7PRK,,[S] | UPC 2292101102 | Exact (UPC/syllabus match)
Bachelor of Arts (Hons) Geography,Human Geography,2024,Nov-Dec,,https://drive.google.com/uc?export=download&id=1orengYEPxQcpTXhH_6KEelO9Zl6biFRL,,[S] | UPC 2292101102 | Exact (UPC/syllabus match)
B.A. (Prog.) Geography as Major Discipline,Human Geography,2023,Nov-Dec,,https://drive.google.com/uc?export=download&id=15yvgWB1pSf1yyou4nkym-LvZsStnFzhJ,,[S] | UPC 2292201102 | Exact (UPC/syllabus match)
Bachelor of Arts (Hons) Geography,Human Geography,2023,Nov-Dec,,https://drive.google.com/uc?export=download&id=1ItnIoMNeR3qsIStr1rcYls9D9FgWwLGT,,[S] | UPC 2292101102 | Exact (UPC/syllabus match)
B.A. (Prog.) Geography as Major Discipline ; B.A. (Prog.) Geography as Minor Discipline ; Bachelor of Arts (Hons) Geography,NATURAL RESOURCE MANAGEMENT / Natural Resource Management,2024,May-June,,https://drive.google.com/uc?export=download&id=1W_qgTmxzOne5-G2t3R-Wn1lcSOAsWU-6,,[S] | UPC 2293102005 | Exact (UPC/syllabus match)
B.A. (Prog.) Geography as Major Discipline,Oceanography,2024,May-June,,https://drive.google.com/uc?export=download&id=10OC0ZuRc6IJqyGGmZ8lpp7YMYW18wwxI,,[S] | UPC 2292202402 | Exact (UPC/syllabus match)
Bachelor of Arts (Hons) Geography,Oceanography,2024,May-June,,https://drive.google.com/uc?export=download&id=1BT5BLApsHO4-U1Wf_ALA1_I44s_bFf4P,,[S] | UPC 2292102401 | Exact (UPC/syllabus match)
B.A. (Prog.) Geography as Major Discipline,Oceanography,2025,May-June,,https://drive.google.com/uc?export=download&id=1v2bvsi91tVAexPgSDNBg80ez1xDdS99R,,[S] | UPC 2292202402 | Exact (UPC/syllabus match)
B.A. (Prog.) Geography as Major Discipline ; B.A. (Prog.) Geography as Minor Discipline,Physical Geography,2023,Nov-Dec,,https://drive.google.com/uc?export=download&id=1TgClTWMqtaLvOhm8P2B1j5f1CKwiLQIi,,[S] | UPC 2292201101 | Exact (UPC/syllabus match)
B.A. (Prog.) Geography as Major Discipline ; B.A. (Prog.) Geography as Minor Discipline,Physical Geography,2023,Nov-Dec,,https://drive.google.com/uc?export=download&id=1c3nYO_4wtOlFiJBUzuplSk5Ex4o8zhJo,,[S] | UPC 2292201101 | Exact (UPC/syllabus match)
Bachelor of Arts (Hons) Geography,Physical Geography,2022,Nov-Dec,,https://drive.google.com/uc?export=download&id=1ZoXCIqoucZOKqy6T80v-jAcqXY08B1xT,,[S] | UPC 2292101101 | Exact (UPC/syllabus match)
B.A. (Prog.) Geography as Major Discipline ; B.A. (Prog.) Geography as Minor Discipline ; Bachelor of Arts (Hons) Geography,POLITICAL GEOGRAPHY / Political Geography,2024,Nov-Dec,,https://drive.google.com/uc?export=download&id=13cmARbnyaWk800B_7n22XVOl8iX9uJ_-,,[S] | UPC 2293100006 | Exact (UPC/syllabus match)
Bachelor of Arts (Hons) Geography,Population Geography,2024,May-June,,https://drive.google.com/uc?export=download&id=1UEPB0fM9ApRzeVvxqwBe8WPUK-fcnKg3,,[S] | UPC 2292101202 | Exact (UPC/syllabus match)
B.A. (Prog.) Geography as Major Discipline ; B.A. (Prog.) Geography as Minor Discipline,Population Geography,2024,May-June,,https://drive.google.com/uc?export=download&id=1lYZDX2swGlxpxjYln9SHkUACPrGqIA8J,,[S] | UPC 2292201201 | Exact (UPC/syllabus match)
Bachelor of Arts (Hons) Geography,Population Geography,2024,May-June,,https://drive.google.com/uc?export=download&id=1rCdfE3PPhJKvtWYa1MVbV8mMboxEBki9,,[S] | UPC 2292101202 | Exact (UPC/syllabus match)
B.A. (Prog.) Geography as Major Discipline ; B.A. (Prog.) Geography as Minor Discipline,Population Geography,2023,May-June,,https://drive.google.com/uc?export=download&id=1RQVyLWZ98EY2yfWxAEbBVDBXqm1LI-Hi,,[S] | UPC 2292201201 | Exact (UPC/syllabus match)
B.A. (Prog.) Geography as Major Discipline ; B.A. (Prog.) Geography as Minor Discipline,Population Geography,2023,May-June,,https://drive.google.com/uc?export=download&id=1YfEx6HuhszKXzVd5u73nPxZMnBv88AvJ,,[S] | UPC 2292201201 | Exact (UPC/syllabus match)
Bachelor of Arts (Hons) Geography,Principles of Human Geography,2025,May-June,,https://drive.google.com/uc?export=download&id=1qbC1Z4aeN_hfhRHw6rykbpDl3boJ9YqC,,[S] | UPC 2294000024 | Exact (UPC/syllabus match)
B.A. (Prog.) Geography as Major Discipline ; B.A. (Prog.) Geography as Minor Discipline,Regional Geography of India,2025,May-June,,https://drive.google.com/uc?export=download&id=1YlJWmYVtjyn7hu7DkJMXtL_XsrBHVy9h,,[S] | UPC 2292203601 | Exact (UPC/syllabus match)
Bachelor of Arts (Hons) Geography,Regional Geography of India,2025,May-June,,https://drive.google.com/uc?export=download&id=1frn48-bSYFXNhcO3vR_wFstMSs1mYZ1Y,,[S] | UPC 2292103601 | Exact (UPC/syllabus match)
B.A. (Prog.) Geography as Major Discipline ; B.A. (Prog.) Geography as Minor Discipline,Regional Geography of India,2025,May-June,,https://drive.google.com/uc?export=download&id=1jrlNJTm1dAXNnKCrYwSgTC4KiMl7LxYG,,[S] | UPC 2292203601 | Exact (UPC/syllabus match)
Bachelor of Arts (Hons) Geography,Regional Development,2025,May-June,,https://drive.google.com/uc?export=download&id=1RbDfjF9EmbzlOEgaU8wAvv3ftQLlJUdD,,[S] | UPC 2294000013 | Exact (UPC/syllabus match)
Bachelor of Arts (Hons) Geography,Sustainable Development: Society and Policy Interface,2025,May-June,,https://drive.google.com/uc?export=download&id=1G0ZyXDU1EDjZ5_SClrzQyRE9fSMPUv_g,,[S] | UPC 2294000011 | Exact (UPC/syllabus match)
Bachelor of Arts (Hons) Geography,Sustainable Development: Society and Policy Interface,2024,May-June,,https://drive.google.com/uc?export=download&id=1QLThMPR3OsrchA8t3y9hWaDG95eDLeEa,,[S] | UPC 2294000011 | Exact (UPC/syllabus match)
B.A. (Prog.) Geography as Major Discipline ; B.A. (Prog.) Geography as Minor Discipline,Population Geography,2025,May-June,,https://drive.google.com/uc?export=download&id=1wnaJGhSvES-XwpT0XEUC4JOS_R4CmMyo,,[S] | UPC 2292201201 | Exact (UPC/syllabus match)
B.A. (Prog.) Geography as Major Discipline ; Bachelor of Arts (Hons) Geography,Fundamentals of Remote Sensing (Practical) / Urba Geography,2023,Nov-Dec,,https://drive.google.com/uc?export=download&id=1sqDP8PZ7Q7jXNMnLMwclXY71NV5q3lIm,,[S] | UPC 2292102302 | Exact (UPC/syllabus match)
B.A. (Prog.) Geography as Major Discipline,Biogeography,2025,May-June,,https://drive.google.com/uc?export=download&id=165Ol2A58MtqqS9a7lW1uYsftA9_U5CeC,,[S] | UPC 2293102001 | High (verify recommended)
B.A. (Prog.) Geography as Major Discipline,Climatology,2024,Nov-Dec,,https://drive.google.com/uc?export=download&id=1QOHMyaPFTXIcnz_RFDdU_M98zivVuird,,[S] | UPC 2292102301 | High (verify recommended)
B.A. (Prog.) Geography as Major Discipline,Climatology,2023,Nov-Dec,,https://drive.google.com/uc?export=download&id=1IBzBfLmrS96SiqC-vRnEh6oMUqaLLB3a,,[S] | UPC 2292102301 | High (verify recommended)
B.A. (Prog.) Geography as Major Discipline,Climatology,2022,Nov-Dec,,https://drive.google.com/uc?export=download&id=1EyaLA_8aiBXW-K8RbiFdyyqwBJs1gB3u,,[S] | UPC 2292102301 | High (verify recommended)
Bachelor of Arts (Hons) Geography,Disaster Management,2023,Nov-Dec,,https://drive.google.com/uc?export=download&id=17QmgfhJvRFnrFsXlvBGTdyCsoZbA1zr9,,[S] | UPC 2294001202 | High (verify recommended)
Bachelor of Arts (Hons) Geography,Disaster Management,2022,Nov-Dec,,https://drive.google.com/uc?export=download&id=1XOkIbvn3DbOLI2rFeRX4DcEoahOSOuj8,,[S] | UPC 2294001202 | High (verify recommended)
B.A. (Prog.) Geography as Major Discipline,Economic Geography,2024,May-June,,https://drive.google.com/uc?export=download&id=1MHkVra4ctJmmSnQu40c41impDsCsCff9,,[S] | UPC 2292202401 | High (verify recommended)
B.A. (Prog.) Geography as Major Discipline,Evolution of Geographical Thought,2024,May-June,,https://drive.google.com/uc?export=download&id=1DZqNbXrSKblimLTq8n3J_HszkD24YIz7,,[S] | UPC 2292203602 | High (verify recommended)
B.A. (Prog.) Geography as Major Discipline,Evolution of Geographical Thought,2023,May-June,,https://drive.google.com/uc?export=download&id=1Pbn2VN6EAfhIhxMRwrJSLLjoJtMMPWiW,,[S] | UPC 2292203602 | High (verify recommended)
B.A. (Prog.) Geography as Major Discipline,Evolution of Geographical Thought,2025,May-June,,https://drive.google.com/uc?export=download&id=1u-_KmWw8PXNNPpxBTGR98YGkg4HO7CKE,,[S] | UPC 2292203602 | High (verify recommended)
Bachelor of Arts (Hons) Geography,Geography of India,2023,Nov-Dec,,https://drive.google.com/uc?export=download&id=11HgOTTZLVmW-E5EuBcje8-n6rNWGpUve,,[S] | UPC 2294001002 | High (verify recommended)
Bachelor of Arts (Hons) Geography,Geography of India,2023,Nov-Dec,,https://drive.google.com/uc?export=download&id=1punQ9HaOEK83iJeSRdju8w0xbLBU0IVG,,[S] | UPC 2294001002 | High (verify recommended)
Bachelor of Arts (Hons) Geography,Geography of India,2022,Nov-Dec,,https://drive.google.com/uc?export=download&id=111-3eT08HYege525hGDQ6Pd3PBnwOqwp,,[S] | UPC 2294001002 | High (verify recommended)
Bachelor of Arts (Hons) Geography,Geography of India,2022,Nov-Dec,,https://drive.google.com/uc?export=download&id=15FP3mP1JdDhKSCsUJEorQ3qBouILsSou,,[S] | UPC 2294001002 | High (verify recommended)
Bachelor of Arts (Hons) Geography,Geography of India,2024,Nov-Dec,,https://drive.google.com/uc?export=download&id=1z8fA1wJljr8sKWpGmX21e7SuEvhzTzli,,[S] | UPC 2294001002 | High (verify recommended)
B.A. (Prog.) Geography as Major Discipline,Geomorphology,2023,Nov-Dec,,https://drive.google.com/uc?export=download&id=18BS_11oOBLJXVve97eMu62amI7c7lbhz,,[S] | UPC 2292201202 | High (verify recommended)
B.A. (Prog.) Geography as Major Discipline,Human Geography,2023,May-June,,https://drive.google.com/uc?export=download&id=1cmEERAvdcISpiVntGBtFQBzWpojmGMSq,,[S] | UPC 2292201102 | High (verify recommended)
B.A. (Prog.) Geography as Major Discipline,Human Geography,2025,May-June,,https://drive.google.com/uc?export=download&id=1vgeDpmvM1aK-MEk2VIf0WwmlJrxPJUOh,,[S] | UPC 2292201102 | High (verify recommended)
B.A. (Prog.) Geography as Major Discipline,Human Geography,2022,May-June,,https://drive.google.com/uc?export=download&id=11KoTRWMgIRZRYdqWgX_e23opOW19PZFg,,[S] | UPC 2292201102 | High (verify recommended)
B.A. (Prog.) Geography as Major Discipline,Human Geography,2022,May-June,,https://drive.google.com/uc?export=download&id=1pG0-Q2VVwCSuS1JnvrHHhc23lvngw1B_,,[S] | UPC 2292201102 | High (verify recommended)
B.A. (Prog.) Geography as Major Discipline,Human Geography,2022,May-June,,https://drive.google.com/uc?export=download&id=1wG1P_5a8JpEe7jjy90lQthhxbtRQh1d-,,[S] | UPC 2292201102 | High (verify recommended)
B.A. (Prog.) Geography as Major Discipline,Human Geography,2022,May-June,,https://drive.google.com/uc?export=download&id=1pdk2OBKpd9mldymxPsEdWituaiEHroxi,,[S] | UPC 2292201102 | High (verify recommended)
B.A. (Prog.) Geography as Major Discipline,Introduction To Research Methods In Geography,2025,May-June,,https://drive.google.com/uc?export=download&id=1DDzxx8eNmOyuz3FKNmm2Kxoy183kTnFE,,[S] | UPC 2293100010 | High (verify recommended)
B.A. (Prog.) Geography as Major Discipline,Oceanography,2025,May-June,,https://drive.google.com/uc?export=download&id=1Q0bf5oPpiVX0Z85anG7PleTHjcet1sv2,,[S] | UPC 2292202402 | High (verify recommended)
B.A. (Prog.) Geography as Major Discipline,Physical Geography,2023,Nov-Dec,,https://drive.google.com/uc?export=download&id=1x0BBx5_878U1b3JxrZMNM5VvpR6hEPR2,,[S] | UPC 2292201101 | High (verify recommended)
B.A. (Prog.) Geography as Major Discipline,Physical Geography,2023,Nov-Dec,,https://drive.google.com/uc?export=download&id=1zinNOldjyS_QuB0-VxbiEC2cA86fhSh5,,[S] | UPC 2292201101 | High (verify recommended)
B.A. (Prog.) Geography as Major Discipline,Physical Geography,2022,Nov-Dec,,https://drive.google.com/uc?export=download&id=1vb41n_TlPG369u_pPakT5mj4tnCX7WT0,,[S] | UPC 2292201101 | High (verify recommended)
B.A. (Prog.) Geography as Major Discipline,Physical Geography,2023,Nov-Dec,,https://drive.google.com/uc?export=download&id=16vD2g-CjKAPFsDP1C_Xkef_SrCvsDhHP,,[S] | UPC 2292201101 | High (verify recommended)
B.A. (Prog.) Geography as Major Discipline,Economic Geography,2024,Nov-Dec,,https://drive.google.com/uc?export=download&id=1FTNcvbJH1i6a6nbvTchTzoJBao1EF9fF,,[S] | UPC 2292202401 | High (verify recommended)
B.A. (Prog.) Geography as Major Discipline,Agricultural Geography And Food Security,2022,Nov-Dec,,https://drive.google.com/uc?export=download&id=1SvgJWPtAn70GIH_GmtvxHaMYCUYPknkA,,[S] | UPC 2292203502 | Medium (verify required)
B.A. (Prog.) Geography as Major Discipline,Agricultural Geography And Food Security,2023,Nov-Dec,,https://drive.google.com/uc?export=download&id=1Vsb-3yztZ_YAXFNPo-kFv9z9i_b53lJa,,[S] | UPC 2292203502 | Medium (verify required)
B.A. (Prog.) Geography as Major Discipline,Environment And Ecology,2024,May-June,,https://drive.google.com/uc?export=download&id=18PQTmsTsQgrxTmKc31CpHIEt2vPQbNd5,,[S] | UPC 2292203501 | Medium (verify required)
B.A. (Prog.) Geography as Major Discipline,Environment And Ecology,2024,May-June,,https://drive.google.com/uc?export=download&id=1_FVpfopHfzIdLJjWadv8BATkt0xbrEdA,,[S] | UPC 2292203501 | Medium (verify required)
B.A. (Prog.) Geography as Major Discipline,Environment And Ecology,2023,May-June,,https://drive.google.com/uc?export=download&id=1ORJkttgykYeDBGGsCWxxz4TNLCEwyYEa,,[S] | UPC 2292203501 | Medium (verify required)
B.A. (Prog.) Geography as Major Discipline,Environment And Ecology,2023,May-June,,https://drive.google.com/uc?export=download&id=1dnmvLb5wZ90lykaZMmDrhqILFpGm8Axw,,[S] | UPC 2292203501 | Medium (verify required)
B.A. (Prog.) Geography as Major Discipline,Environment And Ecology,2022,May-June,,https://drive.google.com/uc?export=download&id=1WfR2E83sJPBfrHQ43y_r3T9y6Gtx82Nq,,[S] | UPC 2292203501 | Medium (verify required)
B.A. (Prog.) Geography as Major Discipline,Environment And Ecology,2022,May-June,,https://drive.google.com/uc?export=download&id=1nT3fZ5s2ZBIy77-oiW_k76bUGtwpQIQL,,[S] | UPC 2292203501 | Medium (verify required)
B.A. (Prog.) Geography as Major Discipline,Regional Geography of India,2024,May-June,,https://drive.google.com/uc?export=download&id=1l42lsk888Pwb4MyitL-yaLlpgyLSJpUf,,[S] | UPC 2292203601 | Medium (verify required)
Bachelor of Arts (Hons) Geography,Fundamentals of Remote Sensing (Practical),2024,May-June,,https://drive.google.com/uc?export=download&id=1ZkDqV6zjJ-aLbediIihkQEOmf3yjrIrE,,[S] | UPC 2292102302 | Medium (verify required)
Bachelor of Arts (Hons) Geography,Fundamentals of Remote Sensing (Practical),2023,May-June,,https://drive.google.com/uc?export=download&id=1avylP78TLeeLwMkjx4bKw7vDxDW0NjPn,,[S] | UPC 2292102302 | Medium (verify required)
Bachelor of Arts (Hons) Geography,Geography of India,2025,May-June,,https://drive.google.com/uc?export=download&id=1tOmsESYj4NTZJmlU7NlQH9dgbxnEAqyi,,[S] | UPC 2294001002 | Medium (verify required)
Bachelor of Arts (Hons) Geography,Geography of India,2023,May-June,,https://drive.google.com/uc?export=download&id=1El1pTp7zZ0c3v1A1dPfV8dM2ipFcBfW4,,[S] | UPC 2294001002 | Medium (verify required)
Bachelor of Arts (Hons) Geography,Geography of Health and Wellbeing,2022,May-June,,https://drive.google.com/uc?export=download&id=1PFfcE8weOwLZTdzg2Mtgo5HJkYDNBl4q,,[S] | UPC 2294001001 | Medium (verify required)
B.A. (Prog.) Geography as Major Discipline,Human Geography,2022,May-June,,https://drive.google.com/uc?export=download&id=13x9f5kMLN-vuXNLdiZesleSg6GFix0qg,,[S] | UPC 2292201102 | Medium (verify required)
B.A. (Prog.) Geography as Major Discipline,Introduction To Geospatial Technologies (Practical),2025,May-June,,https://drive.google.com/uc?export=download&id=1nnm0YKO9wIwPG8O01TcKmjIcyy6KbpGp,,[S] | UPC 2292204801 | Medium (verify required)
B.A. (Prog.) Geography as Major Discipline,Introduction To Geospatial Technologies (Practical),2022,May-June,,https://drive.google.com/uc?export=download&id=1LmBysDZK_W_giX-4vG3r0AcMu9J2b8l2,,[S] | UPC 2292204801 | Medium (verify required)
B.A. (Prog.) Geography as Major Discipline,Introduction To Geospatial Technologies (Practical),2024,May-June,,https://drive.google.com/uc?export=download&id=1_xcGlrUeDJh_vppE2gm2jflnp0ekvwh4,,[S] | UPC 2292204801 | Medium (verify required)
B.A. (Prog.) Geography as Major Discipline,Regional Planning And Development,2023,Nov-Dec,,https://drive.google.com/uc?export=download&id=10CK68wv00dRHffsWK1okS2tNWzvMna2Z,,[S] | UPC 2293100024 | Medium (verify required)
B.A. (Prog.) Geography as Major Discipline,Regional Planning And Development,2023,Nov-Dec,,https://drive.google.com/uc?export=download&id=1DTEhQUZs4onVqRLz84dz1fI0xUN5P--y,,[S] | UPC 2293100024 | Medium (verify required)
B.A. (Prog.) Geography as Major Discipline,Regional Planning And Development,2022,Nov-Dec,,https://drive.google.com/uc?export=download&id=11CHvr5aEPVNDgCtmLlW0xCofZ4Slgfsk,,[S] | UPC 2293100024 | Medium (verify required)
B.A. (Prog.) Geography as Major Discipline,Regional Planning And Development,2022,Nov-Dec,,https://drive.google.com/uc?export=download&id=1FSqiBrG9Az2fVmSjrStcRBwQeA0xPuyC,,[S] | UPC 2293100024 | Medium (verify required)
B.A. (Prog.) Geography as Major Discipline,Regional Planning And Development,2022,Nov-Dec,,https://drive.google.com/uc?export=download&id=1IKnt_b5yeOGR634hTZK7qV4R48luZc5T,,[S] | UPC 2293100024 | Medium (verify required)
Bachelor of Arts (Hons) Geography,Spatial Information Technology,2022,May-June,,https://drive.google.com/uc?export=download&id=1AF4sfap0tZXJgc53BQnPhpj_0A9NuGVI,,[S] | UPC 2294002005 | Medium (verify required)
B.A. (Prog.) Geography as Major Discipline,Introduction To Geospatial Technologies (Practical),2023,May-June,,https://drive.google.com/uc?export=download&id=1cmIHqHTvE8DNNxDCp3IIUzjG0NnrBIAI,,[S] | UPC 2292204801 | Medium (verify required)
Geography,Geography,,Not Specified,,https://drive.google.com/uc?export=download&id=1BZl3FfJkJPvSa4S-0Biozagt8Gr0uJsH,,[S] | Unmatched (manual mapping needed)
Geography,Geography,,Not Specified,,https://drive.google.com/uc?export=download&id=1q0sNkuqDKkWaVcrqRU8CBAfU-hJb0pYT,,[S] | Unmatched (manual mapping needed)
Geography,Geography,,Not Specified,,https://drive.google.com/uc?export=download&id=1qg2Eom-FuK2UEIgT7qhUMrQAc6Qhmh-G,,[S] | Unmatched (manual mapping needed)
Geography,Geography,,Not Specified,,https://drive.google.com/uc?export=download&id=1MTe5EFGJiOsbIiOv2WN2dppENKE6ZzN-,,[S] | Unmatched (manual mapping needed)
Geography,Geography,,Not Specified,,https://drive.google.com/uc?export=download&id=15aCBx3McimK4674Er_Nl9-_9D3QWPfu3,,[S] | Unmatched (manual mapping needed)
Geography,Geography,,Not Specified,,https://drive.google.com/uc?export=download&id=1_PacxM03WnObfvJ2zNDL2LCmzwkMRbju,,[S] | Unmatched (manual mapping needed)
Geography,Geography,2023,Nov-Dec,,https://drive.google.com/uc?export=download&id=1QUsg5F0EAhocoCE1V1GPWrkmqK9PwAD0,,[S] | Unmatched (manual mapping needed)
Geography,Geography,2022,Nov-Dec,,https://drive.google.com/uc?export=download&id=1k_b6v_znoLrvOSRS47_mviUiAb97gnoT,,[S] | Unmatched (manual mapping needed)
Geography,Geography,2023,May-June,,https://drive.google.com/uc?export=download&id=1SMIaILt2z3NSW21bEZ0WNy807ExV-uDJ,,[S] | Unmatched (manual mapping needed)
Geography,Geography,2025,May-June,,https://drive.google.com/uc?export=download&id=1Smm-CpYHYc5tbhKzCSPWXf1Gv7xdI8LA,,[S] | Unmatched (manual mapping needed)
Geography,Geography,2024,Nov-Dec,,https://drive.google.com/uc?export=download&id=1IDtnQoHkMEG2SwRyMZmMwnJLwOQ2LLlY,,[S] | Unmatched (manual mapping needed)
Geography,Geography,2025,May-June,,https://drive.google.com/uc?export=download&id=1wxiaZvdtb_S7UxUR-tAZwy7JAyf-p2rO,,[S] | Unmatched (manual mapping needed)
DEPARTMENT OF HINDI,Hindi Gadya : Udbhav Aur Vikas (A),2023,Nov-Dec,,https://drive.google.com/uc?export=download&id=1-GxuzEHI4i9_GVDK0hMvdzvdTKQExxmM,,[S] | UPC 2055002001 | Exact (Question Bank code match)
DEPARTMENT OF HINDI,Anuvad: Vyavhar Aur Sidhant,2023,Nov-Dec,,https://drive.google.com/uc?export=download&id=1iF5I1Jj6EUrtc_23PaVXC3LyuwvlpH8s,,[S] | UPC 62055501 | Exact (Question Bank code match)
DEPARTMENT OF HINDI,Hindi Katha Sahitya,2024,Nov-Dec,,https://drive.google.com/uc?export=download&id=1KZa4oxWpFUAEbbKv6ED5BT3kZsjvGZ0F,,[S] | UPC 2052202301 | Exact (Question Bank code match)
DEPARTMENT OF HINDI,Hindi Bhasha Aur Sahitya Ka Udbhav Aur Vikash (Hindi C),2023,Nov-Dec,,https://drive.google.com/uc?export=download&id=16pY9x6-xaJbQWdOKVxDshIVbQfOHk99U,,[S] | UPC 2055091003 | Exact (Question Bank code match)
DEPARTMENT OF HINDI,Ashmitamoolak Vimarsh Aur Hindi Sahitya,2023,May-June,,https://drive.google.com/uc?export=download&id=1RoqTIjNK_HD727dDOXFTe_A8vp3sSnp0,,[S] | UPC 62055636 | Exact (Question Bank code match)
DEPARTMENT OF HINDI,Hindi Aalochana,2024,May-June,,https://drive.google.com/uc?export=download&id=1cT4MQvyc-uXqrg-gtXosReMJ6Vbnz6b_,,[S] | UPC 12051601 | Exact (Question Bank code match)
DEPARTMENT OF HINDI,Hindi Bhasha Aur Sahitya (B),2024,Nov-Dec,,https://drive.google.com/uc?export=download&id=1SDxnxGNqLE3DGEq4torY4nKrenzs1u_Z,,[S] | UPC 2055201002 | Exact (Question Bank code match)
DEPARTMENT OF HINDI,Anya Gadya Vidhaein,2024,May-June,,https://drive.google.com/uc?export=download&id=1ApjT138ZGd0rygieKdPjIJVEb3IiT46r,,[S] | UPC 2052202401 | Exact (Question Bank code match)
DEPARTMENT OF HINDI,Anya Gadya Vidhayein,2022,May-June,,https://drive.google.com/uc?export=download&id=1n-LFxBg16TlIE2ylQUU91hSDo5fSCU4w,,[S] | UPC 62054408 | Exact (Question Bank code match)
DEPARTMENT OF HINDI,Anya Gadya Vidhayein,2023,May-June,,https://drive.google.com/uc?export=download&id=1oNKcx9GKtncs-I4_xYEdQLGqhskDGrYY,,[S] | UPC 62054408 | Exact (Question Bank code match)
DEPARTMENT OF HINDI,Bhasha Aur Samaj,2025,May-June,,https://drive.google.com/uc?export=download&id=1K9TaLMd1f7oPzbajLj51veZdMCpLBb9O,,[S] | UPC 12053407 | Exact (Question Bank code match)
DEPARTMENT OF HINDI,Bhasha Aur Samaj,2022,May-June,,https://drive.google.com/uc?export=download&id=1SAjSWvFVKt0fAIJ_CzE1eL15uZtne2zX,,[S] | UPC 12053407 | Exact (Question Bank code match)
DEPARTMENT OF HINDI,Avdharanatmak Sahitya Pad,2024,May-June,,https://drive.google.com/uc?export=download&id=1_BmzoHIJZV-jbZnMlga57t3wiyFZar8y,,[S] | UPC 12057611 | Exact (Question Bank code match)
DEPARTMENT OF HINDI,Hindi Gadya Vikas Ke Vividh Charan(C),2025,May-June,,https://drive.google.com/uc?export=download&id=1U50DBGBatD-XukELHVYxNQCZ7L2-J-yf,,[S] | UPC 2055092003 | Exact (Question Bank code match)
DEPARTMENT OF HINDI,Hindi E (???????? ????? ????????? - I),2025,May-June,,https://drive.google.com/uc?export=download&id=1X4Luzjskm5R8aZmSlTjPwbQITO-0QRHs,,[S] | UPC 2051001006 | Exact (Question Bank code match)
DEPARTMENT OF HINDI,Hindi E (???????? ????? ????????? - I),2024,Nov-Dec,,https://drive.google.com/uc?export=download&id=1HsZeOf8WM0ZWGtfVjs4xgZC__fzdf2M0,,[S] | UPC 2051001006 | Exact (Question Bank code match)
DEPARTMENT OF HINDI,Hindi Gadya : Udbhav Aur Vikas (A),2025,May-June,,https://drive.google.com/uc?export=download&id=1RkBcnwmKOu7g4WIs8lCAlYQKJNqTX5pB,,[S] | UPC 2055002001 | Exact (Question Bank code match)
DEPARTMENT OF HINDI,Hindi Gadya : Udbhav Aur Vikas (A),2025,May-June,,https://drive.google.com/uc?export=download&id=1jpkaAN1mqrJ7ywyb7SRC3SykaiJ-A-3T,,[S] | UPC 2055002001 | Exact (Question Bank code match)
DEPARTMENT OF HINDI,Hindi A,2025,May-June,,https://drive.google.com/uc?export=download&id=1HcJPNhk3MwZ-Y-DGe3ON76gqpZomgRwO,,[S] | UPC 62051202 | Exact (Question Bank code match)
DEPARTMENT OF HINDI,Hindi B,2022,May-June,,https://drive.google.com/uc?export=download&id=14FFMCp80Qi_gUKY4WMV13llhGGfhee_L,,[S] | UPC 62051203 | Exact (Question Bank code match)
DEPARTMENT OF HINDI,Hindi A,2024,Nov-Dec,,https://drive.google.com/uc?export=download&id=1Npkc6gcWx7bhGULXSiXCw-1E0kla6sJr,,[S] | UPC 62051312 | Exact (Question Bank code match)
DEPARTMENT OF HINDI,Hindi A,2022,Nov-Dec,,https://drive.google.com/uc?export=download&id=1YC7BaBUlIk7kpRmkQg02LRVX5SONr0tc,,[S] | UPC 62051312 | Exact (Question Bank code match)
DEPARTMENT OF HINDI,Hindi A,2022,May-June,,https://drive.google.com/uc?export=download&id=1HrdDOIVlHH6NrcSyOJH9e2YIGrTdfU_e,,[S] | UPC 62051202 | Exact (Question Bank code match)
DEPARTMENT OF HINDI,Hindi A,2022,May-June,,https://drive.google.com/uc?export=download&id=1hz2rN0hCD__AojwZjig9WyudA3D4I71O,,[S] | UPC 62051202 | Exact (Question Bank code match)
DEPARTMENT OF HINDI,Hindi Gadya : Udbhav Aur Vikas Hindi-B,2024,Nov-Dec,,https://drive.google.com/uc?export=download&id=1Py1Q7GIB5Sbp5whtvJ-892dxsiPyfKHs,,[S] | UPC 62051313 | Exact (Question Bank code match)
DEPARTMENT OF HINDI,Hindi E (???????? ????? ????????? - I),2024,May-June,,https://drive.google.com/uc?export=download&id=1bYKhZzVitATwN1xj3eB97yRox_BCttm4,,[S] | UPC 2051001006 | Exact (Question Bank code match)
DEPARTMENT OF HINDI,Hindi Gadya : Udbhav Aur Vikas Hindi-B,2023,Nov-Dec,,https://drive.google.com/uc?export=download&id=10uXWJqJ9H5xcgHYbfTxGAk6ns6wvlwRd,,[S] | UPC 62051313 | Exact (Question Bank code match)
DEPARTMENT OF HINDI,Hindi Bhasha Aur Sahitya Ka Itihas,2023,Nov-Dec,,https://drive.google.com/uc?export=download&id=13F4Rh1E-9C3Q_N-2xbnw12gEAROWn63p,,[S] | UPC 2052201101 | Exact (Question Bank code match)
DEPARTMENT OF HINDI,Hindi Bhasha Aur Sahitya (C),2025,May-June,,https://drive.google.com/uc?export=download&id=18eHDkgnyw8YCdmKKJvLszizpatfZN4Nn,,[S] | UPC 2055201003 | Exact (Question Bank code match)
DEPARTMENT OF HINDI,Hindi Bhasha Aur Sahitya (C),2025,May-June,,https://drive.google.com/uc?export=download&id=1uyI7IwpLYOG3sAAmUW_qZdf3SSFFrS5E,,[S] | UPC 2055201003 | Exact (Question Bank code match)
DEPARTMENT OF HINDI,Hindi Bhasha Aur Sahitya (C),2022,Nov-Dec,,https://drive.google.com/uc?export=download&id=1FNttLHTd2-MvZf_SmPoaQHUO5cNByWNy,,[S] | UPC 2055201003 | Exact (Question Bank code match)
DEPARTMENT OF HINDI,Hindi Bhasha Aur Sahitya (A),2023,May-June,,https://drive.google.com/uc?export=download&id=1Pgi-i_lDpGYGoyZVSFfFKEwVNA8U-sQI,,[S] | UPC 2055201001 | Exact (Question Bank code match)
DEPARTMENT OF HINDI,Hindi Bhasha Aur Sahitya (C),2024,Nov-Dec,,https://drive.google.com/uc?export=download&id=1aFLFCpBcQ8me5N6bxB60ITjmSbhU-_56,,[S] | UPC 2055201003 | Exact (Question Bank code match)
DEPARTMENT OF HINDI,Hindi Bhasha Aur Sahitya Ka Udbhav Aur Vikash (Hindi A),2024,Nov-Dec,,https://drive.google.com/uc?export=download&id=1YXqhzzB0Lo0uSV9akDteyDmwi9JcbMfS,,[S] | UPC 2055091001 | Exact (Question Bank code match)
DEPARTMENT OF HINDI,Hindi Bhasha Aur Sahitya Ka Udbhav Aur Vikash (Hindi B),2024,Nov-Dec,,https://drive.google.com/uc?export=download&id=1UDa6yhb8xfstb1u6GwX14Nw36RDDZgZP,,[S] | UPC 2055091002 | Exact (Question Bank code match)
DEPARTMENT OF HINDI,Hindi Bhasha Aur Sahitya Ka Itihas,2022,Nov-Dec,,https://drive.google.com/uc?export=download&id=1pV5j1Yg2KRV9eF5SWA0i3Mk5jT31GfcL,,[S] | UPC 2052201101 | Exact (Question Bank code match)
DEPARTMENT OF HINDI,Hindi Bhasha Aur Sahitya Ka Itihas,2022,Nov-Dec,,https://drive.google.com/uc?export=download&id=1tkip0wEU4Jn72fIi3mBVKIoAnEQ-l-OY,,[S] | UPC 2052201101 | Exact (Question Bank code match)
DEPARTMENT OF HINDI,Hindi Bhasha Aur Sahitya Ka Udbhav Aur Vikash (Hindi C),2025,May-June,,https://drive.google.com/uc?export=download&id=1LvZic1nVMSV2iyhbWHGb2d4yqbgM0aub,,[S] | UPC 2055091003 | Exact (Question Bank code match)
DEPARTMENT OF HINDI,Hindi Bhasha Aur Sahitya Ka Udbhav Aur Vikash (Hindi C),2025,May-June,,https://drive.google.com/uc?export=download&id=1ONSK7WB1dHYV3O0bmduLHF56kItqVcIA,,[S] | UPC 2055091003 | Exact (Question Bank code match)
DEPARTMENT OF HINDI,Hindi Bhasha Yogyta Samvardhak,2025,May-June,,https://drive.google.com/uc?export=download&id=1d6ZUYESSlvxh7HrD1OPQGzuG3WqiiA2r,,[S] | UPC 72052807 | Exact (Question Bank code match)
DEPARTMENT OF HINDI,Hindi Bhasha Aur Sahitya Ka Udbhav Aur Vikash (Hindi A),2023,May-June,,https://drive.google.com/uc?export=download&id=1wXrGNew4BUOuQC2TH8TlxEdvP-i17r0X,,[S] | UPC 2055091001 | Exact (Question Bank code match)
DEPARTMENT OF HINDI,Hindi Bhasha Aur Sahitya Ka Udbhav Aur Vikash (Hindi A),2025,May-June,,https://drive.google.com/uc?export=download&id=18GHnK1-wfEL2GWjL1d6UiFD9TooDEZkt,,[S] | UPC 2055091001 | Exact (Question Bank code match)
DEPARTMENT OF HINDI,Hindi Bhasha Aur Sahitya Ka Udbhav Aur Vikash (Hindi A),2025,May-June,,https://drive.google.com/uc?export=download&id=1XXRtkIOybD24ASPE4gWPQhIiE1o-5utU,,[S] | UPC 2055091001 | Exact (Question Bank code match)
DEPARTMENT OF HINDI,Hindi Bhasha Aur Sahitya Ka Udbhav Aur Vikash (Hindi B),2023,Nov-Dec,,https://drive.google.com/uc?export=download&id=1zex1dn4aIXbstc5s1WYvta9wTCkQN-91,,[S] | UPC 2055091002 | Exact (Question Bank code match)
DEPARTMENT OF HINDI,Hindi Bhasha Aur Sampreshan,2025,May-June,,https://drive.google.com/uc?export=download&id=1D9AuS2zCuTQvQh28txDuUk4Fw97f7EAu,,[S] | UPC 72052805 | Exact (Question Bank code match)
AECC,Hindi Bhasha Aur Sampreshan,2022,May-June,,https://drive.google.com/uc?export=download&id=19ifDxDjNbKL9lyF1L9TaMCsAAyOU-Sv1,,[S] | UPC 72052804 | Exact (Question Bank code match)
DEPARTMENT OF HINDI,Hindi Bhasha Aur Taknik ( Hindi C),2023,Nov-Dec,,https://drive.google.com/uc?export=download&id=1AP4mzbolJxtNTqwwXDeeumAIkkNJ9GbG,,[S] | UPC 2051002003 | Exact (Question Bank code match)
DEPARTMENT OF HINDI,Hindi Bhasha Aur Taknik ( Hindi C),2023,Nov-Dec,,https://drive.google.com/uc?export=download&id=1tz5lPugrU8rNBcBJ2JOF2dq1uAC9adyj,,[S] | UPC 2051002003 | Exact (Question Bank code match)
DEPARTMENT OF HINDI,Hindi Bhasha Aur Taknik ( Hindi C),2024,Nov-Dec,,https://drive.google.com/uc?export=download&id=1WgLOd2Ix-nyg0e0HkNO19fN2mG4JNbgp,,[S] | UPC 2051002003 | Exact (Question Bank code match)
DEPARTMENT OF HINDI,Hindi Bhasha Aur Taknik ( Hindi C),2024,May-June,,https://drive.google.com/uc?export=download&id=1amXe5GG44ccpu35Dk7TZN85luCDZECpC,,[S] | UPC 2051002003 | Exact (Question Bank code match)
DEPARTMENT OF HINDI,Hindi Bhasha Aur Sahitya (A),2024,Nov-Dec,,https://drive.google.com/uc?export=download&id=1e05fJC1LOiwwGal2ppAawvENikJXoJ2K,,[S] | UPC 2055201001 | Exact (Question Bank code match)
DEPARTMENT OF HINDI,Hindi Bhasha Aur Sahitya Ka Itihas,2024,Nov-Dec,,https://drive.google.com/uc?export=download&id=1TKn125euBmFIiJMrq-WiDu7y8ugc61GV,,[S] | UPC 2052201101 | Exact (Question Bank code match)
DEPARTMENT OF HINDI,Hindi Bhasha Aur Sahitya (B),2023,Nov-Dec,,https://drive.google.com/uc?export=download&id=1bgeQgAt9RL0HSM_y346FYnkvBhEq0aBz,,[S] | UPC 2055201002 | Exact (Question Bank code match)
DEPARTMENT OF HINDI,Hindi C,2022,May-June,,https://drive.google.com/uc?export=download&id=1wYVq72BeGQSPrtlGi6w4HizdBMkM7Bvn,,[S] | UPC 52051223 | Exact (Question Bank code match)
DEPARTMENT OF HINDI,Hindi Cinema Aur Uska Adhyyan,2022,Nov-Dec,,https://drive.google.com/uc?export=download&id=1ZOVGdoZ9oL9_pRZoN9hMV2RdnFbYA3Rx,,[S] | UPC 2054001003 | Exact (Question Bank code match)
DEPARTMENT OF HINDI,Hindi E (???????? ????? ????????? - I),2023,Nov-Dec,,https://drive.google.com/uc?export=download&id=1UOOonJNuhuFiPMzWAXCn35OR1nJqfdd7,,[S] | UPC 2051001006 | Exact (Question Bank code match)
DEPARTMENT OF HINDI,Hindi E (???????? ????? ????????? - I),2023,Nov-Dec,,https://drive.google.com/uc?export=download&id=1fxn54Iz5B7IIbVphpb69c5FupA0AUUGU,,[S] | UPC 2051001006 | Exact (Question Bank code match)
DEPARTMENT OF ENGLISH,Digital Communication-Ii,2023,Nov-Dec,,https://drive.google.com/uc?export=download&id=1CZ2ma85STAE1OZIatHAn1EnCs_RB7PzK,,[S] | UPC 2035002002 | Exact (Question Bank code match)
DEPARTMENT OF HINDI,Hindi Gadya : Udbhav Aur Vikas (A),2024,May-June,,https://drive.google.com/uc?export=download&id=1-cgVe9__xRa7pFaQt3c-9iUrvpvoXZnx,,[S] | UPC 2055002001 | Exact (Question Bank code match)
DEPARTMENT OF HINDI,Hindi Gadya:Udbhav Aur Vikas(C),2024,May-June,,https://drive.google.com/uc?export=download&id=1DwPHCsC0WLjXbQzYaOIlwNkk48157bLZ,,[S] | UPC 2055002003 | Exact (Question Bank code match)
DEPARTMENT OF HINDI,Hindi Gadya:Udbhav Aur Vikas(C),2025,May-June,,https://drive.google.com/uc?export=download&id=1KBI0yO5kyD6IYTm0bqqRYVpc4khk6xmD,,[S] | UPC 2055002003 | Exact (Question Bank code match)
DEPARTMENT OF HINDI,Hindi Gadya Vikas Ke Vividh Charan(A),2024,May-June,,https://drive.google.com/uc?export=download&id=1diLKq_H-x5A42QrsmbVSpzf8wX-iQX7u,,[S] | UPC 2055092001 | Exact (Question Bank code match)
DEPARTMENT OF HINDI,Hindi Gadya Vikas Ke Vividh Charan(A),2023,Nov-Dec,,https://drive.google.com/uc?export=download&id=1ioThg3M_xYHmcWooBZjbS6XDJg1ikcDz,,[S] | UPC 2055092001 | Exact (Question Bank code match)
DEPARTMENT OF HINDI,Hindi Gadya Vikas Ke Vividh Charan(C),2024,May-June,,https://drive.google.com/uc?export=download&id=1OsR0V48cSdJufJG7Dqrin_VdMCyvmTaV,,[S] | UPC 2055092003 | Exact (Question Bank code match)
DEPARTMENT OF HINDI,Hindi Katha Sahitya,2023,Nov-Dec,,https://drive.google.com/uc?export=download&id=1RazjCxKEtcQx_UgrWCLAeDH9vJ0Vb5iK,,[S] | UPC 2052202301 | Exact (Question Bank code match)
DEPARTMENT OF HINDI,Hindi Katha Sahitya,2023,Nov-Dec,,https://drive.google.com/uc?export=download&id=1oOi0TnrjblZSOLswQ2sQWa-bnm1XBICn,,[S] | UPC 2052202301 | Exact (Question Bank code match)
DEPARTMENT OF HINDI,Hindi Katha Sahitya,2022,Nov-Dec,,https://drive.google.com/uc?export=download&id=1X6utqygosz1QxgR9HNecP_ZuudFY62g-,,[S] | UPC 62054306 | Exact (Question Bank code match)
DEPARTMENT OF HINDI,Hindi Katha Sahitya,2022,Nov-Dec,,https://drive.google.com/uc?export=download&id=13NX7JBJmvINOeCvddJH8aAEdJoDxeMoK,,[S] | UPC 62054306 | Exact (Question Bank code match)
DEPARTMENT OF HINDI,Hindi Kavita (Madhyakal Aur Aadhunikkal),2025,May-June,,https://drive.google.com/uc?export=download&id=168gA8vZNdX60n9iM1eL5aZXSdOVSDuJ7,,[S] | UPC 2052201201 | Exact (Question Bank code match)
DEPARTMENT OF HINDI,Hindi Kavita (Madhyakal Aur Aadhunikkal),2024,May-June,,https://drive.google.com/uc?export=download&id=1AFrD8_IkOC-GvoSt-C-gvtyUm4_yXK5O,,[S] | UPC 2052201201 | Exact (Question Bank code match)
DEPARTMENT OF HINDI,Hindi Kavita (Madhyakal Aur Aadhunikkal),2024,May-June,,https://drive.google.com/uc?export=download&id=1w1SfqPE508-bQ-O1-HgOLLLhV1nTzLou,,[S] | UPC 2052201201 | Exact (Question Bank code match)
DEPARTMENT OF HINDI,Hindi Kavita (Madhyakal Aur Aadhunik Kaal),2022,May-June,,https://drive.google.com/uc?export=download&id=1CwMahihn45ce-DvfHaFAmsyWvPR333a0,,[S] | UPC 62051201 | Exact (Question Bank code match)
DEPARTMENT OF HINDI,Hindi Kavita (Madhyakal Aur Aadhunik Kaal),2022,May-June,,https://drive.google.com/uc?export=download&id=1LKAQ2EAgsI39KgwjJcG1Si9JjjVKaao0,,[S] | UPC 62051201 | Exact (Question Bank code match)
DEPARTMENT OF HINDI,Hindi Kavita (Madhyakal Aur Aadhunikkal),2025,May-June,,https://drive.google.com/uc?export=download&id=1EUcBm1kb40QKTG3sBlE9OoxbCvNQBPO3,,[S] | UPC 2052201201 | Exact (Question Bank code match)
DEPARTMENT OF HINDI,Hindi Kavita (Reetikaleen Kavya),2022,May-June,,https://drive.google.com/uc?export=download&id=1vIV710QaFvu91F5T3BXDSu9zvHs1RBB7,,[S] | UPC 12051202 | Exact (Question Bank code match)
DEPARTMENT OF HINDI,Hindi Rangmanch,2023,Nov-Dec,,https://drive.google.com/uc?export=download&id=1HXBtlKQsSW8mjzY_KRkzz_ZQdVxgVbPW,,[S] | UPC 62057503 | Exact (Question Bank code match)
DEPARTMENT OF HINDI,Hindi Sahitya Ka Itihas (Aadikal Aur Madhyakal),2024,May-June,,https://drive.google.com/uc?export=download&id=1bIojcCsQnM4tn_4wcOUp9Lp0-KaRgNXi,,[S] | UPC 12051201 | Exact (Question Bank code match)
DEPARTMENT OF HINDI,Hindi Sahitya Ka Itihas (Bhaag-1),2025,May-June,,https://drive.google.com/uc?export=download&id=1WWWg42tEdqL8zWM44XOeIOdDxyWXSwID,,[S] | UPC 2054000030 | Exact (Question Bank code match)
DEPARTMENT OF HINDI,Hindi Sahitya Ka Itihas (Aadikal Aur Madhyakal),2022,May-June,,https://drive.google.com/uc?export=download&id=1GMbnrfIMldUsxp1_HJB7Rw00uLGp6F1p,,[S] | UPC 12051201 | Exact (Question Bank code match)
DEPARTMENT OF HINDI,Hindi Kavita (Madhyakal Aur Aadhunikkal),2023,May-June,,https://drive.google.com/uc?export=download&id=1n0P1WuK29AABF9QDnvB6PucHPVf8DYPO,,[S] | UPC 2052201201 | Exact (Question Bank code match)
DEPARTMENT OF HINDI,Hindi A - Aadhunik Bhartiya Bhasha : Hindi Bhasha Aur Sahitya,2023,May-June,,https://drive.google.com/uc?export=download&id=1aMjW9TY7ZoqOQKFOaPfqYyi366FdHE1y,,[S] | UPC 62051213 | Exact (Question Bank code match)
DEPARTMENT OF HINDI,Hindi A - Aadhunik Bhartiya Bhasha : Hindi Bhasha Aur Sahitya,2024,May-June,,https://drive.google.com/uc?export=download&id=109gs05GYJ1ctJQzDGruWorFLNUk899ag,,[S] | UPC 62051213 | Exact (Question Bank code match)
DEPARTMENT OF HINDI,Janpadiya Sahitya(Loknatya Vishesh),2023,Nov-Dec,,https://drive.google.com/uc?export=download&id=1xEayjYlydzZuclmM4vS1fDnTC4bVM8Bn,,[S] | UPC 2052202302 | Exact (Question Bank code match)
DEPARTMENT OF HINDI,Lok Natya,2024,May-June,,https://drive.google.com/uc?export=download&id=1GEbwf17DcVfaTFVMrHPCozXqsKmNxTkq,,[S] | UPC 12057607 | Exact (Question Bank code match)
DEPARTMENT OF HINDI,Hindi Bhasha Aur Sahitya,2024,May-June,,https://drive.google.com/uc?export=download&id=1AFN5zAz5HqlN7qnJEq49ZJ_IdfR3cDtF,,[S] | UPC 52051222 | Exact (Question Bank code match)
DEPARTMENT OF HINDI,Hindi Kavita (Madhyakal Aur Aadhunikkal),2023,May-June,,https://drive.google.com/uc?export=download&id=1ctkmTNTeWGr3Mq6HRS-pJHLkLW30-kTE,,[S] | UPC 2052201201 | Exact (Question Bank code match)
DEPARTMENT OF HINDI,Pashchatya Kavyashastra,2023,Nov-Dec,,https://drive.google.com/uc?export=download&id=1-KMO943Bl3Kram3s5dM80aV_x1BJefBA,,[S] | UPC 12051501 | Exact (Question Bank code match)
DEPARTMENT OF HINDI,Hindi Ka Maukhik Sahitya Aur Uski Parampara,2024,May-June,,https://drive.google.com/uc?export=download&id=1gnqifonObLf4J2zYgxOjZXgnBzHINK9Y,,[S] | UPC 2052201202 | Exact (Question Bank code match)
DEPARTMENT OF HINDI,Hindi Gadya Vikas Ke Vividh Charan(B),2024,May-June,,https://drive.google.com/uc?export=download&id=1fAcA4IrkCVaUIMO7UX-Pe0ZbRrrXMurJ,,[S] | UPC 2055092002 | Exact (Question Bank code match)
DEPARTMENT OF HINDI,Hindi Gadya : Udbhav Aur Vikas (A),2024,Nov-Dec,,https://drive.google.com/uc?export=download&id=1Nyu8QPGD45X2uF6ku3K1qdc85Bsqi0un,,[S] | UPC 2055002001 | Exact (Question Bank code match)
DEPARTMENT OF HINDI,Sahityachintan,2023,May-June,,https://drive.google.com/uc?export=download&id=15uNGJguNqHoM9BE8WQGch7R3MXxkLumU,,[S] | UPC 62057632 | Exact (Question Bank code match)
DEPARTMENT OF HINDI,Sahityachintan,2024,May-June,,https://drive.google.com/uc?export=download&id=14VJi8qjHBJZ0fOJzrW5atBDCkObP-BCp,,[S] | UPC 62057632 | Exact (Question Bank code match)
DEPARTMENT OF HINDI,Sahityachintan,2024,May-June,,https://drive.google.com/uc?export=download&id=1DTvxUEdh_hOoz62f-ssLadhVn9Dao3mK,,[S] | UPC 62057632 | Exact (Question Bank code match)
DEPARTMENT OF HINDI,Hindi Cinema Aur Uska Adhyyan,2024,Nov-Dec,,https://drive.google.com/uc?export=download&id=1loF2zvRBYRjVS6XjRLaPc1DnCknj-slu,,[S] | UPC 2054001003 | Exact (Question Bank code match)
DEPARTMENT OF HINDI,Hindi Cinema Aur Uska Adhyyan,2024,Nov-Dec,,https://drive.google.com/uc?export=download&id=1lpsP57STe4N3gZe8lUGkbwKObiJgVSm1,,[S] | UPC 2054001003 | Exact (Question Bank code match)
DEPARTMENT OF HINDI,Hindi Bhasha Aur Sahitya (A),2025,May-June,,https://drive.google.com/uc?export=download&id=1XNr9aRLr-rNmoP7-_M3lblb0PBY0V1yr,,[S] | UPC 2055201001 | Exact (Question Bank code match)
DEPARTMENT OF HINDI,Hindi Gadya Vikas Ke Vividh Charan(A),2025,May-June,,https://drive.google.com/uc?export=download&id=1YxDrqLQfUPXnIfmF7KXsdE448a-OCQGt,,[S] | UPC 2055092001 | Exact (Question Bank code match)
DEPARTMENT OF HINDI,Hindi Bhasha Aur Sahitya (A),2025,May-June,,https://drive.google.com/uc?export=download&id=1bKVlWR6zrl8-dew99SdicAQumwJJijNI,,[S] | UPC 2055201001 | Exact (Question Bank code match)
DEPARTMENT OF HINDI,Hindi Bhasha Aur Sahitya (A),2025,May-June,,https://drive.google.com/uc?export=download&id=1hr1erCCQqxMFoJBr6KMlrZht49n6PVm1,,[S] | UPC 2055201001 | Exact (Question Bank code match)
DEPARTMENT OF HINDI,Vibhajan Vibhishika Aur Hindi Sahitya,2024,Nov-Dec,,https://drive.google.com/uc?export=download&id=1iDQo7hXidyy8mAFFVKHw47xNfd3DdPm2,,[S] | UPC 2053200001 | Exact (Question Bank code match)
DEPARTMENT OF HINDI,Vigyapan And Hindi Bhasha,2023,May-June,,https://drive.google.com/uc?export=download&id=1ZZPq5UzYDFYWzRNG3kp32hBDQOqCuBLN,,[S] | UPC 62053408 | Exact (Question Bank code match)
DEPARTMENT OF HINDI,Vigyapan And Hindi Bhasha,2022,May-June,,https://drive.google.com/uc?export=download&id=1dbaX2EKFdrTce8FREgNYUAt8qkcrGhmD,,[S] | UPC 62053408 | Exact (Question Bank code match)
DEPARTMENT OF HINDI,Vimarsh Ki Samajajiki Aur Hindi Sahitya,2025,May-June,,https://drive.google.com/uc?export=download&id=1maXFtr99-AApHCBKK4Kp7t8IBas48NHq,,[S] | UPC 2052203602 | Exact (Question Bank code match)
DEPARTMENT OF HINDI,Hindi Stree Lekhan,2025,May-June,,https://drive.google.com/uc?export=download&id=1nrH3DhQhEzOBt3Es1T4wgV_VlTmv4g1i,,[S] | UPC 2053200006 | Exact (Question Bank code match)
DEPARTMENT OF HINDI,Kisi Ek Sahityakar Ka Adhyayan(Jayshankar Prasad),2024,May-June,,https://drive.google.com/uc?export=download&id=1TN9kiQds0tU_HbK_ZT6UlnUxx3TeJk-z,,[S] | UPC 2052202403 | Exact (Question Bank code match)
DEPARTMENT OF HINDI,Kisi Ek Sahityakar Ka Adhyayan(Jayshankar Prasad),2025,May-June,,https://drive.google.com/uc?export=download&id=1296VMPil988fhfes06dqdT-OcT9v1Mci,,[S] | UPC 2052202403 | Exact (Question Bank code match)
DEPARTMENT OF HINDI,Hindi Katha Sahitya,2024,Nov-Dec,,https://drive.google.com/uc?export=download&id=1KUQvMrVI5C6shsdqIQrkBgeJSUn3lUZg,,[S] | UPC 2052202301 | Exact (Question Bank code match)
DEPARTMENT OF HINDI,Hindi Bhasha Aur Taknik ( Hindi C),2025,May-June,,https://drive.google.com/uc?export=download&id=1xahIeNJeCt8PrsVtnC9Vp4d-R3MEaCOr,,[S] | UPC 2051002003 | Exact (Question Bank code match)
DEPARTMENT OF MIL & LS,Prak-Uponibesher Bangla Sahitya - Ii (10Th To 18Th Shatak),2023,May-June,,https://drive.google.com/uc?export=download&id=1LqnKiGPj22wKI4tHaRH-QVd3SejI-Q0G,,[S] | UPC 2082201202 | Exact (Question Bank code match)
DEPARTMENT OF HINDI,Hindi Bhasha Aur Sahitya Ka Udbhav Aur Vikash (Hindi C),2023,May-June,,https://drive.google.com/uc?export=download&id=1bya-bZ3NNcZu1eGFdHlLjY6nEi7kUWL2,,[S] | UPC 2055091003 | Exact (Question Bank code match)
DEPARTMENT OF HINDI,Hindi Gadya:Udbhav Aur Vikas(C),2023,Nov-Dec,,https://drive.google.com/uc?export=download&id=1P7qhF741_oR9ZoJNuru48NFgFZsxCbcc,,[S] | UPC 2055002003 | Exact (Question Bank code match)
DEPARTMENT OF HINDI,Hindi Bhasha Aur Sahitya Ka Udbhav Aur Vikash (Hindi C),2024,Nov-Dec,,https://drive.google.com/uc?export=download&id=1vxWxuHRBviMI7DM2atfz5e2tsgKQt_wm,,[S] | UPC 2055091003 | Exact (Question Bank code match)
DEPARTMENT OF HINDI,Hindi Katha Sahitya,2023,Nov-Dec,,https://drive.google.com/uc?export=download&id=1jJnJvP7nPz4zG6IqqdYsjNwePwh8EEzA,,[S] | UPC 62054306 | Exact (Question Bank code match)
DEPARTMENT OF HINDI,Hindi Natak/Akenki,2024,Nov-Dec,,https://drive.google.com/uc?export=download&id=1pt1lbspbJCFYHP0tZJzdfRVW_pSTxvCs,,[S] | UPC 12051502 | Exact (Question Bank code match)
DEPARTMENT OF HINDI,Hindi Bhasha Aur Sahitya Ka Udbhav Aur Vikash (Hindi C),2024,Nov-Dec,,https://drive.google.com/uc?export=download&id=1H7SOZ526h9VAL8rz4MV1tmkQdMqlNC6w,,[S] | UPC 2055091003 | Exact (Question Bank code match)
DEPARTMENT OF HINDI,Hindi Gadya Vikas Ke Vividh Charan(B),2025,May-June,,https://drive.google.com/uc?export=download&id=1ByZY7Zu9ILjUB-3z7eksBQayluEmZs9E,,[S] | UPC 2055092002 | Exact (Question Bank code match)
AECC,Hindi Bhasha Aur Sampreshan,2025,May-June,,https://drive.google.com/uc?export=download&id=13GVaCnQDXKYh8JWulDqzC0m-rbp-e5uO,,[S] | UPC 72052804 | Exact (Question Bank code match)
DEPARTMENT OF HINDI,Hindi Sahitya Aur Bhartiye Mulyebodh,2025,May-June,,https://drive.google.com/uc?export=download&id=1zyPPG-YvaHD1FaKbYUAxBYQpEmRqfmUN,,[S] | UPC 2054000024 | Exact (Question Bank code match)
DEPARTMENT OF HINDI,Hindi Bhasha Aur Sampreshan,2025,May-June,,https://drive.google.com/uc?export=download&id=1OrSYVXSF-qgBFxxDyyKWUrgGqmFi67do,,[S] | UPC 72052803 | Exact (Question Bank code match)
DEPARTMENT OF HINDI,Hindi Aalochana,2025,May-June,,https://drive.google.com/uc?export=download&id=1QLoEXnnNPokXESEuJ9PzYwj27Vj_MmCy,,[S] | UPC 12051601 | Exact (Question Bank code match)
DEPARTMENT OF HINDI,Rachnatmak Lekhan,2022,Nov-Dec,,https://drive.google.com/uc?export=download&id=1oHC08q0tSSvJ2N92C5Esrb_dHvfR6I5H,,[S] | UPC 62053302 | Exact (Question Bank code match)
DEPARTMENT OF HINDI,Sahitya Chintan,2025,May-June,,https://drive.google.com/uc?export=download&id=1A7PJdMcRA8Djj6NHKNzcPthp9vPiMXBC,,[S] | UPC 2052203601 | Exact (Question Bank code match)
DEPARTMENT OF HINDI,Sahitya Chintan,2025,May-June,,https://drive.google.com/uc?export=download&id=118oHZc7JfC3xjRDbKho2LX0HjnbSr6Ki,,[S] | UPC 2052203601 | Exact (Question Bank code match)
DEPARTMENT OF HINDI,Anya Gadya Vidhaein,2025,May-June,,https://drive.google.com/uc?export=download&id=10CncNXNZnHM7-HU-ZHU7w6hqLbR2pX8t,,[S] | UPC 2052202401 | Exact (Question Bank code match)
DEPARTMENT OF HINDI,Anya Gadya Vidhaein,2025,May-June,,https://drive.google.com/uc?export=download&id=1O-4Dj_yKFcP2k4_v0m6oDAM7SMj_SMQz,,[S] | UPC 2052202401 | Exact (Question Bank code match)
DEPARTMENT OF HINDI,लोकप्रिय हिन्दी साहित्य,2024,Nov-Dec,,https://drive.google.com/uc?export=download&id=1LoRDuDF7ufI1Z2Cga9A8gjxM74GI94Ym,,[S] | UPC 2054000008 | Exact (Question Bank code match)
DEPARTMENT OF HINDI,Hindi B,2022,May-June,,https://drive.google.com/uc?export=download&id=1GdCshSM6eayCa3OEQmQw2Zs60oIllg3J,,[S] | UPC 62051203 | Exact (Question Bank code match)
DEPARTMENT OF HINDI,Avdharanatmak Sahitya Pad,2023,May-June,,https://drive.google.com/uc?export=download&id=1zhB6wnFORBvlPS4PqZHVU69C_x6LHpum,,[S] | UPC 12057611 | Exact (Question Bank code match)
DEPARTMENT OF HINDI,Sahityalochan,2025,May-June,,https://drive.google.com/uc?export=download&id=1NWClpdSDotPmg4Sm17Fq8e7xqKZlAmih,,[S] | UPC 2054000029 | Exact (Question Bank code match)
DEPARTMENT OF HINDI,Sahityalochan,2025,May-June,,https://drive.google.com/uc?export=download&id=13FFOIFrIEE5jRNifMU0-DuMcRgy38ZGf,,[S] | UPC 2054000029 | Exact (Question Bank code match)
DEPARTMENT OF HINDI,Sahityalochan,2025,May-June,,https://drive.google.com/uc?export=download&id=1cSj7YbxQvKtigYQJKPZF90cU98rLQU4l,,[S] | UPC 2054000029 | Exact (Question Bank code match)
DEPARTMENT OF HINDI,Sanchar Kranti Aur Global Media,2025,May-June,,https://drive.google.com/uc?export=download&id=18_AbS5_6UIdjSnkefUc4RzP-UW6_r5CB,,[S] | UPC 2054002006 | Exact (Question Bank code match)
University-wide Ability Enhancement Course Pool,हिन्दी औपचारिक लेखन (हिन्दी ख),2023,Nov-Dec,,https://drive.google.com/uc?export=download&id=1aR22TSKAacpPpjp0aqd-G92eUpYFoUbB,,[S] | UPC 2051001002 | Exact (UPC/syllabus match)
University-wide Ability Enhancement Course Pool,Journalistic Writing in Bengali,2023,Nov-Dec,,https://drive.google.com/uc?export=download&id=156Bxe5rP-Ib14Tb3Ekl9k_fc84VEQzg_,,[S] | UPC 2081002002 | Exact (UPC/syllabus match)
B.A. (Hons) Hindi,आधुनिक हिन्दी कविता (छायावाद तक),2024,May-June,,https://drive.google.com/uc?export=download&id=1RS0286vws4emJjz6ic48EBqoM-O5yOfD,,[S] | UPC 2052102402 | Exact (UPC/syllabus match)
B.A. (Hons) Hindi,हिंदी कविता : आदिकाल एवं निर्गुण भक्तिकाव्य,2024,Nov-Dec,,https://drive.google.com/uc?export=download&id=1VU-GriSfdVzRhSdLxhiVTNldAUx0k9t6,,[S] | UPC 2052101101 | Exact (UPC/syllabus match)
University-wide Ability Enhancement Course Pool,विदेशी विद्यार्थियों के लिए पाठ्यक्रम,2024,May-June,,https://drive.google.com/uc?export=download&id=18wCGr3MfZTkSbO9-GJrSGBCYgP-tEwZJ,,[S] | UPC 2051002004 | Exact (UPC/syllabus match)
B.A. (Hons) Hindi,भारतीय काव्यशास्त्र,2024,May-June,,https://drive.google.com/uc?export=download&id=1ZiprMPWObtDZzI7nqED54a-gcJqnSA7P,,[S] | UPC 2052102401 | Exact (UPC/syllabus match)
B.A. (Hons) Hindi,भारतीय काव्यशास्त्र,2025,May-June,,https://drive.google.com/uc?export=download&id=1LS91Bvi58kVXWiBN_HciapdLk4Z6TNu4,,[S] | UPC 2052102401 | Exact (UPC/syllabus match)
B.A. (Hons) Hindi,भारतीय साहित्य,2024,Nov-Dec,,https://drive.google.com/uc?export=download&id=13UylvE7Gs2nRwWOCSrYs_o9o694gJyiC,,[S] | UPC 2052102301 | Exact (UPC/syllabus match)
B.A. (Hons) Hindi,ब्लॉग लेखन,2024,May-June,,https://drive.google.com/uc?export=download&id=1S150SKpH5RgGLzPyn_ZuZs-Zav394eHE,,[S] | UPC 2054002003 | Exact (UPC/syllabus match)
University-wide Ability Enhancement Course Pool,हिन्दी भाषा: सम्प्रेषण और संचार (हिन्दी क),2023,May-June,,https://drive.google.com/uc?export=download&id=1Mi0QvwDvpb2EwSnqnh3zL2V0Ob-iNGvA,,[S] | UPC 2051001001 | Exact (UPC/syllabus match)
University-wide Ability Enhancement Course Pool,हिन्दी औपचारिक लेखन (हिन्दी ख),2024,Nov-Dec,,https://drive.google.com/uc?export=download&id=1XX0XKf_zySrWhzRKw7DCYPCYlSCA5xHN,,[S] | UPC 2051001002 | Exact (UPC/syllabus match)
University-wide Ability Enhancement Course Pool,हिन्दी औपचारिक लेखन (हिन्दी ख),2024,May-June,,https://drive.google.com/uc?export=download&id=1F45Z3EL56mzfR2T7nDYuAzNTyqHxHRZK,,[S] | UPC 2051001002 | Exact (UPC/syllabus match)
University-wide Ability Enhancement Course Pool,हिन्दी औपचारिक लेखन (हिन्दी ख),2023,Nov-Dec,,https://drive.google.com/uc?export=download&id=1sN79Eji1YUANEwH-8ut_Qc0-3Q6Qf9Rx,,[S] | UPC 2051001002 | Exact (UPC/syllabus match)
University-wide Ability Enhancement Course Pool,Translation and Interpretation in Bengali,2022,Nov-Dec,,https://drive.google.com/uc?export=download&id=1y3HfnJz4CwoyeLwiyd8tUUKvigatUISh,,[S] | UPC 2081001002 | Exact (UPC/syllabus match)
University-wide Ability Enhancement Course Pool,हिन्दी भाषा: सम्प्रेषण और संचार (हिन्दी क),2024,Nov-Dec,,https://drive.google.com/uc?export=download&id=1aShRKhc3eknB9HKc0PxXsEVP3zJ4ttCI,,[S] | UPC 2051001001 | Exact (UPC/syllabus match)
University-wide Ability Enhancement Course Pool,हिन्दी भाषा: सम्प्रेषण और संचार (हिन्दी क),2022,Nov-Dec,,https://drive.google.com/uc?export=download&id=1wXSAF1U5NDBUQOXpOmH7OC_f2rBvrbXh,,[S] | UPC 2051001001 | Exact (UPC/syllabus match)
University-wide Ability Enhancement Course Pool,हिन्दी भाषा: सम्प्रेषण और संचार (हिन्दी क),2024,May-June,,https://drive.google.com/uc?export=download&id=1YEEdAw7gwPBP1HWUbgYM7X9D09-vHeNK,,[S] | UPC 2051001001 | Exact (UPC/syllabus match)
University-wide Ability Enhancement Course Pool,हिन्दी भाषा: सम्प्रेषण और संचार (हिन्दी क),2022,Nov-Dec,,https://drive.google.com/uc?export=download&id=1D24t2RVREVjFfvo4-3T3UxOuJi14jXLK,,[S] | UPC 2051001001 | Exact (UPC/syllabus match)
B.A. (Hons) Hindi,"हिंदी भाषा : स्वरूप, संरचना एवं इतिहास",2025,May-June,,https://drive.google.com/uc?export=download&id=1MGBaO9T5hBhruKdiX-YN-PBoR7J6gNvx,,[S] | UPC 2052103601 | Exact (UPC/syllabus match)
B.A. (Hons) Hindi,हिंदी भाषा और विज्ञापन,2025,May-June,,https://drive.google.com/uc?export=download&id=1uyyip4-GdbJrppktufC6TteRvuceRNF_,,[S] | UPC 2054002004 | Exact (UPC/syllabus match)
B.A. (Hons) Hindi,हिंदी कहानी,2023,Nov-Dec,,https://drive.google.com/uc?export=download&id=1vHSLvREn-cXRIqbukgWOMAmWes0OHf9_,,[S] | UPC 2052101103 | Exact (UPC/syllabus match)
B.A. (Hons) Hindi,हिंदी कहानी,2024,Nov-Dec,,https://drive.google.com/uc?export=download&id=11wfl-42bXRQBRyXHfTmP8Cm9BYVmwS3D,,[S] | UPC 2052101103 | Exact (UPC/syllabus match)
B.A. (Hons) Hindi,हिंदी कहानी,2022,Nov-Dec,,https://drive.google.com/uc?export=download&id=1iGSpLx0T8x8Qjm1SNhR9aWDKuRTxsiLg,,[S] | UPC 2052101103 | Exact (UPC/syllabus match)
B.A. (Hons) Hindi,हिंदी कविता : आदिकाल एवं निर्गुण भक्तिकाव्य,2023,Nov-Dec,,https://drive.google.com/uc?export=download&id=1MrdbOlk_OwNm1-DiFPCQpW3tX2yLgvN_,,[S] | UPC 2052101101 | Exact (UPC/syllabus match)
B.A. (Hons.) Bengali,BANGLA SAHITYER ITIHAS: ADHUNIK JUG- I,2023,Nov-Dec,,https://drive.google.com/uc?export=download&id=1ozggDAvpIE11D9FJr7BovdFv4cTgfqmU,,[S] | UPC 2082102302 | Exact (UPC/syllabus match)
B.A. (Hons) Hindi,हिंदी निबंध एवं अन्य गद्य विधाएँ,2023,May-June,,https://drive.google.com/uc?export=download&id=1s0_48y2GiUQu_MYgRJqgTP6HfpabgvtP,,[S] | UPC 2052101203 | Exact (UPC/syllabus match)
B.A. (Hons) Hindi,हिंदी साहित्य का इतिहास (आदिकाल एवं मध्यकाल),2024,Nov-Dec,,https://drive.google.com/uc?export=download&id=1vMoN5l-1qdMHOF4f9kIqzLLlo85uaV22,,[S] | UPC 2052101102 | Exact (UPC/syllabus match)
University-wide Ability Enhancement Course Pool,जनसंचार और रचनात्मक लेखन (हिन्दी ख),2023,Nov-Dec,,https://drive.google.com/uc?export=download&id=1SOC-dPmIf5QN5Dry1tU4T-eKZPmrRLBe,,[S] | UPC 2051002002 | Exact (UPC/syllabus match)
University-wide Ability Enhancement Course Pool,जनसंचार और रचनात्मक लेखन (हिन्दी ख),2024,Nov-Dec,,https://drive.google.com/uc?export=download&id=1-c9GmkCEk3KFFciYa4-9sO2kg_8mQwQX,,[S] | UPC 2051002002 | Exact (UPC/syllabus match)
University-wide Ability Enhancement Course Pool,जनसंचार और रचनात्मक लेखन (हिन्दी ख),2024,Nov-Dec,,https://drive.google.com/uc?export=download&id=13N1DdLAlYfM3_0c6th47LnXGz8Q9h0lZ,,[S] | UPC 2051002002 | Exact (UPC/syllabus match)
University-wide Ability Enhancement Course Pool,जनसंचार और रचनात्मक लेखन (हिन्दी ख),2024,May-June,,https://drive.google.com/uc?export=download&id=1MtXGp6-Deh0CvpUabGNnzfm6olaVJknK,,[S] | UPC 2051002002 | Exact (UPC/syllabus match)
B.A. (Hons) Hindi,पट्कथा और संवाद लेखन,2025,May-June,,https://drive.google.com/uc?export=download&id=18uh0HID_6ceStpXjAHXZ_J-dsJawWl80,,[S] | UPC 2054001203 | Exact (UPC/syllabus match)
B.A. (Hons) Hindi,पट्कथा और संवाद लेखन,2024,May-June,,https://drive.google.com/uc?export=download&id=19ay-9kH1rskTt9kFxJib87w-ZuoqUhR-,,[S] | UPC 2054001203 | Exact (UPC/syllabus match)
B.A. (Hons) Hindi,हिंदी साहित्य का इतिहास (आधुनिक काल),2024,May-June,,https://drive.google.com/uc?export=download&id=1kk3M74nsDQL9eMWNqgTxtqYw-R65v3Yh,,[S] | UPC 2052101202 | Exact (UPC/syllabus match)
University-wide Skill Enhancement Course Pool,Srjnatmak Lekhan,2024,Nov-Dec,,https://drive.google.com/uc?export=download&id=1GGuybWIvd7vVQlQFnSn1oSrDldNA4JmW,,[S] | UPC 2126000002 | Exact (UPC/syllabus match)
B.A. (Hons) Hindi,पाश्चात्य काव्यशास्त्र,2024,Nov-Dec,,https://drive.google.com/uc?export=download&id=1NSMK4vWbl25uqhr3orJZV7xGypYitWek,,[S] | UPC 2052103501 | Exact (UPC/syllabus match)
B.A. (Hons) Hindi,शोध-प्रविधि,2025,May-June,,https://drive.google.com/uc?export=download&id=1NONsLTb6Tix07mfzjVOQbHD05NwOlRNL,,[S] | UPC 2053100014 | Exact (UPC/syllabus match)
University-wide Ability Enhancement Course Pool,सोशल मीडिया और ब्लॉग लेखन (हिन्दी ग),2025,May-June,,https://drive.google.com/uc?export=download&id=1SLSoplPvojO0VZx4r71xO-YawAjEMXv-,,[S] | UPC 2051001003 | Exact (UPC/syllabus match)
University-wide Ability Enhancement Course Pool,सोशल मीडिया और ब्लॉग लेखन (हिन्दी ग),2024,Nov-Dec,,https://drive.google.com/uc?export=download&id=1hvLKQdXOLlEw7koCPIF6Uu100pEn0IqQ,,[S] | UPC 2051001003 | Exact (UPC/syllabus match)
University-wide Ability Enhancement Course Pool,सोशल मीडिया और ब्लॉग लेखन (हिन्दी ग),2022,Nov-Dec,,https://drive.google.com/uc?export=download&id=1IFZ7XYJ5kZQnDS_u4-PKMP2HUmmBwFB1,,[S] | UPC 2051001003 | Exact (UPC/syllabus match)
University-wide Ability Enhancement Course Pool,Translation and Interpretation in Bodo,2022,Nov-Dec,,https://drive.google.com/uc?export=download&id=1X3DZWuXrk_CPpUY1KKcZxJBOfOEeYIol,,[S] | UPC 2081001003 | Exact (UPC/syllabus match)
University-wide Ability Enhancement Course Pool,सोशल मीडिया और ब्लॉग लेखन (हिन्दी ग),2024,May-June,,https://drive.google.com/uc?export=download&id=1MV1glb3eAzCtVD2KPJ49a-S4i5YKXQvj,,[S] | UPC 2051001003 | Exact (UPC/syllabus match)
University-wide Ability Enhancement Course Pool,हिन्दी भाषा: सम्प्रेषण और संचार (हिन्दी क),2023,Nov-Dec,,https://drive.google.com/uc?export=download&id=1PlY9HufMjPtaQ0W4V3-cuqBPDBR5DTBU,,[S] | UPC 2051001001 | Exact (UPC/syllabus match)
B.A. (Hons) Hindi,हिंदी निबंध एवं अन्य गद्य विधाएँ,2024,May-June,,https://drive.google.com/uc?export=download&id=130hm2FOlWCkRzH44a2ZdZOdOzFoCNFb8,,[S] | UPC 2052101203 | Exact (UPC/syllabus match)
University-wide Ability Enhancement Course Pool,अनिवार्य हिन्दी पाठ्यक्रम – 2,2025,May-June,,https://drive.google.com/uc?export=download&id=1OQx6RMUTPzPjfh_QBz6y6ywWW9tYSRt0,,[S] | UPC 2051002005 | Exact (UPC/syllabus match)
B.A. (Hons) Hindi,हिंदी कविता : सगुण भक्तिकाव्य एवं रीतिकालीन काव्य,2025,May-June,,https://drive.google.com/uc?export=download&id=1U7mGOs0LgjL2yLH5f14FSZFL-svX-_8b,,[S] | UPC 2052101201 | Exact (UPC/syllabus match)
University-wide Ability Enhancement Course Pool,जनसंचार और रचनात्मक लेखन (हिन्दी ख),2025,May-June,,https://drive.google.com/uc?export=download&id=1VsKnVgYMFqn18Z3es2adxv5z2adQqs86,,[S] | UPC 2051002002 | Exact (UPC/syllabus match)
University-wide Ability Enhancement Course Pool,विदेशी विद्यार्थियों के लिए पाठ्यक्रम,2025,May-June,,https://drive.google.com/uc?export=download&id=1WEIOQlwNYvMVdnRDomu1-NwhFfKL0v9J,,[S] | UPC 2051002004 | Exact (UPC/syllabus match)
B.A. (Hons) Hindi,आधुनिक हिन्दी कविता (छायावाद तक),2025,May-June,,https://drive.google.com/uc?export=download&id=1agHageNl4tO3AkeK2Rgvsu-2Kie9YstZ,,[S] | UPC 2052102402 | Exact (UPC/syllabus match)
University-wide Ability Enhancement Course Pool,व्यावहारिक हिन्दी (हिन्दी क),2025,May-June,,https://drive.google.com/uc?export=download&id=1MaybTuxRVMSWjbAXj8ids_De0xdfmfQW,,[S] | UPC 2051002001 | Exact (UPC/syllabus match)
University-wide Ability Enhancement Course Pool,व्यावहारिक हिन्दी (हिन्दी क),2024,May-June,,https://drive.google.com/uc?export=download&id=1EEPQR5qTpR_bUFgakbloMZgaxXRaTVy6,,[S] | UPC 2051002001 | Exact (UPC/syllabus match)
University-wide Ability Enhancement Course Pool,व्यावहारिक हिन्दी (हिन्दी क),2024,Nov-Dec,,https://drive.google.com/uc?export=download&id=1Wt5RPDOmoNOMeECzzgDp0eNj2TNy4KPw,,[S] | UPC 2051002001 | Exact (UPC/syllabus match)
University-wide Ability Enhancement Course Pool,व्यावहारिक हिन्दी (हिन्दी क),2024,Nov-Dec,,https://drive.google.com/uc?export=download&id=1oxcaCIWM5FNOjkGqzAmWcbZNrzobUOE2,,[S] | UPC 2051002001 | Exact (UPC/syllabus match)
B.A. (Hons) Hindi,"अस्मितामूलक हिंदी साहित्य (दलित विमर्श, स्त्री विमर्श एवं आदिवासी विमर्श)",2025,May-June,,https://drive.google.com/uc?export=download&id=1L4iY1ut-zfT0uqZWEXcDiF8ewSEEGzQo,,[S] | UPC 2052103602 | Exact (UPC/syllabus match)
B.A. (Hons) Hindi,हिंदी कविता : सगुण भक्तिकाव्य एवं रीतिकालीन काव्य,2023,May-June,,https://drive.google.com/uc?export=download&id=1mcJXXmywMLkHFzgPB4wE8vDLuOOp85o0,,[S] | UPC 2052101201 | Exact (UPC/syllabus match)
B.A. (Hons) Hindi,हिंदी कविता : सगुण भक्तिकाव्य एवं रीतिकालीन काव्य,2024,May-June,,https://drive.google.com/uc?export=download&id=15fKfkVbT_TXZmTCHHZqnXDPcsQeYGepI,,[S] | UPC 2052101201 | Exact (UPC/syllabus match)
B.A. (Hons) Hindi,हिन्दी उपन्यास,2025,May-June,,https://drive.google.com/uc?export=download&id=1WMkyn5xDXgUFKcw82YaRxueYP2Ehhks4,,[S] | UPC 2052102403 | Exact (UPC/syllabus match)
B.A. (Hons) Hindi,ब्लॉग लेखन,2025,May-June,,https://drive.google.com/uc?export=download&id=1rZeH1R8KEqrA0RuJ3CAQasJLUi6aE1Fz,,[S] | UPC 2054002003 | Exact (UPC/syllabus match)
University-wide Ability Enhancement Course Pool,Translation and Interpretation in Bengali,2023,May-June,,https://drive.google.com/uc?export=download&id=1XwioQQZYAVSol3np0UwLQ9sQcKpffQRb,,[S] | UPC 2081001002 | Exact (UPC/syllabus match)
B.A. (Hons.) Hindi Patrakarita evam Jansanchar,जनमाध्यम के सिद्धांत,2024,Nov-Dec,,https://drive.google.com/uc?export=download&id=1KPA2pVdMKf6AcUhUh3BSbpgRaDv7hrYV,,[S] | UPC 2052153501 | Exact (UPC/syllabus match)
DEPARTMENT OF HINDI,Hindi(D),2025,May-June,,https://drive.google.com/uc?export=download&id=1IVxKhL-cGK2TusW1-umscGk3n2pS5vDZ,,[S] | UPC 2051001004 | Exact (ambiguous - verify)
DEPARTMENT OF HINDI,Hindi Gadya: Udbhav Aur Vikas (B),2024,May-June,,https://drive.google.com/uc?export=download&id=1rGfJ2qf7Y_KhGkmPUbNOgF2Bqb9eHK_e,,[S] | UPC 2055002002 | Exact (ambiguous - verify)
DEPARTMENT OF HINDI,Hindi Gadya: Udbhav Aur Vikas (B),2025,May-June,,https://drive.google.com/uc?export=download&id=1l4bDEK44zev8i5aO8bCzmZq8nEy5dme0,,[S] | UPC 2055002002 | Exact (ambiguous - verify)
DEPARTMENT OF HINDI,Hindi Sahitya Ka Ltihas (Part-2),2025,May-June,,https://drive.google.com/uc?export=download&id=1mAnUX2460QY6N7T_BS1zCPNEzgzkg8sS,,[S] | UPC 2054000031 | Exact (ambiguous - verify)
DEPARTMENT OF HINDI,Hindi(D),2023,Nov-Dec,,https://drive.google.com/uc?export=download&id=1bzrEv-Ee2YUR28dLTNf9Bk05hg3TTs9_,,[S] | UPC 2051001004 | Exact (ambiguous - verify)
DEPARTMENT OF HINDI,Hindi Gadda Udbhav Aur Vikas (Hindi-C),2022,Nov-Dec,,https://drive.google.com/uc?export=download&id=1UYxFAfx7nkAkS4b2vCrRLmsWzZtCFfM_,,[S] | UPC 62081341 | Exact (ambiguous - verify)
Hindi,Hindi,,Not Specified,,https://drive.google.com/uc?export=download&id=1oToujS-ymTSpWdmdE5wxjV4EQJmdpPN2,,[S] | Unmatched (manual mapping needed)
Hindi,Hindi,,Not Specified,,https://drive.google.com/uc?export=download&id=1CsvKWvUMZ3X8bktgzDDHt8eadTo8NHSz,,[S] | Unmatched (manual mapping needed)
Hindi,Hindi,,Not Specified,,https://drive.google.com/uc?export=download&id=1dbAc9Nntw8loer4LreWLmaSGJkKSpGYG,,[S] | Unmatched (manual mapping needed)
Hindi,Hindi,,Not Specified,,https://drive.google.com/uc?export=download&id=1g_BIfJFxDqdtlH8KfnkwbREyumi_kjKo,,[S] | Unmatched (manual mapping needed)
Hindi,Hindi,,Not Specified,,https://drive.google.com/uc?export=download&id=1tWmxDim9XOGkr2yBUdHft3jyruhptUqg,,[S] | Unmatched (manual mapping needed)
Hindi,Hindi,2023,May-June,,https://drive.google.com/uc?export=download&id=1cLIhGfomaiHPWo3HMzxVhYu0d2Zy1A4W,,[S] | Unmatched (manual mapping needed)
Hindi,Hindi,2024,Nov-Dec,,https://drive.google.com/uc?export=download&id=13Sl-9OgF6_2_JaRORItQari4_NvXWZAT,,[S] | Unmatched (manual mapping needed)
Hindi,Hindi,2023,Nov-Dec,,https://drive.google.com/uc?export=download&id=11zKcUhMCd61tmN0aANayDdCXxN4Y7Hpc,,[S] | Unmatched (manual mapping needed)
Hindi,Hindi,2022,Nov-Dec,,https://drive.google.com/uc?export=download&id=1OsHJoA-lOFa8JaL0cW4H_NW0q8Lsh07q,,[S] | Unmatched (manual mapping needed)
Hindi,Hindi,2023,May-June,,https://drive.google.com/uc?export=download&id=1Er8mp2_WoblcjhPsFXZ9Yrrqab63GcTH,,[S] | Unmatched (manual mapping needed)
Hindi,Hindi,2022,May-June,,https://drive.google.com/uc?export=download&id=1VpOz8eUFsSLTMrWr6CZ_hhlnFuSyRkgt,,[S] | Unmatched (manual mapping needed)
Hindi,Hindi,2023,Nov-Dec,,https://drive.google.com/uc?export=download&id=1Mga8nEXTrCDP7DhN9NP4W0fMmJG2XfQx,,[S] | Unmatched (manual mapping needed)
Hindi,Hindi,2022,May-June,,https://drive.google.com/uc?export=download&id=1OPHME5CKrmOf-oNcIEHqgnO4X6LzH0Mv,,[S] | Unmatched (manual mapping needed)
Hindi,Hindi,2022,May-June,,https://drive.google.com/uc?export=download&id=1yu0vQdDSIBufnBET6f-7xq7psP0JPsFz,,[S] | Unmatched (manual mapping needed)
Hindi,Hindi,2024,May-June,,https://drive.google.com/uc?export=download&id=1GqrETrvnq11Qu1XpyfsuIXQAAS2_4sPP,,[S] | Unmatched (manual mapping needed)
Hindi,Hindi,2022,May-June,,https://drive.google.com/uc?export=download&id=1VxcGekyqh3GN_pvV6X9NYZ_q6N3mDaL4,,[S] | Unmatched (manual mapping needed)
Hindi,Hindi,2022,May-June,,https://drive.google.com/uc?export=download&id=10_XOenrg3ao3guaPpUAxVSRLPMXI78v1,,[S] | Unmatched (manual mapping needed)
Hindi,Hindi,2023,May-June,,https://drive.google.com/uc?export=download&id=10ON25XAvunAer3paSS-CARGPzXV4Cn4Z,,[S] | Unmatched (manual mapping needed)
Hindi,Hindi,2024,May-June,,https://drive.google.com/uc?export=download&id=1yZnrEXBa2D4aewKw4xi5cx9j1BYVgE4L,,[S] | Unmatched (manual mapping needed)
Hindi,Hindi,2022,Nov-Dec,,https://drive.google.com/uc?export=download&id=1I92IJrv0Vm8xpEI_Y1ND5Hl7AgTUH6D2,,[S] | Unmatched (manual mapping needed)
Hindi,Hindi,2022,Nov-Dec,,https://drive.google.com/uc?export=download&id=1Zr0YW3PcgfG6DFlKQXVDwopXZjqH1lhI,,[S] | Unmatched (manual mapping needed)
Hindi,Hindi,2023,Nov-Dec,,https://drive.google.com/uc?export=download&id=1w8LTfneg9L5yjwCTcafghMNBEhCsDacx,,[S] | Unmatched (manual mapping needed)
Hindi,Hindi,2022,Nov-Dec,,https://drive.google.com/uc?export=download&id=1WbNZ8uF47f7o59cxCVPKHiWQVctjspKq,,[S] | Unmatched (manual mapping needed)
Hindi,Hindi,2022,Nov-Dec,,https://drive.google.com/uc?export=download&id=1LIzS0q7zSJU29sR-ii1ghebaPmURlc3U,,[S] | Unmatched (manual mapping needed)
Hindi,Hindi,2023,Nov-Dec,,https://drive.google.com/uc?export=download&id=1XiMOwKjuTSzviEGDMDlA0at_PWyx7Qxl,,[S] | Unmatched (manual mapping needed)
Hindi,Hindi,2025,May-June,,https://drive.google.com/uc?export=download&id=1FQfq4CDLMoi5bnD2VjkXmRiZ1Ue_rhnp,,[S] | Unmatched (manual mapping needed)
Hindi,Hindi,2023,Nov-Dec,,https://drive.google.com/uc?export=download&id=1UTL5ztdaX9Cv0vixixK62NBPs_U31IzF,,[S] | Unmatched (manual mapping needed)
Hindi,Hindi,2022,Nov-Dec,,https://drive.google.com/uc?export=download&id=1Z0u-wXdUOfNtaA05PZcah8RQvim0HAFg,,[S] | Unmatched (manual mapping needed)
Hindi,Hindi,2022,May-June,,https://drive.google.com/uc?export=download&id=1DQOvMPY0XSxDGwgx3YjP8DBh3zTELWoZ,,[S] | Unmatched (manual mapping needed)
Hindi,Hindi,2023,Nov-Dec,,https://drive.google.com/uc?export=download&id=1jojltJO04eifD15vEGqrZakR_anoEi4Y,,[S] | Unmatched (manual mapping needed)
Hindi,Hindi,2022,Nov-Dec,,https://drive.google.com/uc?export=download&id=1nYGGXnwZplN_E5Fd-IPh7XpeJemGc-6T,,[S] | Unmatched (manual mapping needed)
Hindi,Hindi,2022,Nov-Dec,,https://drive.google.com/uc?export=download&id=1nbwBU_ZwIbpQBD7dwl2fBNENqd326MGb,,[S] | Unmatched (manual mapping needed)
Hindi,Hindi,2023,May-June,,https://drive.google.com/uc?export=download&id=1kxWousfs01jHbiyQVj4BtmfBtCsZUycP,,[S] | Unmatched (manual mapping needed)
Hindi,Hindi,2022,May-June,,https://drive.google.com/uc?export=download&id=1WN4BmIL5EcqvkgmSoRB0JTINB3nVa8qj,,[S] | Unmatched (manual mapping needed)
Hindi,Hindi,2023,Nov-Dec,,https://drive.google.com/uc?export=download&id=1WRsx6uMNqlKNDpXT_diT2Rlm-6nTy1gf,,[S] | Unmatched (manual mapping needed)
Hindi,Hindi,2023,Nov-Dec,,https://drive.google.com/uc?export=download&id=1hqqr2g6HzCiUGtzGATKyoJmrDSp17v9D,,[S] | Unmatched (manual mapping needed)
Hindi,Hindi,2024,Nov-Dec,,https://drive.google.com/uc?export=download&id=1zwtT-sl5xiOU6DWxX6tIQq9q7-Me1bG_,,[S] | Unmatched (manual mapping needed)
Hindi,Hindi,2022,Nov-Dec,,https://drive.google.com/uc?export=download&id=1hEa5mEt3YAixrbAiHeVRK1NOb9smVMFz,,[S] | Unmatched (manual mapping needed)
Hindi,Hindi,2023,Nov-Dec,,https://drive.google.com/uc?export=download&id=1JJ18k2tbPDLHEXeJ4reAVZvxP0J-thfe,,[S] | Unmatched (manual mapping needed)
Hindi,Hindi,2022,Nov-Dec,,https://drive.google.com/uc?export=download&id=1s5Vd6ypjBp-aYPX53aQ4_AlUMoA2Mwpi,,[S] | Unmatched (manual mapping needed)
Hindi,Hindi,2023,Nov-Dec,,https://drive.google.com/uc?export=download&id=1JxcYN8srMU9o7IGi9APsgklG6de2mWdr,,[S] | Unmatched (manual mapping needed)
Hindi,Hindi,2024,Nov-Dec,,https://drive.google.com/uc?export=download&id=1yPC9cE9-qoLqT2GM5EUsc52_IhaLp3jX,,[S] | Unmatched (manual mapping needed)
Hindi,Hindi,2023,Nov-Dec,,https://drive.google.com/uc?export=download&id=1Lu2HZ_tw1PSd8QChcipwlrRfXKgHN1sJ,,[S] | Unmatched (manual mapping needed)
Hindi,Hindi,2022,Nov-Dec,,https://drive.google.com/uc?export=download&id=1UZh3YO1z9K7AQ7YgCTjhHwKybI4aBtUt,,[S] | Unmatched (manual mapping needed)
Hindi,Hindi,2023,May-June,,https://drive.google.com/uc?export=download&id=1-vZxPqM90VnjvuPVyig0xx60E29YhwzJ,,[S] | Unmatched (manual mapping needed)
Hindi,Hindi,2024,Nov-Dec,,https://drive.google.com/uc?export=download&id=10SVfSYBY3pvE7cfrhQyuTSOgX1EHRGUl,,[S] | Unmatched (manual mapping needed)
Hindi,Hindi,2022,Nov-Dec,,https://drive.google.com/uc?export=download&id=19WiuGUWMivu-TPyvHSrMrnvhs1dal_Et,,[S] | Unmatched (manual mapping needed)
Hindi,Hindi,2023,May-June,,https://drive.google.com/uc?export=download&id=1mcRUfyFZMRmx9pGN-jbIjoXQZtU5zAaB,,[S] | Unmatched (manual mapping needed)
Hindi,Hindi,2024,May-June,,https://drive.google.com/uc?export=download&id=1P08Wse0x5Nz3I-V_dhmBAIaAIH5dCLlm,,[S] | Unmatched (manual mapping needed)
Hindi,Hindi,2022,Nov-Dec,,https://drive.google.com/uc?export=download&id=1hyNm2xAtbfXC86R1gJFBynCrku7ght62,,[S] | Unmatched (manual mapping needed)
Hindi,Hindi,2022,May-June,,https://drive.google.com/uc?export=download&id=1RAmJfYSYIAls15fHmn88IQwSs25KtmwD,,[S] | Unmatched (manual mapping needed)
Hindi,Hindi,2022,Nov-Dec,,https://drive.google.com/uc?export=download&id=1ZZX6NSpMy7U9Uu-ZueU6rxed7y4zHOuQ,,[S] | Unmatched (manual mapping needed)
Hindi,Hindi,2025,May-June,,https://drive.google.com/uc?export=download&id=1tRZFuFDvTPNHddBwLk3-z4yx4pAtGkMS,,[S] | Unmatched (manual mapping needed)
Hindi,Hindi,2025,May-June,,https://drive.google.com/uc?export=download&id=1yEtI6uIvobU7TJAPhe03A-VFfBp_7Vt3,,[S] | Unmatched (manual mapping needed)
Hindi,Hindi,2025,May-June,,https://drive.google.com/uc?export=download&id=1OP0oD4JGjvB7xQtES6x0dplf5dp_U8_9,,[S] | Unmatched (manual mapping needed)
Hindi,Hindi,2022,May-June,,https://drive.google.com/uc?export=download&id=1duC3KmnI_1GJSuqEW_ohgqObFZEN90Uo,,[S] | Unmatched (manual mapping needed)
Hindi,Hindi,2022,Nov-Dec,,https://drive.google.com/uc?export=download&id=1kXUOrBUQhAza0msIneTYfVHFRc62RZKY,,[S] | Unmatched (manual mapping needed)
Hindi,Hindi,2024,Nov-Dec,,https://drive.google.com/uc?export=download&id=1N3GvHVVgUe_JGJf8s73W7hQLvdpR4Sln,,[S] | Unmatched (manual mapping needed)
Hindi,Hindi,2022,May-June,,https://drive.google.com/uc?export=download&id=1-Y2Z1Qn9AU56DSna7z6reLFirIeXy_rY,,[S] | Unmatched (manual mapping needed)
Hindi,Hindi,2022,May-June,,https://drive.google.com/uc?export=download&id=1tQ-XkfvHpd-ZWTNjHRQ71YLJAd4z5q6o,,[S] | Unmatched (manual mapping needed)
Hindi,Hindi,2023,May-June,,https://drive.google.com/uc?export=download&id=1oxWwy4ZlGgP_rsw5k1WW1-M2H9KfE-fS,,[S] | Unmatched (manual mapping needed)
Hindi,Hindi,2022,May-June,,https://drive.google.com/uc?export=download&id=1D1ZDIE_yY1f9NqMXWGsdE7b0eT-17imY,,[S] | Unmatched (manual mapping needed)
Hindi,Hindi,2023,May-June,,https://drive.google.com/uc?export=download&id=1_Y_UOwEhzLwtSQZB9y_8xblAqU77ClIp,,[S] | Unmatched (manual mapping needed)
Hindi,Hindi,2025,May-June,,https://drive.google.com/uc?export=download&id=144C3E6HGmEE-MLjbDTGnmcddVzMka19q,,[S] | Unmatched (manual mapping needed)
Hindi,Hindi,2025,May-June,,https://drive.google.com/uc?export=download&id=1IE2VnC3vn3lmN3qsuLU5j0wqidHXF_Ae,,[S] | Unmatched (manual mapping needed)
Hindi,Hindi,2022,Nov-Dec,,https://drive.google.com/uc?export=download&id=1JjEFoIGHTv9NMQldIoBK9LjWEN8qDVJl,,[S] | Unmatched (manual mapping needed)
Hindi,Hindi,2022,May-June,,https://drive.google.com/uc?export=download&id=1IWkzltzPV9SGRM0uXHNtUFDMukL6a_Tm,,[S] | Unmatched (manual mapping needed)
Hindi,Hindi,2024,May-June,,https://drive.google.com/uc?export=download&id=1EIMeI2W0pHdQg3AcWqqllHWCYTS2Ig6W,,[S] | Unmatched (manual mapping needed)
Hindi,Hindi,2024,Nov-Dec,,https://drive.google.com/uc?export=download&id=1orwmexvriYnI91k8mz2z-qDRZ6CAQ1wn,,[S] | Unmatched (manual mapping needed)
Hindi,Hindi,2023,May-June,,https://drive.google.com/uc?export=download&id=1xuXqDu65QvC91JjuQwFLy9gxQ-tx8cny,,[S] | Unmatched (manual mapping needed)
Hindi,Hindi,2022,May-June,,https://drive.google.com/uc?export=download&id=10wJndIhb82ee7_r3TqFbBsywq9b4YpTW,,[S] | Unmatched (manual mapping needed)
Hindi,Hindi,2024,Nov-Dec,,https://drive.google.com/uc?export=download&id=1OJ8qYTBL_CrXAGuz8m1nm3FyEpLjGnT2,,[S] | Unmatched (manual mapping needed)
Hindi,Hindi,2022,May-June,,https://drive.google.com/uc?export=download&id=1u2phwWdN2nXfUyPfOQDGNwiZvztRc2cG,,[S] | Unmatched (manual mapping needed)
Hindi,Hindi,2024,May-June,,https://drive.google.com/uc?export=download&id=17L4OPlexvYLrqUXoXKRwVbpphfsuiJul,,[S] | Unmatched (manual mapping needed)
Hindi,Hindi,2022,May-June,,https://drive.google.com/uc?export=download&id=1M7ukgFUa32fbWvRx7XyexJaWMeCvJ5rH,,[S] | Unmatched (manual mapping needed)
Hindi,Hindi,2022,May-June,,https://drive.google.com/uc?export=download&id=1bFLQM6A-9aipv2Akxd2DhqqmkYMbk90f,,[S] | Unmatched (manual mapping needed)
Hindi,Hindi,2022,Nov-Dec,,https://drive.google.com/uc?export=download&id=1Seue-b_kWOJY0CV7gRCfG_S7AtdYnSAp,,[S] | Unmatched (manual mapping needed)
Hindi,Hindi,2022,May-June,,https://drive.google.com/uc?export=download&id=1wq88minVw6v9phqB2fkf6dJw7Iq_-aPz,,[S] | Unmatched (manual mapping needed)
Hindi,Hindi,2024,May-June,,https://drive.google.com/uc?export=download&id=1NyPov4Aa_yvThj3dP7FDiYwfjtkOHC5N,,[S] | Unmatched (manual mapping needed)
Hindi,Hindi,2022,May-June,,https://drive.google.com/uc?export=download&id=1MuICit9LZfUxEVQb7_-xohJgp1tRUQiv,,[S] | Unmatched (manual mapping needed)
Hindi,Hindi,2022,Nov-Dec,,https://drive.google.com/uc?export=download&id=10t_Tqp1naI_iS1C1CdJBxvHeCRhJcQZT,,[S] | Unmatched (manual mapping needed)
Hindi,Hindi,2023,May-June,,https://drive.google.com/uc?export=download&id=1t9pL--dXOqNHLTjRQYyWTUGUAwrvVEUa,,[S] | Unmatched (manual mapping needed)
Hindi,Hindi,2022,Nov-Dec,,https://drive.google.com/uc?export=download&id=1KmR2R8GX3779opChAubCvyMikZkZlooK,,[S] | Unmatched (manual mapping needed)
Hindi,Hindi,2023,Nov-Dec,,https://drive.google.com/uc?export=download&id=1SlDv2sNLxMIzBlHQDsj9EnQr1J7AUhzQ,,[S] | Unmatched (manual mapping needed)
DEPARTMENT OF HISTORY,Indian Art And Architecture,2022,May-June,,https://drive.google.com/uc?export=download&id=1uKkTxYPo0u930zgfSqaOt8Nzof-JeIf7,,[S] | UPC 12313405 | Exact (Question Bank code match)
DEPARTMENT OF HISTORY,Heritage And Tourism,2023,Nov-Dec,,https://drive.google.com/uc?export=download&id=15u5BJIwbidViIxcGRuo1veavdbTgwEBN,,[S] | UPC 62313364 | Exact (Question Bank code match)
COUNCIL FOR SEC,History And Archaeology,2023,May-June,,https://drive.google.com/uc?export=download&id=1lkfIogNwqdX5eVlCPR23QjXhCfoTm7SU,,[S] | UPC 62313465 | Exact (Question Bank code match)
COUNCIL FOR SEC,History And Archaeology,2022,May-June,,https://drive.google.com/uc?export=download&id=1VrFfa037xznP4HF7xcnFJ-R0ruIKVg7S,,[S] | UPC 62313465 | Exact (Question Bank code match)
DEPARTMENT OF HISTORY,Indian Art And Architecture,2025,May-June,,https://drive.google.com/uc?export=download&id=1bcBQdGF50I4gw2Tddo8s63nWRIIkwubz,,[S] | UPC 12313405 | Exact (Question Bank code match)
DEPARTMENT OF HISTORY,Indian Art And Architecture,2025,May-June,,https://drive.google.com/uc?export=download&id=1qIX55viHi8cwrvQIQnu2LcXLudFyACK6,,[S] | UPC 12313405 | Exact (Question Bank code match)
DEPARTMENT OF HISTORY,Issue.S In T`Wentieth-Century World History Ii,2023,May-June,,https://drive.google.com/uc?export=download&id=1rZGlwieo_7XKinDcGyaJiEwz-caSWtgF,,[S] | UPC 62317641 | Exact (Question Bank code match)
DEPARTMENT OF HISTORY,Issues In Twentieth Century World History - I (The 20Th Century),2023,Nov-Dec,,https://drive.google.com/uc?export=download&id=1xiaWI2ADmVAEOBMWFSPCrJAsgvOLjNrK,,[S] | UPC 62317520 | Exact (Question Bank code match)
DEPARTMENT OF HISTORY,Issue.S In T`Wentieth-Century World History Ii,2023,May-June,,https://drive.google.com/uc?export=download&id=1scO9LUn1qfOHZ1A2w2hQ6hGnRbB0cHra,,[S] | UPC 62317641 | Exact (Question Bank code match)
DEPARTMENT OF HISTORY,Issues In Twentieth Century World History - I (The 20Th Century),2022,Nov-Dec,,https://drive.google.com/uc?export=download&id=1DsSd4XVPgBvbP9mktZQAFS6SzQiWyCaZ,,[S] | UPC 62317520 | Exact (Question Bank code match)
DEPARTMENT OF HISTORY,Issues In Twentieth Century World History - I (The 20Th Century),2022,Nov-Dec,,https://drive.google.com/uc?export=download&id=1atHcqZCKA3zOtHiZe-yZHbPrMpxbiQsl,,[S] | UPC 62317520 | Exact (Question Bank code match)
DEPARTMENT OF HISTORY,Issue.S In T`Wentieth-Century World History Ii,2024,May-June,,https://drive.google.com/uc?export=download&id=1amejtJnnCY96f0ySWjkEno7x2FCZGMpO,,[S] | UPC 62317641 | Exact (Question Bank code match)
DEPARTMENT OF HISTORY,Issue.S In T`Wentieth-Century World History Ii,2024,May-June,,https://drive.google.com/uc?export=download&id=1rO6yidhzGcauk4atn9-_hAfMJCfzAoOh,,[S] | UPC 62317641 | Exact (Question Bank code match)
DEPARTMENT OF HISTORY,Popular Culture,2022,Nov-Dec,,https://drive.google.com/uc?export=download&id=1QlwGJlcFatiG5uw4aCb0ps_0Qs5-4oMb,,[S] | UPC 62313518 | Exact (Question Bank code match)
DEPARTMENT OF HISTORY,Indian Art And Architecture,2024,May-June,,https://drive.google.com/uc?export=download&id=1Xxhu11UxPKKEuWm0ESyr-RRf_0TJVIN9,,[S] | UPC 12313405 | Exact (Question Bank code match)
DEPARTMENT OF HISTORY,Indian Art And Architecture,2023,May-June,,https://drive.google.com/uc?export=download&id=14z2PCr4sNH_pb8Dy6GKOg3ePKsdb4TAo,,[S] | UPC 12313405 | Exact (Question Bank code match)
DEPARTMENT OF HISTORY,Social Formations And Cultural Patterns Of The Ancient And Medieval World,2023,May-June,,https://drive.google.com/uc?export=download&id=1x79Wt6eMjGOAogtFpuyWvQ9_e41MXXF_,,[S] | UPC 12311204 | Exact (Question Bank code match)
DEPARTMENT OF HISTORY,Issue.S In T`Wentieth-Century World History Ii,2022,May-June,,https://drive.google.com/uc?export=download&id=1zv4gS3nvS5J64M5ea7f_D7Lzlju8vL60,,[S] | UPC 62317641 | Exact (Question Bank code match)
History Honours,History of India (From the beginning to fourth century BCE),2024,Nov-Dec,,https://drive.google.com/uc?export=download&id=1Pzdl-XUyEWjl3VPB5YeDxMlqSyLHce4Z,,[S] | UPC 2312101101 | Exact (UPC/syllabus match)
B.A (Prog.) History as Major ; B.A (Prog.) History as Minor,History of India c.1550 – 1700,2024,May-June,,https://drive.google.com/uc?export=download&id=1wK0ER09nrdRHw-Wg8UNNj1cuNZcw1qhK,,[S] | UPC 2312202401 | Exact (UPC/syllabus match)
B.A (Prog.) History as Major,Ancient Societies,2023,Nov-Dec,,https://drive.google.com/uc?export=download&id=1KB3nDFVcwqG82OLPK1FRGMXIB4WJ4sib,,[S] | UPC 2312201102 | Exact (UPC/syllabus match)
B.A (Prog.) History as Major,Ancient Societies,2024,Nov-Dec,,https://drive.google.com/uc?export=download&id=1vRsJrFsbqB7kwO3Jw8X71-WOub2465W4,,[S] | UPC 2312201102 | Exact (UPC/syllabus match)
B.A (Prog.) History as Major,Ancient Societies,2022,Nov-Dec,,https://drive.google.com/uc?export=download&id=1pssmSVhv7qWusLDLfeGRAuKm-RbCb_KW,,[S] | UPC 2312201102 | Exact (UPC/syllabus match)
History Honours,Climate Change and Human History,2025,May-June,,https://drive.google.com/uc?export=download&id=1dVnQ0igfoAOB6l8lQHEfgk9duJuZfWy_,,[S] | UPC 2314000007 | Exact (UPC/syllabus match)
History Honours,Climate Change and Human History,2024,May-June,,https://drive.google.com/uc?export=download&id=1mWGVx_-KoRjQ3X7l0M0qqKFP4bKZRs3h,,[S] | UPC 2314000007 | Exact (UPC/syllabus match)
B.A (Prog.) History as Major,Cultural Transformations in Early Modern Europe – II,2025,May-June,,https://drive.google.com/uc?export=download&id=1Eqnfho1veMfGZOJirTRJj4Z7BNUTJkIZ,,[S] | UPC 2312202402 | Exact (UPC/syllabus match)
History Honours,Culture a Everyday Life in India,2025,May-June,,https://drive.google.com/uc?export=download&id=1dzwedOo7MCHR7wM9hlJWlp1Ra20AvEzJ,,[S] | UPC 2314001001 | Exact (UPC/syllabus match)
History Honours,Delhi Through the Ages: The making of its Early Modern History,2025,May-June,,https://drive.google.com/uc?export=download&id=1UuTnYUqAVep-kR-fhS3sNcEHqNCHjugx,,[S] | UPC 2314001002 | Exact (UPC/syllabus match)
History Honours,Delhi through the Ages: From Colonial to Contemporary Times,2024,May-June,,https://drive.google.com/uc?export=download&id=165Y3ZXCieghzsBLwRPRzrxQNVbrGl1JH,,[S] | UPC 2314001201 | Exact (UPC/syllabus match)
History Honours,Educational Arrangements and Knowledge in Modern India,2025,May-June,,https://drive.google.com/uc?export=download&id=1DtAgRX4-HEg1Qbfg1uC7JD7059czVLDw,,[S] | UPC 2314000008 | Exact (UPC/syllabus match)
B.A (Prog.) History as Major ; B.A (Prog.) History as Minor ; History Honours,Basics of Historical Research Methodology / Fundamemtal of Historical Methodology / Fundamentals of Historical Methodology / Fundamentals of Historical Research Methodology,2025,May-June,,https://drive.google.com/uc?export=download&id=11-9HhCmm9-oOP0Ri_PGpN2UvuPiAuKyO,,[S] | UPC 2313100014 | Exact (UPC/syllabus match)
B.A (Prog.) History as Major ; B.A (Prog.) History as Minor ; History Honours,Basics of Historical Research Methodology / Fundamemtal of Historical Methodology / Fundamentals of Historical Methodology / Fundamentals of Historical Research Methodology,2025,May-June,,https://drive.google.com/uc?export=download&id=1UQwLD2jWaFtexSYTsLIcToZqFXFPrbNU,,[S] | UPC 2313100014 | Exact (UPC/syllabus match)
History Honours,Delhi through the Ages: From Colonial to Contemporary Times,2025,May-June,,https://drive.google.com/uc?export=download&id=1SV13HPW-Jg9cXbU8jS0qdBIrYCFN-Zdw,,[S] | UPC 2314001201 | Exact (UPC/syllabus match)
History Honours,Gender in Indian History up to 1500,2024,Nov-Dec,,https://drive.google.com/uc?export=download&id=1XMT5dgPytYu92gsX3xw2IPIQ_4BVlGJ5,,[S] | UPC 2313100010 | Exact (UPC/syllabus match)
History Honours,History of India – II c. 4th Century BCE to 750 CE,2023,May-June,,https://drive.google.com/uc?export=download&id=1-NK_JDOPh7GQHr5V-Ik0JIy3HjxzhklJ,,[S] | UPC 2312101201 | Exact (UPC/syllabus match)
History Honours,History of India – II c. 4th Century BCE to 750 CE,2024,May-June,,https://drive.google.com/uc?export=download&id=1bZrTEMhgWMOhxM95SRFnDElJl3tUWtVQ,,[S] | UPC 2312101201 | Exact (UPC/syllabus match)
B.A (Prog.) History as Major ; B.A (Prog.) History as Minor,"History of India, 1200 – 1550",2024,Nov-Dec,,https://drive.google.com/uc?export=download&id=1pSbOkrrWlCRrhZnWZWZHCI4q8YHNCtzw,,[S] | UPC 2312202301 | Exact (UPC/syllabus match)
History Honours,History of India – III: 750 – 1200,2024,Nov-Dec,,https://drive.google.com/uc?export=download&id=1V4uCLZr0kJu__WAK6oaO7IgBRiuUOef8,,[S] | UPC 2312102301 | Exact (UPC/syllabus match)
B.A (Prog.) History as Major ; B.A (Prog.) History as Minor,History of India 1700 – 1857,2024,Nov-Dec,,https://drive.google.com/uc?export=download&id=1o521ICo_S8ScK5yS2DMhzMWZdQacwK0y,,[S] | UPC 2312203501 | Exact (UPC/syllabus match)
B.A (Prog.) History as Major ; B.A (Prog.) History as Minor,"History of India, 300 CE to 1200 CE",2023,May-June,,https://drive.google.com/uc?export=download&id=1FD9ekcSJt-fpw9Bg1tNyfe4Q-EiyO4SO,,[S] | UPC 2312201201 | Exact (UPC/syllabus match)
B.A (Prog.) History as Major ; B.A (Prog.) History as Minor,"History of India, 300 CE to 1200 CE",2023,May-June,,https://drive.google.com/uc?export=download&id=19NOjyN5A-ZqPBTwFU-_M0vcAYLAdjVoU,,[S] | UPC 2312201201 | Exact (UPC/syllabus match)
History Honours,History of India – IV: c.1200 – 1500,2024,May-June,,https://drive.google.com/uc?export=download&id=16QHNIlkj07Q4HCnDd61dzNfP1endY06V,,[S] | UPC 2312102401 | Exact (UPC/syllabus match)
B.A (Prog.) History as Major ; B.A (Prog.) History as Minor,History of India from earliest times upto c. 300 CE,2023,Nov-Dec,,https://drive.google.com/uc?export=download&id=1d46UqofyKlnyX_7pambyNFrFxHQgWIx5,,[S] | UPC 2312201101 | Exact (UPC/syllabus match)
B.A (Prog.) History as Major ; B.A (Prog.) History as Minor,History of India from earliest times upto c. 300 CE,2024,Nov-Dec,,https://drive.google.com/uc?export=download&id=15pvTb355-bKRS42-F-mbV26qySvcEk2G,,[S] | UPC 2312201101 | Exact (UPC/syllabus match)
History Honours,History of India – III: 750 – 1200,2023,Nov-Dec,,https://drive.google.com/uc?export=download&id=1F7gGrCu9bxRjjACxjo1FZKDcLFSN-iHH,,[S] | UPC 2312102301 | Exact (UPC/syllabus match)
B.A (Prog.) History as Major ; B.A (Prog.) History as Minor,"History of India, 1200 – 1550",2023,Nov-Dec,,https://drive.google.com/uc?export=download&id=1s8r1w9xM39MUhbVKXZH1hGxjH9zjeiGT,,[S] | UPC 2312202301 | Exact (UPC/syllabus match)
B.A (Prog.) History as Major ; B.A (Prog.) History as Minor,History of India c.1550 – 1700,2024,May-June,,https://drive.google.com/uc?export=download&id=1xUx-5Q0oHLCP946Rl4y6OlBCb5U9VVYG,,[S] | UPC 2312202401 | Exact (UPC/syllabus match)
History Honours,History of India (From the beginning to fourth century BCE),2023,Nov-Dec,,https://drive.google.com/uc?export=download&id=1Asr06JxaGPpdPkplplbHkMjL1JbOHNYC,,[S] | UPC 2312101101 | Exact (UPC/syllabus match)
History Honours,History of India – II c. 4th Century BCE to 750 CE,2025,May-June,,https://drive.google.com/uc?export=download&id=1VRrEn4kP-MrAtufCFy7xTZ12bCnR24Jw,,[S] | UPC 2312101201 | Exact (UPC/syllabus match)
History Honours,History of India – VII: 1600 – 1750s,2025,May-June,,https://drive.google.com/uc?export=download&id=1NVyRe16N-RdZzNqrlgqmjw8tco9q5qjv,,[S] | UPC 2312103601 | Exact (UPC/syllabus match)
History Honours,History of Modern China ( 1840 – 1950s),2023,Nov-Dec,,https://drive.google.com/uc?export=download&id=10ERvH2WfrC_Qm1a0u89zzE2HPT_-oIYK,,[S] | UPC 2312102303 | Exact (UPC/syllabus match)
History Honours,History of Modern Europe – II,2025,May-June,,https://drive.google.com/uc?export=download&id=1I-prB7J6hLtR3lZIYwahv3KxyTqL6fqB,,[S] | UPC 2312103603 | Exact (UPC/syllabus match)
History Honours,History of Modern Japan (c. 1868 – 1950s),2024,May-June,,https://drive.google.com/uc?export=download&id=1abE3CF3sY6dND7luoFL_BFH1yqYeHL09,,[S] | UPC 2312102403 | Exact (UPC/syllabus match)
History Honours,History of Modern Japan (c. 1868 – 1950s),2025,May-June,,https://drive.google.com/uc?export=download&id=1jE46ZIbTjL_GfHIknJaEfxWWAVJ83ycW,,[S] | UPC 2312102403 | Exact (UPC/syllabus match)
B.A (Prog.) History as Major ; B.A (Prog.) History as Minor,"History of India, 300 CE to 1200 CE",2024,May-June,,https://drive.google.com/uc?export=download&id=12efFqMgspvfAjhjs2PXZd-ClxvtCjmYu,,[S] | UPC 2312201201 | Exact (UPC/syllabus match)
B.A (Prog.) History as Major ; B.A (Prog.) History as Minor,History of India c.1550 – 1700,2025,May-June,,https://drive.google.com/uc?export=download&id=1jzhZzM_breggivNW8kc0ZRM1aT1OqX8_,,[S] | UPC 2312202401 | Exact (UPC/syllabus match)
History Honours,History of the USA: Reconstruction to New Age Politics,2023,May-June,,https://drive.google.com/uc?export=download&id=1UDaWiFdoDEJpYNKRDVkMVbm_exAZaZRk,,[S] | UPC 2312101203 | Exact (UPC/syllabus match)
History Honours,History of the USA: Independence to Civil War,2024,Nov-Dec,,https://drive.google.com/uc?export=download&id=1HLAxRMe_SkmtRkzuEtriOmR5Y7sjmF91,,[S] | UPC 2312101103 | Exact (UPC/syllabus match)
History Honours,History of the USA: Reconstruction to New Age Politics,2024,May-June,,https://drive.google.com/uc?export=download&id=1_RqbAHoXLV7_87dZMUKXsNyqcd5S3qsc,,[S] | UPC 2312101203 | Exact (UPC/syllabus match)
History Honours,History of the USA: Independence to Civil War,2022,Nov-Dec,,https://drive.google.com/uc?export=download&id=15ZTpb_tB_9TSGiM7vOFpl4tpexax4AG2,,[S] | UPC 2312101103 | Exact (UPC/syllabus match)
B.A (Prog.) History as Major ; B.A (Prog.) History as Minor,"History of India, 300 CE to 1200 CE",2025,May-June,,https://drive.google.com/uc?export=download&id=1Lz4XaeFfogYXjI8JSjymD-nbHXXvECw6,,[S] | UPC 2312201201 | Exact (UPC/syllabus match)
History Honours,History of India – VIII: c. 1857 – 1950,2025,May-June,,https://drive.google.com/uc?export=download&id=1_SG1HS6nYL3nZCqXhNDrVh83xKul1fKb,,[S] | UPC 2312103602 | Exact (UPC/syllabus match)
B.A (Prog.) History as Major,Medieval Societies: Global Perspectives,2023,May-June,,https://drive.google.com/uc?export=download&id=1k4FKU6nEXtPVu1jlzzTzEtNFkfyr8OA0,,[S] | UPC 2312201202 | Exact (UPC/syllabus match)
B.A (Prog.) History as Major,Medieval Societies: Global Perspectives,2024,May-June,,https://drive.google.com/uc?export=download&id=1dS6WVofdnG6KBESGd-YN1X13WpndgdYB,,[S] | UPC 2312201202 | Exact (UPC/syllabus match)
History Honours,Media in History,2023,Nov-Dec,,https://drive.google.com/uc?export=download&id=1moEl5IvMyzWrioPQXWDEg6rS0Ru2yDc8,,[S] | UPC 2314002004 | Exact (UPC/syllabus match)
University-wide Skill Enhancement Course Pool,Museum and Museology,2023,Nov-Dec,,https://drive.google.com/uc?export=download&id=1JFyXf0GG6KaEZ_hTwGa3GRfMU1CQmHNg,,[S] | UPC 2316000001 | Exact (UPC/syllabus match)
University-wide Skill Enhancement Course Pool,Museum and Museology,2023,Nov-Dec,,https://drive.google.com/uc?export=download&id=1bfW3zl2sVW53ufUvcAAXPZ2DfuBgNkJf,,[S] | UPC 2316000001 | Exact (UPC/syllabus match)
University-wide Skill Enhancement Course Pool,Museum and Museology,2024,May-June,,https://drive.google.com/uc?export=download&id=1NZSD_ikup-bO_ZwGaDsA4FtYa4q4FHEC,,[S] | UPC 2316000001 | Exact (UPC/syllabus match)
University-wide Skill Enhancement Course Pool,Museum and Museology,2024,May-June,,https://drive.google.com/uc?export=download&id=1cTvAf3lczmd48Oc6z8oitY0po_AB96h9,,[S] | UPC 2316000001 | Exact (UPC/syllabus match)
University-wide Skill Enhancement Course Pool,Reading the Archive,2023,Nov-Dec,,https://drive.google.com/uc?export=download&id=1QVwmBF2JAwZaOgekbK_8da-5OQJxrLgl,,[S] | UPC 2316000002 | Exact (UPC/syllabus match)
University-wide Skill Enhancement Course Pool,Reading the Archive,2024,May-June,,https://drive.google.com/uc?export=download&id=141jZvIQSNW4KZ3XyCiU1p9i5xm38mfzK,,[S] | UPC 2316000002 | Exact (UPC/syllabus match)
History Honours,Religious Traditions in the Indian Subcontinent,2025,May-June,,https://drive.google.com/uc?export=download&id=1Mes4Ih1Gi4gyfiF85eKTHreiVC0Oh1kV,,[S] | UPC 2314000005 | Exact (UPC/syllabus match)
History Honours,Rise of the Modern West – II,2025,May-June,,https://drive.google.com/uc?export=download&id=1DAreusSZKs0eOn-c3s05dHOoXAMfsQW3,,[S] | UPC 2312102402 | Exact (UPC/syllabus match)
History Honours,Rise of the Modern West – II,2024,May-June,,https://drive.google.com/uc?export=download&id=1yu187x9RFSmLsb9q2zYuBhcQcSQd6jt8,,[S] | UPC 2312102402 | Exact (UPC/syllabus match)
History Honours,Rise of the Modern West-I,2023,Nov-Dec,,https://drive.google.com/uc?export=download&id=1UH1rGWuAtEOnHZCK_CV5Zq9WoX6WEBKE,,[S] | UPC 2312102302 | Exact (UPC/syllabus match)
History Honours,"Sacred Spaces, Temple and Temple Economy (North and South Indian Traditions)",2025,May-June,,https://drive.google.com/uc?export=download&id=1YYN1103lBb86PztKsWav0ImUX3j_SAg4,,[S] | UPC 2314000006 | Exact (UPC/syllabus match)
History Honours,Social Formations and Cultural Patterns of the Ancient World-I,2023,Nov-Dec,,https://drive.google.com/uc?export=download&id=1_EJxpyobhxa_Twp-EbD28EqSoBS-xowr,,[S] | UPC 2312101102 | Exact (UPC/syllabus match)
History Honours,Social Formations and Cultural Patterns of the Medieval World – II,2023,May-June,,https://drive.google.com/uc?export=download&id=1QjHDKnvFLcBHYo3TGbble9L7bRHQjt2F,,[S] | UPC 2312101202 | Exact (UPC/syllabus match)
History Honours,Social Formations and Cultural Patterns of the Medieval World – II,2024,May-June,,https://drive.google.com/uc?export=download&id=1rXJKLXXdPui08FekAYm5j3ppp5Ei1nhW,,[S] | UPC 2312101202 | Exact (UPC/syllabus match)
History Honours,History of the USA: Independence to Civil War,2023,Nov-Dec,,https://drive.google.com/uc?export=download&id=1Neh3pAkI5UfQ4tiJ8Z6KVSfw2rzeOrlH,,[S] | UPC 2312101103 | Exact (UPC/syllabus match)
History Honours,Delhi Through the Ages: The making of its Early Modern History,2024,Nov-Dec,,https://drive.google.com/uc?export=download&id=1mv67P-Ttq7r3m5aUdlDs6rNjvKZPg5qJ,,[S] | UPC 2314001002 | Exact (UPC/syllabus match)
B.A (Prog.) History as Major ; B.A (Prog.) History as Minor,History of India 1858 – 1947,2025,May-June,,https://drive.google.com/uc?export=download&id=1CVMpONmesRf3gOrp66JRptBYySVWveV7,,[S] | UPC 2312203601 | Exact (UPC/syllabus match)
B.A (Prog.) History as Major ; B.A (Prog.) History as Minor,History of India 1858 – 1947,2025,May-June,,https://drive.google.com/uc?export=download&id=1XovNfNKblo8rVej2drTzeXmfrOoMxRPv,,[S] | UPC 2312203601 | Exact (UPC/syllabus match)
B.A (Prog.) History as Major,Medieval Societies: Global Perspectives,2025,May-June,,https://drive.google.com/uc?export=download&id=1cPpTcqmfHSTPz9M4Z_c7iRYFxxGb25PR,,[S] | UPC 2312201202 | Exact (UPC/syllabus match)
B.A (Prog.) History as Major ; B.A (Prog.) History as Minor,History of India c.1550 – 1700,2025,May-June,,https://drive.google.com/uc?export=download&id=1lujk2aRUjlrnaPH0XKVd-pbh2WbcoJwL,,[S] | UPC 2312202401 | Exact (UPC/syllabus match)
B.A (Prog.) History as Major,History of Europe: 1870 – 1945,2025,May-June,,https://drive.google.com/uc?export=download&id=1OuJikZkB-4U7TYUkqdS5Tnnr9MORaVsB,,[S] | UPC 2312203602 | Exact (UPC/syllabus match)
History Honours,History of India – V: c. 1500 – 1600,2024,Nov-Dec,,https://drive.google.com/uc?export=download&id=1VhFNhxDivarawKtaEvpryOJKXVlY9BlE,,[S] | UPC 2312103501 | Exact (UPC/syllabus match)
B.A (Prog.) History as Major ; B.A (Prog.) History as Minor,"History of India, 1200 – 1550",2023,Nov-Dec,,https://drive.google.com/uc?export=download&id=13xxjp_LoHRa4nbStT2l9iE6iri68tt2N,,[S] | UPC 2312202301 | Exact (UPC/syllabus match)
History Honours,Social Formations and Cultural Patterns of the Ancient World-I,2024,Nov-Dec,,https://drive.google.com/uc?export=download&id=1aRZ8pzCjvW7ao5nJZ5fonCtki2nHsQeS,,[S] | UPC 2312101102 | Exact (UPC/syllabus match)
B.A (Prog.) History as Major,Cultural Transformations in Early Modern Europe-I,2023,Nov-Dec,,https://drive.google.com/uc?export=download&id=1wTtMNegEgJpFmWs2wfyHZFCALF2nvos7,,[S] | UPC 2312202302 | Exact (UPC/syllabus match)
History Honours,Delhi Through the Ages,2023,May-June,,https://drive.google.com/uc?export=download&id=1BWzLck61mHdzXYeq2c7kKnUfV3YrxeK_,,[S] | UPC 2313102008 | High (verify recommended)
History Honours,Delhi Through the Ages,2024,May-June,,https://drive.google.com/uc?export=download&id=1AYe7M2yS-7BSsXmy7WSYpKwq4Pm0W20O,,[S] | UPC 2313102008 | High (verify recommended)
History Honours,Delhi Through the Ages,2025,May-June,,https://drive.google.com/uc?export=download&id=1qem-9WqixYZMMz6Loh2fEbAGvFJ9fbuO,,[S] | UPC 2313102008 | High (verify recommended)
History Honours,Delhi Through the Ages,2022,May-June,,https://drive.google.com/uc?export=download&id=14HUzm56Dt9ZEdTmD7PW1EnI2yHDCJM01,,[S] | UPC 2313102008 | High (verify recommended)
History Honours,Delhi Through the Ages,2023,May-June,,https://drive.google.com/uc?export=download&id=1mVuYoTTVk6A8OjtmMnbobQYcRx0LD8Hq,,[S] | UPC 2313102008 | High (verify recommended)
B.A (Prog.) History as Major,"History of India, 1200 – 1550",2023,May-June,,https://drive.google.com/uc?export=download&id=1E2mgApaf6D88h2iLlGh4bQRxt8sKvkFc,,[S] | UPC 2312202301 | High (verify recommended)
B.A (Prog.) History as Major,"History of India, 1200 – 1550",2023,May-June,,https://drive.google.com/uc?export=download&id=1JrSwUAERy-Icq_pnKF2pXoyxzuen44py,,[S] | UPC 2312202301 | High (verify recommended)
B.A (Prog.) History as Major,"History of India, 1200 – 1550",2022,May-June,,https://drive.google.com/uc?export=download&id=1F6RMQt9HBIg0FA_JFcAUama8iMHDyUpE,,[S] | UPC 2312202301 | High (verify recommended)
B.A (Prog.) History as Major,"History of India, 1200 – 1550",2022,May-June,,https://drive.google.com/uc?export=download&id=1Q0G_lNbs5dBVPqjvUEkSuL6e2A7PL6Ff,,[S] | UPC 2312202301 | High (verify recommended)
History Honours,History of India – IV: c.1200 – 1500,2024,May-June,,https://drive.google.com/uc?export=download&id=1KT3TrDGpLb6ZPIiDaQuE7MIxz_nfmzWB,,[S] | UPC 2312102401 | High (verify recommended)
History Honours,History of India – IV: c.1200 – 1500,2025,May-June,,https://drive.google.com/uc?export=download&id=14Ik9JVrHAvoZFqaIOCyB7H8qz2b_-2eo,,[S] | UPC 2312102401 | High (verify recommended)
History Honours,History of India – IV: c.1200 – 1500,2023,May-June,,https://drive.google.com/uc?export=download&id=1YZzJvtjekdKtI4Afma7IOB9lkWQszZ7E,,[S] | UPC 2312102401 | High (verify recommended)
B.A (Prog.) History as Major,"History of India, 1200 – 1550",2022,May-June,,https://drive.google.com/uc?export=download&id=1sqoYwWMY3Hyv_dntow25zAj-kHnl_2tl,,[S] | UPC 2312202301 | High (verify recommended)
History Honours,History of India – IV: c.1200 – 1500,2023,Nov-Dec,,https://drive.google.com/uc?export=download&id=1Lz6i50z3qONMlO-RHrGYHvSd2qj2skSA,,[S] | UPC 2312102401 | High (verify recommended)
History Honours,History of India – VI: c. 1750 – 1857,2024,May-June,,https://drive.google.com/uc?export=download&id=1XZ4xWIDhNGsItp43gEPYsYtC31nEk8DU,,[S] | UPC 2312103502 | High (verify recommended)
B.A (Prog.) History as Major,History of India c.1550 – 1700,2022,Nov-Dec,,https://drive.google.com/uc?export=download&id=1nJ-8TlIp0mZyMAXYBrJtLEwn907nUJ6z,,[S] | UPC 2312202401 | High (verify recommended)
B.A (Prog.) History as Major,"History of India, 1200 – 1550",2022,Nov-Dec,,https://drive.google.com/uc?export=download&id=1JUhqF_c4-HBDkzyS8qNeF_u6vKyQq-FM,,[S] | UPC 2312202301 | High (verify recommended)
B.A (Prog.) History as Major,"History of India, 1200 – 1550",2023,Nov-Dec,,https://drive.google.com/uc?export=download&id=1aNmB2cNfXMOuY1Dy2xL3hMOefqvpnv9N,,[S] | UPC 2312202301 | High (verify recommended)
History Honours,History of Modern Europe – I,2023,Nov-Dec,,https://drive.google.com/uc?export=download&id=1TO7-E6dGAbHw-Hgi1ZOjocOFvFj_ZE8j,,[S] | UPC 2312103503 | High (verify recommended)
History Honours,History of Modern Europe – I,2022,May-June,,https://drive.google.com/uc?export=download&id=1aUG8VjaeCEejlC7n6qBXpxkT4R5VaEZF,,[S] | UPC 2312103503 | High (verify recommended)
History Honours,History of Modern Europe – I,2024,May-June,,https://drive.google.com/uc?export=download&id=1Qc1o_ryd-CcMrWX7A07FBXHmijhkOSlY,,[S] | UPC 2312103503 | High (verify recommended)
History Honours,History of Modern Europe – I,2022,May-June,,https://drive.google.com/uc?export=download&id=1196tnm9yeNeaIMzeX1dSTLs1GkwjJXfN,,[S] | UPC 2312103503 | High (verify recommended)
History Honours,History of Modern Europe – I,2023,May-June,,https://drive.google.com/uc?export=download&id=1WnURePPwxB13CUu6iASWpdGiNpeWgMWL,,[S] | UPC 2312103503 | High (verify recommended)
History Honours,Making of Post-Colonial India,2022,Nov-Dec,,https://drive.google.com/uc?export=download&id=1u7sA_8Z8qnjt-zQ0GtYO7hlPwrY8G7EJ,,[S] | UPC 2314002002 | High (verify recommended)
History Honours,Rise of the Modern West-I,2023,May-June,,https://drive.google.com/uc?export=download&id=1uopDMUtkFxHzWqmi8lxrK_0kEzOHQ7W3,,[S] | UPC 2312102302 | High (verify recommended)
History Honours,Rise of the Modern West – II,2022,Nov-Dec,,https://drive.google.com/uc?export=download&id=13g4F5EQObyB--g3UE_4QBJeQ9Ol5n-Om,,[S] | UPC 2312102402 | High (verify recommended)
History Honours,Rise of the Modern West-I,2024,May-June,,https://drive.google.com/uc?export=download&id=1Kvjaj0eeJDrou1YRpkjJ9AzfgkBWW_v0,,[S] | UPC 2312102302 | High (verify recommended)
History Honours,Rise of the Modern West-I,2023,Nov-Dec,,https://drive.google.com/uc?export=download&id=1llNnU4-drJ69f3PBBJ9uKBZWe-sn6G97,,[S] | UPC 2312102302 | High (verify recommended)
History Honours,Understanding Indian Heritage,2022,Nov-Dec,,https://drive.google.com/uc?export=download&id=1jztnMVM-LvIWvORXbNOHxciAr4HJmj-c,,[S] | UPC 2314001204 | High (verify recommended)
History Honours,History of India – V: c. 1500 – 1600,2022,May-June,,https://drive.google.com/uc?export=download&id=17OOsynaawO6umQBS_BAdcS1FMmS4IT7P,,[S] | UPC 2312103501 | Medium (verify required)
B.A (Prog.) History as Major,"History of India, 1200 – 1550",2023,Nov-Dec,,https://drive.google.com/uc?export=download&id=12650qKhodjEBFxZFx3ePa0-XTClaXCz_,,[S] | UPC 2312202301 | Medium (verify required)
B.A (Prog.) History as Major,Cultural Transformations in Early Modern Europe-I,2024,May-June,,https://drive.google.com/uc?export=download&id=1V_Uo2EGVSMDP5Yh1d-AWChLfZS4OnN36,,[S] | UPC 2312202302 | Medium (verify required)
History Honours,Culture a Everyday Life in India,2023,Nov-Dec,,https://drive.google.com/uc?export=download&id=1siCkRkCB7vU15jCJyT4m5NleSsHVqxoZ,,[S] | UPC 2314001001 | Medium (verify required)
History Honours,History of Theatre,2022,May-June,,https://drive.google.com/uc?export=download&id=1T3veZ0dc6XHcUKzISq8VJncsA-zdUHbm,,[S] | UPC 2314000028 | Medium (verify required)
History Honours,History of India – III: 750 – 1200,2025,May-June,,https://drive.google.com/uc?export=download&id=18AcrgKoJwNpBZdfOYlaALTWX0BTgUJfm,,[S] | UPC 2312102301 | Medium (verify required)
History Honours,History of India – IV: c.1200 – 1500,2025,May-June,,https://drive.google.com/uc?export=download&id=13fm0QwGcOWtsF08pf37-jaxOrJ0D2J3T,,[S] | UPC 2312102401 | Medium (verify required)
History Honours,History of India – III: 750 – 1200,2024,Nov-Dec,,https://drive.google.com/uc?export=download&id=1OBAYxscNi1VBRds7K5_esAxmbEqCdRk6,,[S] | UPC 2312102301 | Medium (verify required)
History Honours,History of India – IV: c.1200 – 1500,2022,Nov-Dec,,https://drive.google.com/uc?export=download&id=12vsR73XYlqp9AxH8DYQfeYn-eIkdF5zV,,[S] | UPC 2312102401 | Medium (verify required)
B.A (Prog.) History as Major,"History of India, 1200 – 1550",2023,May-June,,https://drive.google.com/uc?export=download&id=1UumJ8GYqbl-S8SthRKkC2iILNgIVMc1d,,[S] | UPC 2312202301 | Medium (verify required)
History Honours,History of India – III: 750 – 1200,2022,May-June,,https://drive.google.com/uc?export=download&id=1-WOW1i7AsTZA7RqIwf76AZr2fSyHeAcL,,[S] | UPC 2312102301 | Medium (verify required)
History Honours,History of India – VII: 1600 – 1750s,2022,Nov-Dec,,https://drive.google.com/uc?export=download&id=1bwQyEi3lybuUvImohAPPN0Iq9E8U40pD,,[S] | UPC 2312103601 | Medium (verify required)
B.A (Prog.) History as Major,History of India c.1550 – 1700,2022,May-June,,https://drive.google.com/uc?export=download&id=1WC9HmBqRmDu9Pa0eadstccDpTTR7KD7f,,[S] | UPC 2312202401 | Medium (verify required)
B.A (Prog.) History as Major,History of India from earliest times upto c. 300 CE,2023,Nov-Dec,,https://drive.google.com/uc?export=download&id=1sQ6nv4-fT8CMlXt2a5_TTQFqI3Z6FGPi,,[S] | UPC 2312201101 | Medium (verify required)
B.A (Prog.) History as Major,History of India from earliest times upto c. 300 CE,2022,Nov-Dec,,https://drive.google.com/uc?export=download&id=15MagPY3ZHTejzIaC2eO0OtsJnqCjeA0b,,[S] | UPC 2312201101 | Medium (verify required)
B.A (Prog.) History as Major,History of India from earliest times upto c. 300 CE,2022,Nov-Dec,,https://drive.google.com/uc?export=download&id=1K6pL0giHPHdBMaeDFnZbKqtKcgvStCte,,[S] | UPC 2312201101 | Medium (verify required)
B.A (Prog.) History as Major,History of India c.1550 – 1700,2022,May-June,,https://drive.google.com/uc?export=download&id=1BUo8Rp0oElO3b-VXHwbekd1GVhcN9BwW,,[S] | UPC 2312202401 | Medium (verify required)
B.A (Prog.) History as Major,History of India c.1550 – 1700,2023,May-June,,https://drive.google.com/uc?export=download&id=1aVMdyDy7WTy29hMk36ycntTbz-xrl4s9,,[S] | UPC 2312202401 | Medium (verify required)
B.A (Prog.) History as Major,History of India c.1550 – 1700,2022,May-June,,https://drive.google.com/uc?export=download&id=1ScaL_5naw8DYk93F7uD9nGmOc3Wh_JoH,,[S] | UPC 2312202401 | Medium (verify required)
B.A (Prog.) History as Major,"History of India, 1200 – 1550",2023,May-June,,https://drive.google.com/uc?export=download&id=1UjTsaAZNkn9yEkZtoobfxP5FaULKr2Dm,,[S] | UPC 2312202301 | Medium (verify required)
History Honours,History of India – VI: c. 1750 – 1857,2023,Nov-Dec,,https://drive.google.com/uc?export=download&id=127VqwBIYRQrSIMIB-sKZCj7Ye0jBtMoQ,,[S] | UPC 2312103502 | Medium (verify required)
History Honours,History of India – III: 750 – 1200,2022,Nov-Dec,,https://drive.google.com/uc?export=download&id=1gVEYzBB57w0C9sSbAT4cnQ62gXnosrW2,,[S] | UPC 2312102301 | Medium (verify required)
History Honours,History of India – VII: 1600 – 1750s,2024,Nov-Dec,,https://drive.google.com/uc?export=download&id=1Pws2GDS1JxIhslvwjW3y50Q3A1KBUKqD,,[S] | UPC 2312103601 | Medium (verify required)
History Honours,History of India – VI: c. 1750 – 1857,2024,May-June,,https://drive.google.com/uc?export=download&id=1Z7ItVEhGHC7FODkvZjXHxJUnLvFBOzrf,,[S] | UPC 2312103502 | Medium (verify required)
History Honours,History of India – VI: c. 1750 – 1857,2022,May-June,,https://drive.google.com/uc?export=download&id=1r4zPxvSffFRQ6kylUrlObIQVRuMmKFCk,,[S] | UPC 2312103502 | Medium (verify required)
History Honours,History of India – VIII: c. 1857 – 1950,2023,Nov-Dec,,https://drive.google.com/uc?export=download&id=1dw1DFnoLiLlAf7Nfg0L2_kU04ovzCfig,,[S] | UPC 2312103602 | Medium (verify required)
B.A (Prog.) History as Major,"History of India, 1200 – 1550",2022,Nov-Dec,,https://drive.google.com/uc?export=download&id=1fVToEV_4Oxg2ZCiVPGzru4JM0nz-KkII,,[S] | UPC 2312202301 | Medium (verify required)
B.A (Prog.) History as Major,"History of India, 1200 – 1550",2023,May-June,,https://drive.google.com/uc?export=download&id=11vAFmAZxwdF11j3MPLxOcx-kCUjMSKio,,[S] | UPC 2312202301 | Medium (verify required)
History Honours,History of Modern Japan (c. 1868 – 1950s),2024,May-June,,https://drive.google.com/uc?export=download&id=1rT1CzxG99Ay0ml3XuXpisRjNYMJ8mdFW,,[S] | UPC 2312102403 | Medium (verify required)
History Honours,History of Modern Japan (c. 1868 – 1950s),2022,May-June,,https://drive.google.com/uc?export=download&id=1ol-jXAuq89IAPNr_hQ9fzp1Hjt69w7vj,,[S] | UPC 2312102403 | Medium (verify required)
History Honours,History of Modern Japan (c. 1868 – 1950s),2023,May-June,,https://drive.google.com/uc?export=download&id=1sJvmw5MbnnePBZQMh4oFJgyrb3eH5YTN,,[S] | UPC 2312102403 | Medium (verify required)
History Honours,History of Modern Japan (c. 1868 – 1950s),2025,May-June,,https://drive.google.com/uc?export=download&id=15SMy2gvBh9CF8bBB0DMWerCjPA6uc7LK,,[S] | UPC 2312102403 | Medium (verify required)
B.A (Prog.) History as Major,"History of India, 1200 – 1550",2022,May-June,,https://drive.google.com/uc?export=download&id=1laaFqrDcysOpE-QzdH_DqhdYTBQx8ifH,,[S] | UPC 2312202301 | Medium (verify required)
History Honours,History of Theatre,2023,Nov-Dec,,https://drive.google.com/uc?export=download&id=1SEBBl9FOYigI79CgVTlh-1DFyupTPzHE,,[S] | UPC 2314000028 | Medium (verify required)
History Honours,History of Theatre,2024,May-June,,https://drive.google.com/uc?export=download&id=1MYqDb0_vv_gmyfMqCR2_bTEddo7t877V,,[S] | UPC 2314000028 | Medium (verify required)
History Honours,History of Theatre,2022,Nov-Dec,,https://drive.google.com/uc?export=download&id=1nN5tRRfPeH8oHZlP-pGe_cj1M6kChM7-,,[S] | UPC 2314000028 | Medium (verify required)
History Honours,History of Theatre,2022,May-June,,https://drive.google.com/uc?export=download&id=1_w6wyN0syiO_B_JabkSbkPtI9Ge7F_bA,,[S] | UPC 2314000028 | Medium (verify required)
B.A (Prog.) History as Major,"History of India, 1200 – 1550",2023,May-June,,https://drive.google.com/uc?export=download&id=1hpnhKMVUUivd9w6YZ_8WxQ6NRq-6wyH4,,[S] | UPC 2312202301 | Medium (verify required)
History Honours,Media in History,2025,May-June,,https://drive.google.com/uc?export=download&id=1I8H2I4P2CQ7us42CIeHiPMzBVm-7RxEB,,[S] | UPC 2314002004 | Medium (verify required)
B.A (Prog.) History as Major,Urbanisation and Urbanism in India,2023,May-June,,https://drive.google.com/uc?export=download&id=1VbhK7QbR0aJUzrpO7t9P1cROiyhhRCxB,,[S] | UPC 2313200006 | Medium (verify required)
History Honours,Social Formations and Cultural Patterns of the Ancient World-I,2023,Nov-Dec,,https://drive.google.com/uc?export=download&id=1zNwD033vt-As7wQGBcXfyHCDvI9AR_hu,,[S] | UPC 2312101102 | Medium (verify required)
History Honours,Social Formations and Cultural Patterns of the Ancient World-I,2024,Nov-Dec,,https://drive.google.com/uc?export=download&id=1A_Fxkj4LgQuoPqBSjCvjDI41fkygl-Ku,,[S] | UPC 2312101102 | Medium (verify required)
History Honours,Social Formations and Cultural Patterns of the Ancient World-I,2022,May-June,,https://drive.google.com/uc?export=download&id=1-J20Ey-Uv_lZCIyHJ3tSGXxw3mE7LwOE,,[S] | UPC 2312101102 | Medium (verify required)
History Honours,Social Formations and Cultural Patterns of the Ancient World-I,2022,May-June,,https://drive.google.com/uc?export=download&id=19e9R4_2ue0LQ0C-aSgX1s8663hozSCtU,,[S] | UPC 2312101102 | Medium (verify required)
History Honours,History of Theatre,2023,May-June,,https://drive.google.com/uc?export=download&id=1GQlJcsxlDdwPAQnoeNY0hB-94uAmxO-8,,[S] | UPC 2314000028 | Medium (verify required)
B.A (Prog.) History as Major,"History of India, 1200 – 1550",2022,Nov-Dec,,https://drive.google.com/uc?export=download&id=1cXN0nGKpx1GV5Tq9GnQ0tKi9Krp1kJvd,,[S] | UPC 2312202301 | Medium (verify required)
B.A (Prog.) History as Major,"History of India, 1200 – 1550",2022,Nov-Dec,,https://drive.google.com/uc?export=download&id=1ndWWgTKbnaKOjA_d-2pUisaM_S-fQtoR,,[S] | UPC 2312202301 | Medium (verify required)
History,History,,Not Specified,,https://drive.google.com/uc?export=download&id=1uMgRDjUzx044zqXFaPkxh4Qiio7EQxdZ,,[S] | Unmatched (manual mapping needed)
History,History,,Not Specified,,https://drive.google.com/uc?export=download&id=16-rpGIi33gjNwobakMU6jBfjQEvOXoUS,,[S] | Unmatched (manual mapping needed)
History,History,,Not Specified,,https://drive.google.com/uc?export=download&id=1IbvbpdU_pDjzsfB4_HmJYQUhGr_moQHm,,[S] | Unmatched (manual mapping needed)
History,History,,Not Specified,,https://drive.google.com/uc?export=download&id=1qQ7HtgLhrVMECMaCrrnOJqhkDTYZb0Fk,,[S] | Unmatched (manual mapping needed)
History,History,,Not Specified,,https://drive.google.com/uc?export=download&id=13MoBgcxB1QK2RE4vz2vYqtvZbnmRfPG2,,[S] | Unmatched (manual mapping needed)
History,History,2023,Nov-Dec,,https://drive.google.com/uc?export=download&id=1gZsvkIef-3oZMCXoJudAzBWWfGwdzm8B,,[S] | Unmatched (manual mapping needed)
History,History,2022,Nov-Dec,,https://drive.google.com/uc?export=download&id=1l7xRkl3qs_HJqCUOczw4f_laK0ZsALt1,,[S] | Unmatched (manual mapping needed)
History,History,2022,May-June,,https://drive.google.com/uc?export=download&id=17T8-jN6kcxqS94WuOP2BbV-A7JVtRJyM,,[S] | Unmatched (manual mapping needed)
History,History,2023,Nov-Dec,,https://drive.google.com/uc?export=download&id=1gWnjoMiFk2c_b3Rob1lG005JSgJ46qJi,,[S] | Unmatched (manual mapping needed)
History,History,2022,Nov-Dec,,https://drive.google.com/uc?export=download&id=1jca1IMHMapgBQki9eZaJk0pA-n2nhrqm,,[S] | Unmatched (manual mapping needed)
History,History,2025,May-June,,https://drive.google.com/uc?export=download&id=1r82oY6fQSxOkhArvQQ9zpR01MTZvc9BI,,[S] | Unmatched (manual mapping needed)
History,History,2025,May-June,,https://drive.google.com/uc?export=download&id=1Wqm4T-39TIPEn50b-tBvRdR1aJuc_eCa,,[S] | Unmatched (manual mapping needed)
Life Science,Life Science,,Not Specified,,https://drive.google.com/uc?export=download&id=16EmeemNlnNpruaGEFImyYqbpo5xO5nAf,,[S] | Unmatched (manual mapping needed)
Life Science,Life Science,,Not Specified,,https://drive.google.com/uc?export=download&id=1cAMLhiPjeALiwCjckEbN-CYcR3Z5zUC_,,[S] | Unmatched (manual mapping needed)
Life Science,Life Science,,Not Specified,,https://drive.google.com/uc?export=download&id=1hKZKGGdjEnXvy0wniL1ZbYr3xistoZ5D,,[S] | Unmatched (manual mapping needed)
Life Science,Life Science,,Not Specified,,https://drive.google.com/uc?export=download&id=1fJxP2ege7t0GfKvWBCcc1R1cHAo0K-nm,,[S] | Unmatched (manual mapping needed)
Life Science,Life Science,,Not Specified,,https://drive.google.com/uc?export=download&id=1nEELDqXZdzUlGj5rN1UJJLtC4J8m_kIa,,[S] | Unmatched (manual mapping needed)
DEPARTMENT OF MATHEMATICS,Calculus,2022,Nov-Dec,,https://drive.google.com/uc?export=download&id=1laflvR0u7PApEwbp0eQpgDX5iPf4u_AM,,[S] | UPC 32351101 | Exact (Question Bank code match)
DEPARTMENT OF MATHEMATICS,Theory Of Real Functions,2022,Nov-Dec,,https://drive.google.com/uc?export=download&id=1T4zAxnsin5dT2r0uEQGTCYvEvwJBEHiM,,[S] | UPC 32351301 | Exact (Question Bank code match)
DEPARTMENT OF MATHEMATICS,Complex Analysis (Including Practicals),2022,May-June,,https://drive.google.com/uc?export=download&id=17U7kr5zJqfWAeYTNzEklvW3kTQyijwnH,,[S] | UPC 32351601 | Exact (Question Bank code match)
DEPARTMENT OF MATHEMATICS,Riemann Integration And Series Of Functions,2022,May-June,,https://drive.google.com/uc?export=download&id=1haSk1BfZHQ5cdcNpuhZNBGxX94lReR1D,,[S] | UPC 32351402 | Exact (Question Bank code match)
DEPARTMENT OF MATHEMATICS,Calculus And Geometry,2025,May-June,,https://drive.google.com/uc?export=download&id=1mDrl0XkDPgw6e7voz1AGqPvwQHiXrp6S,,[S] | UPC 42351201 | Exact (Question Bank code match)
DEPARTMENT OF MATHEMATICS,Calculus And Geometry,2023,May-June,,https://drive.google.com/uc?export=download&id=1tENI5CbxE8Vg6pYksv0R5Cm78UKgkc9w,,[S] | UPC 42351201 | Exact (Question Bank code match)
DEPARTMENT OF MATHEMATICS,Calculus And Geometry,2024,May-June,,https://drive.google.com/uc?export=download&id=1t32nv1fcE9pKfXm3dRV-lVONR9OkIp8s,,[S] | UPC 42351201 | Exact (Question Bank code match)
DEPARTMENT OF MATHEMATICS,Real Analysis,2023,May-June,,https://drive.google.com/uc?export=download&id=1P6LKAIMq1s9uPImRfV4W0BXvsR5quOWZ,,[S] | UPC 32351201 | Exact (Question Bank code match)
DEPARTMENT OF COMPUTER SCIENCE,Computer Algebra Systems And Related Software,2024,May-June,,https://drive.google.com/uc?export=download&id=1x2x0zHjvLZDcCADRdnSBKK9KfJtre7_o,,[S] | UPC 32353401 | Exact (Question Bank code match)
DEPARTMENT OF MATHEMATICS,Latex And Html,2022,Nov-Dec,,https://drive.google.com/uc?export=download&id=1aPo580eVc8aZMoqUAr9qQGPDxsXas-rF,,[S] | UPC 32353301 | Exact (Question Bank code match)
DEPARTMENT OF COMPUTER SCIENCE,Computer Algebra Systems And Related Software,2022,May-June,,https://drive.google.com/uc?export=download&id=1aJAvFAyX-ONVr0fuYUKFsWdpOR-_nBfI,,[S] | UPC 32353401 | Exact (Question Bank code match)
DEPARTMENT OF MATHEMATICS,Theory Of Real Functions,2023,Nov-Dec,,https://drive.google.com/uc?export=download&id=1jIQ5Gw8_rr6FLcKbkb9mMyvomhB2sVNj,,[S] | UPC 32351301 | Exact (Question Bank code match)
DEPARTMENT OF MATHEMATICS,Complex Analysis (Including Practicals),2023,May-June,,https://drive.google.com/uc?export=download&id=1I1GBDAa8_bLqQpdR0YWE2En0K_n7C4Q7,,[S] | UPC 32351601 | Exact (Question Bank code match)
DEPARTMENT OF COMPUTER SCIENCE,Operating System,2024,Nov-Dec,,https://drive.google.com/uc?export=download&id=1z4BzuttzpXnmERLGr7mzYRBE8Q3ge6je,,[S] | UPC 42344304 | Exact (Question Bank code match)
DEPARTMENT OF MATHEMATICS,Calculus And Matrices,2022,Nov-Dec,,https://drive.google.com/uc?export=download&id=1e2KlgWh1BCaeFoYr4tqyjSBJeWHkwvXc,,[S] | UPC 42351101 | Exact (Question Bank code match)
DEPARTMENT OF COMPUTER SCIENCE,Computer Algebra Systems And Related Software,2023,May-June,,https://drive.google.com/uc?export=download&id=125Fdsxar5CNU4V1uPE2gmoQSG3wOqc4P,,[S] | UPC 32353401 | Exact (Question Bank code match)
DEPARTMENT OF MATHEMATICS,Latex And Html,2023,Nov-Dec,,https://drive.google.com/uc?export=download&id=1G8WjsSsDNXGkeNniwy6N7cDqq8GO5_YD,,[S] | UPC 32353301 | Exact (Question Bank code match)
DEPARTMENT OF MATHEMATICS,Latex And Html,2024,Nov-Dec,,https://drive.google.com/uc?export=download&id=1lzoybsYg9G7if6vHnJUQx6g2lxVdL3zS,,[S] | UPC 32353301 | Exact (Question Bank code match)
B.Sc. (Hons.) Mathematics,Linear Algebra,2025,May-June,,https://drive.google.com/uc?export=download&id=1TuHnTCyhSnEc4OBO4rshxZAaDyXwOb-O,,[S] | UPC 2352011201 | Exact (UPC/syllabus match)
B.A. (Prog) Mathematics as Major ; B.A. (Prog) with Mathematics as Minor ; B.Sc. (Prog) Physical Sciences courses pertaining to Mathematical Sciences,Abstract Algebra,2024,May-June,,https://drive.google.com/uc?export=download&id=1ZgVr7TxJFAGV-kzqf00GXh_et2oqXFtW,,[S] | UPC 2352572401 | Exact (UPC/syllabus match)
B.Sc. (Hons.) Mathematics,Advanced Group Theory,2025,May-June,,https://drive.google.com/uc?export=download&id=1xdfF2Y7yyG0rWcJpr9_sKo2gFESfNTIw,,[S] | UPC 2352013601 | Exact (UPC/syllabus match)
B.Sc. (Hons.) Mathematics,Algebra,2024,Nov-Dec,,https://drive.google.com/uc?export=download&id=1f5jSqdjnuXAP5rChkRsaxyK3Fk1aYMY-,,[S] | UPC 2352011101 | Exact (UPC/syllabus match)
B.Sc. (Hons.) Mathematics,Calculus,2023,May-June,,https://drive.google.com/uc?export=download&id=1LlyqgKP32rrwTVO9j-nE2UGvDl6E8jQZ,,[S] | UPC 2352011202 | Exact (UPC/syllabus match)
B.Sc. (Hons.) Mathematics,Calculus,2024,May-June,,https://drive.google.com/uc?export=download&id=15Rm_d7L_MxeZZpA_119bubYHC-YNlWcn,,[S] | UPC 2352011202 | Exact (UPC/syllabus match)
B.Sc. (Hons.) Mathematics,Complex Analysis,2025,May-June,,https://drive.google.com/uc?export=download&id=1IgKarNu_ZCOtDxLU7dZUgyIIU6ZzZqNd,,[S] | UPC 2352013603 | Exact (UPC/syllabus match)
B.A. (Prog) Mathematics as Major ; B.A. (Prog) with Mathematics as Minor ; B.Sc. (Hons.) Mathematics ; B.Sc. (Prog) Physical Sciences courses pertaining to Mathematical Sciences,Differential Equations,2023,Nov-Dec,,https://drive.google.com/uc?export=download&id=19nvpnZMWZjm4YxxEsI76mLbJVn91ZkOm,,[S] | UPC 2354002001 | Exact (UPC/syllabus match)
B.A. (Prog) Mathematics as Major ; B.A. (Prog) with Mathematics as Minor ; B.Sc. (Prog) Physical Sciences courses pertaining to Mathematical Sciences,Topics in Calculus,2024,Nov-Dec,,https://drive.google.com/uc?export=download&id=1Khrexd1B82EY0wBH5-Xv6qTYbjGS9EBe,,[S] | UPC 2352571101 | Exact (UPC/syllabus match)
B.Sc. (Hons.) Mathematics,Algebra,2022,Nov-Dec,,https://drive.google.com/uc?export=download&id=1p3Fo5TC3Ch9obtnkz68bNrrOkl6Eayxw,,[S] | UPC 2352011101 | Exact (UPC/syllabus match)
B.Sc. (Hons.) Mathematics,Probability and Statistics,2023,Nov-Dec,,https://drive.google.com/uc?export=download&id=18KY3al1QvhbrAk6MrMZlOvz0yuAR1Q9Z,,[S] | UPC 2352011103 | Exact (UPC/syllabus match)
B.A. (Prog) Mathematics as Major ; B.A. (Prog) with Mathematics as Minor ; B.Sc. (Prog) Physical Sciences courses pertaining to Mathematical Sciences,Differential Equations,2023,Nov-Dec,,https://drive.google.com/uc?export=download&id=1vVuTOYhlWX8wFlHXmFj1VacjM8_6_E5b,,[S] | UPC 2352572301 | Exact (UPC/syllabus match)
B.Sc. (Hons.) Mathematics,Discrete Mathematics,2024,Nov-Dec,,https://drive.google.com/uc?export=download&id=16fHhjhyR0KvPy9zTTlUu7yaF8UoW4YKc,,[S] | UPC 2352012303 | Exact (UPC/syllabus match)
B.Sc. (Hons.) Mathematics,Discrete Mathematics,2023,Nov-Dec,,https://drive.google.com/uc?export=download&id=1izQFIUah1Oe5MzwOce-Gr7XylUS3yhP2,,[S] | UPC 2352012303 | Exact (UPC/syllabus match)
B.A. (Prog) Mathematics as Major ; B.A. (Prog) with Mathematics as Minor ; B.Sc. (Prog) Physical Sciences courses pertaining to Mathematical Sciences,Elementary Linear Algebra,2023,May-June,,https://drive.google.com/uc?export=download&id=1KiKrpm6VDG6ur1vlGk_0RJ_FQixuHGMF,,[S] | UPC 2352571201 | Exact (UPC/syllabus match)
B.Sc. (Hons.) Mathematics,Elementary Real Analysis,2024,Nov-Dec,,https://drive.google.com/uc?export=download&id=1N5InXxG8ZjWnaLfBjWHj2FgoVtEWoWID,,[S] | UPC 2352011102 | Exact (UPC/syllabus match)
B.A. (Prog) Mathematics as Major ; B.A. (Prog) with Mathematics as Minor ; B.Sc. (Hons.) Mathematics ; B.Sc. (Prog) Physical Sciences courses pertaining to Mathematical Sciences,Elements of Real Analysis,2024,May-June,,https://drive.google.com/uc?export=download&id=1G_shTtDOAeG1QfDxTEh8_m0vHQIVWDj3,,[S] | UPC 2354002003 | Exact (UPC/syllabus match)
B.A. (Prog) Mathematics as Major ; B.A. (Prog) with Mathematics as Minor ; B.Sc. (Hons.) Mathematics ; B.Sc. (Prog) Physical Sciences courses pertaining to Mathematical Sciences,Elements of Real Analysis,2025,May-June,,https://drive.google.com/uc?export=download&id=15WuUxr4BLI6yL4heR3HTK0tZSYFpF-CW,,[S] | UPC 2354002003 | Exact (UPC/syllabus match)
B.A. (Prog) Mathematics as Major ; B.A. (Prog) with Mathematics as Minor ; B.Sc. (Hons.) Mathematics ; B.Sc. (Prog) Physical Sciences courses pertaining to Mathematical Sciences,Fundamental of Calculus,2023,Nov-Dec,,https://drive.google.com/uc?export=download&id=1bED3bmjQLOVK_xw49cOk6b412ZpkK62L,,[S] | UPC 2354001001 | Exact (UPC/syllabus match)
B.A. (Prog) Mathematics as Major ; B.A. (Prog) with Mathematics as Minor ; B.Sc. (Hons.) Mathematics ; B.Sc. (Prog) Physical Sciences courses pertaining to Mathematical Sciences,Fundamental of Calculus,2024,Nov-Dec,,https://drive.google.com/uc?export=download&id=1oo2Xp3NfmCgonZJapb2eF9F3iIskd7GO,,[S] | UPC 2354001001 | Exact (UPC/syllabus match)
B.A. (Prog) Mathematics as Major ; B.A. (Prog) with Mathematics as Minor ; B.Sc. (Hons.) Mathematics ; B.Sc. (Prog) Physical Sciences courses pertaining to Mathematical Sciences,Fundamental of Calculus,2022,Nov-Dec,,https://drive.google.com/uc?export=download&id=1R1Y02-oknRIC7M_ArDETc2q9wkVvViK1,,[S] | UPC 2354001001 | Exact (UPC/syllabus match)
B.A. (Prog) Mathematics as Major ; B.A. (Prog) with Mathematics as Minor ; B.Sc. (Hons.) Mathematics ; B.Sc. (Prog) Physical Sciences courses pertaining to Mathematical Sciences,Introduction to Linear Algebra,2025,May-June,,https://drive.google.com/uc?export=download&id=1yPcCWiG4wx2yWRvI-DoPTTLemQegDYoJ,,[S] | UPC 2354001202 | Exact (UPC/syllabus match)
B.Sc. (Hons.) Mathematics,Linear Algebra,2023,May-June,,https://drive.google.com/uc?export=download&id=18GeFCIh7qDPaxhBior4Vx5KzewRIjrra,,[S] | UPC 2352011201 | Exact (UPC/syllabus match)
B.Sc. (Hons.) Mathematics,Linear Algebra,2024,May-June,,https://drive.google.com/uc?export=download&id=1-Odph2QoFVbSvsU4EAbMKGt1k9MGCzmM,,[S] | UPC 2352011201 | Exact (UPC/syllabus match)
B.Sc. (Hons.) Mathematics,Linear Programming and Applications,2024,Nov-Dec,,https://drive.google.com/uc?export=download&id=1uDhhJt1d16ASXQkhtogXGx7EoUAwCrWY,,[S] | UPC 2353010008 | Exact (UPC/syllabus match)
B.Sc. (Hons.) Mathematics,Mathematical Statistics,2024,Nov-Dec,,https://drive.google.com/uc?export=download&id=1aR7MQHfb0PW7LGSMggIf_tFe7ttAwbJ1,,[S] | UPC 2353010009 | Exact (UPC/syllabus match)
B.Sc. (Hons.) Mathematics,Multivariate Calculus,2024,May-June,,https://drive.google.com/uc?export=download&id=11h0yEmDg_jKQ5pBESWyztvPwBkiYcgXf,,[S] | UPC 2352012402 | Exact (UPC/syllabus match)
B.Sc. (Hons.) Mathematics,Multivariate Calculus,2025,May-June,,https://drive.google.com/uc?export=download&id=1FyV_ziopPZ-uyLGLrg5pDEMvcx053JyN,,[S] | UPC 2352012402 | Exact (UPC/syllabus match)
B.Sc. (Hons.) Mathematics,Numerical Analysis,2024,May-June,,https://drive.google.com/uc?export=download&id=1oCN6_ycW_QKoSVPBfQz7z5aFk8H4JCwJ,,[S] | UPC 2352012403 | Exact (UPC/syllabus match)
B.Sc. (Hons.) Mathematics,Numerical Analysis,2025,May-June,,https://drive.google.com/uc?export=download&id=1CFYtx8c_IX3g5cA8KudYtqnXMfXQsowP,,[S] | UPC 2352012403 | Exact (UPC/syllabus match)
B.Sc. (Hons.) Mathematics,Ordinary Differential Equations,2025,May-June,,https://drive.google.com/uc?export=download&id=1Wi2GwrF598QExWjcLyqyEM61i-zJtBoF,,[S] | UPC 2352011203 | Exact (UPC/syllabus match)
B.Sc. (Hons.) Mathematics,Ordinary Differential Equations,2023,May-June,,https://drive.google.com/uc?export=download&id=1GXDxzjkWe7M7NLclKQiNYBAMoTVoBEZ-,,[S] | UPC 2352011203 | Exact (UPC/syllabus match)
B.Sc. (Hons.) Mathematics,Ordinary Differential Equations,2024,May-June,,https://drive.google.com/uc?export=download&id=10VXu1mt7_dh6CXatF_Ya9ec06RFiAatL,,[S] | UPC 2352011203 | Exact (UPC/syllabus match)
B.A. (Prog) Mathematics as Major ; B.A. (Prog) with Mathematics as Minor ; B.Sc. (Hons.) Mathematics ; B.Sc. (Prog) Physical Sciences courses pertaining to Mathematical Sciences,Research Methodology,2025,May-June,,https://drive.google.com/uc?export=download&id=1Rnli4liNw0yooyDlAR-_rkMhLA1zkusc,,[S] | UPC 2353010015 | Exact (UPC/syllabus match)
B.A. (Prog) Mathematics as Major ; B.A. (Prog) with Mathematics as Minor ; B.Sc. (Hons.) Mathematics ; B.Sc. (Prog) Physical Sciences courses pertaining to Mathematical Sciences,Research Methodology,2025,May-June,,https://drive.google.com/uc?export=download&id=1h6dsZxiWCvx8rLB5THTxLH8VExsoxYdp,,[S] | UPC 2353010015 | Exact (UPC/syllabus match)
B.Sc (hons) Statistics,SAMPLE SURVEYS,2024,Nov-Dec,,https://drive.google.com/uc?export=download&id=1ONP6K0yEm7hA_se7QS7CU--DAxu-nOeZ,,[S] | UPC 2372012301 | Exact (UPC/syllabus match)
B.Sc. (Hons.) Mathematics,Sequences and Series of Functions,2024,May-June,,https://drive.google.com/uc?export=download&id=1uuDkBMxz8RaxEpaeU4hjuZwySp0BCiFH,,[S] | UPC 2352012401 | Exact (UPC/syllabus match)
B.Sc. (Hons.) Mathematics,Sequences and Series of Functions,2025,May-June,,https://drive.google.com/uc?export=download&id=1NJLBiduhQfjYACIt1rHkdfcn-VANaP6k,,[S] | UPC 2352012401 | Exact (UPC/syllabus match)
B.A. (Prog) Mathematics as Major ; B.A. (Prog) with Mathematics as Minor ; B.Sc. (Hons.) Mathematics ; B.Sc. (Prog) Physical Sciences courses pertaining to Mathematical Sciences,Introduction to Linear Algebra,2023,May-June,,https://drive.google.com/uc?export=download&id=1izmAZBtxhEhAsOTOjkRTtAL2CxcLHqdx,,[S] | UPC 2354001202 | Exact (UPC/syllabus match)
B.Sc. (Hons.) Mathematics,Group Theory,2024,Nov-Dec,,https://drive.google.com/uc?export=download&id=1-z9k04pEf3dir9D207dLTgwFSFFYiDez,,[S] | UPC 2352012301 | Exact (UPC/syllabus match)
B.A. (Prog) Mathematics as Major ; B.A. (Prog) with Mathematics as Minor ; B.Sc. (Prog) Physical Sciences courses pertaining to Mathematical Sciences,Abstract Algebra,2025,May-June,,https://drive.google.com/uc?export=download&id=16hA8yau6aIsyOBaFDAJdFX2aq0G0cYE-,,[S] | UPC 2352572401 | Exact (UPC/syllabus match)
B.A. (Prog) Mathematics as Major ; B.Sc. (Prog) Physical Sciences courses pertaining to Mathematical Sciences,Probability and Statistics,2025,May-June,,https://drive.google.com/uc?export=download&id=1S2sigoqxpauScjVKvG5v8OLIPP2lCQe3,,[S] | UPC 2352203601 | Exact (UPC/syllabus match)
B.A. (Prog) Mathematics as Major ; B.A. (Prog) with Mathematics as Minor ; B.Sc. (Hons.) Mathematics ; B.Sc. (Prog) Physical Sciences courses pertaining to Mathematical Sciences,Abstract Algebra,2025,May-June,,https://drive.google.com/uc?export=download&id=1nSTMvrAW-P89cQZGmlpiPDRK5-_VY4qg,,[S] | UPC 2354000009 | Exact (UPC/syllabus match)
B.Sc. (Hons.) Mathematics,Algebra,2023,Nov-Dec,,https://drive.google.com/uc?export=download&id=1ShJ_J4nAVnUGskF-0bdaBnvleLTrveWo,,[S] | UPC 2352011101 | Exact (UPC/syllabus match)
B.Sc. (Hons.) Mathematics,Algebra,2023,Nov-Dec,,https://drive.google.com/uc?export=download&id=1j-qtEe09NUIzw8D36iEuG1UdW6X5aiSP,,[S] | UPC 2352011101 | High (verify recommended)
B.A. (Prog) Mathematics as Major,Advanced Linear Algebra,2025,May-June,,https://drive.google.com/uc?export=download&id=1vB6XhPBRn8lz3vNzGmTy8KLZhE_SET1H,,[S] | UPC 2353200012 | High (verify recommended)
B.Sc. (Hons.) Mathematics,Algebra,2024,Nov-Dec,,https://drive.google.com/uc?export=download&id=1eCKyo-K680ZzSu2yQtGEDnzbiTod2bnS,,[S] | UPC 2352011101 | High (verify recommended)
B.Sc. (Hons.) Mathematics,Algebra,2022,Nov-Dec,,https://drive.google.com/uc?export=download&id=1Wc6jrmsppUPYMkw65yt9yqfKCyJBEulj,,[S] | UPC 2352011101 | High (verify recommended)
B.Sc. (Hons.) Mathematics,Partial Differential Equations,2023,May-June,,https://drive.google.com/uc?export=download&id=1pBWKHcEw8MssEqReT9smhg9ePzbyJy9M,,[S] | UPC 2352013503 | High (verify recommended)
B.A. (Prog) Mathematics as Major,Elementary Linear Algebra,2024,May-June,,https://drive.google.com/uc?export=download&id=1IHTS7GRoBncgAgDt9Rgx5mhSCQoWkXay,,[S] | UPC 2352571201 | High (verify recommended)
B.Sc. (Hons.) Mathematics,Calculus,2023,Nov-Dec,,https://drive.google.com/uc?export=download&id=1de9ZEp703njOKHdjhWXdnKKu1YojxU5Z,,[S] | UPC 2352011202 | High (verify recommended)
B.Sc. (Hons.) Mathematics,Complex Analysis,2025,May-June,,https://drive.google.com/uc?export=download&id=1LQ73TaU34iVhemXnJoiiSLkGY2bRoOt7,,[S] | UPC 2352013603 | High (verify recommended)
B.A. (Prog) Mathematics as Major,Numerical Methods,2025,May-June,,https://drive.google.com/uc?export=download&id=1lxFEydIXPveCwI9F9bgegRcW14J28H36,,[S] | UPC 2354000006 | High (verify recommended)
B.A. (Prog) Mathematics as Major,Probability and Statistics,2025,May-June,,https://drive.google.com/uc?export=download&id=1ZX73D1wT0lNJlNsTrF7gxFYb8BWa4ALR,,[S] | UPC 2352203601 | High (verify recommended)
B.Sc. (Hons.) Mathematics,Mathematical Modeling,2022,Nov-Dec,,https://drive.google.com/uc?export=download&id=1XbRzYrNbpJ8oBXpLBCNk1x08gyagjF3t,,[S] | UPC 2353012005 | High (verify recommended)
B.Sc. (Hons.) Mathematics,Numerical Analysis,2022,Nov-Dec,,https://drive.google.com/uc?export=download&id=1ugE5B1JI6JC-ncKfb8GTTqeRoANGNKJR,,[S] | UPC 2352012403 | High (verify recommended)
B.Sc. (Hons.) Mathematics,Numerical Analysis,2022,Nov-Dec,,https://drive.google.com/uc?export=download&id=1yaxaPdK6N0DKMDzOk11cKhBMSqFW6Nyp,,[S] | UPC 2352012403 | High (verify recommended)
B.Sc. (Hons.) Mathematics,Discrete Mathematics,2022,Nov-Dec,,https://drive.google.com/uc?export=download&id=1P7Jl8gFyqV-spXdWNveytZimZ1iAAKBc,,[S] | UPC 2352012303 | High (verify recommended)
B.A. (Prog) Mathematics as Major,Linear Programming,2023,May-June,,https://drive.google.com/uc?export=download&id=1K2OBeV2ZeaHRrxgodBuZtXqA2mFjxKDf,,[S] | UPC 2354002004 | High (verify recommended)
B.A. (Prog) Mathematics as Major,Linear Programming,2024,May-June,,https://drive.google.com/uc?export=download&id=1Q_GqpzUQYxfISVjqRhCwGb82uh4T2sPe,,[S] | UPC 2354002004 | High (verify recommended)
B.A. (Prog) Mathematics as Major,Linear Programming,2022,May-June,,https://drive.google.com/uc?export=download&id=1ljSwmTDhlVWn5r91Of8HNxL18GbDQI5o,,[S] | UPC 2354002004 | High (verify recommended)
B.A. (Prog) Mathematics as Major,Linear Programming,2025,May-June,,https://drive.google.com/uc?export=download&id=12Bu81i220Gab4kdr-FwblTU-3kq5qYJb,,[S] | UPC 2354002004 | High (verify recommended)
B.Sc. (Hons.) Mathematics,Numerical Analysis,2023,Nov-Dec,,https://drive.google.com/uc?export=download&id=19zVK7gHNn0a8KAJCU2U8-zoJ8mMaSwAc,,[S] | UPC 2352012403 | High (verify recommended)
B.A. (Prog) Mathematics as Major,Differential Equations,2022,May-June,,https://drive.google.com/uc?export=download&id=1AMsNDWyyqiU2od9z-aC852vaG2pAL892,,[S] | UPC 2352572301 | High (verify recommended)
B.A. (Prog) Mathematics as Major,Differential Equations,2023,Nov-Dec,,https://drive.google.com/uc?export=download&id=17-fe_CHLlqZlNgP82QTvaJnOYBcng9Lx,,[S] | UPC 2352572301 | High (verify recommended)
B.A. (Prog) Mathematics as Major,Differential Equations,2023,May-June,,https://drive.google.com/uc?export=download&id=114R3DaEqL_MZIcuKZ7H0yvapXJ5k477h,,[S] | UPC 2352572301 | High (verify recommended)
B.A. (Prog) Mathematics as Major,Differential Equations,2022,Nov-Dec,,https://drive.google.com/uc?export=download&id=1VtPLRhDpz_kDx2HrbvXDTms4xmCvRxRO,,[S] | UPC 2352572301 | High (verify recommended)
B.A. (Prog) Mathematics as Major,Differential Equations,2023,Nov-Dec,,https://drive.google.com/uc?export=download&id=1Lucyoh9Qm5T7QxtISjwY_Jk_hR1p8Jqd,,[S] | UPC 2352572301 | High (verify recommended)
B.Sc. (Hons.) Mathematics,Linear Algebra,2022,May-June,,https://drive.google.com/uc?export=download&id=1f8NuQgXluFzTN6s9kBTMQtHtjznZJ0Pc,,[S] | UPC 2352011201 | High (verify recommended)
B.A. (Prog) Mathematics as Major,Numerical Methods,2023,May-June,,https://drive.google.com/uc?export=download&id=1_gXjze2cKLONjDHBD77P_VgUlAAcpWcH,,[S] | UPC 2354000006 | High (verify recommended)
B.A. (Prog) Mathematics as Major,Numerical Methods,2023,May-June,,https://drive.google.com/uc?export=download&id=1t00sTe-NJBnUoGdq1WDEmQtTHluVLScO,,[S] | UPC 2354000006 | High (verify recommended)
B.Sc. (Hons.) Mathematics,Group Theory,2023,Nov-Dec,,https://drive.google.com/uc?export=download&id=1L2RnkoJrKQYH2qZaZJ5-DBswyg0Yodht,,[S] | UPC 2352012301 | High (verify recommended)
B.Sc. (Hons.) Mathematics,Group Theory,2023,Nov-Dec,,https://drive.google.com/uc?export=download&id=1eNzME-fXhTQhIF6ek_w6tLoX7C8w--98,,[S] | UPC 2352012301 | High (verify recommended)
B.Sc. (Hons.) Mathematics,Linear Algebra,2023,May-June,,https://drive.google.com/uc?export=download&id=1tsPU0zlFp8sPlgzT_X3vtKqAked1CGDL,,[S] | UPC 2352011201 | High (verify recommended)
B.Sc. (Hons.) Mathematics,Linear Algebra,2024,May-June,,https://drive.google.com/uc?export=download&id=15egPkib6oiF7TK14Q58JGTMCvHW6tqaw,,[S] | UPC 2352011201 | High (verify recommended)
B.Sc. (Hons.) Mathematics,Multivariate Calculus,2023,Nov-Dec,,https://drive.google.com/uc?export=download&id=1QkIi7ZXb3mTqdCR91-wFPebWnYVuC2Jc,,[S] | UPC 2352012402 | High (verify recommended)
B.A. (Prog) Mathematics as Major,Numerical Methods,2024,May-June,,https://drive.google.com/uc?export=download&id=1d8ejsiXoQeakhae265eW9HuNd8d55bp4,,[S] | UPC 2354000006 | High (verify recommended)
B.Sc. (Hons.) Mathematics,Riemann Integration,2024,May-June,,https://drive.google.com/uc?export=download&id=18L-5yMIcRvd6Kr1piwPGpOovN97DN0nd,,[S] | UPC 2352012302 | High (verify recommended)
B.A. (Prog) Mathematics as Major,Probability and Statistics,2022,May-June,,https://drive.google.com/uc?export=download&id=1LgoTn0llJLGLbvriSjVw5ybgRfKS12T5,,[S] | UPC 2352203601 | High (verify recommended)
B.A. (Prog) Mathematics as Major,Topics in Calculus,2022,Nov-Dec,,https://drive.google.com/uc?export=download&id=1Hv_klO4Bv9MyV2LcZl9Kyio1w4P7YuhM,,[S] | UPC 2352571101 | High (verify recommended)
B.Sc. (Hons.) Mathematics,Ring Theory,2022,May-June,,https://drive.google.com/uc?export=download&id=1a4FNwyI7CTlqBZ1y3VJVhUnCcpeflSaK,,[S] | UPC 2352013502 | Medium (verify required)
B.Sc. (Hons.) Mathematics,Partial Differential Equations,2022,May-June,,https://drive.google.com/uc?export=download&id=1A23t1DTregP07ApAqU_E2bggHILzagoD,,[S] | UPC 2352013503 | Medium (verify required)
B.A. (Prog) Mathematics as Major,Elements of Real Analysis,2022,May-June,,https://drive.google.com/uc?export=download&id=1J_tpTFNYehWAYjI4hQ3SlJfqU85Up8hd,,[S] | UPC 2354002003 | Medium (verify required)
B.Sc. (Hons.) Mathematics,Group Theory,2022,Nov-Dec,,https://drive.google.com/uc?export=download&id=1VE3wX4eKxwEzYC_B7E5R4XyOUsgihVpi,,[S] | UPC 2352012301 | Medium (verify required)
B.Sc. (Hons.) Mathematics,Ring Theory,2022,May-June,,https://drive.google.com/uc?export=download&id=1Fy90IT-DcRMdW8AImNhCym7qmnY9b65O,,[S] | UPC 2352013502 | Medium (verify required)
B.A. (Prog) Mathematics as Major,Elements of Metric Spaces,2024,Nov-Dec,,https://drive.google.com/uc?export=download&id=1zueSzd2dxnslYEJ1HCeETqGwZJLMn0eX,,[S] | UPC 2353200013 | Medium (verify required)
B.Sc. (Hons.) Mathematics,Group Theory,2022,Nov-Dec,,https://drive.google.com/uc?export=download&id=1flA6nt4CCTz09h2iIkC7k5Swrl3X9JX5,,[S] | UPC 2352012301 | Medium (verify required)
B.A. (Prog) Mathematics as Major,Elements of Metric Spaces,2023,Nov-Dec,,https://drive.google.com/uc?export=download&id=1JXOtpu6ecABhyBCHXTqI3yXqeTzoG1At,,[S] | UPC 2353200013 | Medium (verify required)
B.Sc. (Hons.) Mathematics,Metric Spaces,2022,Nov-Dec,,https://drive.google.com/uc?export=download&id=175IPw3G7c0_067WrlrZLpwR1wcIxbTyn,,[S] | UPC 2352013501 | Medium (verify required)
B.Sc. (Hons.) Mathematics,Complex Analysis,2024,May-June,,https://drive.google.com/uc?export=download&id=1lf1QPZXnygpYbpcjrdzM4zI5GYKx0dJF,,[S] | UPC 2352013603 | Medium (verify required)
B.Sc. (Hons.) Mathematics,Elementary Real Analysis,2023,Nov-Dec,,https://drive.google.com/uc?export=download&id=1bulnP5Qxzhb7fRFPyh0FfT4Wg9h71_YA,,[S] | UPC 2352011102 | Medium (verify required)
B.Sc. (Hons.) Mathematics,Elementary Real Analysis,2022,Nov-Dec,,https://drive.google.com/uc?export=download&id=1PuV0ZbjIWXIW_sWlgBYhyFD8xJC80IZq,,[S] | UPC 2352011102 | Medium (verify required)
B.A. (Prog) Mathematics as Major,Probability and Statistics,2024,May-June,,https://drive.google.com/uc?export=download&id=13_GuipwJIA8re5x58OTA231r-oBv7IMt,,[S] | UPC 2352203601 | Medium (verify required)
B.Sc. (Hons.) Mathematics,Discrete Mathematics,2023,Nov-Dec,,https://drive.google.com/uc?export=download&id=1BKi1klbClgIu-wJc1h_UB8SJWlwKZQBv,,[S] | UPC 2352012303 | Medium (verify required)
B.Sc. (Hons.) Mathematics,Discrete Mathematics,2023,Nov-Dec,,https://drive.google.com/uc?export=download&id=1rTapZpz662_YK6elvy7cV2SvpdF3z64j,,[S] | UPC 2352012303 | Medium (verify required)
B.Sc. (Hons.) Mathematics,Discrete Mathematics,2023,May-June,,https://drive.google.com/uc?export=download&id=1GQ_QdXAjkZeeKE5ZpZNarKOOtYjYs5k3,,[S] | UPC 2352012303 | Medium (verify required)
B.Sc. (Hons.) Mathematics,Discrete Mathematics,2022,May-June,,https://drive.google.com/uc?export=download&id=1UhMKDV1LpBIDf9Z_MWNOU1E9opVWpMSH,,[S] | UPC 2352012303 | Medium (verify required)
B.Sc. (Hons.) Mathematics,Number Theory,2022,May-June,,https://drive.google.com/uc?export=download&id=1DgFymK1dHXjXo9AYAh__f8PVKHbn2Rfv,,[S] | UPC 2353012003 | Medium (verify required)
B.Sc. (Hons.) Mathematics,Discrete Mathematics,2024,May-June,,https://drive.google.com/uc?export=download&id=1dbVRRc1Lc2Nw6Cz-ntQo9lc828YYKP_U,,[S] | UPC 2352012303 | Medium (verify required)
B.A. (Prog) Mathematics as Major,Numerical Methods,2024,May-June,,https://drive.google.com/uc?export=download&id=1ppQ3p9sQx1Wz0UOwSSA_0LofTsV9oIEV,,[S] | UPC 2354000006 | Medium (verify required)
B.A. (Prog) Mathematics as Major,Numerical Methods,2022,May-June,,https://drive.google.com/uc?export=download&id=1sNGEf9_Gq-uAtKpFqqMkT5LORMigiSVH,,[S] | UPC 2354000006 | Medium (verify required)
B.A. (Prog) Mathematics as Major,Mathematical Python,2025,May-June,,https://drive.google.com/uc?export=download&id=1A-CbhDnnqUr5SzG797CXvadCvBhakS2x,,[S] | UPC 2353200009 | Medium (verify required)
B.Sc. (Hons.) Mathematics,Linear Analysis,2023,May-June,,https://drive.google.com/uc?export=download&id=1zC3PTC5QCx2hMuR9I-_cT4HRL8lv9Yn0,,[S] | UPC TBA | Medium (verify required)
B.Sc. (Hons.) Mathematics,Linear Analysis,2024,May-June,,https://drive.google.com/uc?export=download&id=16qRLEAUbU_FGM7jyjOXe4qdf1TeutWTR,,[S] | UPC TBA | Medium (verify required)
B.Sc. (Hons.) Mathematics,Linear Analysis,2025,May-June,,https://drive.google.com/uc?export=download&id=1KczmkOV6-I1iHfsahGfkIYK8FVrEoKJa,,[S] | UPC TBA | Medium (verify required)
B.Sc. (Hons.) Mathematics,Linear Analysis,2022,May-June,,https://drive.google.com/uc?export=download&id=172GyVp7MPeJDQUS1hf-HeNEe6p5jgweq,,[S] | UPC TBA | Medium (verify required)
B.Sc. (Hons.) Mathematics,Sequences and Series of Functions,2025,May-June,,https://drive.google.com/uc?export=download&id=1m0kvpHrm_Uv89TBuZX-c7R-YuS36u7d9,,[S] | UPC 2352012401 | Medium (verify required)
B.Sc. (Hons.) Mathematics,Sequences and Series of Functions,2023,May-June,,https://drive.google.com/uc?export=download&id=1aNM-SYmHOdVvDRRmQmORqj9RFhiqGyFl,,[S] | UPC 2352012401 | Medium (verify required)
B.Sc. (Hons.) Mathematics,Ring Theory,2023,May-June,,https://drive.google.com/uc?export=download&id=111W-GZkp-TXHsrUCLEM2Q6ji30WRTL1o,,[S] | UPC 2352013502 | Medium (verify required)
B.Sc. (Hons.) Mathematics,Ring Theory,2023,May-June,,https://drive.google.com/uc?export=download&id=1rWvjdj185xXMfwW62ovWqEg_JIdUxCzv,,[S] | UPC 2352013502 | Medium (verify required)
B.Sc. (Hons.) Mathematics,Ring Theory,2024,May-June,,https://drive.google.com/uc?export=download&id=1x1x0gT2y3TnfDoJ8geI_Rb9KI-jlj1ms,,[S] | UPC 2352013502 | Medium (verify required)
B.Sc. (Hons.) Mathematics,Ring Theory,2025,May-June,,https://drive.google.com/uc?export=download&id=1zCyWMPYuypxXHVl97WO7_L9Mmkv-xbUm,,[S] | UPC 2352013502 | Medium (verify required)
B.A. (Prog) Mathematics as Major,Elementary Linear Algebra,2024,May-June,,https://drive.google.com/uc?export=download&id=1v__YAig_o4h49cMVwnzr7aU7BvcaRpt6,,[S] | UPC 2352571201 | Medium (verify required)
Mathematics,Mathematics,,Not Specified,,https://drive.google.com/uc?export=download&id=1YszFGKx4iGSkdKGeL9sTT63z-026cm5X,,[S] | Unmatched (manual mapping needed)
Mathematics,Mathematics,,Not Specified,,https://drive.google.com/uc?export=download&id=1O6fzoigAgYpCEgcsWrhQ2SFueavQqWQt,,[S] | Unmatched (manual mapping needed)
Mathematics,Mathematics,,Not Specified,,https://drive.google.com/uc?export=download&id=1xbtoH-Tv1fFrU7mGdu66NYC5kG2qusqT,,[S] | Unmatched (manual mapping needed)
Mathematics,Mathematics,,Not Specified,,https://drive.google.com/uc?export=download&id=1P5UKnVm9m0ha1PVSTHXxD5hreZBEPSNb,,[S] | Unmatched (manual mapping needed)
Mathematics,Mathematics,,Not Specified,,https://drive.google.com/uc?export=download&id=1DiE_0CzSLBinbl-rWsLDNPmmyTz6CDHP,,[S] | Unmatched (manual mapping needed)
Mathematics,Mathematics,2022,Nov-Dec,,https://drive.google.com/uc?export=download&id=1G-lDwS7aQhHovlsG_llsrpQO5CoEsU1A,,[S] | Unmatched (manual mapping needed)
Mathematics,Mathematics,2022,May-June,,https://drive.google.com/uc?export=download&id=1TWebeBBEo1AtpKIGOrq1L-uSBsAoFr0R,,[S] | Unmatched (manual mapping needed)
Mathematics,Mathematics,2022,Nov-Dec,,https://drive.google.com/uc?export=download&id=1518KTgQoGYT-OWY0OF7XIIiYdDYOcF7v,,[S] | Unmatched (manual mapping needed)
Mathematics,Mathematics,2023,Nov-Dec,,https://drive.google.com/uc?export=download&id=1V9BMsSkCcCSRKDoq-9CV1BuW9LLmPEYi,,[S] | Unmatched (manual mapping needed)
Mathematics,Mathematics,2023,Nov-Dec,,https://drive.google.com/uc?export=download&id=1M9wAUeZMOudkX6NcF3SQjZA7URi9-vtf,,[S] | Unmatched (manual mapping needed)
Mathematics,Mathematics,2024,Nov-Dec,,https://drive.google.com/uc?export=download&id=1jNoMRQ_9NUwspiXSi-b3u49yzzeP570t,,[S] | Unmatched (manual mapping needed)
Mathematics,Mathematics,2024,Nov-Dec,,https://drive.google.com/uc?export=download&id=1JROAg9oRdVQly2lv_0DqYXgSd0NNBMC3,,[S] | Unmatched (manual mapping needed)
Mathematics,Mathematics,2024,Nov-Dec,,https://drive.google.com/uc?export=download&id=19SKtGaF3ZPUwLDRBlHaxFzlqugL3OyUT,,[S] | Unmatched (manual mapping needed)
Mathematics,Mathematics,2023,May-June,,https://drive.google.com/uc?export=download&id=11RV7vlVNa-vtimi8t8ktmvI5GqNWeDdw,,[S] | Unmatched (manual mapping needed)
DEPARTMENT OF PHYSICAL EDUCATION AND SPORTS SCIENCES,Injury Prevention And Rehabilitation In Athletics,2025,May-June,,https://drive.google.com/uc?export=download&id=1iWgNLOQ7nEPb6KVIknFdHFjtUj97FEci,,[S] | UPC 2554002003 | Exact (Question Bank code match)
DEPARTMENT OF PHYSICAL EDUCATION AND SPORTS SCIENCES,Olympic Education,2024,Nov-Dec,,https://drive.google.com/uc?export=download&id=10El6ov94W13y4d9GRBjP91xsTfh6mi8d,,[S] | UPC 2554002001 | Exact (Question Bank code match)
DEPARTMENT OF PHYSICAL EDUCATION AND SPORTS SCIENCES,Fitness And Exercise Management,2024,May-June,,https://drive.google.com/uc?export=download&id=1h2WPNjgeF7Q_cm5CgTMD988hVftz05Pg,,[S] | UPC 12555423 | Exact (Question Bank code match)
"B.Sc. (Hons.) Physical Education, Health Education & Sports",Fitness and Wellness Management,2024,Nov-Dec,,https://drive.google.com/uc?export=download&id=1_wJEF24iXDldqN1SnsytN1wuWDF1OTwl,,[S] | UPC 2552053603 | High (verify recommended)
"B.Sc. (Hons.) Physical Education, Health Education & Sports",Sports Management,2024,Nov-Dec,,https://drive.google.com/uc?export=download&id=1m6KCqrsICAlbFi0TQkPYvdByJ26eVTz9,,[S] | UPC TBA | Medium (verify required)
"B.Sc. (Hons.) Physical Education, Health Education & Sports",Sports Management,2024,May-June,,https://drive.google.com/uc?export=download&id=1QJ-skPUaJMJIYL9b9UN5uFLS3xIdBKWx,,[S] | UPC TBA | Medium (verify required)
"B.Sc. (Hons.) Physical Education, Health Education & Sports",Fitness and Wellness Management,2024,Nov-Dec,,https://drive.google.com/uc?export=download&id=1NR5FsWydP1iBjLiUcmBYIyrAmQef-H1w,,[S] | UPC 2552053603 | Medium (verify required)
"B.Sc. (Hons.) Physical Education, Health Education & Sports",Professional Preparation and Career Avenues in Physical Education and Sports,2025,May-June,,https://drive.google.com/uc?export=download&id=1vOGoKGDuOO-HI6OLP1Fltw-oh7FFEqhV,,[S] | UPC 2552052316 | Medium (verify required)
Physical Education,Physical Education,,Not Specified,,https://drive.google.com/uc?export=download&id=1tOPhK_Dg65HFd39zKQyiHPh3PnUynuIC,,[S] | Unmatched (manual mapping needed)
Physical Education,Physical Education,,Not Specified,,https://drive.google.com/uc?export=download&id=1XoqKSQF7lNpZvVw58sMNwDWrGLYpv-fK,,[S] | Unmatched (manual mapping needed)
Physical Education,Physical Education,,Not Specified,,https://drive.google.com/uc?export=download&id=1dXyEGvdljx3-vASpxdooONn5hFhRcumj,,[S] | Unmatched (manual mapping needed)
Physical Education,Physical Education,,Not Specified,,https://drive.google.com/uc?export=download&id=1Tm_hb8duFZzk18XpsWFB4kYiX3yPP_7c,,[S] | Unmatched (manual mapping needed)
Physical Education,Physical Education,,Not Specified,,https://drive.google.com/uc?export=download&id=1fs0FcLTcIgQ4B18_-BjR886QxwHYypb6,,[S] | Unmatched (manual mapping needed)
DEPARTMENT OF PHYSICS,Electromagnetic Theory,2023,May-June,,https://drive.google.com/uc?export=download&id=1UbhN_ewXpY1iFxgErNgseKTjKWn-bMiw,,[S] | UPC 32221601 | Exact (Question Bank code match)
DEPARTMENT OF PHYSICS,Analog Systems And Applications,2023,May-June,,https://drive.google.com/uc?export=download&id=1w1WSZaw8f5puE0bcHMYmpV65CTLv-5dX,,[S] | UPC 32221403 | Exact (Question Bank code match)
DEPARTMENT OF PHYSICS,Applied Optics,2023,Nov-Dec,,https://drive.google.com/uc?export=download&id=14oXqLwLyoS3yKsQlGxIStcA228av-bMA,,[S] | UPC 32223908 | Exact (Question Bank code match)
DEPARTMENT OF PHYSICS,Applied Optics,2023,Nov-Dec,,https://drive.google.com/uc?export=download&id=1gAkdPiKOj0OBJKwkyJaucKzDmc2L8kWh,,[S] | UPC 32223908 | Exact (Question Bank code match)
DEPARTMENT OF PHYSICS,Basic Instrumentation Skills,2022,Nov-Dec,,https://drive.google.com/uc?export=download&id=1CAFwEJV2mC4Y3zuahLZgeXuorJmoyjkt,,[S] | UPC 32223904 | Exact (Question Bank code match)
DEPARTMENT OF PHYSICS,Basic Instrumentation Skills,2024,Nov-Dec,,https://drive.google.com/uc?export=download&id=1DfxK3bhTSPpviL1XzTkpXtfu_zoUytm9,,[S] | UPC 32223904 | Exact (Question Bank code match)
DEPARTMENT OF PHYSICS,Basic Instrumentation Skills,2024,Nov-Dec,,https://drive.google.com/uc?export=download&id=1TZ6BsCVNSUka1pJBMNy_9gDEVloAWcUI,,[S] | UPC 32223904 | Exact (Question Bank code match)
DEPARTMENT OF PHYSICS,Physics Workshop Skills,2024,Nov-Dec,,https://drive.google.com/uc?export=download&id=17kVebFnu67cDLU8lF8BrFaUlWRpfT_u1,,[S] | UPC 32223901 | Exact (Question Bank code match)
DEPARTMENT OF PHYSICS,Radiation Safety,2024,Nov-Dec,,https://drive.google.com/uc?export=download&id=1cbvy95oVtt1GejTg1MByufKPIF63itdv,,[S] | UPC 32223907 | Exact (Question Bank code match)
DEPARTMENT OF PHYSICS,Renewable Energy And Energy Harvesting,2024,Nov-Dec,,https://drive.google.com/uc?export=download&id=1g2ZjtTj35Z1l5ybEKQoH_MFhJ5UevDxD,,[S] | UPC 32223905 | Exact (Question Bank code match)
DEPARTMENT OF PHYSICS,Analog Systems And Applications,2022,May-June,,https://drive.google.com/uc?export=download&id=1UtuHMgbkdWJJrnoAQEsPBexARyB9M3D_,,[S] | UPC 32221403 | Exact (Question Bank code match)
DEPARTMENT OF PHYSICS,Mathematical Physics - Ii,2022,Nov-Dec,,https://drive.google.com/uc?export=download&id=1ZUc3yvMhHR62l4wLMBadgySkyZ4qlKMS,,[S] | UPC 32221301 | Exact (Question Bank code match)
DEPARTMENT OF PHYSICS,Analog Systems And Applications,2024,May-June,,https://drive.google.com/uc?export=download&id=11y8UZmc6AxsyCEs1NnMWwtTJgBFavGyF,,[S] | UPC 32221403 | Exact (Question Bank code match)
DEPARTMENT OF PHYSICS,Weather Forecasting,2024,Nov-Dec,,https://drive.google.com/uc?export=download&id=1-kHhYRp33FZtLp8iw-eoH2dzk_Powa4J,,[S] | UPC 32223909 | Exact (Question Bank code match)
B.Sc. (Hons) Physics,Communication System,2024,Nov-Dec,,https://drive.google.com/uc?export=download&id=1QaAIxoWfJ11dXGzcc1DL1deOGQwy3O_1,,[S] | UPC 2223010015 | Exact (UPC/syllabus match)
B.Sc. (Hons) Physics,"Atomic, Molecular and Nuclear Physics",2025,May-June,,https://drive.google.com/uc?export=download&id=1kwDymIi_BLe_bnaLPykvHncIIQnb3Gyp,,[S] | UPC 2222013602 | Exact (UPC/syllabus match)
B.Sc. (Hons) Physics,Electrical Circuit Analysis,2024,May-June,,https://drive.google.com/uc?export=download&id=1VD80Kf5QcrZC5hXrxmBe_2uFFwJO66hR,,[S] | UPC 2222011203 | Exact (UPC/syllabus match)
B.Sc. (Hons) Physics,Electrical Circuit Analysis,2025,May-June,,https://drive.google.com/uc?export=download&id=1hmdTBp4LRA3p92mvKp6vkLQrnGcBGBdw,,[S] | UPC 2222011203 | Exact (UPC/syllabus match)
B.Sc. (Hons) Physics,Electricity and Magnetism,2025,May-June,,https://drive.google.com/uc?export=download&id=1V2FxbRVWZU-ky09f7IBSLjGiP4p0ywx8,,[S] | UPC 2224001201 | Exact (UPC/syllabus match)
B.Sc. (Hons) Physics,Electricity and Magnetism,2025,May-June,,https://drive.google.com/uc?export=download&id=1fEz4FCMfIF4-9MRxpQ6VLrhtJYbNIQfR,,[S] | UPC 2222011202 | Exact (UPC/syllabus match)
B.Sc. (Hons) Physics,Electricity and Magnetism,2023,May-June,,https://drive.google.com/uc?export=download&id=1ESHidawLjtuJIBv1faDTni2qmce6omm_,,[S] | UPC 2224001201 | Exact (UPC/syllabus match)
B.Sc. (Hons) Physics,Electricity and Magnetism,2024,May-June,,https://drive.google.com/uc?export=download&id=1B8s5JqHwQoQ0gRuL4P2VG5EtNG2c08SE,,[S] | UPC 2222011202 | Exact (UPC/syllabus match)
B.Sc. (Hons) Physics,Light and Matter,2023,Nov-Dec,,https://drive.google.com/uc?export=download&id=1L6bxzIogm4qWubySgePMlYR---GgB31r,,[S] | UPC 2222012303 | Exact (UPC/syllabus match)
B.Sc. (Hons) Physics,Mathematical Physics II,2023,May-June,,https://drive.google.com/uc?export=download&id=1Zc7gbcK0hDk6hZ65daDljyI3qOYf9ojp,,[S] | UPC 2222011201 | Exact (UPC/syllabus match)
B.Sc. (Hons) Physics,Mathematical Physics III,2023,Nov-Dec,,https://drive.google.com/uc?export=download&id=1TsPK8VqEBRYe7txX8Uhiuw7rsH7ockEm,,[S] | UPC 2222012301 | Exact (UPC/syllabus match)
B.Sc. (Hons) Physics,Mathematical Physics II,2024,May-June,,https://drive.google.com/uc?export=download&id=1k8b7l-EUVvNipJh6jnq95sVW2AjL1vFA,,[S] | UPC 2222011201 | Exact (UPC/syllabus match)
B.Sc. (Hons) Physics,Mathematical Physics III,2024,Nov-Dec,,https://drive.google.com/uc?export=download&id=1532DlxY43bt5UPD3YlRTslnBBMSNi0ak,,[S] | UPC 2222012301 | Exact (UPC/syllabus match)
B.Sc. (Hons) Physics,Mathematical Physics I,2023,Nov-Dec,,https://drive.google.com/uc?export=download&id=1JgVNnXYdrctxbKYgzr2IKW_ugsWKq4_9,,[S] | UPC 2222011101 | Exact (UPC/syllabus match)
B.Sc. (Hons) Physics,Mathematical Physics I,2022,Nov-Dec,,https://drive.google.com/uc?export=download&id=1M933v5nEYlKoT4Xq8tU2eS1gA1VgELbW,,[S] | UPC 2222011101 | Exact (UPC/syllabus match)
B.Sc. (Hons) Physics,Mathematical Physics II,2025,May-June,,https://drive.google.com/uc?export=download&id=1DduiLy7r7gJpQ1olJaqgPLK-JaLKVXNC,,[S] | UPC 2222011201 | Exact (UPC/syllabus match)
B.Sc. (Hons) Physics,Mechanics,2023,Nov-Dec,,https://drive.google.com/uc?export=download&id=1CvJWjXxANGndndi0SJZRpOEnEjhV9glD,,[S] | UPC 2222011102 | Exact (UPC/syllabus match)
B.Sc. (Hons) Physics,Mechanics,2022,Nov-Dec,,https://drive.google.com/uc?export=download&id=169vAq6EncrKahFdI70dZxLMhVZW0NLlI,,[S] | UPC 2222011102 | Exact (UPC/syllabus match)
B.Sc. (Hons) Physics,Mechanics,2024,Nov-Dec,,https://drive.google.com/uc?export=download&id=17wFj-gn3spA2VAXEMF4CVZbbRZvnmabX,,[S] | UPC 2224001003 | Exact (UPC/syllabus match)
B.Sc. (Hons) Physics,Modern Physics,2024,May-June,,https://drive.google.com/uc?export=download&id=1aYdaIl3lQVQVJfZrFoUsCb1gjnL8najV,,[S] | UPC 2222012401 | Exact (UPC/syllabus match)
B.Sc. (Hons) Physics,Modern Physics,2025,May-June,,https://drive.google.com/uc?export=download&id=1sNB2YovBHSuxIwKWSFuoU2yXgc7JZ8do,,[S] | UPC 2222012401 | Exact (UPC/syllabus match)
B.Sc. (Hons) Physics,Research Methodology,2025,May-June,,https://drive.google.com/uc?export=download&id=1d5UvG4QRxfAlo6XcdHnnRA92p5fODOur,,[S] | UPC 2223010023 | Exact (UPC/syllabus match)
B.Sc. (Hons) Physics,Solid State Physics,2025,May-June,,https://drive.google.com/uc?export=download&id=18y9kCTWKqUkrFW68bQfIZpluIq2FZ0a-,,[S] | UPC 2222012402 | Exact (UPC/syllabus match)
B.Sc. (Hons) Physics,Solid State Physics,2024,May-June,,https://drive.google.com/uc?export=download&id=1lnKQcLf0u4UhhWNFqszAJRIIP2GUY_Je,,[S] | UPC 2222012402 | Exact (UPC/syllabus match)
B.Sc. (Hons) Physics,Statistical Analysis in Physics,2025,May-June,,https://drive.google.com/uc?export=download&id=1VfR6PeCaxkIU-gaWFllYxAP1lhfYgdqc,,[S] | UPC 2222013603 | Exact (UPC/syllabus match)
B.Sc. (Hons) Physics,Thermal Physics,2023,Nov-Dec,,https://drive.google.com/uc?export=download&id=1y1R-7E0-Lfzc_KEn6TVG6D2fwMkBx20I,,[S] | UPC 2222012302 | Exact (UPC/syllabus match)
B.Sc. (Hons) Physics,Analog Electronics,2025,May-June,,https://drive.google.com/uc?export=download&id=1YIWFpmcSJXWP0NG5k-AA_pKdrMhfTkCr,,[S] | UPC 2222012403 | Exact (UPC/syllabus match)
B.Sc. (Hons) Physics,Mathematical Physics I,2024,Nov-Dec,,https://drive.google.com/uc?export=download&id=1wOJQQt6WWQU8qhghG0FXhZ858VeP9cyQ,,[S] | UPC 2222011101 | Exact (UPC/syllabus match)
B.Sc. (Hons) Physics,Waves and Oscillations,2022,Nov-Dec,,https://drive.google.com/uc?export=download&id=1tA-4GqnrOjAz1WdaYj4JkdD3NQlfSXP9,,[S] | UPC 2222011103 | Exact (UPC/syllabus match)
B.Sc. (Hons) Physics,Mechanics,2022,Nov-Dec,,https://drive.google.com/uc?export=download&id=1USvJdgWRQd2xm86gxcjgOhPINlN49ggn,,[S] | UPC 2224001003 | Exact (UPC/syllabus match)
B.Sc. (Hons) Physics,Mechanics,2024,Nov-Dec,,https://drive.google.com/uc?export=download&id=1Ud9hEV32pqD5f_PYKIvmql_YgZeksdVT,,[S] | UPC 2222011102 | High (verify recommended)
B.Sc. Physical Sciences (Courses pertaining to Physics),Elements of Modern Physics,2023,Nov-Dec,,https://drive.google.com/uc?export=download&id=1Q2XPio7UrS6huhNN4sB4SofbzulO_njn,,[S] | High (verify recommended)
B.Sc. Physical Sciences (Courses pertaining to Physics),Elements of Modern Physics,2023,Nov-Dec,,https://drive.google.com/uc?export=download&id=1lx7-T_wAtyDxws75j80_WnZge2SzEvem,,[S] | High (verify recommended)
B.Sc. (Hons) Physics,Mechanics,2023,Nov-Dec,,https://drive.google.com/uc?export=download&id=1JfGrXy0uebEEIT7-XmZlxP0MA84sypZ0,,[S] | UPC 2222011102 | High (verify recommended)
B.Sc. (Hons) Physics,Statistical Mechanics,2024,May-June,,https://drive.google.com/uc?export=download&id=1DsHEDoHbjyzGxEseDPfZgEg4hHlhRcnh,,[S] | UPC 2222013601 | High (verify recommended)
B.Sc. (Hons) Physics,Electromagnetic Theory,2022,May-June,,https://drive.google.com/uc?export=download&id=1jXlKuFRURd1Bij6DAzZVnPbsdyp1JSsv,,[S] | UPC 2222013501 | High (verify recommended)
B.Sc. Physical Sciences (Courses pertaining to Physics),Classical Dynamics,2022,May-June,,https://drive.google.com/uc?export=download&id=1DzIZN21NNGyRu7qxx3t6VWnHW4ETcTpV,,[S] | High (verify recommended)
B.Sc. Physical Sciences (Courses pertaining to Physics),Classical Dynamics,2023,May-June,,https://drive.google.com/uc?export=download&id=1kP_CVClDdhkyMPFIqiVqEeLngaY8Nfd1,,[S] | High (verify recommended)
B.Sc. (Hons) Physics,Communication System,2023,May-June,,https://drive.google.com/uc?export=download&id=1IanDQekytCH_GEdzcR9CcEh6Icqask1i,,[S] | UPC 2223010015 | High (verify recommended)
B.Sc. (Hons) Physics,Communication System,2023,May-June,,https://drive.google.com/uc?export=download&id=1nlKakJaRkebaardl_eRWZ9ff1Llmsly4,,[S] | UPC 2223010015 | High (verify recommended)
B.Sc. (Hons) Physics,Communication System,2022,May-June,,https://drive.google.com/uc?export=download&id=140En6gWyy1UWHJ1ByVjgdIFVpEFGftkQ,,[S] | UPC 2223010015 | High (verify recommended)
B.Sc. (Hons) Physics,Communication System,2024,May-June,,https://drive.google.com/uc?export=download&id=1E1nPE9-uKHL082HL5PCoSBLAgb0aXvr2,,[S] | UPC 2223010015 | High (verify recommended)
B.Sc. Physical Sciences (Courses pertaining to Physics),Classical Dynamics,2025,May-June,,https://drive.google.com/uc?export=download&id=19ETMRGnvrd3ILcBo7rXPu1LYsepndXcv,,[S] | High (verify recommended)
B.Sc. (Hons) Physics,Solid State Physics,2022,May-June,,https://drive.google.com/uc?export=download&id=1tpflfnJGO9oDjZ-fR_hOS_t_Vuvdod7A,,[S] | UPC 2224002002 | High (verify recommended)
B.Sc. (Hons) Physics,Electrical Circuit Analysis,2023,May-June,,https://drive.google.com/uc?export=download&id=1nQhVwB_PRfHj1Zu3XMjBqyjBmxIJxcnB,,[S] | UPC 2222011203 | High (verify recommended)
B.Sc. (Hons) Physics,Electricity and Magnetism,2025,May-June,,https://drive.google.com/uc?export=download&id=1mz7gZAIzhno-dNvvLp0NPoXgj0KqgoMc,,[S] | UPC 2222011202 | High (verify recommended)
B.Sc. (Hons) Physics,Electricity and Magnetism,2023,May-June,,https://drive.google.com/uc?export=download&id=14RyyOGdQmu1rMGIkdhj2x8XIg1DMFqVW,,[S] | UPC 2222011202 | High (verify recommended)
B.Sc. (Hons) Physics,Electricity and Magnetism,2023,May-June,,https://drive.google.com/uc?export=download&id=1mExUkrsdjAge4BOZpYDj-h3b18qRH237,,[S] | UPC 2222011202 | High (verify recommended)
B.Sc. (Hons) Physics,Electricity and Magnetism,2023,May-June,,https://drive.google.com/uc?export=download&id=1qcwj-srg037iUlIfMLqatRnF-QAbG8-k,,[S] | UPC 2222011202 | High (verify recommended)
B.Sc. (Hons) Physics,Electricity and Magnetism,2022,May-June,,https://drive.google.com/uc?export=download&id=19GBo_Ze2p6-p4o6IRixKeFXTZKw5_AYl,,[S] | UPC 2222011202 | High (verify recommended)
B.Sc. (Hons) Physics,Electricity and Magnetism,2022,Nov-Dec,,https://drive.google.com/uc?export=download&id=14T9gWE-q5hkPAeQAr7_5jTe-ViDmMMGF,,[S] | UPC 2222011202 | High (verify recommended)
B.Sc. (Hons) Physics,Electricity and Magnetism,2024,May-June,,https://drive.google.com/uc?export=download&id=1hD_2GbVw8WO4gl05dKDx58GO3lqqAz1L,,[S] | UPC 2222011202 | High (verify recommended)
B.Sc. (Hons) Physics,Electricity and Magnetism,2024,May-June,,https://drive.google.com/uc?export=download&id=1uK_OZNnAyud88wJ3TQhvpONH5QhpIaib,,[S] | UPC 2222011202 | High (verify recommended)
B.Sc. (Hons) Physics,Electromagnetic Theory,2025,May-June,,https://drive.google.com/uc?export=download&id=1cBGyWEAIImEWoFepFPl7c_F8lkQUWsLl,,[S] | UPC 2222013501 | High (verify recommended)
B.Sc. (Hons) Physics,Electromagnetic Theory,2024,May-June,,https://drive.google.com/uc?export=download&id=1e48hv83tfXPOyuiBixSPMBZF80eE3R8X,,[S] | UPC 2222013501 | High (verify recommended)
B.Sc. Physical Sciences (Courses pertaining to Physics),Elements of Modern Physics,2023,May-June,,https://drive.google.com/uc?export=download&id=1V0kMdVcR60NQ7v2FhwAsVeQaNS2C9WYo,,[S] | High (verify recommended)
B.Sc. Physical Sciences (Courses pertaining to Physics),Elements of Modern Physics,2022,May-June,,https://drive.google.com/uc?export=download&id=1sIO2nOxk4GRH0ZYQC8d3oPHv-kegUgG-,,[S] | High (verify recommended)
B.Sc. Physical Sciences (Courses pertaining to Physics),Elements of Modern Physics,2022,Nov-Dec,,https://drive.google.com/uc?export=download&id=1Ahw_S0P9zX7b_r20dUKslIPIXyPToRhi,,[S] | High (verify recommended)
B.Sc. Physical Sciences (Courses pertaining to Physics),Elements of Modern Physics,2024,May-June,,https://drive.google.com/uc?export=download&id=1MfdEJxUm2IuzJL-9J-dVrgz4g6Tb7Caa,,[S] | High (verify recommended)
B.Sc. Physical Sciences (Courses pertaining to Physics),Heat and Thermodynamics,2024,Nov-Dec,,https://drive.google.com/uc?export=download&id=13bPA57M0cZBOy9tpEubm1Pap-f9AZ5g7,,[S] | High (verify recommended)
B.Sc. Physical Sciences (Courses pertaining to Physics),Heat and Thermodynamics,2023,Nov-Dec,,https://drive.google.com/uc?export=download&id=1f2nvNkMwWShLoedj2NTbq03Dg63ygM1v,,[S] | High (verify recommended)
B.Sc. (Hons) Physics,Mathematical Physics I,2023,Nov-Dec,,https://drive.google.com/uc?export=download&id=1Wos1oAPVCek97Zq0zhwZ2dt_mbSL5zGl,,[S] | UPC 2222011101 | High (verify recommended)
B.Sc. (Hons) Physics,Mathematical Physics III,2024,May-June,,https://drive.google.com/uc?export=download&id=1XJjLn4F5BcqXAF-94TqeYLLCYEahS2jF,,[S] | UPC 2222012301 | High (verify recommended)
B.Sc. (Hons) Physics,Mathematical Physics I,2023,May-June,,https://drive.google.com/uc?export=download&id=1S63TyQj6aH02niA2mhk4MSJzKneb8Gtm,,[S] | UPC 2222011101 | High (verify recommended)
B.Sc. (Hons) Physics,Mathematical Physics I,2022,May-June,,https://drive.google.com/uc?export=download&id=18jlkRDDyQOpZHv0Ipkpalsj6zkhieRy1,,[S] | UPC 2222011101 | High (verify recommended)
B.Sc. (Hons) Physics,Mathematical Physics II,2024,Nov-Dec,,https://drive.google.com/uc?export=download&id=1wck2FQZfR17Mrp-0MO6tmOTPSjuKIXMX,,[S] | UPC 2222011201 | High (verify recommended)
B.Sc. (Hons) Physics,Mathematical Physics I,2025,May-June,,https://drive.google.com/uc?export=download&id=1Cwo5aUbWQRRvCWnCN32VeRGgurh7hZL_,,[S] | UPC 2222011101 | High (verify recommended)
B.Sc. (Hons) Physics,Mathematical Physics,2023,Nov-Dec,,https://drive.google.com/uc?export=download&id=1CACcQmsp8fOYVxTPl2qYB47i-MpZ4B4w,,[S] | UPC 2224001002 | High (verify recommended)
B.Sc. (Hons) Physics,Mechanics,2023,Nov-Dec,,https://drive.google.com/uc?export=download&id=1aYJDF3QnJ2VOql9UUjreVVfFL102zdLz,,[S] | UPC 2222011102 | High (verify recommended)
B.Sc. (Hons) Physics,Mechanics,2022,Nov-Dec,,https://drive.google.com/uc?export=download&id=1Y72dG9swg7wzeZgxA_0qd41tg0crycKg,,[S] | UPC 2222011102 | High (verify recommended)
B.Sc. (Hons) Physics,Mechanics,2024,Nov-Dec,,https://drive.google.com/uc?export=download&id=1BgjNASVITPormufDbE6v2yt2vqJ-oNHG,,[S] | UPC 2222011102 | High (verify recommended)
B.Sc. (Hons) Physics,Nuclear and Particle Physics,2023,Nov-Dec,,https://drive.google.com/uc?export=download&id=18pUQp0RcU8r1ga-cyLTYjmfVKanXcOoG,,[S] | UPC 2224002010 | High (verify recommended)
B.Sc. (Hons) Physics,Nuclear and Particle Physics,2023,Nov-Dec,,https://drive.google.com/uc?export=download&id=1TPucHsUcy_SIjD4VkE69i8P0JFZx7quJ,,[S] | UPC 2224002010 | High (verify recommended)
B.Sc. (Hons) Physics,Nuclear and Particle Physics,2022,Nov-Dec,,https://drive.google.com/uc?export=download&id=1qxp0pCi3tBQlwK9pJOUUMzQJCyvE0gf9,,[S] | UPC 2224002010 | High (verify recommended)
B.Sc. (Hons) Physics,Nuclear and Particle Physics,2024,Nov-Dec,,https://drive.google.com/uc?export=download&id=1UttQZ2O8mDJAzv5a-MZM7VwKMfp210Co,,[S] | UPC 2224002010 | High (verify recommended)
B.Sc. (Hons) Physics,Quantum Mechanics,2022,Nov-Dec,,https://drive.google.com/uc?export=download&id=15qe1U4H2QMpA26cMpSxxL5ROS-lwVQpk,,[S] | UPC 2224002006 | High (verify recommended)
B.Sc. (Hons) Physics,Solid State Physics,2023,May-June,,https://drive.google.com/uc?export=download&id=1Vioeqn7HLZk5cCdOBpH8VaKFNLCIs_FT,,[S] | UPC 2224002002 | High (verify recommended)
B.Sc. (Hons) Physics,Solid State Physics,2022,Nov-Dec,,https://drive.google.com/uc?export=download&id=1U74O4_YKPQqdBZ2whqSCoJbiOa4a5e7Q,,[S] | UPC 2224002002 | High (verify recommended)
B.Sc. (Hons) Physics,Solid State Physics,2024,May-June,,https://drive.google.com/uc?export=download&id=19hQiYiLoBvQGjCR2PWEC8govFPQQpl05,,[S] | UPC 2224002002 | High (verify recommended)
B.Sc. (Hons) Physics,Statistical Mechanics,2025,May-June,,https://drive.google.com/uc?export=download&id=1Z-4xpEzT5_lio9LIW1cLDw-H_uLP1Ft1,,[S] | UPC 2222013601 | High (verify recommended)
B.Sc. (Hons) Physics,Statistical Mechanics,2023,May-June,,https://drive.google.com/uc?export=download&id=1yq-e8aasa3FHImCuW9sX_1N6oXtvhF0j,,[S] | UPC 2222013601 | High (verify recommended)
B.Sc. (Hons) Physics,Thermal Physics,2023,Nov-Dec,,https://drive.google.com/uc?export=download&id=1HOUb1DOHVpb0dpyQf7VcxeaWSeOWnuXr,,[S] | UPC 2224001202 | High (verify recommended)
B.Sc. (Hons) Physics,Thermal Physics,2022,Nov-Dec,,https://drive.google.com/uc?export=download&id=1gnLPGp0g_PyjR5nA6JRgycOyi-ErvSQU,,[S] | UPC 2224001202 | High (verify recommended)
B.Sc. (Hons) Physics,Waves and Optics,2023,May-June,,https://drive.google.com/uc?export=download&id=1Kw18Z215-43DwQT8q2Kl762GgOh7fetS,,[S] | UPC 2224001004 | High (verify recommended)
B.Sc. (Hons) Physics,Waves and Optics,2022,May-June,,https://drive.google.com/uc?export=download&id=1H53Fgh9b5CIk1qkKl16LM8z-BN2gHJ5x,,[S] | UPC 2224001004 | High (verify recommended)
B.Sc. (Hons) Physics,Waves and Optics,2022,Nov-Dec,,https://drive.google.com/uc?export=download&id=1hvUJtAlp9C74ufi8l3ZCiSaBKhqoUsHB,,[S] | UPC 2224001004 | High (verify recommended)
B.Sc. (Hons) Physics,Waves and Optics,2022,May-June,,https://drive.google.com/uc?export=download&id=1MLP3E4zvo-ftyjirZaXxrH1P1cJ1JRZB,,[S] | UPC 2224001004 | High (verify recommended)
B.Sc. (Hons) Physics,Waves and Optics,2023,May-June,,https://drive.google.com/uc?export=download&id=1dEVJTuRlImUvE8M63FdNqT8xayMK-fZ8,,[S] | UPC 2224001004 | High (verify recommended)
B.Sc. (Hons) Physics,Waves and Optics,2022,May-June,,https://drive.google.com/uc?export=download&id=151Ft5XHpOu-IxlZoemdWUjZSPVE82lNE,,[S] | UPC 2224001004 | High (verify recommended)
B.Sc. (Hons) Physics,Waves and Optics,2024,May-June,,https://drive.google.com/uc?export=download&id=1HvBEZtJ1UDMqRxIMUB4WICEe9sm0dL8b,,[S] | UPC 2224001004 | High (verify recommended)
B.Sc. (Hons) Physics,Waves and Optics,2024,May-June,,https://drive.google.com/uc?export=download&id=1kSZUqs-phoGUsGc3tiDRAW1Cxiairhtb,,[S] | UPC 2224001004 | High (verify recommended)
B.Sc. (Hons) Physics,Waves and Oscillations,2024,Nov-Dec,,https://drive.google.com/uc?export=download&id=1iZfwy7CA8f_FVv1_KxlsdM5ZlKQ0U2Hq,,[S] | UPC 2222011103 | High (verify recommended)
B.Sc. (Hons) Physics,Waves and Optics,2025,May-June,,https://drive.google.com/uc?export=download&id=1fnLEEbXOC4zf6m8kMAshSoy4ANJ0xMj7,,[S] | UPC 2224001004 | High (verify recommended)
B.Sc. (Hons) Physics,Waves and Oscillations,2023,Nov-Dec,,https://drive.google.com/uc?export=download&id=1jXDUksKObX1DgczUSyyf4nG-GFR1l3GD,,[S] | UPC 2222011103 | High (verify recommended)
B.Sc. Physical Sciences (Courses pertaining to Physics),Advanced Mathematical Physics,2023,Nov-Dec,,https://drive.google.com/uc?export=download&id=1ZWlgqUb3JBNwD1Gv4VhqkvtIOWjuF2AP,,[S] | Medium (verify required)
B.Sc. Physical Sciences (Courses pertaining to Physics),Advanced Mathematical Physics,2023,Nov-Dec,,https://drive.google.com/uc?export=download&id=1obcOvleRxpaPuREDzf1rUgPbhQxcbTOA,,[S] | Medium (verify required)
B.Sc. Physical Sciences (Courses pertaining to Physics),Advanced Mathematical Physics,2022,Nov-Dec,,https://drive.google.com/uc?export=download&id=15bUUydEbvw0qL7zMnZAqmVwlofYYf5_J,,[S] | Medium (verify required)
B.Sc. Physical Sciences (Courses pertaining to Physics),Laser Physics and its Applications,2025,May-June,,https://drive.google.com/uc?export=download&id=1A-DBV6re4NXVqg4BeEarfoKulXHFvmUe,,[S] | Medium (verify required)
B.Sc. Physical Sciences (Courses pertaining to Physics),Applied Optics,2024,Nov-Dec,,https://drive.google.com/uc?export=download&id=1l5FaIIQPzFtd1XjyOgCiJ1Fepjz7bwG-,,[S] | Medium (verify required)
B.Sc. (Hons) Physics,Electricity and Magnetism,2024,May-June,,https://drive.google.com/uc?export=download&id=1qslqZOfQSK_VOKsBV9Kj0OBHKmqLYSUP,,[S] | UPC 2222011202 | Medium (verify required)
B.Sc. Physical Sciences (Courses pertaining to Physics),Classical Dynamics,2024,May-June,,https://drive.google.com/uc?export=download&id=1knCJahTGMew_2Y9afYkePWe0ImlWDXaI,,[S] | Medium (verify required)
B.Sc. (Hons) Physics,Mathematical Physics,2023,May-June,,https://drive.google.com/uc?export=download&id=1VIn6yqDSrKnegJ2qXH1gRHpB_i5FmoaD,,[S] | UPC 2224001002 | Medium (verify required)
B.Sc. (Hons) Physics,Mathematical Physics I,2022,May-June,,https://drive.google.com/uc?export=download&id=1CSTdlp4EJ9MMJR8Ls3XTqiqYwo7d1y4z,,[S] | UPC 2222011101 | Medium (verify required)
B.Sc. (Hons) Physics,Mathematical Physics I,2024,Nov-Dec,,https://drive.google.com/uc?export=download&id=10yYYql5Mbl2x7zASV4_FVkD578SlJj5h,,[S] | UPC 2222011101 | Medium (verify required)
B.Sc. (Hons) Physics,Mathematical Physics I,2024,May-June,,https://drive.google.com/uc?export=download&id=19pymgVHm8PDVDhzIYoXO2qzCat8Wyztg,,[S] | UPC 2222011101 | Medium (verify required)
B.Sc. (Hons) Physics,Modern Physics,2022,May-June,,https://drive.google.com/uc?export=download&id=18Y_0IMjw0eK8JMtKv4LNZg_aPtEuwx_4,,[S] | UPC 2224001203 | Medium (verify required)
B.Sc. (Hons) Physics,Electrical Circuit Analysis,2024,Nov-Dec,,https://drive.google.com/uc?export=download&id=1PW3Sblby8aDg9hwZD8b52njaSM8pdOk0,,[S] | UPC 2222011203 | Medium (verify required)
B.Sc. (Hons) Physics,Electrical Circuit Analysis,2024,May-June,,https://drive.google.com/uc?export=download&id=1NIxv97mirdQyQ7-ZXrA2TIvrY_8sncI4,,[S] | UPC 2222011203 | Medium (verify required)
B.Sc. (Hons) Physics,Electrical Circuit Analysis,2023,May-June,,https://drive.google.com/uc?export=download&id=1V7lIji5Ch-zRF72SG4Gy9tjTyZg_BUwg,,[S] | UPC 2222011203 | Medium (verify required)
B.Sc. (Hons) Physics,Electricity and Magnetism,2023,May-June,,https://drive.google.com/uc?export=download&id=1rrWLgRXjOEG9swXwCcz06HQupGn4eKjh,,[S] | UPC 2222011202 | Medium (verify required)
B.Sc. (Hons) Physics,Electricity and Magnetism,2022,May-June,,https://drive.google.com/uc?export=download&id=1IN-tqzlGtfy6b98AY1uMpyFXUo6huQRz,,[S] | UPC 2222011202 | Medium (verify required)
B.Sc. (Hons) Physics,Electricity and Magnetism,2025,May-June,,https://drive.google.com/uc?export=download&id=1RlvURi0WEoaXQc_L-mBBvPmgr1jyOwnm,,[S] | UPC 2222011202 | Medium (verify required)
B.Sc. (Hons) Physics,Mechanics,2022,May-June,,https://drive.google.com/uc?export=download&id=1iio7DAQLyeZpGiHbA7P6QGeF6e5fw4L_,,[S] | UPC 2222011102 | Medium (verify required)
B.Sc. (Hons) Physics,Quantum Mechanics,2023,Nov-Dec,,https://drive.google.com/uc?export=download&id=1XpzZa0A6GIBQSxRydLRsgCEO5hUie3BH,,[S] | UPC 2224002006 | Medium (verify required)
B.Sc. (Hons) Physics,Quantum Mechanics,2023,Nov-Dec,,https://drive.google.com/uc?export=download&id=1sxYnH_aXSvjPzPaluuA_bV4tzCG_-ehl,,[S] | UPC 2224002006 | Medium (verify required)
B.Sc. Physical Sciences (Courses pertaining to Physics),Laser Physics and its Applications,2024,Nov-Dec,,https://drive.google.com/uc?export=download&id=1zLrVcXhuRYGg-Qp6ZWtzWCKstupQ6B37,,[S] | Medium (verify required)
B.Sc. (Hons) Physics,Solid State Physics,2025,May-June,,https://drive.google.com/uc?export=download&id=1S-YcxMCo9_t8drTiYR8_vNbRbYqFs1eL,,[S] | UPC 2224002002 | Medium (verify required)
B.Sc. (Hons) Physics,Solid State Physics,2025,May-June,,https://drive.google.com/uc?export=download&id=1Rgly6eIEtD5NiUSRXBhGBS0ekSHfIL42,,[S] | UPC 2224002002 | Medium (verify required)
B.Sc. (Hons) Physics,Thermal Physics,2022,Nov-Dec,,https://drive.google.com/uc?export=download&id=1FVx6jwIVv6Qlrlo-sIoWkMfbQJ5XmhQs,,[S] | UPC 2224001202 | Medium (verify required)
B.Sc. (Hons) Physics,Advanced Statistical Mechanics*,2023,Nov-Dec,,https://drive.google.com/uc?export=download&id=1dJHEhW1andm_Nw5oTizNzuYrF7wxBifI,,[S] | UPC TBA | Medium (verify required)
B.Sc. (Hons) Physics,Thermal Physics,2023,May-June,,https://drive.google.com/uc?export=download&id=1ZdHySM0D0WGUov-Mi7L2i_1OHC98O1UB,,[S] | UPC 2224001202 | Medium (verify required)
Physics,Physics,,Not Specified,,https://drive.google.com/uc?export=download&id=1dBrsKB4Xu6gjMEKzLfEOb03AJWlRCmNP,,[S] | Unmatched (manual mapping needed)
Physics,Physics,,Not Specified,,https://drive.google.com/uc?export=download&id=1G42FGO64wA6_ZE7NWZGOFCyoq8l1BZMg,,[S] | Unmatched (manual mapping needed)
Physics,Physics,,Not Specified,,https://drive.google.com/uc?export=download&id=11zCQVFZao3vmiPr-ilybZWdtfSwZg59Q,,[S] | Unmatched (manual mapping needed)
Physics,Physics,,Not Specified,,https://drive.google.com/uc?export=download&id=1gimjnlk-cvoxZClFDrxnDxQ_TDtx5nBR,,[S] | Unmatched (manual mapping needed)
Physics,Physics,,Not Specified,,https://drive.google.com/uc?export=download&id=1WLBfxeI-M0eNO5-8cuXNpj2tYEiy1PWh,,[S] | Unmatched (manual mapping needed)
Physics,Physics,2024,Nov-Dec,,https://drive.google.com/uc?export=download&id=1F5vBpFuHDr-DO98XWLBDKnpl5bqELRuA,,[S] | Unmatched (manual mapping needed)
Physics,Physics,2024,Nov-Dec,,https://drive.google.com/uc?export=download&id=1a9ko1G-ip6PdOg6A963wQTM6CoJbf0ym,,[S] | Unmatched (manual mapping needed)
Physics,Physics,2023,Nov-Dec,,https://drive.google.com/uc?export=download&id=1KFj-f4NU_OkOjvwoAyhaC0bAMu9K6GXP,,[S] | Unmatched (manual mapping needed)
Physics,Physics,2022,Nov-Dec,,https://drive.google.com/uc?export=download&id=1CgFEJjE5OSs3627Am1EarxBzldRuvxSW,,[S] | Unmatched (manual mapping needed)
Physics,Physics,2024,Nov-Dec,,https://drive.google.com/uc?export=download&id=1USSh0gbD7HXMB3029Xg03DSoB6jxPmsU,,[S] | Unmatched (manual mapping needed)
Physics,Physics,2022,May-June,,https://drive.google.com/uc?export=download&id=1L6h6EC-ELvr08eGu8AoZzRlWiu7gnIhJ,,[S] | Unmatched (manual mapping needed)
DEPARTMENT OF POLITICAL SCIENCE,A Globalizing World,2022,May-June,,https://drive.google.com/uc?export=download&id=1KTxHl0mHNHKZ-X5lhvErLz3zWRGUGSs_,,[S] | UPC 62321232 | Exact (Question Bank code match)
DEPARTMENT OF POLITICAL SCIENCE,Conflict And Peace Building,2023,May-June,,https://drive.google.com/uc?export=download&id=1FvWpmECu1JjspDpurdQLuurDl1gpkDz-,,[S] | UPC 62323601 | Exact (Question Bank code match)
DEPARTMENT OF POLITICAL SCIENCE,Conflict And Peace Building,2022,May-June,,https://drive.google.com/uc?export=download&id=1G6Ro1syX3lk04mm06pgJVXdk6bP8y68_,,[S] | UPC 62323601 | Exact (Question Bank code match)
DEPARTMENT OF POLITICAL SCIENCE,Development Process And Social Movements In Contemporary India,2022,May-June,,https://drive.google.com/uc?export=download&id=1k2QLIqsGeR0-4NDqOFzGv99Kb4yhN4lQ,,[S] | UPC 12327903 | Exact (Question Bank code match)
DEPARTMENT OF POLITICAL SCIENCE,Development Process And Social Movements In Contemporary India,2024,May-June,,https://drive.google.com/uc?export=download&id=19SEZyQsYr6TpnVs7GV_ffo83HH9txbmD,,[S] | UPC 12327903 | Exact (Question Bank code match)
DEPARTMENT OF ENVIRONMENTAL SCIENCE,"Human Rights, Gender And Environment",2025,May-June,,https://drive.google.com/uc?export=download&id=1Wx-pT-YkfmBre0DFocXytOtYFjySDDAz,,[S] | UPC 62325602 | Exact (Question Bank code match)
DEPARTMENT OF ENVIRONMENTAL SCIENCE,"Human Rights, Gender And Environment",2024,May-June,,https://drive.google.com/uc?export=download&id=1GkbIhLMDCpAW1ht_ok3lVKGlZTz_RxmV,,[S] | UPC 62325602 | Exact (Question Bank code match)
DEPARTMENT OF POLITICAL SCIENCE,Indian Government And Politics,2024,May-June,,https://drive.google.com/uc?export=download&id=1UoQUr1dTcBTNGhrwTd2inrlrvkGcd1QT,,[S] | UPC 62321201 | Exact (Question Bank code match)
DEPARTMENT OF POLITICAL SCIENCE,Indian Government And Politics,2024,May-June,,https://drive.google.com/uc?export=download&id=1gsdE6hJDgNhHUx30TAkSXzrrpPFzvsCS,,[S] | UPC 62321201 | Exact (Question Bank code match)
DEPARTMENT OF POLITICAL SCIENCE,Indian Government And Politics,2022,May-June,,https://drive.google.com/uc?export=download&id=1GZlGQythK-FO2kIcoYSnykeYYp7x6x9I,,[S] | UPC 62321201 | Exact (Question Bank code match)
DEPARTMENT OF POLITICAL SCIENCE,Legislative Practice And Procedures,2023,May-June,,https://drive.google.com/uc?export=download&id=1kWEgbSoAxDjemo_rt_Xclw1ra9i5OyrQ,,[S] | UPC 12323903 | Exact (Question Bank code match)
DEPARTMENT OF POLITICAL SCIENCE,Legislative Practice And Procedures,2024,May-June,,https://drive.google.com/uc?export=download&id=1w_VSzKl9tmmDjtWL7IzKkVh8p9Vfermh,,[S] | UPC 12323903 | Exact (Question Bank code match)
DEPARTMENT OF POLITICAL SCIENCE,Legislative Practice And Procedures,2022,May-June,,https://drive.google.com/uc?export=download&id=1tHrfxs6MlXvXTQKeDRGHzAhHECakrx9I,,[S] | UPC 12323903 | Exact (Question Bank code match)
DEPARTMENT OF POLITICAL SCIENCE,Understanding Ambedkar,2025,May-June,,https://drive.google.com/uc?export=download&id=10_aaysxPsWhDspCqZky7iyAZOwOjvFz9,,[S] | UPC 12325905 | Exact (Question Bank code match)
DEPARTMENT OF POLITICAL SCIENCE,Introduction To The Indian Constitution,2025,May-June,,https://drive.google.com/uc?export=download&id=17VThh6efd_z8CG_2bsBzD4fzZCoh_aI7,,[S] | UPC 2324001202 | Exact (Question Bank code match)
DEPARTMENT OF POLITICAL SCIENCE,Your Laws Your Rights,2024,Nov-Dec,,https://drive.google.com/uc?export=download&id=1GcoekwrLKR8CQveVb_v1BPy2j-2KTJbu,,[S] | UPC 62323506 | Exact (Question Bank code match)
DEPARTMENT OF POLITICAL SCIENCE,Your Laws Your Rights,2022,Nov-Dec,,https://drive.google.com/uc?export=download&id=10MztU4BbgScG8-H4QNh2BJHpw7cQZbrz,,[S] | UPC 62323506 | Exact (Question Bank code match)
DEPARTMENT OF POLITICAL SCIENCE,"Your Laws, Your Rights",2022,Nov-Dec,,https://drive.google.com/uc?export=download&id=10gxNR8mXajEQyLuRsAxGGjw1k9lMo4QU,,[S] | UPC 12323901 | Exact (Question Bank code match)
DEPARTMENT OF POLITICAL SCIENCE,India'S Foreign Policy In A Globalizing World,2024,May-June,,https://drive.google.com/uc?export=download&id=1Bx7Thhg9qJ9Qh1m8gWOCsHDp_cHmDpFL,,[S] | UPC 12327906 | Exact (Question Bank code match)
B.A. (Hons.) Political Science,Western Political Philosophy – I,2024,Nov-Dec,,https://drive.google.com/uc?export=download&id=1hKg3QMflF5mE0Aba6jGuNQBWiKWF_Onz,,[S] | UPC 2322103501 | Exact (UPC/syllabus match)
B.A. (Hons.) Political Science ; B.A. (Prog) with Political Science as Major Discipline ; B.A. (Prog) with Political Science as Minor Discipline,Ancient & Medieval Indian Political Thought / Ancient & Medieval Indian Political Thought (PSD-MJ1),2024,Nov-Dec,,https://drive.google.com/uc?export=download&id=1yZlaqFVAHVp4XV-TJEHnqx5nAkjA8Zwi,,[S] | UPC 2322102301 | Exact (UPC/syllabus match)
B.A. (Hons.) Political Science ; B.A. (Prog) with Political Science as Major Discipline ; B.A. (Prog) with Political Science as Minor Discipline,Ancient & Medieval Indian Political Thought / Ancient & Medieval Indian Political Thought (PSD-MJ1),2024,Nov-Dec,,https://drive.google.com/uc?export=download&id=1VltiCdRQPOjaADbbnUsjSTIJ7wV_cUVQ,,[S] | UPC 2322102301 | Exact (UPC/syllabus match)
B.A. (Hons.) Political Science,Comparative Political Systems,2025,May-June,,https://drive.google.com/uc?export=download&id=1Kr-nSnXVCeDcSJXnWl_nSIMLQAQxFj4n,,[S] | UPC 2322103602 | Exact (UPC/syllabus match)
B.A. (Prog) with Political Science as Major Discipline ; B.A. (Prog) with Political Science as Minor Discipline,Comparative Govt. & Politics (PSD-MJ1),2025,May-June,,https://drive.google.com/uc?export=download&id=1QYIkw2J9QGI1lZG0qmuNXebDA2f02qoO,,[S] | UPC 2322202401 | Exact (UPC/syllabus match)
B.A. (Hons.) Political Science,Colonialism & Nationalism in India,2024,Nov-Dec,,https://drive.google.com/uc?export=download&id=1IiZmQ69JoKXatTCDtriJA21QoTXMyN-w,,[S] | UPC 2322101103 | Exact (UPC/syllabus match)
B.A. (Hons.) Political Science,Colonialism & Nationalism in India,2022,Nov-Dec,,https://drive.google.com/uc?export=download&id=1XlovE5R-MHIyhNUlJci_2V3RafyQHEJA,,[S] | UPC 2322101103 | Exact (UPC/syllabus match)
B.A. (Prog) with Political Science as Major Discipline ; B.A. (Prog) with Political Science as Minor Discipline,Comparative Govt. & Politics (PSD-MJ1),2024,May-June,,https://drive.google.com/uc?export=download&id=1Lns6Pit-8LneGUYi7BtlXmtsd4J4qygZ,,[S] | UPC 2322202401 | Exact (UPC/syllabus match)
B.A. (Hons.) Political Science,Concepts in Comparative Political Analysis,2024,May-June,,https://drive.google.com/uc?export=download&id=1JsHvtmm2r7X52YXJmLTkTCmEc-sUsxbd,,[S] | UPC 2322102402 | Exact (UPC/syllabus match)
University-wide Ability Enhancement Course Pool,Course B: Intermediate Administrative Structure in Kauṭilya’s Arthaśāstra,2025,May-June,,https://drive.google.com/uc?export=download&id=10LKtBbpS-AgmkQvWsPfRM0f24FDzhaEa,,[S] | UPC 2131002005 | Exact (UPC/syllabus match)
B.A. (Hons.) Political Science,Digital Social Sciences,2025,May-June,,https://drive.google.com/uc?export=download&id=1Pq0cImsXIRR97guCYa4F7mCVVJHhpguy,,[S] | UPC 2324002010 | Exact (UPC/syllabus match)
History Honours,Gender in Modern World,2025,May-June,,https://drive.google.com/uc?export=download&id=1jSBPig9nbft39_EbZkNfNWUWFYGsdJjG,,[S] | UPC 2314000022 | Exact (UPC/syllabus match)
B.A. (Hons.) Political Science,Governance: Issues and Challenges,2025,May-June,,https://drive.google.com/uc?export=download&id=1g-lgP54OZFeZCW_WVZImN1TrqKwI81OK,,[S] | UPC 2324002005 | Exact (UPC/syllabus match)
B.A. (Hons.) Political Science,Governance: Issues and Challenges,2025,May-June,,https://drive.google.com/uc?export=download&id=19MJi09YGh15ChDV4Y0CmtqiB2ffJKSyj,,[S] | UPC 2324002005 | Exact (UPC/syllabus match)
B.A. (Hons.) Political Science,Introduction to Public Policy,2025,May-June,,https://drive.google.com/uc?export=download&id=1Vi-SynUVWT4fVOR-CLDrivooWmfJWCe-,,[S] | UPC 2324002008 | Exact (UPC/syllabus match)
B.A. (Hons.) Political Science,Ideas & Institutions in Indian Political Thought,2024,Nov-Dec,,https://drive.google.com/uc?export=download&id=1Bcv6zDqs1IJ0VT7Iqz-hTqgE7eNgQxUB,,[S] | UPC 2322101102 | Exact (UPC/syllabus match)
B.A. (Prog) with Political Science as Major Discipline,India’s Foreign Policy (PSD-MJ2),2024,May-June,,https://drive.google.com/uc?export=download&id=1Q7ZuTzY61ByoAq9MXmS-Rdj_XrlilZ65,,[S] | UPC 2322201202 | Exact (UPC/syllabus match)
B.A. (Hons.) Political Science ; B.A. (Prog) with Political Science as Major Discipline ; B.A. (Prog) with Political Science as Minor Discipline,India’s National Security: Major Challenges and Strategic Thinking / India’s National Security: Major Challengesand Strategic Thinking,2024,May-June,,https://drive.google.com/uc?export=download&id=1mv_zcHYzdEnTGpcOSi-ALxqb4Z5Q5DXK,,[S] | UPC 2323102005 | Exact (UPC/syllabus match)
B.A. (Prog) with Political Science as Major Discipline ; B.A. (Prog) with Political Science as Minor Discipline,Indian Govt & Politics (PSD-MJ),2023,May-June,,https://drive.google.com/uc?export=download&id=1KXHWVKlXmKSsvcnHPOOYPMpPfp5pymvv,,[S] | UPC 2322201201 | Exact (UPC/syllabus match)
B.A. (Prog) with Political Science as Major Discipline ; B.A. (Prog) with Political Science as Minor Discipline,Indian Govt & Politics (PSD-MJ),2025,May-June,,https://drive.google.com/uc?export=download&id=1itrzUa9II70drVks_Nmv4NM47n1y84fy,,[S] | UPC 2322201201 | Exact (UPC/syllabus match)
B.A. (Prog) with Political Science as Major Discipline,India’s Foreign Policy (PSD-MJ2),2023,May-June,,https://drive.google.com/uc?export=download&id=1tIT-_UtGqzTG03KAnd4K7yRz5Ktm2ryS,,[S] | UPC 2322201202 | Exact (UPC/syllabus match)
B.A. (Hons.) Political Science,"Introduction to International Relations: Theories, Concepts & Debates",2023,May-June,,https://drive.google.com/uc?export=download&id=1GGz1JIZTOBkOa1fNravdMyWF2HFlMufy,,[S] | UPC 2322101203 | Exact (UPC/syllabus match)
B.A. (Prog) with Political Science as Major Discipline ; B.A. (Prog) with Political Science as Minor Discipline,Introduction to International Relations (PSD-MJ1),2024,Nov-Dec,,https://drive.google.com/uc?export=download&id=1Lu2o_LnyssimzahC6aosTDC5JPZAOysH,,[S] | UPC 2322203501 | Exact (UPC/syllabus match)
B.A. (Prog) with Political Science as Major Discipline ; B.A. (Prog) with Political Science as Minor Discipline,Introduction to Political Theory (PSD-MJ1),2022,Nov-Dec,,https://drive.google.com/uc?export=download&id=16jjARbsi9NgzwKssx1AYtbD4DWZmszlP,,[S] | UPC 2322201101 | Exact (UPC/syllabus match)
B.A. (Hons.) Political Science,"Introduction to International Relations: Theories, Concepts & Debates",2024,May-June,,https://drive.google.com/uc?export=download&id=1R4zQXa_HcEt9j8zdfbtBA97PPVRktGGY,,[S] | UPC 2322101203 | Exact (UPC/syllabus match)
B.A. (Hons.) Political Science,Methods & Approaches in Comparative Political Analysis,2023,May-June,,https://drive.google.com/uc?export=download&id=10JO5wau6GpP2YOF9N14bRkTTU1jfPkw-,,[S] | UPC 2322101202 | Exact (UPC/syllabus match)
B.A. (Hons.) Political Science,Methods & Approaches in Comparative Political Analysis,2024,May-June,,https://drive.google.com/uc?export=download&id=1ajhvXCBGZDi4fVbhKmH-UhSsTv-0ckj_,,[S] | UPC 2322101202 | Exact (UPC/syllabus match)
B.A. (Hons.) Political Science,Nationalism in India,2025,May-June,,https://drive.google.com/uc?export=download&id=1LhfnqYImLJ_v4R7BdjXcOxqHft4OxmoP,,[S] | UPC 2324002003 | Exact (UPC/syllabus match)
B.A. (Prog) with Political Science as Major Discipline ; B.A. (Prog) with Political Science as Minor Discipline,Perspectivese on Public Administration (PSD-MJ1),2025,May-June,,https://drive.google.com/uc?export=download&id=1CoUKGM8lGn27BL8Lcdi2VQ5jf-239orG,,[S] | UPC 2322203601 | Exact (UPC/syllabus match)
B.A. (Hons.) Political Science,Politics of Globalisation,2025,May-June,,https://drive.google.com/uc?export=download&id=1gTAjMxfX6I17Xz8oeWvY2pMpsnAWjk-w,,[S] | UPC 2324002007 | Exact (UPC/syllabus match)
B.A. (Hons.) Political Science,Public Administration in India,2025,May-June,,https://drive.google.com/uc?export=download&id=1OKDiAHZCUg7YVTLZujPBpkqyGqTwa6B3,,[S] | UPC 2322102401 | Exact (UPC/syllabus match)
B.A. (Hons.) Political Science,Perspecitves on Public Administration,2023,May-June,,https://drive.google.com/uc?export=download&id=1Vi7Qafj-i4qZnGFAxSgy5DrXHhghzYQ_,,[S] | UPC 2322101201 | Exact (UPC/syllabus match)
B.A. (Hons.) Political Science,Perspecitves on Public Administration,2024,May-June,,https://drive.google.com/uc?export=download&id=1w3vV36Bm4Dmv0UuJdMdSNtcz_dbrZmAL,,[S] | UPC 2322101201 | Exact (UPC/syllabus match)
B.A. (Hons.) Political Science,Perspecitves on Public Administration,2025,May-June,,https://drive.google.com/uc?export=download&id=1wWcOsBUQJgXl9owh9yzD4Q9vg-sfH6Pg,,[S] | UPC 2322101201 | Exact (UPC/syllabus match)
University-wide Skill Enhancement Course Pool,Political Leadership and Communication,2024,May-June,,https://drive.google.com/uc?export=download&id=1o8yaXOaVEAxVkaVPeqQQNyqIbreKpkM3,,[S] | UPC 3206000002 | Exact (UPC/syllabus match)
B.A. (Prog) with Political Science as Major Discipline,Public Administration in India (PSD-MJ),2024,Nov-Dec,,https://drive.google.com/uc?export=download&id=1QBCQ3jHfcUevFdUnJaFtndcf3c5T0nts,,[S] | UPC 2322201102 | Exact (UPC/syllabus match)
B.A. (Prog) with Political Science as Major Discipline,Public Administration in India (PSD-MJ),2022,Nov-Dec,,https://drive.google.com/uc?export=download&id=1kzoXtuUjB_8hPrWvdFrUFU2abAvtXJWJ,,[S] | UPC 2322201102 | Exact (UPC/syllabus match)
B.A. (Prog) with Political Science as Major Discipline,Public Institutions in India (PSD-MJ2),2025,May-June,,https://drive.google.com/uc?export=download&id=1k8Tx9Mp0y_91JPt4XGWjxxv8PSzbwK70,,[S] | UPC 2322202402 | Exact (UPC/syllabus match)
B.A. (Hons.) Political Science,Public Policy,2025,May-June,,https://drive.google.com/uc?export=download&id=1DhO-7o5TmEbNPeInpScZ-JqBQbrE7YHJ,,[S] | UPC 2322103601 | Exact (UPC/syllabus match)
B.A. (Prog) with Political Science as Major Discipline,Public Institutions in India (PSD-MJ2),2024,May-June,,https://drive.google.com/uc?export=download&id=1Ftocp-JYZjsVeGl2a74PRxrv7XIAuW1h,,[S] | UPC 2322202402 | Exact (UPC/syllabus match)
B.A. (Hons.) Political Science ; B.A. (Prog) with Political Science as Major Discipline ; B.A. (Prog) with Political Science as Minor Discipline,Research Methods in Politics,2025,May-June,,https://drive.google.com/uc?export=download&id=1O6lb1hes5Qt7xKhxT-NzAWhbkYib94sN,,[S] | UPC 2323100010 | Exact (UPC/syllabus match)
B.A. (Hons.) Political Science ; B.A. (Prog) with Political Science as Major Discipline ; B.A. (Prog) with Political Science as Minor Discipline,Research Methods in Politics,2025,May-June,,https://drive.google.com/uc?export=download&id=1pEED4YhkThE-sSTVtvCvQNwdQ_bMUpnG,,[S] | UPC 2323100010 | Exact (UPC/syllabus match)
B.A. (Hons.) Political Science,Understanding International Relations,2025,May-June,,https://drive.google.com/uc?export=download&id=1sxu99DHJwfgKlH_Hqi0p5RvsS_P6dFoe,,[S] | UPC 2324002004 | Exact (UPC/syllabus match)
B.A. (Hons.) Political Science ; B.A. (Prog) with Political Science as Major Discipline ; B.A. (Prog) with Political Science as Minor Discipline,Understanding Ambedkar,2024,Nov-Dec,,https://drive.google.com/uc?export=download&id=1F1LFwNFUzvURqocXXnTWpo9wpmsiOs9C,,[S] | UPC 2323100007 | Exact (UPC/syllabus match)
B.A. (Hons.) Political Science,Understanding International Relations,2024,May-June,,https://drive.google.com/uc?export=download&id=18qZ6YOYnBkQr6NxLDIikq2c36tAUJ0gm,,[S] | UPC 2324002004 | Exact (UPC/syllabus match)
B.A. (Hons.) Political Science,Understanding Political Theory,2022,Nov-Dec,,https://drive.google.com/uc?export=download&id=1q1_oiV_x4aqYAInXvI4I3sU3QpEpWOxA,,[S] | UPC 2322101101 | Exact (UPC/syllabus match)
B.A. (Hons.) Political Science,Understanding Political Theory,2024,Nov-Dec,,https://drive.google.com/uc?export=download&id=1cx2KZXTLFcil8LT-5-eceic4yyvrN45Y,,[S] | UPC 2322101101 | Exact (UPC/syllabus match)
B.A. (Hons.) Political Science,Methods & Approaches in Comparative Political Analysis,2025,May-June,,https://drive.google.com/uc?export=download&id=1Qqskqjnajph_nVQlPZ9JmY-83Yx_GDnj,,[S] | UPC 2322101202 | Exact (UPC/syllabus match)
B.A. (Hons.) Political Science,Global Politics,2025,May-June,,https://drive.google.com/uc?export=download&id=1k64F6Sqv1durf-7xq8njx3OOx1aR37cE,,[S] | UPC 2322102403 | Exact (UPC/syllabus match)
B.A. (Hons.) Political Science,Ideas & Institutions in Indian Political Thought,2022,Nov-Dec,,https://drive.google.com/uc?export=download&id=1-hcnDbaUtuA9Lg4wC6JAn_Gh3NFTspLE,,[S] | UPC 2322101102 | Exact (UPC/syllabus match)
B.A. (Hons.) Political Science,Western Political Philosophy,2025,May-June,,https://drive.google.com/uc?export=download&id=1AyydTnQyR4uVd4gpM7HDKP3zSY8HETgN,,[S] | UPC 2324002006 | Exact (UPC/syllabus match)
B.A. (Hons.) Political Science,Women and Politics in India: Concepts and Debates,2025,May-June,,https://drive.google.com/uc?export=download&id=1NuidgS2OM9Ck9djadMvgSOTtPW5BP4EP,,[S] | UPC 2324002009 | Exact (UPC/syllabus match)
B.A. (Hons.) Political Science,Global Politics,2024,May-June,,https://drive.google.com/uc?export=download&id=1k_jjAj3gTddfWKYU8F8hchjMWLgDuJ7o,,[S] | UPC 2322102403 | Exact (UPC/syllabus match)
B.A. (Hons.) Political Science,Feminism: Theory and Practice,2023,May-June,,https://drive.google.com/uc?export=download&id=1htUAbJX1UOY5M-twxrUwTHroCKC99JJW,,[S] | UPC 2323100024 | High (verify recommended)
B.A. (Hons.) Political Science,Global Politics,2023,May-June,,https://drive.google.com/uc?export=download&id=1h-iy3q7qUIjpxkiTi0rUkZKJPO-G8JT-,,[S] | UPC 2322102403 | High (verify recommended)
B.A. (Hons.) Political Science,Global Politics,2022,May-June,,https://drive.google.com/uc?export=download&id=1K_Cp6EotG2p4JD3xtJ3uyOXeKndeTC01,,[S] | UPC 2322102403 | High (verify recommended)
B.A. (Prog) with Political Science as Major Discipline,India’s Foreign Policy (PSD-MJ2),2025,May-June,,https://drive.google.com/uc?export=download&id=1me_8auV5wpYvi4lU1kgUu6W-atGV2hT_,,[S] | UPC 2322201202 | High (verify recommended)
B.A. (Hons.) Political Science,Ideas in Indian Political Thought,2025,May-June,,https://drive.google.com/uc?export=download&id=1LJWIMogVrYVMHEUnTfd1Sk0DI1FRJd2L,,[S] | UPC 2324000001 | High (verify recommended)
B.A. (Hons.) Political Science,Ideas in Indian Political Thought,2024,Nov-Dec,,https://drive.google.com/uc?export=download&id=1bdnVcy-t1noVnzblAXUdwl37qzOVvGF_,,[S] | UPC 2324000001 | High (verify recommended)
B.A. (Hons.) Political Science,India’s Foreign Policy: Challenges and Strategies,2025,May-June,,https://drive.google.com/uc?export=download&id=17UPbLXvsjEesiTP3BX8qspEibq2R4SMS,,[S] | UPC 2322103603 | High (verify recommended)
B.A. (Hons.) Political Science,Modern Indian Political Thought,2024,Nov-Dec,,https://drive.google.com/uc?export=download&id=1_sPLKDkaha2j_MSv8uh3NI4rqpJH_DPV,,[S] | UPC 2322103502 | High (verify recommended)
B.A. (Hons.) Political Science,Modern Indian Political Thought,2022,Nov-Dec,,https://drive.google.com/uc?export=download&id=157FHq9h3CUOKPSDfBnT5OcWz5vJUryGp,,[S] | UPC 2322103502 | High (verify recommended)
B.A. (Hons.) Political Science,Western Political Philosophy,2022,May-June,,https://drive.google.com/uc?export=download&id=1C0QWafB6Ea2dMp44jLqRAbHASAriUD60,,[S] | UPC 2324002006 | High (verify recommended)
B.A. (Hons.) Political Science,Political Theory: Concepts & Debates,2023,May-June,,https://drive.google.com/uc?export=download&id=1gUdU9842a7P4JM86_w_jzE0_o4xB5Wb4,,[S] | UPC 2322102302 | High (verify recommended)
B.A. (Hons.) Political Science,Political Process in India,2022,May-June,,https://drive.google.com/uc?export=download&id=1KPOGskW96op0ttKDg7BPCGimHsqPvL15,,[S] | UPC 2322103503 | High (verify recommended)
B.A. (Hons.) Political Science,Politics of Globalisation,2022,Nov-Dec,,https://drive.google.com/uc?export=download&id=1J77HPetPvYaiwmkq9MkxK8lDmc5zwJkb,,[S] | UPC 2324002007 | High (verify recommended)
B.A. (Hons.) Political Science,Politics of Globalisation,2022,Nov-Dec,,https://drive.google.com/uc?export=download&id=1nXdupolh6ceFIHIp6EnXu1ZB-l3fCmkL,,[S] | UPC 2324002007 | High (verify recommended)
B.A. (Hons.) Political Science,Politics of Globalisation,2022,May-June,,https://drive.google.com/uc?export=download&id=1hBWUHv2KEj0KeKswqYVHFU5wjZxOMVHs,,[S] | UPC 2324002007 | High (verify recommended)
B.A. (Hons.) Political Science,Public Administration in India,2024,May-June,,https://drive.google.com/uc?export=download&id=1TdvkWHS9iP4la6A0Hq4d1vieF2IdrM4I,,[S] | UPC 2322102401 | High (verify recommended)
B.A. (Hons.) Political Science,Public Policy,2023,May-June,,https://drive.google.com/uc?export=download&id=1Wc7XWmIO4LHBQNHZ3SyFItVqvotKZnSI,,[S] | UPC 2322103601 | High (verify recommended)
B.A. (Hons.) Political Science,Understanding Ambedkar,2022,May-June,,https://drive.google.com/uc?export=download&id=1iv4uzs6yJ2btJ4Ttv2kwmmobAy-mI7UO,,[S] | UPC 2323100007 | High (verify recommended)
B.A. (Hons.) Political Science,Understanding Ambedkar,2022,May-June,,https://drive.google.com/uc?export=download&id=1ERKehJywqubtinTE1xohgUXDLSkBaOIL,,[S] | UPC 2323100007 | High (verify recommended)
B.A. (Prog) with Political Science as Major Discipline,Understanding Globalisation,2022,May-June,,https://drive.google.com/uc?export=download&id=1Vt74y9YkjbbG60GEMGVvU7C5lY_OTiV8,,[S] | UPC 2323100017 | High (verify recommended)
B.A. (Prog) with Political Science as Major Discipline,Understanding Globalisation,2023,May-June,,https://drive.google.com/uc?export=download&id=14PBZ_BTg75mmgfvrGDLGPPgn2E09fUVH,,[S] | UPC 2323100017 | High (verify recommended)
B.A. (Prog) with Political Science as Major Discipline,Understanding Globalisation,2024,May-June,,https://drive.google.com/uc?export=download&id=107CwBigXY_NXMTf-R6XhFlEkFBCvkR0n,,[S] | UPC 2323100017 | High (verify recommended)
B.A. (Prog) with Political Science as Major Discipline,Understanding Globalisation,2024,May-June,,https://drive.google.com/uc?export=download&id=1JZOdh16GZ3ahmB1e7BqxUz4myTvOBD6Q,,[S] | UPC 2323100017 | High (verify recommended)
B.A. (Prog) with Political Science as Major Discipline,Understanding Globalisation,2023,May-June,,https://drive.google.com/uc?export=download&id=1Eg8z5fHyGxON766xOVhZ0_Jiv1lQzm6A,,[S] | UPC 2323100017 | High (verify recommended)
B.A. (Hons.) Political Science,Public Administration in India,2024,Nov-Dec,,https://drive.google.com/uc?export=download&id=1GuJAKxuBpI5I_k_apLcGb4RfOZw5fVAC,,[S] | UPC 2322102401 | Medium (verify required)
B.A. (Hons.) Political Science,Introduction to Public Policy,2022,Nov-Dec,,https://drive.google.com/uc?export=download&id=1DsiWtSlnH1lP1c1mVC3L5L98PGG-ABeF,,[S] | UPC 2324002008 | Medium (verify required)
B.A. (Prog) with Political Science as Major Discipline,Citizenship and Governance,2022,Nov-Dec,,https://drive.google.com/uc?export=download&id=15W4MGzC6sji9nb9Gy3rS856p0M4sqwzh,,[S] | UPC 2323100018 | Medium (verify required)
B.A. (Hons.) Political Science,Western Political Philosophy,2022,Nov-Dec,,https://drive.google.com/uc?export=download&id=1mgsjCGxMNa2eAf_xmWp1lMeFNM3oTE1A,,[S] | UPC 2324002006 | Medium (verify required)
B.A. (Hons.) Political Science,Colonialism & Nationalism in India,2022,Nov-Dec,,https://drive.google.com/uc?export=download&id=1vFOuQFev7GMrXVwmSGyDdSLG1qs1zmHG,,[S] | UPC 2322101103 | Medium (verify required)
B.A. (Hons.) Political Science,Development Process and Social Movements in Contemporary India,2023,May-June,,https://drive.google.com/uc?export=download&id=1COE6PuFK1QZLmodk09CmiYa4nOo1zUiF,,[S] | UPC TBA | Medium (verify required)
B.A. (Hons.) Political Science,Feminism: Theory and Practice,2022,May-June,,https://drive.google.com/uc?export=download&id=1_qRpngNdP1dRLu-doxFxdkwy-irPvbz3,,[S] | UPC 2323100024 | Medium (verify required)
B.A. (Hons.) Political Science,Governance: Issues and Challenges,2024,May-June,,https://drive.google.com/uc?export=download&id=1CF-W2Loy7lHgYsz36fSeA8n5pUPJYa0Z,,[S] | UPC 2324002005 | Medium (verify required)
B.A. (Hons.) Political Science,Governance: Issues and Challenges,2025,May-June,,https://drive.google.com/uc?export=download&id=1MWAM2Dpx-gOW9QYjsiGQRORXisWO2KXd,,[S] | UPC 2324002005 | Medium (verify required)
B.A. (Hons.) Political Science,Governance: Issues and Challenges,2022,May-June,,https://drive.google.com/uc?export=download&id=1FQ4N49m70uHyqIo52tBS5fk75tXwPYJ3,,[S] | UPC 2324002005 | Medium (verify required)
B.A. (Hons.) Political Science,Introduction to Human Rights,2025,May-June,,https://drive.google.com/uc?export=download&id=1I7II0dYES6BkCbSUbHkvSbM_n1BmQ0qJ,,[S] | UPC 2324000013 | Medium (verify required)
B.A. (Hons.) Political Science,Introduction to Human Rights,2025,May-June,,https://drive.google.com/uc?export=download&id=1qvkuf-1hEcgubWTMMPu8ITjuoJFl-W60,,[S] | UPC 2324000013 | Medium (verify required)
B.A. (Hons.) Political Science,Ideas in Indian Political Thought,2022,Nov-Dec,,https://drive.google.com/uc?export=download&id=1lZqGQ9nAXe0eL6hslYuQg9LqZVTA6hed,,[S] | UPC 2324000001 | Medium (verify required)
B.A. (Prog) with Political Science as Major Discipline,Indian Govt & Politics (PSD-MJ),2022,May-June,,https://drive.google.com/uc?export=download&id=1zDsO-BqyifHLuIcR_0CqjNPj5R5XFbN2,,[S] | UPC 2322201201 | Medium (verify required)
B.A. (Hons.) Political Science,Modern Indian Political Thought,2024,May-June,,https://drive.google.com/uc?export=download&id=1SJEAOcCWrlewwny8j2Tyc7rQcVBDDKQh,,[S] | UPC 2322103502 | Medium (verify required)
B.A. (Hons.) Political Science,Modern Indian Political Thought,2023,May-June,,https://drive.google.com/uc?export=download&id=1ak4z6JCBikzs3NA2UCIEimIsA_BDbPQ2,,[S] | UPC 2322103502 | Medium (verify required)
B.A. (Hons.) Political Science,Introduction to Human Rights,2022,Nov-Dec,,https://drive.google.com/uc?export=download&id=1S7MnrhFKkaBNtqTcqHp5qpbd5pxXf5a8,,[S] | UPC 2324000013 | Medium (verify required)
B.A. (Prog) with Political Science as Major Discipline,Introduction to International Relations (PSD-MJ1),2023,May-June,,https://drive.google.com/uc?export=download&id=1JPm3y9ganyPqGlqYRdiCV-yrxCcXoPwT,,[S] | UPC 2322203501 | Medium (verify required)
B.A. (Prog) with Political Science as Major Discipline,Introduction to Political Theory (PSD-MJ1),2022,May-June,,https://drive.google.com/uc?export=download&id=1yEhhcxoNP6wY5DL9v2FQgkhEnzHXIwh0,,[S] | UPC 2322201101 | Medium (verify required)
B.A. (Prog) with Political Science as Major Discipline,Introduction to International Relations (PSD-MJ1),2022,May-June,,https://drive.google.com/uc?export=download&id=135FWhg_2vROOJoqKYZZMT3T2yNQcE2JP,,[S] | UPC 2322203501 | Medium (verify required)
B.A. (Hons.) Political Science,Introduction to the Indian Constitution,2023,May-June,,https://drive.google.com/uc?export=download&id=1l7OU2gpzsZDncnDETE-kX9MChRFfbtXE,,[S] | UPC 2324000002 | Medium (verify required)
B.A. (Hons.) Political Science,Introduction to the Indian Constitution,2024,May-June,,https://drive.google.com/uc?export=download&id=1f0DQ1H6BAGBN0_Dx7TzcxDNjs0NTa89I,,[S] | UPC 2324000002 | Medium (verify required)
B.A. (Prog) with Political Science as Major Discipline,Introduction to Political Theory (PSD-MJ1),2022,Nov-Dec,,https://drive.google.com/uc?export=download&id=1u_1DAzzrWxLYvUwFkDQ-vWnmniulSD1I,,[S] | UPC 2322201101 | Medium (verify required)
B.A. (Hons.) Political Science,Western Political Philosophy,2024,May-June,,https://drive.google.com/uc?export=download&id=1EJ3kZtTTChxL6ZfB5iD6eytkdxF_Vm_m,,[S] | UPC 2324002006 | Medium (verify required)
B.A. (Hons.) Political Science,Perspecitves on Public Administration,2022,Nov-Dec,,https://drive.google.com/uc?export=download&id=1L905my0m7uovM0IQyv7GzHFC0W909T0s,,[S] | UPC 2322101201 | Medium (verify required)
B.A. (Hons.) Political Science,Perspecitves on Public Administration,2022,Nov-Dec,,https://drive.google.com/uc?export=download&id=1f_f4EXVigmR7x7wjr00Rr7ESiEhw8Hct,,[S] | UPC 2322101201 | Medium (verify required)
B.A. (Hons.) Political Science,Political Process in India,2023,May-June,,https://drive.google.com/uc?export=download&id=12rUAt--M0L-a3AdY3AfD7WOkJIT9V3ba,,[S] | UPC 2322103503 | Medium (verify required)
B.A. (Hons.) Political Science,Political Process in India,2022,May-June,,https://drive.google.com/uc?export=download&id=1Dv7gEeXNIo9hsrON5KmhZrEXyyE9nGcs,,[S] | UPC 2322103503 | Medium (verify required)
B.A. (Hons.) Political Science,Political Theory: Concepts & Debates,2022,May-June,,https://drive.google.com/uc?export=download&id=1cKmIfZO_7Yb92VUa8j4Cs2895onna6Fx,,[S] | UPC 2322102302 | Medium (verify required)
B.A. (Hons.) Political Science,Understanding Ambedkar,2022,Nov-Dec,,https://drive.google.com/uc?export=download&id=17xdiM0iDwaoz9JYJ9_oZtk1x5gFBmslC,,[S] | UPC 2323100007 | Medium (verify required)
Political Science,Political Science,,Not Specified,,https://drive.google.com/uc?export=download&id=1mPEHKbni_qzU4OUP4B9d5FetDcA-Qil_,,[S] | Unmatched (manual mapping needed)
Political Science,Political Science,,Not Specified,,https://drive.google.com/uc?export=download&id=1BcDcJKF-BKFj7PBEGj0KMJmWR1fNxV5k,,[S] | Unmatched (manual mapping needed)
Political Science,Political Science,,Not Specified,,https://drive.google.com/uc?export=download&id=1YhWC_yV_mHxTK_Vaot7xhOT81iMLvf8F,,[S] | Unmatched (manual mapping needed)
Political Science,Political Science,,Not Specified,,https://drive.google.com/uc?export=download&id=1iaf5JCmxmrvdSIMUu7xljCYYBi4yvQIL,,[S] | Unmatched (manual mapping needed)
Political Science,Political Science,,Not Specified,,https://drive.google.com/uc?export=download&id=1VlAneNh-6fflbLufK7Ni0QYJ4GNdDHHN,,[S] | Unmatched (manual mapping needed)
Political Science,Political Science,2022,May-June,,https://drive.google.com/uc?export=download&id=1Voa__5YdgRYw4DyG7T53JrkoHmN4814T,,[S] | Unmatched (manual mapping needed)
Political Science,Political Science,2025,May-June,,https://drive.google.com/uc?export=download&id=1mYpzmE738oMOTWoN0QNx4-qayFI5KSPv,,[S] | Unmatched (manual mapping needed)
Political Science,Political Science,2022,Nov-Dec,,https://drive.google.com/uc?export=download&id=1mhYxFcEE1OU_OFAvNZj9caPCjA-RyrGo,,[S] | Unmatched (manual mapping needed)
Political Science,Political Science,2023,May-June,,https://drive.google.com/uc?export=download&id=1nkqwnYEpgm4Eylnk4Xj_Pf1LdcA_hnQz,,[S] | Unmatched (manual mapping needed)
Political Science,Political Science,2023,May-June,,https://drive.google.com/uc?export=download&id=1dTkklvRX0VOp2Ysn0dd1Sb1LLsmuRFXz,,[S] | Unmatched (manual mapping needed)
Political Science,Political Science,2024,May-June,,https://drive.google.com/uc?export=download&id=1_wxF8vl2Zkwjy_SbuljxI2z-MNeEukHq,,[S] | Unmatched (manual mapping needed)
Political Science,Political Science,2024,Nov-Dec,,https://drive.google.com/uc?export=download&id=153ye70afadTs9BnFvc1cM9YVuVLliuzm,,[S] | Unmatched (manual mapping needed)
Political Science,Political Science,2022,Nov-Dec,,https://drive.google.com/uc?export=download&id=1DOVZwCL22FnuYOj9kSmErkcblaNdoXqT,,[S] | Unmatched (manual mapping needed)
Political Science,Political Science,2022,May-June,,https://drive.google.com/uc?export=download&id=1OYWYcroDh3Rnl44BzCrHVoKeD0_9vRht,,[S] | Unmatched (manual mapping needed)
DEPARTMENT OF ENGLISH,Translation Studies,2025,May-June,,https://drive.google.com/uc?export=download&id=1MxebBnK6S3PWYofThvxmq7PgDi47PZn6,,[S] | UPC 12033904 | Exact (Question Bank code match)
DEPARTMENT OF CHEMISTRY,Intellectual Property Rights,2024,Nov-Dec,,https://drive.google.com/uc?export=download&id=1Idr0hoSEYiJ1hgqK7mTxSBfLVNwJhX9L,,[S] | UPC 32173906 | Exact (Question Bank code match)
DEPARTMENT OF CHEMISTRY,Intellectual Property Rights,2024,Nov-Dec,,https://drive.google.com/uc?export=download&id=1Jesbkm5fEMwC9fht2_nH7QdT8vdzn6c-,,[S] | UPC 32173906 | Exact (Question Bank code match)
DEPARTMENT OF GEOGRAPHY,Introduction To Gi Science,2025,May-June,,https://drive.google.com/uc?export=download&id=1Qw-A4ioSHNfspR_a8arCBUhNGJzOiQE8,,[S] | UPC 62293602 | Exact (Question Bank code match)
DEPARTMENT OF CHEMISTRY,It Skills For Chemists,2025,May-June,,https://drive.google.com/uc?export=download&id=1GiKw1E5WVH9_4GcO5gYmwu1gpK_tb77V,,[S] | UPC 32173901 | Exact (Question Bank code match)
University-wide Skill Enhancement Course Pool,Reading the Archive,2024,Nov-Dec,,https://drive.google.com/uc?export=download&id=1GVwB1f1AvoToisZ3vG8Rklzipc987s7p,,[S] | UPC 2316000002 | Exact (UPC/syllabus match)
University-wide Skill Enhancement Course Pool,Anuvad Kala,2025,May-June,,https://drive.google.com/uc?export=download&id=1dXfiaJnq2XJjulMpLW0JEfuO3zzmTCH9,,[S] | UPC 2126000001 | Exact (UPC/syllabus match)
University-wide Skill Enhancement Course Pool,Anuvad Kala,2025,May-June,,https://drive.google.com/uc?export=download&id=1pEGZq8xrGKwekr0vq8vYoSARWLsBo1eZ,,[S] | UPC 2126000001 | Exact (UPC/syllabus match)
University-wide Skill Enhancement Course Pool,Anuvad Kala,2024,May-June,,https://drive.google.com/uc?export=download&id=1U5xFWfY7Gnv_YkcYqSXdEsk_XdigPYJn,,[S] | UPC 2126000001 | Exact (UPC/syllabus match)
University-wide Skill Enhancement Course Pool,Business Communication,2025,May-June,,https://drive.google.com/uc?export=download&id=1QFkr09IVJzsC706XRGMa-Iic8zCsLyyP,,[S] | UPC 2416000001 | Exact (UPC/syllabus match)
University-wide Skill Enhancement Course Pool,Business Communication,2025,May-June,,https://drive.google.com/uc?export=download&id=1t5nox-4ADVKmg4tDA0SKSxjKujj-WSaO,,[S] | UPC 2416000001 | Exact (UPC/syllabus match)
University-wide Skill Enhancement Course Pool,Cyber Sphere and Security: Global Concerns,2025,May-June,,https://drive.google.com/uc?export=download&id=189lMUhWglbZtz98H8VUvXjJ56QVwg8m5,,[S] | UPC 3206000001 | Exact (UPC/syllabus match)
University-wide Skill Enhancement Course Pool,Cyber Sphere and Security: Global Concerns,2025,May-June,,https://drive.google.com/uc?export=download&id=1aPw7HvOgYgnHR6oaponyt1VLZ0cm8KoA,,[S] | UPC 3206000001 | Exact (UPC/syllabus match)
University-wide Skill Enhancement Course Pool,Museum and Museology,2025,May-June,,https://drive.google.com/uc?export=download&id=11sBkO0Ox0o5hhA1jQQlXI83sCQqUkMTE,,[S] | UPC 2316000001 | Exact (UPC/syllabus match)
University-wide Skill Enhancement Course Pool,Museum and Museology,2025,May-June,,https://drive.google.com/uc?export=download&id=1FvsRcaZRb7a1HvBYkZ6gKxxMZ3GzbXdU,,[S] | UPC 2316000001 | Exact (UPC/syllabus match)
University-wide Skill Enhancement Course Pool,Museum and Museology,2024,Nov-Dec,,https://drive.google.com/uc?export=download&id=1Wi4V0gEspWrXC9wvT-5QopDbXc_TL0p9,,[S] | UPC 2316000001 | Exact (UPC/syllabus match)
University-wide Skill Enhancement Course Pool,Museum and Museology,2024,Nov-Dec,,https://drive.google.com/uc?export=download&id=1dTF5Q5-24J_9M561LamULnMbp74s7FRo,,[S] | UPC 2316000001 | Exact (UPC/syllabus match)
University-wide Skill Enhancement Course Pool,Museum and Museology,2024,May-June,,https://drive.google.com/uc?export=download&id=1OTvl31mpGVFpY4FaZUPV72-lwlqva6nw,,[S] | UPC 2316000001 | Exact (UPC/syllabus match)
University-wide Skill Enhancement Course Pool,Personal Financial Planning,2024,Nov-Dec,,https://drive.google.com/uc?export=download&id=1BhGo-hrGQ2jMDfWyASVaIn_ItgyZ-S31,,[S] | UPC 2416000004 | Exact (UPC/syllabus match)
University-wide Skill Enhancement Course Pool,Personal Financial Planning,2024,Nov-Dec,,https://drive.google.com/uc?export=download&id=1HAXkvyDYsIlIKWq11pPv8IDxO6gcEUxt,,[S] | UPC 2416000004 | Exact (UPC/syllabus match)
University-wide Skill Enhancement Course Pool,Personal Financial Planning,2025,May-June,,https://drive.google.com/uc?export=download&id=1heV25mXpGJ9Go_ZTCnW1iucwJyvhIyNX,,[S] | UPC 2416000004 | Exact (UPC/syllabus match)
University-wide Skill Enhancement Course Pool,Personal Financial Planning,2025,May-June,,https://drive.google.com/uc?export=download&id=1yHY0jOFGhww6Yn9lNtwlAKxIHAgGQJ8g,,[S] | UPC 2416000004 | Exact (UPC/syllabus match)
University-wide Skill Enhancement Course Pool,Personal Financial Planning,2025,May-June,,https://drive.google.com/uc?export=download&id=1SS4lxqBGv6_5NJGY65sCTyNa4EN4x53-,,[S] | UPC 2416000004 | Exact (UPC/syllabus match)
University-wide Skill Enhancement Course Pool,Political Leadership and Communication,2024,Nov-Dec,,https://drive.google.com/uc?export=download&id=1z13PlAVe2ET91IbexqAB7vTTXnqIBi9B,,[S] | UPC 3206000002 | Exact (UPC/syllabus match)
University-wide Skill Enhancement Course Pool,Political Leadership and Communication,2025,May-June,,https://drive.google.com/uc?export=download&id=16hIKyzTxCnZfAidzczmWENHmpvwtDptV,,[S] | UPC 3206000002 | Exact (UPC/syllabus match)
University-wide Skill Enhancement Course Pool,Political Leadership and Communication,2025,May-June,,https://drive.google.com/uc?export=download&id=1uUwbkEC3zloUFPZeVq0AYD-rRTZPGC4D,,[S] | UPC 3206000002 | Exact (UPC/syllabus match)
University-wide Skill Enhancement Course Pool,Reading the Archive,2024,Nov-Dec,,https://drive.google.com/uc?export=download&id=1ekIBJZysSnvnP53z3vajXGFKiNpyPGNh,,[S] | UPC 2316000002 | Exact (UPC/syllabus match)
University-wide Skill Enhancement Course Pool,Essential Food Nutrients,2024,Nov-Dec,,https://drive.google.com/uc?export=download&id=165QZGB9JkBjrF361op7uMsWOPc6TpNJ4,,[S] | UPC 2176000001 | Exact (UPC/syllabus match)
University-wide Skill Enhancement Course Pool,Essential Food Nutrients,2024,Nov-Dec,,https://drive.google.com/uc?export=download&id=1LTX6r0RjwMwBjnJqE3NM9PxqYEdistUt,,[S] | UPC 2176000001 | Exact (UPC/syllabus match)
University-wide Skill Enhancement Course Pool,Essential Food Nutrients,2024,Nov-Dec,,https://drive.google.com/uc?export=download&id=1raFbrY0GRd7cLWniq-ce1b50unDPCPEs,,[S] | UPC 2176000001 | Exact (UPC/syllabus match)
University-wide Skill Enhancement Course Pool,Personality Development and Communication,2025,May-June,,https://drive.google.com/uc?export=download&id=1K8krhmNxS7Y_IVBGydI3WQaWHYKxtyhE,,[S] | UPC 2036000005 | Exact (UPC/syllabus match)
University-wide Skill Enhancement Course Pool,Personality Development and Communication,2025,May-June,,https://drive.google.com/uc?export=download&id=1qjIqjudNiufysb1jqQ6UZe0yYZQ6ITmv,,[S] | UPC 2036000005 | Exact (UPC/syllabus match)
University-wide Skill Enhancement Course Pool,Personality Development and Communication,2024,May-June,,https://drive.google.com/uc?export=download&id=1QVpgxWnlVLdqEuuDTXE2qvcLw5rs7DRT,,[S] | UPC 2036000005 | Exact (UPC/syllabus match)
University-wide Skill Enhancement Course Pool,Srjnatmak Lekhan,2024,Nov-Dec,,https://drive.google.com/uc?export=download&id=1za2nvFKOGoiZYNZhUhjVs2PKz3w3p-V9,,[S] | UPC 2126000002 | Exact (UPC/syllabus match)
University-wide Skill Enhancement Course Pool,Social Media Marketing,2024,Nov-Dec,,https://drive.google.com/uc?export=download&id=1RlX8v_NBij-PMt7gXTnWsqtaKWIN9nk_,,[S] | UPC 2416000005 | Exact (UPC/syllabus match)
University-wide Skill Enhancement Course Pool,Reading the Archive,2025,May-June,,https://drive.google.com/uc?export=download&id=1P9lvQEwrWTytL20zYGcMkJCG78gasvva,,[S] | UPC 2316000002 | Exact (UPC/syllabus match)
University-wide Skill Enhancement Course Pool,Life Skill Education,2025,May-June,,https://drive.google.com/uc?export=download&id=16w6Wp_w2ds3u2y7FK4-ijIbYEXwIa9q-,,[S] | UPC 2336000002 | High (verify recommended)
University-wide Skill Enhancement Course Pool,Finance for Everyone,2025,May-June,,https://drive.google.com/uc?export=download&id=10Jb6O6BniNQ5mwhTbN2r-CbfGeIYzMc3,,[S] | UPC 2416000002 / 2416001002 | High (verify recommended)
University-wide Skill Enhancement Course Pool,Finance for Everyone,2025,May-June,,https://drive.google.com/uc?export=download&id=1asi2WjUTzUa_db8g5L_0tZoqSjVCH9Kh,,[S] | UPC 2416000002 / 2416001002 | High (verify recommended)
University-wide Skill Enhancement Course Pool,Finance for Everyone,2025,May-June,,https://drive.google.com/uc?export=download&id=1bxtcRflnVBkOOsPxDVfYtjv9Y88idt8c,,[S] | UPC 2416000002 / 2416001002 | High (verify recommended)
University-wide Skill Enhancement Course Pool,Finance for Everyone,2024,Nov-Dec,,https://drive.google.com/uc?export=download&id=1NS-5YFoqL3P-5Qm9G3ZQ_PB1EzcOX_1r,,[S] | UPC 2416000002 / 2416001002 | High (verify recommended)
University-wide Skill Enhancement Course Pool,Finance for Everyone,2025,May-June,,https://drive.google.com/uc?export=download&id=1PxKCyREpzFUPApQqUpyvpCimq6P0JBov,,[S] | UPC 2416000002 / 2416001002 | High (verify recommended)
University-wide Skill Enhancement Course Pool,Museum and Museology,2025,May-June,,https://drive.google.com/uc?export=download&id=13cGtc5SUMJ0l-7dXviP88QJ1oSjJZKVi,,[S] | UPC 2316000001 | High (verify recommended)
University-wide Skill Enhancement Course Pool,Museum and Museology,2025,May-June,,https://drive.google.com/uc?export=download&id=11Y3nlO5PzSGlbRvN2ZW6SfVEXspVwOuH,,[S] | UPC 2316000001 | High (verify recommended)
University-wide Skill Enhancement Course Pool,Museum and Museology,2025,May-June,,https://drive.google.com/uc?export=download&id=1FKZ2SWB62_KKbj8OatZSbq48OKOD6Vee,,[S] | UPC 2316000001 | High (verify recommended)
University-wide Skill Enhancement Course Pool,Personal Financial Planning,2025,May-June,,https://drive.google.com/uc?export=download&id=1ZWFrhdKddj34FAGNhXxfwxUBr-4qlYck,,[S] | UPC 2416000004 | High (verify recommended)
University-wide Skill Enhancement Course Pool,Basic Analytical Techniques,2025,May-June,,https://drive.google.com/uc?export=download&id=18Qzx4ZCplNjrQe4ZSx2GQT0vqMakRshY,,[S] | UPC 2176000005 | Medium (verify required)
SEC,SEC,,Not Specified,,https://drive.google.com/uc?export=download&id=1k8xHrDohvzBiUdXCEB2-I5WU8EY6jqvz,,[S] | Unmatched (manual mapping needed)
SEC,SEC,,Not Specified,,https://drive.google.com/uc?export=download&id=1WKuaMQLen2sRbG21yBNjiujkUKVPAJLU,,[S] | Unmatched (manual mapping needed)
SEC,SEC,,Not Specified,,https://drive.google.com/uc?export=download&id=1J5gcjfedS6bx3mVn37XR7Cok2Le2-UT6,,[S] | Unmatched (manual mapping needed)
SEC,SEC,,Not Specified,,https://drive.google.com/uc?export=download&id=1ThI2Bp8vKEmbJuWWWc5dE_8Hv_tZxOFc,,[S] | Unmatched (manual mapping needed)
SEC,SEC,,Not Specified,,https://drive.google.com/uc?export=download&id=1g-kDE2Itkq9TwdCmSXmQoB8j4xDg5em-,,[S] | Unmatched (manual mapping needed)
SEC,SEC,,Not Specified,,https://drive.google.com/uc?export=download&id=1pnhoy918mNFLUkfys5I2dpqsLwTstrQ2,,[S] | Unmatched (manual mapping needed)
SEC,SEC,2025,May-June,,https://drive.google.com/uc?export=download&id=1BEJzQ4uGwCutviadXC1dxN-rAbkyO51x,,[S] | Unmatched (manual mapping needed)
SEC,SEC,2024,May-June,,https://drive.google.com/uc?export=download&id=1WRoCOeLgbgsj3tlJ5QdntBQITIHP0bJ_,,[S] | Unmatched (manual mapping needed)
SEC,SEC,2025,May-June,,https://drive.google.com/uc?export=download&id=1NWlnpSYZjjgWfj6V__ktEDlhnPUcdeOL,,[S] | Unmatched (manual mapping needed)
DEPARTMENT OF SANSKRIT,Sanskrit B: Introductory Upanishad And Geeta,2025,May-June,,https://drive.google.com/uc?export=download&id=1FygkYPKsI3bz6ATOqPNiCV2hnljkRxPB,,[S] | UPC 2131002002 | Exact (Question Bank code match)
DEPARTMENT OF SANSKRIT,Acting And Script Writing,2022,Nov-Dec,,https://drive.google.com/uc?export=download&id=16l1hpI4Xtu-TPp6njF2i3SVTjHXR1jiq,,[S] | UPC 12133901 | Exact (Question Bank code match)
DEPARTMENT OF SANSKRIT,Acting And Script Writing,2023,Nov-Dec,,https://drive.google.com/uc?export=download&id=1NAClFtUqb08dDiKOBkoQkXGNFrS5RiT3,,[S] | UPC 12133901 | Exact (Question Bank code match)
DEPARTMENT OF SANSKRIT,Indian Ontology And Epistemology,2024,May-June,,https://drive.google.com/uc?export=download&id=1d3CfWz3u_8udJhHCXZZC-KeKhSSgh6sv,,[S] | UPC 12131601 | Exact (Question Bank code match)
DEPARTMENT OF SANSKRIT,Indian Ontology And Epistemology,2023,May-June,,https://drive.google.com/uc?export=download&id=1lu2I8DjMmjrzK1WxiWdPpKY93EQJfZgk,,[S] | UPC 12131601 | Exact (Question Bank code match)
DEPARTMENT OF SANSKRIT,Indian Ontology And Epistemology,2022,May-June,,https://drive.google.com/uc?export=download&id=1wF6_Jyf9dmIMyPAc2p5BEN_EZhuMiuA3,,[S] | UPC 12131601 | Exact (Question Bank code match)
DEPARTMENT OF SANSKRIT,Indian Ontology And Epistemology,2025,May-June,,https://drive.google.com/uc?export=download&id=1eQWgI5ULPjDnGuvj1HTfytQYO-L1Urlu,,[S] | UPC 12131601 | Exact (Question Bank code match)
DEPARTMENT OF SANSKRIT,"Individual, Familly And Community In Indian Social Thought",2022,May-June,,https://drive.google.com/uc?export=download&id=1zLo6j-plD1waUvNEVjeJpLGQ3OmEW_Cx,,[S] | UPC 12135910 | Exact (Question Bank code match)
DEPARTMENT OF SANSKRIT,Reading Skills In Brahmi Scripts,2023,May-June,,https://drive.google.com/uc?export=download&id=1hYsyE5MpbfDzgFT1rAq8t7oWNL091YsM,,[S] | UPC 12133902 | Exact (Question Bank code match)
DEPARTMENT OF SANSKRIT,Theatre And Dramaturgy,2024,May-June,,https://drive.google.com/uc?export=download&id=1qMAVKOreViNhBmZWgpz4uSzPLsDKSMdh,,[S] | UPC 12137903 | Exact (Question Bank code match)
DEPARTMENT OF SANSKRIT,Theatre And Dramaturgy,2023,May-June,,https://drive.google.com/uc?export=download&id=1c6ol0YGnFGaGKZ623pCaeGTlGUZUqwOt,,[S] | UPC 12137903 | Exact (Question Bank code match)
DEPARTMENT OF SANSKRIT,Theatre And Dramaturgy,2022,May-June,,https://drive.google.com/uc?export=download&id=1vflTjNudqFZYdJOG8kzYdilbsbHe00ul,,[S] | UPC 12137903 | Exact (Question Bank code match)
DEPARTMENT OF SANSKRIT,Theatre And Dramaturgy,2025,May-June,,https://drive.google.com/uc?export=download&id=1Au8cCinCl7dkIizlI3E-X8J97ach0djJ,,[S] | UPC 12137903 | Exact (Question Bank code match)
DEPARTMENT OF SANSKRIT,Theatre And Dramaturgy,2025,May-June,,https://drive.google.com/uc?export=download&id=1xndLJWfNrw1fVnpFB7Unt-YdXAHVQoGK,,[S] | UPC 12137903 | Exact (Question Bank code match)
DEPARTMENT OF SANSKRIT,Classical Sanskrit Literature (Prose),2023,May-June,,https://drive.google.com/uc?export=download&id=1DHPUzYfmjuFuFvy8Sn73NloRSLOdninH,,[S] | UPC 12131201 | Exact (Question Bank code match)
University-wide Ability Enhancement Course Pool,Course C: (Introductory) Culture and Society,2024,Nov-Dec,,https://drive.google.com/uc?export=download&id=1yh8MNxmQiqEN3U_Jn0NtoyVwVZS3ouQW,,[S] | UPC 2131002006 | Exact (UPC/syllabus match)
BA (Hons) Sanskrit,Classical Sanskrit Literature (Prose),2024,May-June,,https://drive.google.com/uc?export=download&id=1J7AoMWAOQ-nBbEcCVZypkCquyErwR9hh,,[S] | UPC 2132101201 | Exact (UPC/syllabus match)
BA (Hons) Sanskrit,Indian Aesthetics,2023,May-June,,https://drive.google.com/uc?export=download&id=1bKxPooxwdR75Pj5T8gtcb674VkxboZq5,,[S] | UPC 2135001003 | Exact (UPC/syllabus match)
University-wide Ability Enhancement Course Pool,Sanskrit A: Advance Neeti Literature in Sanskrit,2023,Nov-Dec,,https://drive.google.com/uc?export=download&id=101Dq6gE1sbrxcvPL19xtItgvSvdXfUiX,,[S] | UPC 2131001001 | Exact (UPC/syllabus match)
University-wide Ability Enhancement Course Pool,Sanskrit A: Advance Neeti Literature in Sanskrit,2022,Nov-Dec,,https://drive.google.com/uc?export=download&id=1S60fMx19FM7gla-r-ZYKBB6G45X2vUAz,,[S] | UPC 2131001001 | Exact (UPC/syllabus match)
BA (Hons) Sanskrit,Applied Sanskrit,2023,Nov-Dec,,https://drive.google.com/uc?export=download&id=1y0oxwzU6_GJ_12xiO3qOHFUEppPqi-s3,,[S] | UPC 2132101101 | Exact (UPC/syllabus match)
BA (Hons) Sanskrit,Applied Sanskrit,2024,Nov-Dec,,https://drive.google.com/uc?export=download&id=140G4zkZWEWzpOQaTVX7Q9Y81Oqaj1h7l,,[S] | UPC 2132101101 | Exact (UPC/syllabus match)
BA (Hons) Sanskrit,Basic Sanskrit,2025,May-June,,https://drive.google.com/uc?export=download&id=1kDg5_897eRztsFD1dKYnHQdvFgZadwsY,,[S] | UPC 2135001002 | Exact (UPC/syllabus match)
BA (Hons) Sanskrit,Basic Skills for Research Paper and Dissertation Writing,2025,May-June,,https://drive.google.com/uc?export=download&id=1lbVpFpBUsJKEp_SwpsvMy6DQDiXl03X7,,[S] | UPC 2133100015 | Exact (UPC/syllabus match)
BA (Hons) Sanskrit,Basic Principles of Ayurveda,2024,Nov-Dec,,https://drive.google.com/uc?export=download&id=1OD019dVTGAK-aIDDhqYGl0a3x9npUQhH,,[S] | UPC 2135001001 | Exact (UPC/syllabus match)
BA (Hons) Sanskrit,Classical Sanskrit Literature (Prose),2023,May-June,,https://drive.google.com/uc?export=download&id=1oZKLveZlJI_9r1wsk9UaTOyDp_JsciBd,,[S] | UPC 2132101201 | Exact (UPC/syllabus match)
BA (Hons) Sanskrit,Classical Sanskrit Poetry,2023,Nov-Dec,,https://drive.google.com/uc?export=download&id=1kToPoO_q78g9Ki6ieA4FYiD33sdkBnzq,,[S] | UPC 2132101102 | Exact (UPC/syllabus match)
BA (Hons) Sanskrit,Classical Sanskrit Poetry,2024,Nov-Dec,,https://drive.google.com/uc?export=download&id=1M1kL0RzmTNqHrB968vr0Jezvn_wGJZP1,,[S] | UPC 2132101102 | Exact (UPC/syllabus match)
BA (Hons) Sanskrit,Classical Sanskrit Poetry,2022,Nov-Dec,,https://drive.google.com/uc?export=download&id=1TM1V1tS9k9IStI31WJGbxlaWGf4mqwF7,,[S] | UPC 2132101102 | Exact (UPC/syllabus match)
University-wide Ability Enhancement Course Pool,Course C: (Introductory) Culture and Society,2023,Nov-Dec,,https://drive.google.com/uc?export=download&id=1xYWjCRtQaUqNf2avfsxPsXIrMSwbxsSA,,[S] | UPC 2131002006 | Exact (UPC/syllabus match)
University-wide Ability Enhancement Course Pool,Course C: (Introductory) Culture and Society,2023,Nov-Dec,,https://drive.google.com/uc?export=download&id=1DXut9Uj9ABl-GS33tY9Mq-nDjI-RQSpI,,[S] | UPC 2131002006 | Exact (UPC/syllabus match)
BA (Hons) Sanskrit,Critical Survey of Śāstric Literature,2025,May-June,,https://drive.google.com/uc?export=download&id=1hWTzZ155w6lX3lqpclisgzUH9AZ1FrDI,,[S] | UPC 2132101203 | Exact (UPC/syllabus match)
BA (Hons) Sanskrit,Critical Survey of Śāstric Literature,2023,May-June,,https://drive.google.com/uc?export=download&id=18-CcPnI9Mu2jKy12XOkj6rWQ_UwL4iWT,,[S] | UPC 2132101203 | Exact (UPC/syllabus match)
BA (Hons) Sanskrit,Critical Survey of Śāstric Literature,2024,May-June,,https://drive.google.com/uc?export=download&id=14IMP_-4d-8bjYFOYST2eBbD1oj7oDOyl,,[S] | UPC 2132101203 | Exact (UPC/syllabus match)
University-wide Ability Enhancement Course Pool,Sanskrit B: Introductory Upanishad and Geeta,2025,May-June,,https://drive.google.com/uc?export=download&id=1wK38WR5jiwhAkRneCeb1YHlEfSlxw3DL,,[S] | UPC 2131001002 | Exact (UPC/syllabus match)
BA (Hons) Sanskrit,Indian Epigraphy I,2023,Nov-Dec,,https://drive.google.com/uc?export=download&id=1yhXu0YxDaB05G595FxHIodTiQ3tR_H-j,,[S] | UPC 2132102303 | Exact (UPC/syllabus match)
BA (Hons) Sanskrit,Indian Epigraphy II,2024,May-June,,https://drive.google.com/uc?export=download&id=1vNrgaCkl1RtagmfGBSScm7cycMz2uH3R,,[S] | UPC 2132102403 | Exact (UPC/syllabus match)
BA (Hons) Sanskrit,Indian Epigraphy II,2025,May-June,,https://drive.google.com/uc?export=download&id=1gfOcJiCARsMvoqibh4LE0GxWCrp_ZRbi,,[S] | UPC 2132102403 | Exact (UPC/syllabus match)
BA (Hons) Sanskrit,Indian Social Institutions and Polity,2023,Nov-Dec,,https://drive.google.com/uc?export=download&id=1SKPQz2yhBdSW-5BMDrO_Diqe4WimE0Xk,,[S] | UPC 2132101103 | Exact (UPC/syllabus match)
University-wide Ability Enhancement Course Pool,Course B: Intermediate Administrative Structure in Kauṭilya’s Arthaśāstra,2024,Nov-Dec,,https://drive.google.com/uc?export=download&id=1MRYHRA-2HfzIkX7Ih5OioPJCYqmmMQZH,,[S] | UPC 2131002005 | Exact (UPC/syllabus match)
BA (Hons) Sanskrit,Introduction to Sanskrit Poetics,2024,Nov-Dec,,https://drive.google.com/uc?export=download&id=1Wqr2Tmz2MA1Saj2Evil6aNPdk4lHFGG4,,[S] | UPC 2133100010 | Exact (UPC/syllabus match)
University-wide Ability Enhancement Course Pool,Sanskrit B: Introductory Upanishad and Geeta,2024,Nov-Dec,,https://drive.google.com/uc?export=download&id=1vQUEV9YcZwrYkG75PQrSISikGiJ-QSFh,,[S] | UPC 2131001002 | Exact (UPC/syllabus match)
University-wide Ability Enhancement Course Pool,Sanskrit B: Introductory Upanishad and Geeta,2024,May-June,,https://drive.google.com/uc?export=download&id=1SjTvesIIuPMbLIRwgB1WJQa7FcJ3XuuI,,[S] | UPC 2131001002 | Exact (UPC/syllabus match)
University-wide Ability Enhancement Course Pool,Sanskrit B: Introductory Upanishad and Geeta,2023,May-June,,https://drive.google.com/uc?export=download&id=18sqfF5UBA-KF6t1ppPyrnC_0SBMjNvO1,,[S] | UPC 2131001002 | Exact (UPC/syllabus match)
University-wide Ability Enhancement Course Pool,Sanskrit B: Introductory Upanishad and Geeta,2023,May-June,,https://drive.google.com/uc?export=download&id=1xEvzCoAoDoBDf4ULcAnPkagBMZ3AkTzX,,[S] | UPC 2131001002 | Exact (UPC/syllabus match)
University-wide Ability Enhancement Course Pool,Sanskrit B: Introductory Upanishad and Geeta,2022,Nov-Dec,,https://drive.google.com/uc?export=download&id=10DM6Z7qjhx_taxXHtMrEV6aYtza9IkmV,,[S] | UPC 2131001002 | Exact (UPC/syllabus match)
University-wide Ability Enhancement Course Pool,Sanskrit B: Introductory Upanishad and Geeta,2022,Nov-Dec,,https://drive.google.com/uc?export=download&id=1777V8P7_45R-YEjEc4HolJoomlkcdC9G,,[S] | UPC 2131001002 | Exact (UPC/syllabus match)
BA (Hons) Sanskrit,Modern Sanskrit Literature,2025,May-June,,https://drive.google.com/uc?export=download&id=1GXr_bsFyUp3EG3i3jEfJv2brjWz6-h0J,,[S] | UPC 2132102401 | Exact (UPC/syllabus match)
BA (Hons) Sanskrit,Modern Sanskrit Literature,2024,May-June,,https://drive.google.com/uc?export=download&id=13io-D3EK0QiB-Cve2_fNyR4d-FomFje4,,[S] | UPC 2132102401 | Exact (UPC/syllabus match)
BA (Hons) Sanskrit,Poetics and Literary Criticism,2025,May-June,,https://drive.google.com/uc?export=download&id=1e3ZLjnMyokMC7KrOTJ07XJi5Af6akMW7,,[S] | UPC 2132103603 | Exact (UPC/syllabus match)
BA (Hons) Sanskrit,Sanskrit Composition and Communication,2025,May-June,,https://drive.google.com/uc?export=download&id=1MU9ESeDz2W1R9NtE6Fat7aG2cFCO4jjI,,[S] | UPC 2132103602 | Exact (UPC/syllabus match)
University-wide Ability Enhancement Course Pool,Sanskrit C: Introduction to Sanskrit Language,2025,May-June,,https://drive.google.com/uc?export=download&id=1DANuiSXufEJbunmfBy17N2D2zhXnfMAP,,[S] | UPC 2131001003 | Exact (UPC/syllabus match)
University-wide Ability Enhancement Course Pool,Course C: (Introductory) Culture and Society,2024,May-June,,https://drive.google.com/uc?export=download&id=1rE68Gd3D4hG_X7Zj1mCnsvUH4uJ1JhCD,,[S] | UPC 2131002006 | Exact (UPC/syllabus match)
University-wide Ability Enhancement Course Pool,Sanskrit C: Introduction to Sanskrit Language,2024,May-June,,https://drive.google.com/uc?export=download&id=1Ezkmuylf30OQjRWC3L-vHANOhzrJXuBX,,[S] | UPC 2131001003 | Exact (UPC/syllabus match)
University-wide Ability Enhancement Course Pool,Sanskrit C: Introduction to Sanskrit Language,2023,May-June,,https://drive.google.com/uc?export=download&id=1IxnqOGEYjclbYspj3kWtX8BwGARLjMSh,,[S] | UPC 2131001003 | Exact (UPC/syllabus match)
BA (Hons) Sanskrit,Sanskrit Epics,2024,May-June,,https://drive.google.com/uc?export=download&id=1LmipdBFQLgzfxuTZlu_ZVeGInscTn2Q7,,[S] | UPC 2132101202 | Exact (UPC/syllabus match)
BA (Hons) Sanskrit,Sanskrit Linguistics,2023,Nov-Dec,,https://drive.google.com/uc?export=download&id=1W8uvpN2VvgyDChC6QupKhzuVsASJ-yal,,[S] | UPC 2132102302 | Exact (UPC/syllabus match)
BA (Hons) Sanskrit,Sanskrit Narratology,2024,May-June,,https://drive.google.com/uc?export=download&id=1OQB1TsIaHJvU5uuFYzGt6RIlXSVIkAvU,,[S] | UPC 2135001004 | Exact (UPC/syllabus match)
B.A. (Prog.) Sanskrit (MAJOR) ; B.A. (Prog.) Sanskrit (MINOR),Sanskrit Theatre,2024,Nov-Dec,,https://drive.google.com/uc?export=download&id=1EI5eBuK3BXttH-lnhzwK5kJY075iO59_,,[S] | UPC 2132202301 | Exact (UPC/syllabus match)
BA (Hons) Sanskrit,Sanskrit and World Literature,2024,May-June,,https://drive.google.com/uc?export=download&id=17_OLfswh6f5GAhoTw5I9xQP-UDEhxQCF,,[S] | UPC 2132102402 | Exact (UPC/syllabus match)
BA (Hons) Sanskrit,Sanskrit and World Literature,2025,May-June,,https://drive.google.com/uc?export=download&id=1IPRWg4Goa0_5g1mRyyr2jf-jUZalgpil,,[S] | UPC 2132102402 | Exact (UPC/syllabus match)
BA (Hons) Sanskrit,Indian Social Institutions and Polity,2022,Nov-Dec,,https://drive.google.com/uc?export=download&id=1o9auJokB58VCLFR71AMY1NHzBLZhxdc5,,[S] | UPC 2132101103 | Exact (UPC/syllabus match)
BA (Hons) Sanskrit,Tools and Techniques for Computing Sanskrit Language,2023,Nov-Dec,,https://drive.google.com/uc?export=download&id=1zgDsuBzvJPZY4kknpNBcEHMXwTVlte-T,,[S] | UPC 2135001005 | Exact (UPC/syllabus match)
BA (Hons) Sanskrit,Classical Sanskrit Literature (Prose),2025,May-June,,https://drive.google.com/uc?export=download&id=18Tp_llWvaChbiht05yx5HhzNaVtx2r61,,[S] | UPC 2132101201 | Exact (UPC/syllabus match)
BA (Hons) Sanskrit,Classical Sanskrit Literature (Prose),2025,May-June,,https://drive.google.com/uc?export=download&id=1KUfZda9PvQHUhslCelqdY-tQip5p9Qqu,,[S] | UPC 2132101201 | Exact (UPC/syllabus match)
BA (Hons) Sanskrit,Sanskrit Epics,2025,May-June,,https://drive.google.com/uc?export=download&id=1eRfOCprHyZ1NSa5KHVd0Tz1Nwq-on_D_,,[S] | UPC 2132101202 | Exact (UPC/syllabus match)
University-wide Ability Enhancement Course Pool,Course B: Intermediate Administrative Structure in Kauṭilya’s Arthaśāstra,2024,May-June,,https://drive.google.com/uc?export=download&id=1n5jlCUsq_GV5jjsIGFPQzgu6sP79wicx,,[S] | UPC 2131002005 | Exact (UPC/syllabus match)
BA (Hons) Sanskrit,Veda and Upanishad,2024,Nov-Dec,,https://drive.google.com/uc?export=download&id=1YfoiUBmdnLMPTRpixVf0d7O0laqY8-P8,,[S] | UPC 2132103501 | Exact (UPC/syllabus match)
BA (Hons) Sanskrit,Vedic Samhita and Grammar,2025,May-June,,https://drive.google.com/uc?export=download&id=1jKzsbKh5rFyXMlI4l4FXoXLOFv5Yj83j,,[S] | UPC 2132103601 | Exact (UPC/syllabus match)
University-wide Ability Enhancement Course Pool,Course A: Advance Ancient Indian Economy,2024,Nov-Dec,,https://drive.google.com/uc?export=download&id=1ieEf1uTBryNZJyl6IZWS-CU8TW6Qqq4s,,[S] | UPC 2131002004 | Exact (UPC/syllabus match)
BA (Hons) Sanskrit,Art of Balanced Living,2022,Nov-Dec,,https://drive.google.com/uc?export=download&id=1gl4dhnV3giKUsJnjedbLDgrS5dU8S46u,,[S] | UPC 2133102006 | High (verify recommended)
BA (Hons) Sanskrit,Applied Sanskrit,2022,Nov-Dec,,https://drive.google.com/uc?export=download&id=1UjnAQFXDL_Vuio5M_1aeWyBGuLYyAUAh,,[S] | UPC 2132101101 | High (verify recommended)
BA (Hons) Sanskrit,Classical Sanskrit Literature (Prose),2022,May-June,,https://drive.google.com/uc?export=download&id=103hF3vp--zyYtUD7R1owQ22XuSk6tvYI,,[S] | UPC 2132101201 | High (verify recommended)
BA (Hons) Sanskrit,Classical Sanskrit Literature (Prose),2024,Nov-Dec,,https://drive.google.com/uc?export=download&id=12JRrzru7IT1rEc91u-IqoLv50BJLbG1u,,[S] | UPC 2132101201 | High (verify recommended)
BA (Hons) Sanskrit,Classical Sanskrit Literature (Prose),2024,May-June,,https://drive.google.com/uc?export=download&id=1Or5oOk0_7B8AC-Q6M5dgMQW3E3_BOfn9,,[S] | UPC 2132101201 | High (verify recommended)
BA (Hons) Sanskrit,Classical Sanskrit Literature (Prose),2023,Nov-Dec,,https://drive.google.com/uc?export=download&id=1nfS7g01-8_8yJUU9ryljQfNT1zJforiw,,[S] | UPC 2132101201 | High (verify recommended)
BA (Hons) Sanskrit,Classical Sanskrit Literature (Prose),2022,Nov-Dec,,https://drive.google.com/uc?export=download&id=1iDPV97DcOiQQKK7HvXdwRpXfGlXcbFxa,,[S] | UPC 2132101201 | High (verify recommended)
BA (Hons) Sanskrit,Classical Sanskrit Literature (Prose),2025,May-June,,https://drive.google.com/uc?export=download&id=1x3_HigvnEZ2uKk9JGyPzRyASpkzgM8fk,,[S] | UPC 2132101201 | High (verify recommended)
BA (Hons) Sanskrit,Fundamentals of Ayurveda,2023,Nov-Dec,,https://drive.google.com/uc?export=download&id=1hl1QwsgiAisZ_5GrGazdQdlpzN8vamZM,,[S] | UPC 2133102002 | High (verify recommended)
BA (Hons) Sanskrit,Fundamentals of Ayurveda,2022,Nov-Dec,,https://drive.google.com/uc?export=download&id=14ov2jAOBc3Jl5hg2-GninCbu9p78W9Fd,,[S] | UPC 2133102002 | High (verify recommended)
B.A. (Prog.) Sanskrit (MAJOR),Indian Epigraphy & Paleography,2024,May-June,,https://drive.google.com/uc?export=download&id=1UVJRKqcoomnKCkGO1tm_ueWHsEODPALV,,[S] | UPC 2132203501 | High (verify recommended)
B.A. (Prog.) Sanskrit (MAJOR),Indian Epigraphy & Paleography,2023,May-June,,https://drive.google.com/uc?export=download&id=1np1rZTSwkaJ12PFzuI5f07JqrwuxjMAi,,[S] | UPC 2132203501 | High (verify recommended)
BA (Hons) Sanskrit,Indian Social Institutions and Polity,2024,Nov-Dec,,https://drive.google.com/uc?export=download&id=1Iz29us0-E3RSYqZ9gwuF-AC8FXbzEBfu,,[S] | UPC 2132101103 | High (verify recommended)
BA (Hons) Sanskrit,Modern Sanskrit Literature,2024,May-June,,https://drive.google.com/uc?export=download&id=1Nq7sEFyGTOAWCX0IDL8VZXyainNto9O0,,[S] | UPC 2132102401 | High (verify recommended)
BA (Hons) Sanskrit,Modern Sanskrit Literature,2022,May-June,,https://drive.google.com/uc?export=download&id=1zlSnnYyHNVt2y85mceI7bF5ycfqBRCsp,,[S] | UPC 2132102401 | High (verify recommended)
BA (Hons) Sanskrit,Modern Sanskrit Literature,2023,May-June,,https://drive.google.com/uc?export=download&id=19TAZDQ0DnWsajDn4soxzn3ErcqChg6qu,,[S] | UPC 2132102401 | High (verify recommended)
BA (Hons) Sanskrit,Modern Sanskrit Literature,2025,May-June,,https://drive.google.com/uc?export=download&id=1MSuGMn8vBptzlOaye9rM6KqCSVdc42O4,,[S] | UPC 2132102401 | High (verify recommended)
BA (Hons) Sanskrit,Poetics and Literary Criticism,2023,Nov-Dec,,https://drive.google.com/uc?export=download&id=1lWgelGp9yYPfFiE_w0QV3r1gZmnqO-um,,[S] | UPC 2132103603 | High (verify recommended)
BA (Hons) Sanskrit,Sanskrit Epics,2023,May-June,,https://drive.google.com/uc?export=download&id=1GrnLo4KTERbGnXFoulljcOhAayyKpNPo,,[S] | UPC 2132101202 | High (verify recommended)
B.A. (Prog.) Sanskrit (MAJOR),Sanskrit Grammar,2024,Nov-Dec,,https://drive.google.com/uc?export=download&id=1cgP1qLCvBZEoACALTMSlNTRCXMnL9R6n,,[S] | UPC 2132201101 | High (verify recommended)
B.A. (Prog.) Sanskrit (MAJOR),Sanskrit Grammar,2022,Nov-Dec,,https://drive.google.com/uc?export=download&id=1BUarc2TNrVXQcRqog2zQvKIFxRK9aWcH,,[S] | UPC 2132201101 | High (verify recommended)
B.A. (Prog.) Sanskrit (MAJOR),Sanskrit Grammar,2022,Nov-Dec,,https://drive.google.com/uc?export=download&id=1kxf1uBryOthpLDB3DmiPc8m9Wlg4txdA,,[S] | UPC 2132201101 | High (verify recommended)
B.A. (Prog.) Sanskrit (MAJOR),Sanskrit Grammar,2023,Nov-Dec,,https://drive.google.com/uc?export=download&id=1YwwZWoohmfOLeUG5raBQOCfNjCWp-457,,[S] | UPC 2132201101 | High (verify recommended)
BA (Hons) Sanskrit,Sanskrit Linguistics,2024,May-June,,https://drive.google.com/uc?export=download&id=1r22W7WArrP9H6-RAm9SFLLKFMzxoxAek,,[S] | UPC 2132102302 | High (verify recommended)
BA (Hons) Sanskrit,Sanskrit Linguistics,2023,May-June,,https://drive.google.com/uc?export=download&id=1xsWhQhRWRTGYbcowE9iTPqay58wr1jeu,,[S] | UPC 2132102302 | High (verify recommended)
BA (Hons) Sanskrit,Sanskrit Linguistics,2022,May-June,,https://drive.google.com/uc?export=download&id=1G4n7nukMpi1-WT0mKsDyluMMXApVJUw5,,[S] | UPC 2132102302 | High (verify recommended)
BA (Hons) Sanskrit,Sanskrit and World Literature,2024,May-June,,https://drive.google.com/uc?export=download&id=1wItj9LZS_N2B4IwaFrfWhGh9Ntb4RnTH,,[S] | UPC 2132102402 | High (verify recommended)
BA (Hons) Sanskrit,Sanskrit and World Literature,2023,May-June,,https://drive.google.com/uc?export=download&id=1TR3bPeW9UIRPHJZh5j8qiN5C_dPuSad0,,[S] | UPC 2132102402 | High (verify recommended)
BA (Hons) Sanskrit,Art of Balanced Living,2023,Nov-Dec,,https://drive.google.com/uc?export=download&id=131gNyKT1Z3-Xbaub9KcL9-dWFGa6SpIM,,[S] | UPC 2133102006 | High (verify recommended)
BA (Hons) Sanskrit,Sanskrit and World Literature,2022,May-June,,https://drive.google.com/uc?export=download&id=18jRHQdF_41wt_9e1Sc9olA5D-RXFlx5q,,[S] | UPC 2132102402 | High (verify recommended)
BA (Hons) Sanskrit,Modern Sanskrit Literature,2025,May-June,,https://drive.google.com/uc?export=download&id=1MvaBxqZINf3lPaVjbe0eaVzKSKReKgtW,,[S] | UPC 2132102401 | Medium (verify required)
BA (Hons) Sanskrit,Critical Survey of Śāstric Literature,2023,Nov-Dec,,https://drive.google.com/uc?export=download&id=1vQHWujBMvJql5X2lJ9co6XZTx8lmQdPM,,[S] | UPC 2132101203 | Medium (verify required)
B.A. (Prog.) Sanskrit (MAJOR),Indian Culture and Social Issues,2022,Nov-Dec,,https://drive.google.com/uc?export=download&id=1_zbhSCg_6lhz5YrhwyMskzZsNUHx-mw4,,[S] | UPC 2133200014 | Medium (verify required)
BA (Hons) Sanskrit,Indian Social Institutions and Polity,2023,Nov-Dec,,https://drive.google.com/uc?export=download&id=16Ta7azWbStnnI9engZBNjC8-JfvRqXmc,,[S] | UPC 2132101103 | Medium (verify required)
BA (Hons) Sanskrit,Indian Social Institutions and Polity,2022,Nov-Dec,,https://drive.google.com/uc?export=download&id=1WjPI0c2Gsab0rzaVNH3WXjm1twhtOjP8,,[S] | UPC 2132101103 | Medium (verify required)
BA (Hons) Sanskrit,Poetics and Literary Criticism,2022,Nov-Dec,,https://drive.google.com/uc?export=download&id=1yderKj0JYmpF0CfVtyHRLKjtJYQ0-5x-,,[S] | UPC 2132103603 | Medium (verify required)
BA (Hons) Sanskrit,Sanskrit Narratology,2023,Nov-Dec,,https://drive.google.com/uc?export=download&id=1VMqpcfxmdeMAJh-C66iEQeWlekhQprC6,,[S] | UPC 2135001004 | Medium (verify required)
BA (Hons) Sanskrit,Sanskrit Narratology,2023,Nov-Dec,,https://drive.google.com/uc?export=download&id=10sYX6HdfY5zNsI3_1R-NSgc8ruzLw3jI,,[S] | UPC 2135001004 | Medium (verify required)
BA (Hons) Sanskrit,Introduction to Sanskrit Poetics,2024,May-June,,https://drive.google.com/uc?export=download&id=1liczSY5A08-CJqV2etBkPcHCDqQF6yh1,,[S] | UPC 2133100010 | Medium (verify required)
B.A. (Prog.) Sanskrit (MAJOR),Sanskrit Composition and Translation,2025,May-June,,https://drive.google.com/uc?export=download&id=1zO3whRfe0LP9Xzy1MDhBbr3LyMzeZ20U,,[S] | UPC 2132204801 | Medium (verify required)
B.A. (Prog.) Sanskrit (MAJOR),Sanskrit Composition and Translation,2024,May-June,,https://drive.google.com/uc?export=download&id=1R9fc4P2rDjP0GiIhJEirGhCE5195i7Di,,[S] | UPC 2132204801 | Medium (verify required)
B.A. (Prog.) Sanskrit (MAJOR),Sanskrit Composition and Translation,2023,May-June,,https://drive.google.com/uc?export=download&id=1pQVF7k05XFulrhY_z8JJjCLdmxkj3_TK,,[S] | UPC 2132204801 | Medium (verify required)
B.A. (Prog.) Sanskrit (MAJOR),Sanskrit Composition and Translation,2022,May-June,,https://drive.google.com/uc?export=download&id=1nZRzpfzfDNIIwF3L5fIwESMyWKgdKGnK,,[S] | UPC 2132204801 | Medium (verify required)
BA (Hons) Sanskrit,Management in Sanskrit,2023,May-June,,https://drive.google.com/uc?export=download&id=19ul1Nb4O0ERmicgutUejMo-z4fWrpIhz,,[S] | UPC 2134000026 | Medium (verify required)
BA (Hons) Sanskrit,Introduction to Sanskrit Poetics,2023,Nov-Dec,,https://drive.google.com/uc?export=download&id=1mK-SuBs_68sNwCy0rYKTYuRrj6eiBNOo,,[S] | UPC 2133100010 | Medium (verify required)
Sanskrit,Sanskrit,,Not Specified,,https://drive.google.com/uc?export=download&id=12jXI9DLQOGdpAK4YTY_Axuyd90qVCUhh,,[S] | Unmatched (manual mapping needed)
Sanskrit,Sanskrit,,Not Specified,,https://drive.google.com/uc?export=download&id=1F50wdCHwzsQQlhZei0mXD7ywPc1Kzrxd,,[S] | Unmatched (manual mapping needed)
Sanskrit,Sanskrit,,Not Specified,,https://drive.google.com/uc?export=download&id=1OwFzNeTQXBcvNt4FqmpMajU9Y-am6Ea2,,[S] | Unmatched (manual mapping needed)
Sanskrit,Sanskrit,,Not Specified,,https://drive.google.com/uc?export=download&id=1CE7jfWUs5Rf5BiKIQ5uDhHHRYSgk24Ae,,[S] | Unmatched (manual mapping needed)
Sanskrit,Sanskrit,,Not Specified,,https://drive.google.com/uc?export=download&id=1P9ENZSLh09tJzqBQ_0tpDH5l8Zhu_A8l,,[S] | Unmatched (manual mapping needed)
Sanskrit,Sanskrit,2024,Nov-Dec,,https://drive.google.com/uc?export=download&id=1jdDHf7f94PGj3saruMCrsBV4PNll2SzS,,[S] | Unmatched (manual mapping needed)
Sanskrit,Sanskrit,2024,May-June,,https://drive.google.com/uc?export=download&id=1VKJI7v1aBhysxc4f2VRnm0GnOTCRqutc,,[S] | Unmatched (manual mapping needed)
Sanskrit,Sanskrit,2022,May-June,,https://drive.google.com/uc?export=download&id=1SQo4Gsk7JkBhmS819h6uQ_w1csjjt6uq,,[S] | Unmatched (manual mapping needed)
Sanskrit,Sanskrit,2023,Nov-Dec,,https://drive.google.com/uc?export=download&id=1t1Kpp21m6supf5BUN-NA7tRus0WHbGYa,,[S] | Unmatched (manual mapping needed)
Sanskrit,Sanskrit,2023,Nov-Dec,,https://drive.google.com/uc?export=download&id=1dG6axoJCIHw2mcXgLFHYFFcSpRmStHVC,,[S] | Unmatched (manual mapping needed)
Sanskrit,Sanskrit,2022,Nov-Dec,,https://drive.google.com/uc?export=download&id=1L60NH4Qtf26vveQ-zoTf0nUbaKqZespW,,[S] | Unmatched (manual mapping needed)
DEPARTMENT OF SOCIOLOGY,Methods Of Sociological Inquiry,2023,May-June,,https://drive.google.com/uc?export=download&id=1LwIBK4E6iszSUdwcTHNy2nFgzCDUhEAC,,[S] | UPC 62304401 | Exact (Question Bank code match)
DEPARTMENT OF SOCIOLOGY,Methods Of Sociological Inquiry,2022,May-June,,https://drive.google.com/uc?export=download&id=1GayAnrJv20rjPDdrZmkfdZR2E8wxjXWn,,[S] | UPC 62304401 | Exact (Question Bank code match)
DEPARTMENT OF SOCIOLOGY,Methods Of Sociological Inquiry,2024,May-June,,https://drive.google.com/uc?export=download&id=1hQvMsxMfyBfRC2V9ErB9C4f2yDO82j8n,,[S] | UPC 62304401 | Exact (Question Bank code match)
B. A Program Sociology,An Invitation to Sociology,2022,Nov-Dec,,https://drive.google.com/uc?export=download&id=1sA_eNP3uadrK3fn52l8Uaa1HpRnpqjCE,,[S] | UPC 2302201101 | Exact (UPC/syllabus match)
B. A Program Sociology,An Invitation to Sociology,2024,Nov-Dec,,https://drive.google.com/uc?export=download&id=1FoQ4K1ujgCQ7GbT01dtinelYiEQqZ2eu,,[S] | UPC 2302201101 | Exact (UPC/syllabus match)
B. A Program Sociology,Classical Sociological Thinkers / Classical Sociological Thinkers (Major),2023,Nov-Dec,,https://drive.google.com/uc?export=download&id=1orC_98wdEqn8L46e46S5Zy6AlgDGm1pp,,[S] | UPC 2302202301 | Exact (UPC/syllabus match)
B. A Program Sociology,Classical Sociological Thinkers / Classical Sociological Thinkers (Major),2024,Nov-Dec,,https://drive.google.com/uc?export=download&id=1Q8N9QEY2AnQ7XhN-Bgvj9wJ1Yis6WhIA,,[S] | UPC 2302202301 | Exact (UPC/syllabus match)
B. A Program Sociology,Post Classical Sociological Thinkers,2024,May-June,,https://drive.google.com/uc?export=download&id=1XXQPyuOYkQspJS0m0LSQILxtpkTcl_b3,,[S] | UPC 2302202401 | Exact (UPC/syllabus match)
B. A Program Sociology ; B.A (hons) Socialogy,Research Methodology for Sociology,2025,May-June,,https://drive.google.com/uc?export=download&id=1UV66TlrepdUhJ8kfs0lyza4rQift4WYA,,[S] | UPC 2303100012 | Exact (UPC/syllabus match)
B. A Program Sociology,Classical Sociological Thinkers / Classical Sociological Thinkers (Major),2023,Nov-Dec,,https://drive.google.com/uc?export=download&id=1JbGVgAgQFrNVLroCbYOAHFXbcBvRFenj,,[S] | UPC 2302202301 | Exact (UPC/syllabus match)
B. A Program Sociology,Sociological Research I,2024,Nov-Dec,,https://drive.google.com/uc?export=download&id=1ejAER0xNkK2RSKvaWU-wUuJ2Jl7oheet,,[S] | UPC 2302203501 | Exact (UPC/syllabus match)
B. A Program Sociology,Sociological Research II,2025,May-June,,https://drive.google.com/uc?export=download&id=1KJTuKmjWpf9_5H-pRuxxxCGtXyp7QLm5,,[S] | UPC 2302203601 | Exact (UPC/syllabus match)
B. A Program Sociology,Sociology of India,2024,May-June,,https://drive.google.com/uc?export=download&id=1b8h84QxSuFfvFwXEdagQfOjg3UhaATfn,,[S] | UPC 2302201201 | Exact (UPC/syllabus match)
B. A Program Sociology,Sociology of India,2024,May-June,,https://drive.google.com/uc?export=download&id=1wZOfjjYmiu7rllz7hI87rUf8sFvC6bBy,,[S] | UPC 2302201201 | Exact (UPC/syllabus match)
B.A (hons) Socialogy,Political Sociology,2024,Nov-Dec,,https://drive.google.com/uc?export=download&id=1j0lV2VwUgduaJVxmjHcCqdikvV9-CH6n,,[S] | UPC 2302102302 | High (verify recommended)
B. A Program Sociology,Religion and Society,2023,Nov-Dec,,https://drive.google.com/uc?export=download&id=1lPL-me89zw5vJrBtXae-_hZneSc2BvQS,,[S] | UPC 2302201202 | High (verify recommended)
B. A Program Sociology,Religion and Society,2024,Nov-Dec,,https://drive.google.com/uc?export=download&id=1fotv-kqTH4sLukmQjWuyrV6VJ0HMzMsW,,[S] | UPC 2302201202 | High (verify recommended)
B. A Program Sociology,Religion and Society,2024,Nov-Dec,,https://drive.google.com/uc?export=download&id=1kBuFT-pcvRPljaUrjGV6e6GDwSVTrAD8,,[S] | UPC 2302201202 | High (verify recommended)
B. A Program Sociology,Religion and Society,2022,Nov-Dec,,https://drive.google.com/uc?export=download&id=19V5cjscO3jhtdQTeOh8mOUfSVSxGY3qV,,[S] | UPC 2302201202 | High (verify recommended)
B. A Program Sociology,Religion and Society,2023,Nov-Dec,,https://drive.google.com/uc?export=download&id=14I3AxrYk3yLDTxFh82qS0jPEGuC-tDwU,,[S] | UPC 2302201202 | High (verify recommended)
B.A (hons) Socialogy,Social Stratification,2023,May-June,,https://drive.google.com/uc?export=download&id=1YBcKjFE3F9bQrs_XYTMmp-8CtUIDqF7o,,[S] | UPC 2302101202 | High (verify recommended)
B.A (hons) Socialogy,Social Stratification,2023,May-June,,https://drive.google.com/uc?export=download&id=1ZUMwE7Q6tP7bVawaY9QFBCnvqS8VhKKi,,[S] | UPC 2302101202 | High (verify recommended)
B. A Program Sociology,Sociology of India,2024,May-June,,https://drive.google.com/uc?export=download&id=1tYXuNSnvqjGcPQAlrKgld-MU2w4qrjQm,,[S] | UPC 2302201201 | High (verify recommended)
B. A Program Sociology,Sociology of India,2024,May-June,,https://drive.google.com/uc?export=download&id=1eqnaZSABqfBw0DnvjjnpeiGMpjHjJfsU,,[S] | UPC 2302201201 | High (verify recommended)
B.A (hons) Socialogy,Sociological Thinkers I,2022,Nov-Dec,,https://drive.google.com/uc?export=download&id=1BYGcpljlD-bBIAdm5-mO16N189Eplz0v,,[S] | UPC 2302102401 | Medium (verify required)
B.A (hons) Socialogy,Sociological Thinkers I,2023,Nov-Dec,,https://drive.google.com/uc?export=download&id=18db-5ix-85XL5nKyVo7lqgibU1G-vVyn,,[S] | UPC 2302102401 | Medium (verify required)
B.A (hons) Socialogy,Sociological Thinkers I,2024,Nov-Dec,,https://drive.google.com/uc?export=download&id=12uP5aftj2ZCX6Ps5X4--slJGw_awChwa,,[S] | UPC 2302102401 | Medium (verify required)
B.A (hons) Socialogy,Sociological Thinkers I,2024,Nov-Dec,,https://drive.google.com/uc?export=download&id=1GcbtSPc3xhHWpBbv1XfuPLFHPSIEvdaN,,[S] | UPC 2302102401 | Medium (verify required)
Sociology,Sociology,,Not Specified,,https://drive.google.com/uc?export=download&id=1rxerpmfedYBEc9lFAmsnQ5Z3ZQylA4IV,,[S] | Unmatched (manual mapping needed)
Sociology,Sociology,,Not Specified,,https://drive.google.com/uc?export=download&id=1Yxu_G-_f3IEFutXjG8urTvAbDrxU03ue,,[S] | Unmatched (manual mapping needed)
Sociology,Sociology,,Not Specified,,https://drive.google.com/uc?export=download&id=110D0r1SmPzVxLBRcJsSdQiGqJ-5OfR0Z,,[S] | Unmatched (manual mapping needed)
Sociology,Sociology,,Not Specified,,https://drive.google.com/uc?export=download&id=1_9EqYXnBXvo1YbeqeDCyI1rzBiJ3Tc_9,,[S] | Unmatched (manual mapping needed)
Sociology,Sociology,,Not Specified,,https://drive.google.com/uc?export=download&id=1SFMkuoGG_l4Wt7d_wg5eq6u6fedIkybu,,[S] | Unmatched (manual mapping needed)
Sociology,Sociology,,Not Specified,,https://drive.google.com/uc?export=download&id=1rFc1FDYu9OYNEPifE97OkCob6aCzNhHc,,[S] | Unmatched (manual mapping needed)
Sociology,Sociology,2025,May-June,,https://drive.google.com/uc?export=download&id=1wgKBMBi24IX2I1IB9dnVcQS31AWvUeOq,,[S] | Unmatched (manual mapping needed)
COUNCIL FOR VAC,Sirjnatmak Lekhan Ke Aayam,2024,May-June,,https://drive.google.com/uc?export=download&id=1DTgy9qTWB6aR6jhXqak3TwHiYS9GOr-C,,[S] | UPC 6967000024 | Exact (Question Bank code match)
COUNCIL FOR VAC,Bhartiya Bhakti Parampara Aur Manav Mulya,2023,Nov-Dec,,https://drive.google.com/uc?export=download&id=1eXvlJAHMy7TBWRswb12GlW8qCDVL81CM,,[S] | UPC 6967000022 | Exact (Question Bank code match)
COUNCIL FOR VAC,Bhartiya Bhakti Parampara Aur Manav Mulya,2024,Nov-Dec,,https://drive.google.com/uc?export=download&id=1zXbIOcArsvKGKDsu7HgEZXENURITwh32,,[S] | UPC 6967000022 | Exact (Question Bank code match)
COUNCIL FOR VAC,"Sahitya, Sanskriti Aur Cinema",2024,May-June,,https://drive.google.com/uc?export=download&id=1bSeMq7GuBxdvL7QtWs9p80wAJ2tMcSVp,,[S] | UPC 6967000023 | Exact (Question Bank code match)
COUNCIL FOR VAC,Bhartiya Bhakti Parampara Aur Manav Mulya,2023,Nov-Dec,,https://drive.google.com/uc?export=download&id=1rb5cToz7vWz6J3lxXeFpPSUv-RGeZdd4,,[S] | UPC 6967000022 | Exact (Question Bank code match)
COUNCIL FOR VAC,Constitutional Values And Fundamentalduties,2023,May-June,,https://drive.google.com/uc?export=download&id=1cN5fEiLWEsh-ej2HjaRyAtHSr4CUzij7,,[S] | UPC 6967000002 | Exact (Question Bank code match)
COUNCIL FOR VAC,Constitutional Values And Fundamentalduties,2024,May-June,,https://drive.google.com/uc?export=download&id=1msbJuxAkPkQCB5vgYi-EBUWuKE0qGq4m,,[S] | UPC 6967000002 | Exact (Question Bank code match)
COUNCIL FOR VAC,Constitutional Values And Fundamentalduties,2024,May-June,,https://drive.google.com/uc?export=download&id=1mNODsRY7jCN_qFd26bdLUNrJNySg0HRN,,[S] | UPC 6967000002 | Exact (Question Bank code match)
COUNCIL FOR VAC,Constitutional Values And Fundamentalduties,2024,Nov-Dec,,https://drive.google.com/uc?export=download&id=1kc272mblezhUqo_GZlrcO1Bx8A79iX9l,,[S] | UPC 6967000002 | Exact (Question Bank code match)
COUNCIL FOR VAC,Constitutional Values And Fundamentalduties,2025,May-June,,https://drive.google.com/uc?export=download&id=1eukARzQcl2c_-TD0oc_lz3ez6bPUvI1F,,[S] | UPC 6967000002 | Exact (Question Bank code match)
COUNCIL FOR VAC,Constitutional Values And Fundamentalduties,2025,May-June,,https://drive.google.com/uc?export=download&id=1xpQeSUsxR8EQQO1H5bJCOOH3Lw-AHgyQ,,[S] | UPC 6967000002 | Exact (Question Bank code match)
COUNCIL FOR VAC,Sirjnatmak Lekhan Ke Aayam,2024,May-June,,https://drive.google.com/uc?export=download&id=155MVoyabdiyALYMinp_O5fcIVoyfq-7T,,[S] | UPC 6967000024 | Exact (Question Bank code match)
COUNCIL FOR VAC,Panchkosha: Holistic Development Of Personality,2024,Nov-Dec,,https://drive.google.com/uc?export=download&id=1l17WJCgNGmSDYREcO3UDOJziElIjni6C,,[S] | UPC 6967000013 | Exact (Question Bank code match)
COUNCIL FOR VAC,Ethics And Values In Ancient Indian Traditions,2023,Nov-Dec,,https://drive.google.com/uc?export=download&id=1p-8nlgNi9nsSyaOzTcDDfV2QFX8kzJmG,,[S] | UPC 6967000007 | Exact (Question Bank code match)
COUNCIL FOR VAC,Swachh Bharat,2024,May-June,,https://drive.google.com/uc?export=download&id=17TpKVsKnctDq2oukndDX2dxuDBcUIIt0,,[S] | UPC 6967000018 | Exact (Question Bank code match)
COUNCIL FOR VAC,Reading Indian Fiction In English,2024,Nov-Dec,,https://drive.google.com/uc?export=download&id=18CN1pirH5qxYaatDhvzCZgZ6qCTZAkUK,,[S] | UPC 6967000014 | Exact (Question Bank code match)
COUNCIL FOR VAC,Yoga: Philosophy And Practice,2025,May-June,,https://drive.google.com/uc?export=download&id=1-LQf6gzanF1o1qgFRaWi9JyEpkTIao5J,,[S] | UPC 6967000021 | Exact (Question Bank code match)
COUNCIL FOR VAC,Gandhi And Education,2025,May-June,,https://drive.google.com/uc?export=download&id=13lb3_XahaQ7xdxPzCWFO5YfoqhzwzLvx,,[S] | UPC 6967000010 | Exact (Question Bank code match)
COUNCIL FOR VAC,Vedic Mathematics - Ii,2025,May-June,,https://drive.google.com/uc?export=download&id=142nkb2fCKVtgRECpnUoDCEgwmi3uageV,,[S] | UPC 6967006001 | Exact (Question Bank code match)
COUNCIL FOR VAC,Swachh Bharat,2025,May-June,,https://drive.google.com/uc?export=download&id=1DOtlORp1e_ByYygTST66E3NQg6P52YRB,,[S] | UPC 6967000018 | Exact (Question Bank code match)
COUNCIL FOR VAC,"Sahitya, Sanskriti Aur Cinema",2025,May-June,,https://drive.google.com/uc?export=download&id=1G_Uuy2ztl0Eptc6SJixddOXruJppIzzJ,,[S] | UPC 6967000023 | Exact (Question Bank code match)
COUNCIL FOR VAC,"Sahitya, Sanskriti Aur Cinema",2025,May-June,,https://drive.google.com/uc?export=download&id=1L4kYPvZDpIoevz0tcp2nGdi-UIYKb5fJ,,[S] | UPC 6967000023 | Exact (Question Bank code match)
COUNCIL FOR VAC,National Cadet Corps - Iv,2025,May-June,,https://drive.google.com/uc?export=download&id=1LSNqnw3nEE5wxXFVLrjfHWsDKIyIvApr,,[S] | UPC 6967002401 | Exact (Question Bank code match)
COUNCIL FOR VAC,Constitutional Values And Fundamentalduties,2025,May-June,,https://drive.google.com/uc?export=download&id=1MXEpy_PxXQyGpS8N1C9rNJo1RaqC5Vas,,[S] | UPC 6967000002 | Exact (Question Bank code match)
COUNCIL FOR VAC,Yoga: Philosophy And Practice,2025,May-June,,https://drive.google.com/uc?export=download&id=1PouM4To__0prfjS2il1uJ8u5j5AcCBuV,,[S] | UPC 6967000021 | Exact (Question Bank code match)
COUNCIL FOR VAC,Emotional Intelligence,2025,May-June,,https://drive.google.com/uc?export=download&id=1RMM5Rvqp5uVqpFLf-exUQV1neUqWb1QK,,[S] | UPC 6967000005 | Exact (Question Bank code match)
COUNCIL FOR VAC,Ethics And Culture,2025,May-June,,https://drive.google.com/uc?export=download&id=1SnB5I7cQUhUm0AuWJ2WeC_tJEO5mdE0d,,[S] | UPC 6967000006 | Exact (Question Bank code match)
COUNCIL FOR VAC,Constitutional Values And Fundamentalduties,2025,May-June,,https://drive.google.com/uc?export=download&id=1YZ_45otFAeNgBzOOMOBert4DwsznH2tY,,[S] | UPC 6967000002 | Exact (Question Bank code match)
COUNCIL FOR VAC,Swachh Bharat,2025,May-June,,https://drive.google.com/uc?export=download&id=1YawAVYJgR1A6fYmbVsxlnBfvTdg-sGCP,,[S] | UPC 6967000018 | Exact (Question Bank code match)
COUNCIL FOR VAC,Vedic Mathematics - I,2025,May-June,,https://drive.google.com/uc?export=download&id=1dC9oJtc_uNEWAnl5-bV8oouMOetu01uJ,,[S] | UPC 6967000020 | Exact (Question Bank code match)
COUNCIL FOR VAC,Yoga: Philosophy And Practice,2025,May-June,,https://drive.google.com/uc?export=download&id=1istXj7e9d4jEN1lZlm4G44Aaoy8uz7o6,,[S] | UPC 6967000021 | Exact (Question Bank code match)
COUNCIL FOR VAC,Emotional Intelligence,2025,May-June,,https://drive.google.com/uc?export=download&id=1juDAXCm90XdRc0FJun192-S8e_XoMlWb,,[S] | UPC 6967000005 | Exact (Question Bank code match)
COUNCIL FOR VAC,"Sahitya, Sanskriti Aur Cinema",2025,May-June,,https://drive.google.com/uc?export=download&id=1lz8b6sdceFAew6y83x5i5X-5BVOtu8z6,,[S] | UPC 6967000023 | Exact (Question Bank code match)
COUNCIL FOR VAC,National Cadet Corps - Iv,2025,May-June,,https://drive.google.com/uc?export=download&id=1qPUunjaUBabhPFkeT9mMaCnfvNRHJefB,,[S] | UPC 6967002401 | Exact (Question Bank code match)
COUNCIL FOR VAC,Reading Indian Fiction In English,2025,May-June,,https://drive.google.com/uc?export=download&id=1s7DwVT2wb63Mn-xWyvn9VALZHQcROiUM,,[S] | UPC 6967000014 | Exact (Question Bank code match)
COUNCIL FOR VAC,Ethics And Values In Ancient Indian Traditions,2025,May-June,,https://drive.google.com/uc?export=download&id=1Xl3M0kLBTXKSxKdb03OrI0P8n2GqY7bZ,,[S] | UPC 6967000007 | Exact (Question Bank code match)
COUNCIL FOR VAC,Science And Society,2024,Nov-Dec,,https://drive.google.com/uc?export=download&id=1BbcfqS2K5MfBIhwj5765Hq7-hiJc-Gwg,,[S] | UPC 6967000015 | Exact (Question Bank code match)
COUNCIL FOR VAC,Science And Society,2024,Nov-Dec,,https://drive.google.com/uc?export=download&id=1ykb5fiJZbfGkJqppku3lyOuKEl1-ts64,,[S] | UPC 6967000015 | Exact (Question Bank code match)
COUNCIL FOR VAC,"Sahitya, Sanskriti Aur Cinema",2024,Nov-Dec,,https://drive.google.com/uc?export=download&id=1sCjg_GVBRLUCdRk6QS5fIp7kcCz92aAr,,[S] | UPC 6967000023 | Exact (Question Bank code match)
COUNCIL FOR VAC,Sirjnatmak Lekhan Ke Aayam,2023,May-June,,https://drive.google.com/uc?export=download&id=1RWwyAOIxXZ9OFeB6y0FpRvsbggZCI0xA,,[S] | UPC 6967000024 | Exact (Question Bank code match)
COUNCIL FOR VAC,Bhartiya Bhakti Parampara Aur Manav Mulya,2024,Nov-Dec,,https://drive.google.com/uc?export=download&id=1rylaBhyYSkwRBxyfeG6sOhPSI5Lxkv8d,,[S] | UPC 6967000022 | Exact (Question Bank code match)
COUNCIL FOR VAC,"Sahitya, Sanskriti Aur Cinema",2024,May-June,,https://drive.google.com/uc?export=download&id=1o1O-TvY9Sh20VdRKe6z9JLqtw3COMBmK,,[S] | UPC 6967000023 | Exact (Question Bank code match)
University-wide Value Addition Course Pool,Vedic Mathematics-I,2022,Nov-Dec,,https://drive.google.com/uc?export=download&id=1geGGPTQg40rec44V-xplB-xsM4Lot4-6,,[S] | High (verify recommended)
University-wide Value Addition Course Pool,The Art of Being Happy,2023,Nov-Dec,,https://drive.google.com/uc?export=download&id=1JqvVFF-hqqcw7DANmbZjDA3Q-od8rGr6,,[S] | High (verify recommended)
University-wide Value Addition Course Pool,The Art of Being Happy,2023,Nov-Dec,,https://drive.google.com/uc?export=download&id=1Pdr9oG5LbpNEq1AWeO7wBx_FxpCkqfht,,[S] | High (verify recommended)
University-wide Value Addition Course Pool,The Art of Being Happy,2023,Nov-Dec,,https://drive.google.com/uc?export=download&id=1_X-x2fB52LqKl-EaGEs2Sz10jt5ZXv3j,,[S] | High (verify recommended)
University-wide Value Addition Course Pool,The Art of Being Happy,2024,Nov-Dec,,https://drive.google.com/uc?export=download&id=14vrHikbJqsfRSmnqwaWfrH9uzmnvzurr,,[S] | High (verify recommended)
University-wide Value Addition Course Pool,Ayurveda and Nutrition,2025,May-June,,https://drive.google.com/uc?export=download&id=1fBy-nbdv89vxHJI2_wF0sxyM32QjXAc8,,[S] | High (verify recommended)
University-wide Value Addition Course Pool,Ayurveda and Nutrition,2023,May-June,,https://drive.google.com/uc?export=download&id=10aNT1-mrsScsps3ock2UtP-YjL2VuaRr,,[S] | High (verify recommended)
University-wide Value Addition Course Pool,Ayurveda and Nutrition,2023,May-June,,https://drive.google.com/uc?export=download&id=1MlwyC2oahju8wX5b5Xryj3staW7Gjvjw,,[S] | High (verify recommended)
University-wide Value Addition Course Pool,Ayurveda and Nutrition,2023,Nov-Dec,,https://drive.google.com/uc?export=download&id=1tDSSAmEwXBQk9ASvsQY1Gpux5V1hhxuM,,[S] | High (verify recommended)
University-wide Value Addition Course Pool,Ayurveda and Nutrition,2022,Nov-Dec,,https://drive.google.com/uc?export=download&id=1c5-Q4EY8kW9fNOXR4mUvRSqNn5vFSqZA,,[S] | High (verify recommended)
University-wide Value Addition Course Pool,Ayurveda and Nutrition,2024,May-June,,https://drive.google.com/uc?export=download&id=1RchoEOc0UhSxcJoLcCUs7P0ns_9TT0vS,,[S] | High (verify recommended)
University-wide Value Addition Course Pool,Ayurveda and Nutrition,2024,May-June,,https://drive.google.com/uc?export=download&id=1k7I9c518_0t8Uf-16aextMQRArZ23LPS,,[S] | High (verify recommended)
University-wide Value Addition Course Pool,Ayurveda and Nutrition,2024,Nov-Dec,,https://drive.google.com/uc?export=download&id=1PDxQiOYYpc_bH3k-SC58OPs37m4vZ7Xq,,[S] | High (verify recommended)
University-wide Value Addition Course Pool,Ayurveda and Nutrition,2025,May-June,,https://drive.google.com/uc?export=download&id=1pzwJgW3MPNCPxSw2e_6BaGhMz1B-BXZE,,[S] | High (verify recommended)
University-wide Value Addition Course Pool,Ayurveda and Nutrition,2024,Nov-Dec,,https://drive.google.com/uc?export=download&id=1427Q4nZwnC975bOlhLqxmq-LsPq5o_ds,,[S] | High (verify recommended)
University-wide Value Addition Course Pool,Ayurveda and Nutrition,2025,May-June,,https://drive.google.com/uc?export=download&id=1AVd3marSw4NTXaKTrJOwkA5pdHhfaU_G,,[S] | High (verify recommended)
University-wide Value Addition Course Pool,Culture and Communication,2022,Nov-Dec,,https://drive.google.com/uc?export=download&id=1mM0MHoLDRjg17YNRvKbr_x5xlZF0hrA5,,[S] | High (verify recommended)
University-wide Value Addition Course Pool,Culture and Communication,2024,May-June,,https://drive.google.com/uc?export=download&id=1JF7W9-h-j-RAM2fl84m9gRdmj84bXjjo,,[S] | High (verify recommended)
University-wide Value Addition Course Pool,Culture and Communication,2024,Nov-Dec,,https://drive.google.com/uc?export=download&id=1uyyxx6zBJCIos3vxXDm8P8ifvKiPg2GR,,[S] | High (verify recommended)
University-wide Value Addition Course Pool,Culture and Communication,2024,May-June,,https://drive.google.com/uc?export=download&id=1kYYr9WU-rzwvWgFMq7Zd5DRxAOGVA2Oy,,[S] | High (verify recommended)
University-wide Value Addition Course Pool,Ecology and Literature,2023,May-June,,https://drive.google.com/uc?export=download&id=1I-E84EcJLcikZHtFvvnaDOjTzDwiedLk,,[S] | High (verify recommended)
University-wide Value Addition Course Pool,Ecology and Literature,2024,May-June,,https://drive.google.com/uc?export=download&id=1H68TnCJE4hgjCYP3HJSmJQYZ62cXXKgh,,[S] | High (verify recommended)
University-wide Value Addition Course Pool,Ecology and Literature,2024,May-June,,https://drive.google.com/uc?export=download&id=1SJOvx87kBMyHAv4nrRTI81MjmnSXs9zh,,[S] | High (verify recommended)
University-wide Value Addition Course Pool,Ecology and Literature,2024,May-June,,https://drive.google.com/uc?export=download&id=1SgvhCKO7nXgIDDgWuxHpsNyEO3jkXXSB,,[S] | High (verify recommended)
University-wide Value Addition Course Pool,Ecology and Literature,2025,May-June,,https://drive.google.com/uc?export=download&id=18w8HJZZPXLV1fB13Kc-4vszU3UG6dcd6,,[S] | High (verify recommended)
University-wide Value Addition Course Pool,Emotional Intelligence,2025,May-June,,https://drive.google.com/uc?export=download&id=1XdjHfa9ZzvPjrekUY-Ove5czuIeIzuEH,,[S] | High (verify recommended)
University-wide Value Addition Course Pool,Emotional Intelligence,2023,Nov-Dec,,https://drive.google.com/uc?export=download&id=15Tsm_A8hOESP733X_N6pXQ2xu1Kc1wCi,,[S] | High (verify recommended)
University-wide Value Addition Course Pool,Emotional Intelligence,2023,Nov-Dec,,https://drive.google.com/uc?export=download&id=1VYB6vlyyLNA5zF0_AuKIdPeP1NmQ2Xoq,,[S] | High (verify recommended)
University-wide Value Addition Course Pool,Emotional Intelligence,2023,Nov-Dec,,https://drive.google.com/uc?export=download&id=1bgP8q28eKUqDAXVuQosfrb0K5cLvgA_h,,[S] | High (verify recommended)
University-wide Value Addition Course Pool,Emotional Intelligence,2022,Nov-Dec,,https://drive.google.com/uc?export=download&id=1metT41vu6mvFfmxYnRR5Zo0bq3CNKdrD,,[S] | High (verify recommended)
University-wide Value Addition Course Pool,Emotional Intelligence,2024,May-June,,https://drive.google.com/uc?export=download&id=1dxY4gd7pTdiy2ZgGyUSFpKL1UyBFTuwO,,[S] | High (verify recommended)
University-wide Value Addition Course Pool,Emotional Intelligence,2024,May-June,,https://drive.google.com/uc?export=download&id=1iCDivGpVLtzS50-TEzcUka17SiVjaLTR,,[S] | High (verify recommended)
University-wide Value Addition Course Pool,Emotional Intelligence,2024,May-June,,https://drive.google.com/uc?export=download&id=1GUfPdOu8U9SLa7m8fLi8Cti8r7PkOOMv,,[S] | High (verify recommended)
University-wide Value Addition Course Pool,Emotional Intelligence,2024,Nov-Dec,,https://drive.google.com/uc?export=download&id=1I83uwpybxAqurpzx3iY-AKr8sn8hTr6t,,[S] | High (verify recommended)
University-wide Value Addition Course Pool,Emotional Intelligence,2025,May-June,,https://drive.google.com/uc?export=download&id=1pmIJYHcHmkJG4jM1LbTvB9AcAbg7tO23,,[S] | High (verify recommended)
University-wide Value Addition Course Pool,Ethics and Culture,2024,May-June,,https://drive.google.com/uc?export=download&id=1Z9cLlp3SEyeoLgqtGu8MbG99hMwnYCbr,,[S] | High (verify recommended)
University-wide Value Addition Course Pool,Ethics and Culture,2024,May-June,,https://drive.google.com/uc?export=download&id=1jiDUx69ZPaxXM4qxwrh3xXXZGOawnxAN,,[S] | High (verify recommended)
University-wide Value Addition Course Pool,Ethics and Culture,2025,May-June,,https://drive.google.com/uc?export=download&id=1czk2AW199BB433i73slpxmhQO5tIlLFb,,[S] | High (verify recommended)
University-wide Value Addition Course Pool,Ethics and Culture,2024,Nov-Dec,,https://drive.google.com/uc?export=download&id=1d7FgjsteeUgM8Jmnk4lU47KtFhSvClgf,,[S] | High (verify recommended)
University-wide Value Addition Course Pool,Ecology and Literature,2023,May-June,,https://drive.google.com/uc?export=download&id=1nydfKzncmBGmjmgisTNWoppT68U4N3S1,,[S] | High (verify recommended)
University-wide Value Addition Course Pool,Financial Literacy,2023,May-June,,https://drive.google.com/uc?export=download&id=1i_et_d_eLN93UOXmiB15MmlrfyHWh5ec,,[S] | High (verify recommended)
University-wide Value Addition Course Pool,Financial Literacy,2023,May-June,,https://drive.google.com/uc?export=download&id=10LESuyuMdY7WAFtUq3xZzFlYFX-5HmVS,,[S] | High (verify recommended)
University-wide Value Addition Course Pool,Financial Literacy,2023,Nov-Dec,,https://drive.google.com/uc?export=download&id=1FT-4R4cwlhtXEBaLBsvooPEkV_EOy6Hx,,[S] | High (verify recommended)
University-wide Value Addition Course Pool,Financial Literacy,2023,Nov-Dec,,https://drive.google.com/uc?export=download&id=1YR_JAaqoRScZTt42yvX8O0qpd9r0ws8Z,,[S] | High (verify recommended)
University-wide Value Addition Course Pool,Financial Literacy,2022,Nov-Dec,,https://drive.google.com/uc?export=download&id=1oIfC8JeMQVZHTlAmDglq5_EMLte2sstT,,[S] | High (verify recommended)
University-wide Value Addition Course Pool,Financial Literacy,2024,May-June,,https://drive.google.com/uc?export=download&id=1nOXiOdD3FXDqpu3XDizrhtitALxhmXzj,,[S] | High (verify recommended)
University-wide Value Addition Course Pool,Financial Literacy,2024,May-June,,https://drive.google.com/uc?export=download&id=1y5y5VYfoqWFnziWjbCk9FVK4JI7QJA7c,,[S] | High (verify recommended)
University-wide Value Addition Course Pool,Financial Literacy,2024,Nov-Dec,,https://drive.google.com/uc?export=download&id=1zzGWV3WegW9Que-ScXRCPxXPbAiACveu,,[S] | High (verify recommended)
University-wide Value Addition Course Pool,Financial Literacy,2025,May-June,,https://drive.google.com/uc?export=download&id=1-B31NUs5CrzKdQo-HR1li81KO0l1mbb0,,[S] | High (verify recommended)
University-wide Value Addition Course Pool,Financial Literacy,2025,May-June,,https://drive.google.com/uc?export=download&id=1GTOrbO5kPzkvrBIYbgI1LJ8JVVAgcm9l,,[S] | High (verify recommended)
University-wide Value Addition Course Pool,Financial Literacy,2025,May-June,,https://drive.google.com/uc?export=download&id=1_zUsa3tYvQvs5ck3A9PWeO9Bg6xif7OX,,[S] | High (verify recommended)
University-wide Value Addition Course Pool,Financial Literacy,2024,Nov-Dec,,https://drive.google.com/uc?export=download&id=19qrettVG11UDvAIJKrtDghVVcCaCtz_b,,[S] | High (verify recommended)
University-wide Value Addition Course Pool,Gandhi and Education,2023,May-June,,https://drive.google.com/uc?export=download&id=1MkF3lwoookS9u4xhyjzysuN_1zCWmDWJ,,[S] | High (verify recommended)
University-wide Value Addition Course Pool,Gandhi and Education,2023,May-June,,https://drive.google.com/uc?export=download&id=1afAnAMFXBx32GEt7TlbrpoEhAnt0kz6v,,[S] | High (verify recommended)
University-wide Value Addition Course Pool,Gandhi and Education,2024,May-June,,https://drive.google.com/uc?export=download&id=1jtTPSMqPdQdh4vINhIpJToslzJQmsTdO,,[S] | High (verify recommended)
University-wide Value Addition Course Pool,Gandhi and Education,2024,May-June,,https://drive.google.com/uc?export=download&id=1sWoTw1sTPA9L0gtP2Pf9537HWL6LY9h9,,[S] | High (verify recommended)
University-wide Value Addition Course Pool,Gandhi and Education,2024,May-June,,https://drive.google.com/uc?export=download&id=1iIlFzg_DOeFf7NzlU4F-Wcz6B1uRMIDq,,[S] | High (verify recommended)
University-wide Value Addition Course Pool,Gandhi and Education,2024,May-June,,https://drive.google.com/uc?export=download&id=1nl6_N-WhEHPxT9v6fwnuif3mKkRdK_HU,,[S] | High (verify recommended)
University-wide Value Addition Course Pool,Gandhi and Education,2024,Nov-Dec,,https://drive.google.com/uc?export=download&id=1W_0odFDBal_Wex3txr0XJNqBSpqLXriA,,[S] | High (verify recommended)
University-wide Value Addition Course Pool,Gandhi and Education,2024,Nov-Dec,,https://drive.google.com/uc?export=download&id=1e-nGN7Y17hg5XdJpy1bQpnaetMG-DZw3,,[S] | High (verify recommended)
University-wide Value Addition Course Pool,Gandhi and Education,2025,May-June,,https://drive.google.com/uc?export=download&id=1OUTAQsgd4TYfPjJj68ttlbKgYyxg0lsR,,[S] | High (verify recommended)
University-wide Value Addition Course Pool,Gandhi and Education,2025,May-June,,https://drive.google.com/uc?export=download&id=1b6XgUjWJIPfi0Ma_Glr3DWHTUstrSkna,,[S] | High (verify recommended)
University-wide Value Addition Course Pool,Gandhi and Education,2025,May-June,,https://drive.google.com/uc?export=download&id=1kbowLXqm1H3IOgIWW-dzaulY_AcVF1Qc,,[S] | High (verify recommended)
University-wide Value Addition Course Pool,National Cadet Corps-IV,2024,May-June,,https://drive.google.com/uc?export=download&id=1pNTvdj-Z_SWOdM8BQRmC3v5sK_-juw28,,[S] | High (verify recommended)
University-wide Value Addition Course Pool,National Cadet Corps-I,2024,May-June,,https://drive.google.com/uc?export=download&id=1NQNkyVij4u7tXJID6V3ApDn18_M_3FM-,,[S] | High (verify recommended)
University-wide Value Addition Course Pool,National Cadet Corps-II,2024,May-June,,https://drive.google.com/uc?export=download&id=1bpFUr9U7woFAhZy3UTJImEJ42-xN_ggO,,[S] | High (verify recommended)
University-wide Value Addition Course Pool,National Cadet Corps-IV,2024,May-June,,https://drive.google.com/uc?export=download&id=1useWIwBoYwa5OaeQNrDsMphtBTW8hz6r,,[S] | High (verify recommended)
University-wide Value Addition Course Pool,National Cadet Corps-I,2022,Nov-Dec,,https://drive.google.com/uc?export=download&id=1YKjGiXlsg0L10CO9_KmwwwOG29bvab1N,,[S] | High (verify recommended)
University-wide Value Addition Course Pool,National Cadet Corps-I,2023,May-June,,https://drive.google.com/uc?export=download&id=1oI_NM64Pheo_24WaJUu9pG9Ak9Gss7EP,,[S] | High (verify recommended)
University-wide Value Addition Course Pool,National Cadet Corps-I,2023,Nov-Dec,,https://drive.google.com/uc?export=download&id=1i66IyKnAMEBL76eHEd5lgIwvAJGFBrJ1,,[S] | High (verify recommended)
University-wide Value Addition Course Pool,National Cadet Corps-I,2024,Nov-Dec,,https://drive.google.com/uc?export=download&id=1TS_QnEDQS51CcsY2oTpsAKEWIss6oGxg,,[S] | High (verify recommended)
University-wide Value Addition Course Pool,National Cadet Corps-II,2023,May-June,,https://drive.google.com/uc?export=download&id=1O2LUR61mlGa59yyy5ciAzbVXeaQADgA_,,[S] | High (verify recommended)
University-wide Value Addition Course Pool,National Cadet Corps-II,2025,May-June,,https://drive.google.com/uc?export=download&id=1hXXT5OAOXVVIJk4D9vECh4kTedpOA7a1,,[S] | High (verify recommended)
University-wide Value Addition Course Pool,National Cadet Corps-III,2024,Nov-Dec,,https://drive.google.com/uc?export=download&id=1HNxDYZ9DUgZgrVNPmwnIwWavTUNOcEwz,,[S] | High (verify recommended)
University-wide Value Addition Course Pool,National Cadet Corps-I,2023,May-June,,https://drive.google.com/uc?export=download&id=1pEfDXdaEIRHNBf1L6fnJJzY4yFSpdhU7,,[S] | High (verify recommended)
University-wide Value Addition Course Pool,National Cadet Corps-I,2023,Nov-Dec,,https://drive.google.com/uc?export=download&id=1aBxklKgn0aOn7MLX7drHiMDB-238HHs4,,[S] | High (verify recommended)
University-wide Value Addition Course Pool,Science and Society,2025,May-June,,https://drive.google.com/uc?export=download&id=1XH__8RbAo9CpO8-6S5f3fZooffadDGCY,,[S] | High (verify recommended)
University-wide Value Addition Course Pool,Science and Society,2025,May-June,,https://drive.google.com/uc?export=download&id=1F7HXf6l2jUlvMCj4p4eju1AoUn4NI_QM,,[S] | High (verify recommended)
University-wide Value Addition Course Pool,Science and Society,2023,May-June,,https://drive.google.com/uc?export=download&id=1GB1SwgUnIW9NPSnCov0xEeJjKPlloCNQ,,[S] | High (verify recommended)
University-wide Value Addition Course Pool,Science and Society,2023,May-June,,https://drive.google.com/uc?export=download&id=1wuwcdkyaff37CZinJI_id7bWKLP58RyO,,[S] | High (verify recommended)
University-wide Value Addition Course Pool,Science and Society,2023,Nov-Dec,,https://drive.google.com/uc?export=download&id=1JtNoO5iQFrvEvz-xDfzRf2H2zmKkhQtD,,[S] | High (verify recommended)
University-wide Value Addition Course Pool,Science and Society,2024,May-June,,https://drive.google.com/uc?export=download&id=159utUBua5yrcL9kM6bOYJxF3nAZ5vPtm,,[S] | High (verify recommended)
University-wide Value Addition Course Pool,Science and Society,2024,May-June,,https://drive.google.com/uc?export=download&id=1vz_YpV9FY8jedrutI6kpTWDNvVauIDq7,,[S] | High (verify recommended)
University-wide Value Addition Course Pool,Science and Society,2024,May-June,,https://drive.google.com/uc?export=download&id=1_itx6PRCgrM5H-yM77Q75mQJEST0fOBX,,[S] | High (verify recommended)
University-wide Value Addition Course Pool,Science and Society,2024,May-June,,https://drive.google.com/uc?export=download&id=1fw3nOLC6y85I1rhxF1aHeXSczhNFSup9,,[S] | High (verify recommended)
University-wide Value Addition Course Pool,Science and Society,2025,May-June,,https://drive.google.com/uc?export=download&id=1-KHMgoT4IebYMYYgYApcm1d9lUN-aQ4p,,[S] | High (verify recommended)
University-wide Value Addition Course Pool,Science and Society,2025,May-June,,https://drive.google.com/uc?export=download&id=18gUvuyAqVOTZ-aL6fjjKvZLHEaMrOCj4,,[S] | High (verify recommended)
University-wide Value Addition Course Pool,Swachh Bharat,2023,May-June,,https://drive.google.com/uc?export=download&id=1nEfCUV366YOmTik-n6IwAj3lkOWYqFeF,,[S] | High (verify recommended)
University-wide Value Addition Course Pool,Swachh Bharat,2023,May-June,,https://drive.google.com/uc?export=download&id=1nSYvS1ifETdf6oUgMbjQvmBHFoNOk2uG,,[S] | High (verify recommended)
University-wide Value Addition Course Pool,Swachh Bharat,2022,Nov-Dec,,https://drive.google.com/uc?export=download&id=107Epex1Bu_nPO_XNhXp47V3c-e2PDqjg,,[S] | High (verify recommended)
University-wide Value Addition Course Pool,Swachh Bharat,2024,May-June,,https://drive.google.com/uc?export=download&id=1N0ep5879VgMZ4SKIVUjjlA1UHLGGcVFF,,[S] | High (verify recommended)
University-wide Value Addition Course Pool,Swachh Bharat,2024,May-June,,https://drive.google.com/uc?export=download&id=140RKm4O_oSNQzYkehOyDSGrSaETCxo-s,,[S] | High (verify recommended)
University-wide Value Addition Course Pool,Swachh Bharat,2024,May-June,,https://drive.google.com/uc?export=download&id=1QL7vcxXH93U_rOTAdxwoa9hzHouJ6-Dd,,[S] | High (verify recommended)
University-wide Value Addition Course Pool,Swachh Bharat,2024,May-June,,https://drive.google.com/uc?export=download&id=1r6RMn_Bz2phSHZ2U1urcFdL71BTOMuu4,,[S] | High (verify recommended)
University-wide Value Addition Course Pool,Swachh Bharat,2024,Nov-Dec,,https://drive.google.com/uc?export=download&id=10AppomBra-j7yle39DV7g3oYCIzpHc5H,,[S] | High (verify recommended)
University-wide Value Addition Course Pool,Swachh Bharat,2025,May-June,,https://drive.google.com/uc?export=download&id=17XwlaU-IFVkPnk2_DNEXYO6gvda-Ig9y,,[S] | High (verify recommended)
University-wide Value Addition Course Pool,Swachh Bharat,2025,May-June,,https://drive.google.com/uc?export=download&id=1DNLXvAEUsck6yZWJiIdYWsZszQe4plv4,,[S] | High (verify recommended)
University-wide Value Addition Course Pool,Swachh Bharat,2024,Nov-Dec,,https://drive.google.com/uc?export=download&id=1FZ02tznzNRXX9IL_W-cf1s8-E27TAnCk,,[S] | High (verify recommended)
University-wide Value Addition Course Pool,Vedic Mathematics-I,2025,May-June,,https://drive.google.com/uc?export=download&id=18suo6w6yeS8bhCLIfqFyfQDgbuNV7vgL,,[S] | High (verify recommended)
University-wide Value Addition Course Pool,Vedic Mathematics-I,2023,May-June,,https://drive.google.com/uc?export=download&id=1xSZp53amcmdIn0mbsCOeBAdXawJ9MHdL,,[S] | High (verify recommended)
University-wide Value Addition Course Pool,Vedic Mathematics-I,2024,May-June,,https://drive.google.com/uc?export=download&id=1HpSLwcM_WMXblKSspD3xoLKdtsZ8J1Vg,,[S] | High (verify recommended)
University-wide Value Addition Course Pool,Vedic Mathematics-I,2024,May-June,,https://drive.google.com/uc?export=download&id=1FpG4Z9qm-w6RtrhWlRgVwDAcLFzPljqn,,[S] | High (verify recommended)
University-wide Value Addition Course Pool,Vedic Mathematics-I,2024,May-June,,https://drive.google.com/uc?export=download&id=1M14BQrOsR__SqqFsSqM-jjp8MJ50bcHV,,[S] | High (verify recommended)
University-wide Value Addition Course Pool,Vedic Mathematics-I,2024,Nov-Dec,,https://drive.google.com/uc?export=download&id=1qN_NXbArhdOgkjszcNt0B68nD8UYsSb_,,[S] | High (verify recommended)
University-wide Value Addition Course Pool,Vedic Mathematics-II,2024,May-June,,https://drive.google.com/uc?export=download&id=1UdQr2y7UPAUhAigEUQ60HqjeklrsVzhl,,[S] | High (verify recommended)
University-wide Value Addition Course Pool,Vedic Mathematics-II,2024,Nov-Dec,,https://drive.google.com/uc?export=download&id=1z1QptYyPGz7Q8Y8Pr9WNK53Sx0fLc5-9,,[S] | High (verify recommended)
University-wide Value Addition Course Pool,Yoga: Philosophy and Practice,2024,Nov-Dec,,https://drive.google.com/uc?export=download&id=1BmnLQdWRwx2BJNXMqXZVYtvREzT-GhtA,,[S] | High (verify recommended)
University-wide Value Addition Course Pool,Yoga: Philosophy and Practice,2023,May-June,,https://drive.google.com/uc?export=download&id=1-b26kSrzmKhFEtkcj2z5L8KxCmXouuA8,,[S] | High (verify recommended)
University-wide Value Addition Course Pool,Yoga: Philosophy and Practice,2024,May-June,,https://drive.google.com/uc?export=download&id=1XI5C5MJG-udTuomNBmGL9nGGHdk5AJNm,,[S] | High (verify recommended)
University-wide Value Addition Course Pool,Yoga: Philosophy and Practice,2024,Nov-Dec,,https://drive.google.com/uc?export=download&id=1Mc08jH5QRW79purnD2KZbAT0HPKQlhDu,,[S] | High (verify recommended)
University-wide Value Addition Course Pool,Yoga: Philosophy and Practice,2024,May-June,,https://drive.google.com/uc?export=download&id=1Q3u336qTNNo5rpdhgSArmqGX70cttp42,,[S] | High (verify recommended)
University-wide Value Addition Course Pool,Financial Literacy,2025,May-June,,https://drive.google.com/uc?export=download&id=1AZfEIWK-Ia6tE4OktUV7XEaJtizF-KWn,,[S] | High (verify recommended)
University-wide Value Addition Course Pool,Constitutional Values and Fundamental Duties,2023,Nov-Dec,,https://drive.google.com/uc?export=download&id=1HpZoTrKFsvXczzNUutJ1G18tevj86DqN,,[S] | Medium (verify required)
University-wide Value Addition Course Pool,Constitutional Values and Fundamental Duties,2023,May-June,,https://drive.google.com/uc?export=download&id=1bMFcGGRpxyTxQytSc7no7cn6DQEkwFBt,,[S] | Medium (verify required)
University-wide Value Addition Course Pool,Constitutional Values and Fundamental Duties,2023,Nov-Dec,,https://drive.google.com/uc?export=download&id=1QUwz_X6h-3kqJIc_U_8x0RUJXmIVT_kd,,[S] | Medium (verify required)
University-wide Skill Enhancement Course Pool,Apiculture,2025,May-June,,https://drive.google.com/uc?export=download&id=1cnUGnnfm8fHtB3FX9n0tp0gf2QNwUG3V,,[S] | UPC 2236000001 | Medium (verify required)
University-wide Value Addition Course Pool,Ethics and Values in Ancient Indian Traditions,2023,Nov-Dec,,https://drive.google.com/uc?export=download&id=1-H9jZFeCGI6xAiyplvjMmT8-gSkfswO6,,[S] | Medium (verify required)
University-wide Value Addition Course Pool,Ethics and Values in Ancient Indian Traditions,2024,May-June,,https://drive.google.com/uc?export=download&id=1AduqqpK63znSjoJnKugSuluhkwDLbCWt,,[S] | Medium (verify required)
University-wide Value Addition Course Pool,Ethics and Values in Ancient Indian Traditions,2024,May-June,,https://drive.google.com/uc?export=download&id=1sGhX8boLoquYIg4hh1rEf6z3sOck-_1Z,,[S] | Medium (verify required)
University-wide Value Addition Course Pool,Ethics and Values in Ancient Indian Traditions,2024,Nov-Dec,,https://drive.google.com/uc?export=download&id=14nGjLsK0hpDwgD9Yvmt1FMP1sdxHXxBy,,[S] | Medium (verify required)
University-wide Value Addition Course Pool,Ethics and Values in Ancient Indian Traditions,2023,Nov-Dec,,https://drive.google.com/uc?export=download&id=1ounD_WOY6HjyyETsCnpPsv0PLlB4ti1M,,[S] | Medium (verify required)
University-wide Value Addition Course Pool,National Cadet Corps-I,2025,May-June,,https://drive.google.com/uc?export=download&id=15LB_ZnZzu6nXrTjPvMZKkEaJpLzJM6db,,[S] | Medium (verify required)
University-wide Value Addition Course Pool,Reading Indian Fiction in English,2025,May-June,,https://drive.google.com/uc?export=download&id=1MAs9uPF-vuNXAXhrWp5w8K3uJ2azQkuH,,[S] | Medium (verify required)
University-wide Value Addition Course Pool,Reading Indian Fiction in English,2025,May-June,,https://drive.google.com/uc?export=download&id=1PQvekclWB6EotTcNbZXxD2IlNSw3qvfu,,[S] | Medium (verify required)
University-wide Value Addition Course Pool,Social and Emotional Learning,2025,May-June,,https://drive.google.com/uc?export=download&id=11qYW_gleYYi8UwuG5M6Pxh6w9Ytd8Wa9,,[S] | Medium (verify required)
University-wide Value Addition Course Pool,Social and Emotional Learning,2025,May-June,,https://drive.google.com/uc?export=download&id=1CHsm7RSzaNtDKO3Lrn__z7rhniUk9eQ-,,[S] | Medium (verify required)
University-wide Value Addition Course Pool,Social and Emotional Learning,2025,May-June,,https://drive.google.com/uc?export=download&id=1Ej5djk99lXeAi8WegmStM9TheNksSgoA,,[S] | Medium (verify required)
University-wide Value Addition Course Pool,Social and Emotional Learning,2025,May-June,,https://drive.google.com/uc?export=download&id=1cecqm04Zx0hSWoGSvTVQXlTYqki9WP7l,,[S] | Medium (verify required)
University-wide Value Addition Course Pool,Social and Emotional Learning,2024,May-June,,https://drive.google.com/uc?export=download&id=14zgtg43sng3KFNhEeUSuP2idmWia4H4h,,[S] | Medium (verify required)
University-wide Value Addition Course Pool,Social and Emotional Learning,2024,May-June,,https://drive.google.com/uc?export=download&id=1BcZ0x3GD_NaKTw7Z_pgRi1lV7vneTbRL,,[S] | Medium (verify required)
University-wide Value Addition Course Pool,Yoga: Philosophy and Practice,2025,May-June,,https://drive.google.com/uc?export=download&id=1yCOFeL3AGpCR4_NnBft1f6UT56JBXIjZ,,[S] | Medium (verify required)
University-wide Value Addition Course Pool,Yoga: Philosophy and Practice,2023,May-June,,https://drive.google.com/uc?export=download&id=11FILeNe4HM6BElB1sM0FCDdRueFm8YOv,,[S] | Medium (verify required)
University-wide Value Addition Course Pool,Ethics and Values in Ancient Indian Traditions,2023,Nov-Dec,,https://drive.google.com/uc?export=download&id=1PtL6Tm3YjXiwndaZ-FEMLlBf8JPigNV3,,[S] | Medium (verify required)
University-wide Value Addition Course Pool,Constitutional Values and Fundamental Duties,2023,Nov-Dec,,https://drive.google.com/uc?export=download&id=156RKkvCqMDSGbEsqABhe1ndhUNlyfyfr,,[S] | Medium (verify required)
VAC,VAC,,Not Specified,,https://drive.google.com/uc?export=download&id=1VtKIVCWm9A3K64MIsf7_686tNQRq_hB-,,[S] | Unmatched (manual mapping needed)
VAC,VAC,,Not Specified,,https://drive.google.com/uc?export=download&id=1lv8BilrNcIDhOGpwHfIzc8TRgq3OeTBB,,[S] | Unmatched (manual mapping needed)
VAC,VAC,,Not Specified,,https://drive.google.com/uc?export=download&id=1Ze0Ye0m8chSrPsk1zV_3R40G8-CNfteV,,[S] | Unmatched (manual mapping needed)
VAC,VAC,,Not Specified,,https://drive.google.com/uc?export=download&id=1ywxHb6RSBtOvyGhUa0CZ_DKEhzUkF9fM,,[S] | Unmatched (manual mapping needed)
VAC,VAC,,Not Specified,,https://drive.google.com/uc?export=download&id=1gT8Yvet6ud5ceW6uOX9g4vsQhtq4Fbwy,,[S] | Unmatched (manual mapping needed)
VAC,VAC,2024,May-June,,https://drive.google.com/uc?export=download&id=1FrXRAZ3pIkBe9bUzPHjM8zqHMFJwUvMa,,[S] | Unmatched (manual mapping needed)
VAC,VAC,2025,May-June,,https://drive.google.com/uc?export=download&id=1D2BKc8phn2sAgfDjYS8T7BldCJ9P-MJY,,[S] | Unmatched (manual mapping needed)
VAC,VAC,2022,Nov-Dec,,https://drive.google.com/uc?export=download&id=1rceeKfrftQnqklskK-v9MYzVJbCXXwHm,,[S] | Unmatched (manual mapping needed)
VAC,VAC,2023,May-June,,https://drive.google.com/uc?export=download&id=1rYYxHlQFwucBKIqOLEYfXyOjq_HPLh4A,,[S] | Unmatched (manual mapping needed)
VAC,VAC,2025,May-June,,https://drive.google.com/uc?export=download&id=1M2qDQQFqOh3tsxSzq5E6WJMCSrgJxx2Z,,[S] | Unmatched (manual mapping needed)
VAC,VAC,2025,May-June,,https://drive.google.com/uc?export=download&id=1oE2vaS8-I923YpznvVrzt0WOqFbS4mo2,,[S] | Unmatched (manual mapping needed)
VAC,VAC,2023,Nov-Dec,,https://drive.google.com/uc?export=download&id=1b4d2GtScWfHtsL7B0QT69fU7sRLavWnx,,[S] | Unmatched (manual mapping needed)
VAC,VAC,2025,May-June,,https://drive.google.com/uc?export=download&id=1d8ms1rt4a0mFOL3IEakzdIErskGYm4mV,,[S] | Unmatched (manual mapping needed)
VAC,VAC,2022,Nov-Dec,,https://drive.google.com/uc?export=download&id=1-zy3oRyLmgDAJH4eGml1YC6augsd4OFR,,[S] | Unmatched (manual mapping needed)
DEPARTMENT OF BOTANY,Genetics And Evolutionary Biology,2023,May-June,,https://drive.google.com/uc?export=download&id=1tH9AX0G-kmV_t23zhrfYNiOEfabjfHdx,,[S] | UPC 42234406 | Exact (Question Bank code match)
DEPARTMENT OF BOTANY,Genetics And Evolutionary Biology,2024,May-June,,https://drive.google.com/uc?export=download&id=1lj1FR9_VvY23TL3qsFRyNBioChi8_cSl,,[S] | UPC 42234406 | Exact (Question Bank code match)
DEPARTMENT OF BOTANY,Genetics And Evolutionary Biology,2022,May-June,,https://drive.google.com/uc?export=download&id=1f-yFA90-YfyB0V7i41fQNcCGWq9xlqr9,,[S] | UPC 42234406 | Exact (Question Bank code match)
DEPARTMENT OF ZOOLOGY,Immunology,2022,May-June,,https://drive.google.com/uc?export=download&id=1JiCazKxcPOBqTSlUguIzDM3ulow5tAZa,,[S] | UPC 42237904 | Exact (Question Bank code match)
DEPARTMENT OF ZOOLOGY,Animal Biotechnology,2022,May-June,,https://drive.google.com/uc?export=download&id=1GohCIh6OmT4mjj6hyWSy5GZy5U-0tl43,,[S] | UPC 32237903 | Exact (Question Bank code match)
DEPARTMENT OF ZOOLOGY,Human Physiology,2022,May-June,,https://drive.google.com/uc?export=download&id=1mNZ7WdY27gtE2dv_6i4-C_9ZKKvpsq_D,,[S] | UPC 32235907 | Exact (Question Bank code match)
DEPARTMENT OF ZOOLOGY,Physiology: Controlling And Coordinating Systems,2022,Nov-Dec,,https://drive.google.com/uc?export=download&id=15FsK87ebHC8jiQi8VTgNmKYVELidG7If,,[S] | UPC 32231302 | Exact (Question Bank code match)
B.Sc. (Hons.) Zoology,Diversity of Chordates,2024,Nov-Dec,,https://drive.google.com/uc?export=download&id=1_Vz6tbp3JX6PZEyI6QchD46fW2YNWOyX,,[S] | UPC 2232012301 | Exact (UPC/syllabus match)
B.Sc. (Hons.) Zoology,Animal Behaviour,2024,May-June,,https://drive.google.com/uc?export=download&id=1otZsQrBy8k1MkxqmJYUbCDFvlUeEbNo6,,[S] | UPC 2232012403 | Exact (UPC/syllabus match)
B.Sc. (Hons.) Zoology,Animal Biotechnology,2025,May-June,,https://drive.google.com/uc?export=download&id=1FDOjGUowLuTHfSHKyeDjEdBB-eqWFb1A,,[S] | UPC 2232013601 | Exact (UPC/syllabus match)
B. Sc. Life Science (Zoology),Basics of Immunology,2025,May-June,,https://drive.google.com/uc?export=download&id=1G7pfG7bY42j2xgCbe5DPnn5D-trDys6g,,[S] | UPC 2232523601 | Exact (UPC/syllabus match)
B. Sc. Life Science (Zoology),Cell and Developmental Biology of Animals,2025,May-June,,https://drive.google.com/uc?export=download&id=11wFgTov4i2REnjXAueiD5lbNGJps_yED,,[S] | UPC 2232521201 | Exact (UPC/syllabus match)
B. Sc. Life Science (Zoology),Cell and Developmental Biology of Animals,2024,May-June,,https://drive.google.com/uc?export=download&id=13GrQ-vRRqWu4POveMDn2bIkWV-aERyhy,,[S] | UPC 2232521201 | Exact (UPC/syllabus match)
B. Sc. (Hons) Biomedical,Concepts in Biotechnology,2025,May-June,,https://drive.google.com/uc?export=download&id=1LY3eLpIgweI8JWFSoXoRr4V0l2ce9pNB,,[S] | UPC 3184001001 | Exact (UPC/syllabus match)
B. Sc. (Hons) Biomedical,Concepts in Biotechnology,2025,May-June,,https://drive.google.com/uc?export=download&id=1ukxIPIvx5cGzdRrAjYFVo6kiObONdJnE,,[S] | UPC 3184001001 | Exact (UPC/syllabus match)
B.Sc. (Hons.) Zoology,Comparative Anatomy of Vertebrates,2025,May-June,,https://drive.google.com/uc?export=download&id=1lrXR8XZyhYYMdzX-oEBthxOD6N61PPGH,,[S] | UPC 2232012401 | Exact (UPC/syllabus match)
B.Sc. (Hons.) Zoology,Developmental Biology,2025,May-June,,https://drive.google.com/uc?export=download&id=142RMRIN3NSzzcz-nC7Qq19Mg2mBkGDaT,,[S] | UPC 2232012402 | Exact (UPC/syllabus match)
B.Sc. (Hons.) Zoology,Methods in Biostatistics,2025,May-June,,https://drive.google.com/uc?export=download&id=1cWmMULCpwmloty3-K-sXCj3_yUQ9GaEG,,[S] | UPC 2232013602 | Exact (UPC/syllabus match)
B.Sc. (Hons.) Zoology,Animal Behaviour,2025,May-June,,https://drive.google.com/uc?export=download&id=1t58kKb_q3t_h1JPI-nGG_JZ5r_GvTUWZ,,[S] | UPC 2232012403 | Exact (UPC/syllabus match)
B.Sc. (Hons.) Zoology,Evolutionary Biology,2025,May-June,,https://drive.google.com/uc?export=download&id=1S7xEChsfP0VRlEm7Yoov4Eudn1k8gnH-,,[S] | UPC 2232013603 | Exact (UPC/syllabus match)
B. Sc. Life Science (Zoology),Fundamentals of Human Physiology,2025,May-June,,https://drive.google.com/uc?export=download&id=1-uHnHMuZm1fx8OqxIvNiJCFNxhWIvt93,,[S] | UPC 2232522401 | Exact (UPC/syllabus match)
B. Sc. Life Science (Zoology),Evolutionary Ecology,2024,Nov-Dec,,https://drive.google.com/uc?export=download&id=19ehR81alJvh_tnVQ-ZtLfervAbLV6ZF9,,[S] | UPC 2232523501 | Exact (UPC/syllabus match)
B. Sc. Life Science (Zoology) ; B.Sc. (Hons.) Zoology,Parasitology,2025,May-June,,https://drive.google.com/uc?export=download&id=1W8bNaggdePcJsn1fd2COMsR6AM9qB-wL,,[S] | UPC 2233012008 | Exact (UPC/syllabus match)
B. Sc. Life Science (Zoology) ; B.Sc. (Hons.) Zoology,Parasitology,2024,May-June,,https://drive.google.com/uc?export=download&id=1jy_ee8JVeBKiMwTs8SppAV3ZDhfbt_xE,,[S] | UPC 2233012008 | Exact (UPC/syllabus match)
B. Sc. Life Science (Zoology) ; B.Sc. (Hons.) Zoology,Biology of Insecta,2024,Nov-Dec,,https://drive.google.com/uc?export=download&id=1x7NqWYN5OHlTQjxqVe8CLj8byzu5kSNc,,[S] | UPC 2233010012 | Exact (UPC/syllabus match)
B. Sc. Life Science (Zoology) ; B.Sc. (Hons.) Zoology ; B.Sc. (Prog.) Applied Life Sciences with Agrochemicals and Pest Management pertaining to Zoology,Research Methodology for Zoology,2025,May-June,,https://drive.google.com/uc?export=download&id=1v_DA_F3hV0Oi15gPC0rkr2l0UQMN8oL_,,[S] | UPC 2233010017 | Exact (UPC/syllabus match)
B. Sc. Life Science (Zoology),Diversity of Animals,2024,Nov-Dec,,https://drive.google.com/uc?export=download&id=1UPDTTVOxpU22i25xjy0HcQRlKyeMqStv,,[S] | UPC 2232521101 | Exact (UPC/syllabus match)
B.Sc. (Hons.) Zoology,Diversity of Chordates,2023,Nov-Dec,,https://drive.google.com/uc?export=download&id=1HiNZbdejAo0A1riSSwsr-7zDPcVIhXHC,,[S] | UPC 2232012301 | Exact (UPC/syllabus match)
B. Sc. Life Science (Botany),Ecology and Evolution,2025,May-June,,https://drive.google.com/uc?export=download&id=1X_J8kFbETlOnh9yAmA7m7d1gP7eYkBXw,,[S] | UPC 2162512401 | Exact (UPC/syllabus match)
B.Sc. (Hons.) Zoology,Economic Zoology,2025,May-June,,https://drive.google.com/uc?export=download&id=149Ql_ROz35kdV9BLMuyOYaM3ea2Bqubn,,[S] | UPC 2234001205 | Exact (UPC/syllabus match)
B.Sc. (Hons.) Zoology,Economic Zoology,2025,May-June,,https://drive.google.com/uc?export=download&id=1U8M4SkQFfEkVDnObg4raH1LfmQ7H1pmL,,[S] | UPC 2234001205 | Exact (UPC/syllabus match)
B.Sc. (Hons.) Zoology,Fundamentals of Biomolecules,2023,May-June,,https://drive.google.com/uc?export=download&id=19NXiy_Xzzr6KaGkmNY3OKPps5KaOZ8XO,,[S] | UPC 2232011202 | Exact (UPC/syllabus match)
B. Sc. Life Science (Zoology),Fundamentals of Human Physiology,2024,May-June,,https://drive.google.com/uc?export=download&id=1jb0IFQCc8kw4H-T934zZuRJuugxFoX_z,,[S] | UPC 2232522401 | Exact (UPC/syllabus match)
B.Sc. (Hons.) Zoology,Fundamentals of Biomolecules,2024,May-June,,https://drive.google.com/uc?export=download&id=1TYFR_Iu5LpKN6STyON6s9MdMF8O--IHN,,[S] | UPC 2232011202 | Exact (UPC/syllabus match)
B.Sc. (Hons.) Zoology,Animal Cell Biotechnology,2024,Nov-Dec,,https://drive.google.com/uc?export=download&id=1wSALUfuonx3ocmNejfXHTcD3tTrr_ok4,,[S] | UPC 2234000007 | Exact (UPC/syllabus match)
B.Sc. (Hons.) Zoology,Microbiota: Importance in Health and Disease,2024,May-June,,https://drive.google.com/uc?export=download&id=1n6zn2d-ozmV_iezT2xfb-0Zh64KhnrXB,,[S] | UPC 2234002005 | Exact (UPC/syllabus match)
B.Sc. (Hons.) Zoology,Microbiota: Importance in Health and Disease,2025,May-June,,https://drive.google.com/uc?export=download&id=1BG30tUtvCUWIQWDeXbw3WWNj8RwNfhZe,,[S] | UPC 2234002005 | Exact (UPC/syllabus match)
B.Sc. (Hons.) Zoology,Nature and Wildlife Studies,2024,Nov-Dec,,https://drive.google.com/uc?export=download&id=179JZIo_88Iv4iFgsZ0Ukk_DYRa3iCgMG,,[S] | UPC 2234001002 | Exact (UPC/syllabus match)
B.Sc. (Hons.) Zoology,Human Physiology,2022,Nov-Dec,,https://drive.google.com/uc?export=download&id=1i9JCWT8V526jsC_moMM-tNuuT6CBXqbw,,[S] | UPC 2234001001 | Exact (UPC/syllabus match)
B.Sc. (Hons.) Zoology,Exploring the Animal world,2025,May-June,,https://drive.google.com/uc?export=download&id=1c_cFRpF4dcTGWXP3lqhm0XZdQoPw2jML,,[S] | UPC 2234002004 | Exact (UPC/syllabus match)
B.Sc. (Hons.) Zoology,Human Physiology Control and Coordination Systems,2023,May-June,,https://drive.google.com/uc?export=download&id=1AmvarzhCPJcrIeEJfBodvRls7XkUH5V0,,[S] | UPC 2232011203 | Exact (UPC/syllabus match)
B.Sc. (Hons.) Zoology,Concept of Ecology / Human Physiology Life Sustaining Systems,2024,Nov-Dec,,https://drive.google.com/uc?export=download&id=1sY08P2O9d5KDvYxfNaqSmQ0ACrGMNqBG,,[S] | UPC 2232012303 | Exact (UPC/syllabus match)
B.Sc. (Hons.) Zoology,Human Physiology Control and Coordination Systems,2025,May-June,,https://drive.google.com/uc?export=download&id=1cwWu4SweS4BVy7n9dtTWhDa_vAQSYkLf,,[S] | UPC 2232011203 | Exact (UPC/syllabus match)
B.Sc. (Hons.) Zoology,Human Physiology Control and Coordination Systems,2024,May-June,,https://drive.google.com/uc?export=download&id=1a3aOyb37K_EqxxvAebhMmUBnwX_aUAQV,,[S] | UPC 2232011203 | Exact (UPC/syllabus match)
B.Sc. (Hons.) Zoology,Lifestyle Disorders,2023,May-June,,https://drive.google.com/uc?export=download&id=17ZOFMVrJbCUU2C5aXDnsnXZ5yIsgrCEc,,[S] | UPC 2234001201 | Exact (UPC/syllabus match)
B.Sc. (Hons.) Zoology,Nonchordata – Protists to Pseudocoelomates,2024,Nov-Dec,,https://drive.google.com/uc?export=download&id=1QKcSWGzOQEbq3q6-cUjs7quC81ROqERQ,,[S] | UPC 2232011101 | Exact (UPC/syllabus match)
B.Sc. (Hons.) Zoology,Nonchordata – Protists to Pseudocoelomates,2022,Nov-Dec,,https://drive.google.com/uc?export=download&id=1MOEhPY7LeMswG3wVWEFgrW4ODY6bgYPr,,[S] | UPC 2232011101 | Exact (UPC/syllabus match)
B.Sc. (Hons.) Zoology,NonChordata: Coelomates,2024,May-June,,https://drive.google.com/uc?export=download&id=1vvjXGrMtJFFjMRxj_xElzp6CC6Ht5u9D,,[S] | UPC 2232011201 | Exact (UPC/syllabus match)
B.Sc. (Hons.) Zoology,NonChordata: Coelomates,2023,May-June,,https://drive.google.com/uc?export=download&id=1p2h3NLRc-om1qo9C-CEFd-9vnW5a705u,,[S] | UPC 2232011201 | Exact (UPC/syllabus match)
B.Sc. (Hons.) Zoology,NonChordata: Coelomates,2025,May-June,,https://drive.google.com/uc?export=download&id=1z1c3WFmDItB2pX--3SrNWl64eamcJUOY,,[S] | UPC 2232011201 | Exact (UPC/syllabus match)
B.Sc. (Hons.) Zoology,Nonchordata – Protists to Pseudocoelomates,2023,Nov-Dec,,https://drive.google.com/uc?export=download&id=14mnM1_V9ajvb80OFsZRBefrpl5nqp93z,,[S] | UPC 2232011101 | Exact (UPC/syllabus match)
B. Sc. Life Science (Zoology) ; B.Sc. (Hons.) Zoology,Wildlife Conservation & Management,2023,Nov-Dec,,https://drive.google.com/uc?export=download&id=1tUM_p3hf0yV7D_puh4QEqsNGUdkbvSoH,,[S] | UPC 2233012004 | Exact (UPC/syllabus match)
B.Sc. (Hons.) Zoology,Developmental Biology,2024,May-June,,https://drive.google.com/uc?export=download&id=1H4ciYpmYvjD-TpW2UX2bpozFKIYrENp8,,[S] | UPC 2232012402 | Exact (UPC/syllabus match)
B.Sc. (Hons.) Zoology,Exploring the Animal world,2025,May-June,,https://drive.google.com/uc?export=download&id=1ffSd3w2Nq7vCCeDRzFVukJGpv9mYolr-,,[S] | UPC 2234002004 | Exact (UPC/syllabus match)
B.Sc. (Hons.) Zoology,Fundamentals of Biomolecules,2025,May-June,,https://drive.google.com/uc?export=download&id=1wQ29uPTaDsHxql7pGpM5ZPGfWR1WVf75,,[S] | UPC 2232011202 | Exact (UPC/syllabus match)
B. Sc. Life Science (Zoology),Diversity of Animals,2022,Nov-Dec,,https://drive.google.com/uc?export=download&id=1fVivoC3ookBC5DSG-jhrcKkQw8mg3fPC,,[S] | UPC 2232521101 | Exact (UPC/syllabus match)
B.Sc. (Hons.) Zoology,NonChordata: Coelomates,2024,May-June,,https://drive.google.com/uc?export=download&id=1HKSXaIqGBE-gbSxDMV8K49WzOH7VBNtn,,[S] | UPC 2232011201 | High (verify recommended)
B.Sc. (Hons.) Zoology,Animal Biotechnology,2023,May-June,,https://drive.google.com/uc?export=download&id=1FZggFBHEvfg_QFP9Ogir6q9n2dI9acrh,,[S] | UPC 2232013601 | High (verify recommended)
B.Sc. (Hons.) Zoology,Animal Biotechnology,2024,May-June,,https://drive.google.com/uc?export=download&id=1J5by79BmAUH7J6fMMUjHYLwXvaYbZlq2,,[S] | UPC 2232013601 | High (verify recommended)
B.Sc. (Hons.) Zoology,Cell and Molecular Biology,2024,Nov-Dec,,https://drive.google.com/uc?export=download&id=1I0uiK_JHFkFTFs62UjU56eoHkA_fvqXv,,[S] | UPC 2232013502 | High (verify recommended)
B.Sc. (Hons.) Zoology,Comparative Anatomy of Vertebrates,2023,May-June,,https://drive.google.com/uc?export=download&id=1cGYUuazQTUDKtlMlkKKPtZXbe6af_AG1,,[S] | UPC 2232012401 | High (verify recommended)
B.Sc. (Hons.) Zoology,Concept of Ecology,2023,Nov-Dec,,https://drive.google.com/uc?export=download&id=17ITutdQfxBNtOgPq85ggYO5EesDpgUO0,,[S] | UPC 2232012303 | High (verify recommended)
B.Sc. (Hons.) Zoology,Concept of Ecology,2024,Nov-Dec,,https://drive.google.com/uc?export=download&id=1V6lKV4NXtfDCbcaqrqqEEC54kTAR4pjY,,[S] | UPC 2232012303 | High (verify recommended)
B.Sc. (Hons.) Zoology,Concept of Ecology,2022,Nov-Dec,,https://drive.google.com/uc?export=download&id=1upjeBlppd_a44I8vH0fpzdiG3AAzJWpb,,[S] | UPC 2232012303 | High (verify recommended)
B.Sc. (Hons.) Zoology,Animal Biotechnology,2023,Nov-Dec,,https://drive.google.com/uc?export=download&id=1uhAYOdiSELzlnuLLc1qx-flJ0vmr6OIM,,[S] | UPC 2232013601 | High (verify recommended)
B.Sc. (Hons.) Zoology,Animal Biotechnology,2024,Nov-Dec,,https://drive.google.com/uc?export=download&id=103mn4edFfQzIapGoezgPsV_9utLcOQ-P,,[S] | UPC 2232013601 | High (verify recommended)
B.Sc. (Hons.) Zoology,Animal Biotechnology,2025,May-June,,https://drive.google.com/uc?export=download&id=1ChYGPVxRUdsXaOd6VO-0Tibschkww2f5,,[S] | UPC 2232013601 | High (verify recommended)
B.Sc. (Hons.) Zoology,Animal Biotechnology,2025,May-June,,https://drive.google.com/uc?export=download&id=1o1xFv5KJA9_V79GI56XrL9-0WnuhzskV,,[S] | UPC 2232013601 | High (verify recommended)
B.Sc. (Hons.) Zoology,Developmental Biology,2024,May-June,,https://drive.google.com/uc?export=download&id=1ilFFJtg5cVsPea7-QT6C13cC_BYqUQVn,,[S] | UPC 2232012402 | High (verify recommended)
B.Sc. (Hons.) Zoology,Developmental Biology,2025,May-June,,https://drive.google.com/uc?export=download&id=1M5ugtOyWrwTcZ3pb-p_lDXo06rrLFQGj,,[S] | UPC 2232012402 | High (verify recommended)
B. Sc. Life Science (Zoology),Diversity of Animals,2023,Nov-Dec,,https://drive.google.com/uc?export=download&id=1oUEgTesao3vK6mjkELm_blNF71MBtGU6,,[S] | UPC 2232521101 | High (verify recommended)
B.Sc. (Hons.) Zoology,Diversity of Chordates,2024,Nov-Dec,,https://drive.google.com/uc?export=download&id=1e_7sKAgBl-r2M6ls9_o10gPv3sFjSlBZ,,[S] | UPC 2232012301 | High (verify recommended)
B.Sc. (Hons.) Zoology,Diversity of Chordates,2023,Nov-Dec,,https://drive.google.com/uc?export=download&id=18-bcWSKc-wO-eDK5Ipe9TpUj0TwLdali,,[S] | UPC 2232012301 | High (verify recommended)
B.Sc. (Hons.) Zoology,Diversity of Chordates,2022,Nov-Dec,,https://drive.google.com/uc?export=download&id=1m94PcTuOaFkObHgWdQpQhcM6dtXal6S3,,[S] | UPC 2232012301 | High (verify recommended)
B.Sc. (Hons.) Zoology,Evolutionary Biology,2023,May-June,,https://drive.google.com/uc?export=download&id=1XcvGAGzV7xCnXYlnhk9K6V7dRb2FlQsu,,[S] | UPC 2232013603 | High (verify recommended)
B.Sc. (Hons.) Zoology,Evolutionary Biology,2024,May-June,,https://drive.google.com/uc?export=download&id=1smHZl_JVc0gFsM9el1gUmHe4EO7rwLS2,,[S] | UPC 2232013603 | High (verify recommended)
B.Sc. (Hons.) Zoology,Evolutionary Biology,2025,May-June,,https://drive.google.com/uc?export=download&id=1BFvSzuGR4QXJhWcLfRWmOBaSDW7mVoSg,,[S] | UPC 2232013603 | High (verify recommended)
B.Sc. (Hons.) Zoology,Animal Cell Biotechnology,2025,May-June,,https://drive.google.com/uc?export=download&id=19rft_sxw05zcK4VW0VTMc9NixKyuLkJs,,[S] | UPC 2234000007 | High (verify recommended)
B.Sc. (Hons.) Zoology,Animal Cell Biotechnology,2023,May-June,,https://drive.google.com/uc?export=download&id=1NLLaQlZGwrzboqv0Emh_frNx7JCYT8JH,,[S] | UPC 2234000007 | High (verify recommended)
B.Sc. (Hons.) Zoology,Animal Cell Biotechnology,2024,May-June,,https://drive.google.com/uc?export=download&id=1G0bkKk0HRNo9GAwOUPhn4wLq0_1rSEH0,,[S] | UPC 2234000007 | High (verify recommended)
B.Sc. (Hons.) Zoology,Animal Cell Biotechnology,2022,May-June,,https://drive.google.com/uc?export=download&id=1v5aDnwAGgoNNbsgImk4jzMghTQpRu9ed,,[S] | UPC 2234000007 | High (verify recommended)
B.Sc. (Hons.) Zoology,Lifestyle Disorders,2025,May-June,,https://drive.google.com/uc?export=download&id=1f16SCKEMtRxMST45XcnxKqDQRmAc6tG2,,[S] | UPC 2234001201 | High (verify recommended)
B.Sc. (Hons.) Zoology,NonChordata: Coelomates,2022,May-June,,https://drive.google.com/uc?export=download&id=1NN8z-iJJPIwzHVGGMvX03twsymQDsQmj,,[S] | UPC 2232011201 | High (verify recommended)
B.Sc. (Hons.) Zoology,Principles of Immunology,2024,Nov-Dec,,https://drive.google.com/uc?export=download&id=1CwUgvh1ojQ5gKuwOl0euWmogoqJ1gio8,,[S] | UPC 2232013501 | High (verify recommended)
B. Sc. Life Science (Zoology),Wildlife Conservation & Management,2025,May-June,,https://drive.google.com/uc?export=download&id=1BTta0Y6R3eFPhX2n3HMPUIwsyDEYW3Ik,,[S] | UPC 2233012004 | High (verify recommended)
B.Sc. (Prog.) Applied Life Sciences with Agrochemicals and Pest Management pertaining to Zoology,Animal Physiology and Metabolism,2023,May-June,,https://drive.google.com/uc?export=download&id=1YAJ2DolmDOfXrG0UcH6h_VBvBPAD_lJ7,,[S] | UPC 2232583504 | Medium (verify required)
B.Sc. (Prog.) Applied Life Sciences with Agrochemicals and Pest Management pertaining to Zoology,Animal Physiology and Metabolism,2024,May-June,,https://drive.google.com/uc?export=download&id=1lVKoO1uMnsZam5AD1ROdlGjf2CXgOKq9,,[S] | UPC 2232583504 | Medium (verify required)
B.Sc. (Hons.) Zoology,Economic Zoology,2022,Nov-Dec,,https://drive.google.com/uc?export=download&id=1-SSVBWjBagFP23t9F7jni-ceENSjQ3EW,,[S] | UPC 2234001205 | Medium (verify required)
B. Sc. Life Science (Zoology),Biochemistry: Basic Concepts of Metabolism,2023,Nov-Dec,,https://drive.google.com/uc?export=download&id=1CuQdA4x_UhzOUCo3TjqXGjoUEr7s6FSB,,[S] | UPC 2232522301 | Medium (verify required)
B.Sc. (Hons.) Zoology,Biochemistry: Metabolic Processes,2023,May-June,,https://drive.google.com/uc?export=download&id=1tVNPF_yCABK8xUexOqcw38pBdbQTk48Y,,[S] | UPC 2232013502 | Medium (verify required)
B.Sc. (Hons.) Zoology,Biochemistry: Metabolic Processes,2024,May-June,,https://drive.google.com/uc?export=download&id=1ivZVzKI8_lpqyDn6GM4PWN1Vo2OF8xGN,,[S] | UPC 2232013502 | Medium (verify required)
B.Sc. (Hons.) Zoology,Biochemistry: Metabolic Processes,2022,May-June,,https://drive.google.com/uc?export=download&id=1UJSvuVj0klRGVcKlUdmeNMn45h7ebghC,,[S] | UPC 2232013502 | Medium (verify required)
B.Sc. (Hons.) Zoology,Biochemistry: Metabolic Processes,2023,Nov-Dec,,https://drive.google.com/uc?export=download&id=1kCil1a00alL_AAwW3bV4a5t_Jw8UqZ43,,[S] | UPC 2232013502 | Medium (verify required)
B.Sc. (Hons.) Zoology,Biology of Cell: Structure and Function,2024,Nov-Dec,,https://drive.google.com/uc?export=download&id=1zCc5E3U-7SlEWXOgsKNRglaKNuOp9vtC,,[S] | UPC 2232013502 | Medium (verify required)
B. Sc. Life Science (Zoology),Aquatic Biology,2022,May-June,,https://drive.google.com/uc?export=download&id=1WjeUY-Fac4_I1K1BKHpIrMXyBH3BcOZS,,[S] | UPC 2233012001 | Medium (verify required)
B. Sc. Life Science (Zoology),Cell and Developmental Biology of Animals,2023,May-June,,https://drive.google.com/uc?export=download&id=196fa1hsS2jilu5USszcUbRacLNkgBlhl,,[S] | UPC 2232521201 | Medium (verify required)
B.Sc. (Hons.) Zoology,Comparative Anatomy of Vertebrates,2023,May-June,,https://drive.google.com/uc?export=download&id=10YmQ6wMy7l6BRoz5bsrtbXN9Ho8ftRDd,,[S] | UPC 2232012401 | Medium (verify required)
B.Sc. (Hons.) Zoology,Comparative Anatomy of Vertebrates,2024,May-June,,https://drive.google.com/uc?export=download&id=1IixonJIt7HGu-0fR-XC6kX73tB7YXr9Z,,[S] | UPC 2232012401 | Medium (verify required)
B.Sc. (Hons.) Zoology,Comparative Anatomy of Vertebrates,2024,May-June,,https://drive.google.com/uc?export=download&id=1mJJE1ukXSJYVbv4jgv2lXDKLnlNuVerI,,[S] | UPC 2232012401 | Medium (verify required)
B.Sc. (Hons.) Zoology,Comparative Anatomy of Vertebrates,2022,May-June,,https://drive.google.com/uc?export=download&id=1uEEap0cwlxXde0IoqjfjvNBqK__PHxUk,,[S] | UPC 2232012401 | Medium (verify required)
B.Sc. (Hons.) Zoology,Biology of Animal Cells,2022,Nov-Dec,,https://drive.google.com/uc?export=download&id=1akRp8i-6NIG1VzSeWkJ4YYiW7Yg12rga,,[S] | UPC 2234000018 | Medium (verify required)
B. Sc. Life Science (Zoology),Basics of Immunology,2024,Nov-Dec,,https://drive.google.com/uc?export=download&id=1qlvooZ8qmkKNv0NeVBwOrpSFUf8eR7oS,,[S] | UPC 2232523601 | Medium (verify required)
B. Sc. Life Science (Zoology),Basics of Immunology,2023,May-June,,https://drive.google.com/uc?export=download&id=1fjwJE1ai6FNPmH_8XggsPNgEeqGoxN_Q,,[S] | UPC 2232523601 | Medium (verify required)
B. Sc. Life Science (Zoology),Basics of Immunology,2023,Nov-Dec,,https://drive.google.com/uc?export=download&id=1X09UFpQvIO3UvM3nXnobHdbvLQ0Zulzq,,[S] | UPC 2232523601 | Medium (verify required)
B.Sc. (Hons.) Zoology,Fundamentals of Biomolecules,2022,Nov-Dec,,https://drive.google.com/uc?export=download&id=1tNNQD6-uWmYoCfAN9IftVLfe-kcnWATR,,[S] | UPC 2232011202 | Medium (verify required)
B.Sc. (Hons.) Zoology,Human Physiology,2023,May-June,,https://drive.google.com/uc?export=download&id=1wq1Lt0YmqFQnzmJITjFg2GmqF1_hTcH7,,[S] | UPC 2234001001 | Medium (verify required)
B. Sc. Life Science (Zoology),Basics of Immunology,2023,Nov-Dec,,https://drive.google.com/uc?export=download&id=1UrpvMkFDtYKlWph-mk4sIVNb7lpRlH6Q,,[S] | UPC 2232523601 | Medium (verify required)
B. Sc. Life Science (Zoology),Basics of Immunology,2022,Nov-Dec,,https://drive.google.com/uc?export=download&id=1ae9Z29nWgozXxuRlqXSUSbZ2-PyPX8_J,,[S] | UPC 2232523601 | Medium (verify required)
B.Sc. (Hons.) Zoology,Cell and Molecular Biology,2024,Nov-Dec,,https://drive.google.com/uc?export=download&id=1Wug0bi-xXX6tV_Vso6l_WJXhABq-EcB8,,[S] | UPC 2232013502 | Medium (verify required)
B.Sc. (Hons.) Zoology,Cell and Molecular Biology,2022,Nov-Dec,,https://drive.google.com/uc?export=download&id=1xxONEArZh48phJ9rewvlu5ryI7LIXzD-,,[S] | UPC 2232013502 | Medium (verify required)
B.Sc. (Hons.) Zoology,Cell and Molecular Biology,2023,Nov-Dec,,https://drive.google.com/uc?export=download&id=1KZ1PFihEcCyijwh-QNUAtkVSyWnBkwt7,,[S] | UPC 2232013502 | Medium (verify required)
B.Sc. (Hons.) Zoology,Cell and Molecular Biology,2023,Nov-Dec,,https://drive.google.com/uc?export=download&id=1kj2bCFiHsGb5DDqmIRTM-WbWkeBAGprh,,[S] | UPC 2232013502 | Medium (verify required)
B.Sc. (Prog.) Applied Life Sciences with Agrochemicals and Pest Management pertaining to Zoology,Cell Biology and Biochemistry,2023,Nov-Dec,,https://drive.google.com/uc?export=download&id=10TrBdMFEUcYi2CF7r9END0mUIp3yHMlr,,[S] | UPC 2232582301 | Medium (verify required)
B.Sc. (Prog.) Applied Life Sciences with Agrochemicals and Pest Management pertaining to Zoology,Cell Biology and Biochemistry,2022,Nov-Dec,,https://drive.google.com/uc?export=download&id=1nPpGar53ZgFGXXYz3j0fOZYVhlg7b_zu,,[S] | UPC 2232582301 | Medium (verify required)
B.Sc. (Hons.) Zoology,Principles of Immunology,2023,Nov-Dec,,https://drive.google.com/uc?export=download&id=1DljrUVHwDMkadHJJB-sGQkKfDMrogpz-,,[S] | UPC 2232013501 | Medium (verify required)
B.Sc. (Hons.) Zoology,Animal Behaviour,2023,Nov-Dec,,https://drive.google.com/uc?export=download&id=1kGgDPs9CpO9Ekn762AoaZa5ewvKX5TkG,,[S] | UPC 2232012403 | Medium (verify required)
B. Sc. Life Science (Zoology),Wildlife Conservation & Management,2024,Nov-Dec,,https://drive.google.com/uc?export=download&id=13-A6vwontM5fMQIeLHTZYaizEZm1gD1P,,[S] | UPC 2233012004 | Medium (verify required)
B. Sc. Life Science (Zoology),Wildlife Conservation & Management,2023,May-June,,https://drive.google.com/uc?export=download&id=16Og0fvpqvIa9N9qgWsGF6gDrnF1i-pG7,,[S] | UPC 2233012004 | Medium (verify required)
B. Sc. Life Science (Zoology),Wildlife Conservation & Management,2024,May-June,,https://drive.google.com/uc?export=download&id=1IAEKnY0o-mmUq86GaKjyqjgwqg_LSc8Q,,[S] | UPC 2233012004 | Medium (verify required)
B. Sc. Life Science (Zoology),Wildlife Conservation & Management,2022,May-June,,https://drive.google.com/uc?export=download&id=1ghXVMDTrbbHfIuQkmOKPfcJQ_3Fp4Vxg,,[S] | UPC 2233012004 | Medium (verify required)
B.Sc. (Hons.) Zoology,Biology of Animal Cells,2023,Nov-Dec,,https://drive.google.com/uc?export=download&id=1P6LDsRKHg5K8VsLFuFAM1hF3oKJmKou5,,[S] | UPC 2234000018 | Medium (verify required)
B. Sc. Life Science (Zoology),Wildlife Conservation & Management,2022,May-June,,https://drive.google.com/uc?export=download&id=1mwWqr8kgpQQyF8SRL7s_MI_hqvc-hxqn,,[S] | UPC 2233012004 | Medium (verify required)
Zoology,Zoology,,Not Specified,,https://drive.google.com/uc?export=download&id=1yocGts9V6NzmBZBFnQ0AESut6ZPyt2Sm,,[S] | Unmatched (manual mapping needed)
Zoology,Zoology,,Not Specified,,https://drive.google.com/uc?export=download&id=1nh7Hokgk6ZOo2AbXmWyYXNqyJr786kH5,,[S] | Unmatched (manual mapping needed)
Zoology,Zoology,,Not Specified,,https://drive.google.com/uc?export=download&id=149G3UgE9yyDdZwQkreLmben65TeIh_ve,,[S] | Unmatched (manual mapping needed)
Zoology,Zoology,,Not Specified,,https://drive.google.com/uc?export=download&id=1g4-zxj4KAjRNWE3ON0Gf6CfxH7EFTk2G,,[S] | Unmatched (manual mapping needed)
Zoology,Zoology,,Not Specified,,https://drive.google.com/uc?export=download&id=1dzmQ992V7kTnn6fM_7W3gcbtx9mRH510,,[S] | Unmatched (manual mapping needed)
Zoology,Zoology,2022,Nov-Dec,,https://drive.google.com/uc?export=download&id=1XbY5ENh5ou79U-BgdCyHsLgLvFGNPTn7,,[S] | Unmatched (manual mapping needed)
Zoology,Zoology,2023,May-June,,https://drive.google.com/uc?export=download&id=1OHDITZH0ntdLyUFag0YAHhXA2Zv431hn,,[S] | Unmatched (manual mapping needed)
Zoology,Zoology,2024,Nov-Dec,,https://drive.google.com/uc?export=download&id=1nfINzPoIPq_nzRD6TPrNeHfdbkTa0-QV,,[S] | Unmatched (manual mapping needed)
Zoology,Zoology,2022,Nov-Dec,,https://drive.google.com/uc?export=download&id=1qorzYtHcaUM_xYy3E7FkomaynhQ84ZXq,,[S] | Unmatched (manual mapping needed)
Zoology,Zoology,2024,May-June,,https://drive.google.com/uc?export=download&id=1nr-wChMZU2tVoUG--72TT7WGxDQW51tb,,[S] | Unmatched (manual mapping needed)
Zoology,Zoology,2024,Nov-Dec,,https://drive.google.com/uc?export=download&id=1sOFLXdAc2cLmV-b3fPQs1-JG5KmIk-v0,,[S] | Unmatched (manual mapping needed)
