model,sourceFile,sourceRowRef,field,message
Subject,src/lib/content/master-syllabus-data.ts,id=86,semester,"Multi-semester source row ""I/III/V/VII"" expanded into Semester 1 (and 3 other term(s)) — same subject created once per semester"
Subject,src/lib/content/master-syllabus-data.ts,id=86,semester,"Multi-semester source row ""I/III/V/VII"" expanded into Semester 3 (and 3 other term(s)) — same subject created once per semester"
Subject,src/lib/content/master-syllabus-data.ts,id=86,semester,"Multi-semester source row ""I/III/V/VII"" expanded into Semester 5 (and 3 other term(s)) — same subject created once per semester"
Subject,src/lib/content/master-syllabus-data.ts,id=86,semester,"Multi-semester source row ""I/III/V/VII"" expanded into Semester 7 (and 3 other term(s)) — same subject created once per semester"
Subject,src/lib/content/master-syllabus-data.ts,id=87,semester,"Multi-semester source row ""I/III/V/VII"" expanded into Semester 1 (and 3 other term(s)) — same subject created once per semester"
Subject,src/lib/content/master-syllabus-data.ts,id=87,semester,"Multi-semester source row ""I/III/V/VII"" expanded into Semester 3 (and 3 other term(s)) — same subject created once per semester"
Subject,src/lib/content/master-syllabus-data.ts,id=87,semester,"Multi-semester source row ""I/III/V/VII"" expanded into Semester 5 (and 3 other term(s)) — same subject created once per semester"
Subject,src/lib/content/master-syllabus-data.ts,id=87,semester,"Multi-semester source row ""I/III/V/VII"" expanded into Semester 7 (and 3 other term(s)) — same subject created once per semester"
Subject,src/lib/content/master-syllabus-data.ts,id=88,semester,"Multi-semester source row ""I/III/V/VII"" expanded into Semester 1 (and 3 other term(s)) — same subject created once per semester"
Subject,src/lib/content/master-syllabus-data.ts,id=88,semester,"Multi-semester source row ""I/III/V/VII"" expanded into Semester 3 (and 3 other term(s)) — same subject created once per semester"
Subject,src/lib/content/master-syllabus-data.ts,id=88,semester,"Multi-semester source row ""I/III/V/VII"" expanded into Semester 5 (and 3 other term(s)) — same subject created once per semester"
Subject,src/lib/content/master-syllabus-data.ts,id=88,semester,"Multi-semester source row ""I/III/V/VII"" expanded into Semester 7 (and 3 other term(s)) — same subject created once per semester"
Subject,src/lib/content/master-syllabus-data.ts,id=89,semester,"Multi-semester source row ""I/III/V/VII"" expanded into Semester 1 (and 3 other term(s)) — same subject created once per semester"
Subject,src/lib/content/master-syllabus-data.ts,id=89,semester,"Multi-semester source row ""I/III/V/VII"" expanded into Semester 3 (and 3 other term(s)) — same subject created once per semester"
Subject,src/lib/content/master-syllabus-data.ts,id=89,semester,"Multi-semester source row ""I/III/V/VII"" expanded into Semester 5 (and 3 other term(s)) — same subject created once per semester"
Subject,src/lib/content/master-syllabus-data.ts,id=89,semester,"Multi-semester source row ""I/III/V/VII"" expanded into Semester 7 (and 3 other term(s)) — same subject created once per semester"
Subject,src/lib/content/master-syllabus-data.ts,id=90,semester,"Multi-semester source row ""I/III/V/VII"" expanded into Semester 1 (and 3 other term(s)) — same subject created once per semester"
Subject,src/lib/content/master-syllabus-data.ts,id=90,semester,"Multi-semester source row ""I/III/V/VII"" expanded into Semester 3 (and 3 other term(s)) — same subject created once per semester"
Subject,src/lib/content/master-syllabus-data.ts,id=90,semester,"Multi-semester source row ""I/III/V/VII"" expanded into Semester 5 (and 3 other term(s)) — same subject created once per semester"
Subject,src/lib/content/master-syllabus-data.ts,id=90,semester,"Multi-semester source row ""I/III/V/VII"" expanded into Semester 7 (and 3 other term(s)) — same subject created once per semester"
Subject,src/lib/content/master-syllabus-data.ts,id=91,semester,"Multi-semester source row ""I/III/V/VII"" expanded into Semester 1 (and 3 other term(s)) — same subject created once per semester"
Subject,src/lib/content/master-syllabus-data.ts,id=91,semester,"Multi-semester source row ""I/III/V/VII"" expanded into Semester 3 (and 3 other term(s)) — same subject created once per semester"
Subject,src/lib/content/master-syllabus-data.ts,id=91,semester,"Multi-semester source row ""I/III/V/VII"" expanded into Semester 5 (and 3 other term(s)) — same subject created once per semester"
Subject,src/lib/content/master-syllabus-data.ts,id=91,semester,"Multi-semester source row ""I/III/V/VII"" expanded into Semester 7 (and 3 other term(s)) — same subject created once per semester"
Subject,src/lib/content/master-syllabus-data.ts,id=95,semester,"Multi-semester source row ""II/IV/VI"" expanded into Semester 2 (and 2 other term(s)) — same subject created once per semester"
Subject,src/lib/content/master-syllabus-data.ts,id=95,semester,"Multi-semester source row ""II/IV/VI"" expanded into Semester 4 (and 2 other term(s)) — same subject created once per semester"
Subject,src/lib/content/master-syllabus-data.ts,id=95,semester,"Multi-semester source row ""II/IV/VI"" expanded into Semester 6 (and 2 other term(s)) — same subject created once per semester"
Subject,src/lib/content/master-syllabus-data.ts,id=96,semester,"Multi-semester source row ""II/IV/VI"" expanded into Semester 2 (and 2 other term(s)) — same subject created once per semester"
Subject,src/lib/content/master-syllabus-data.ts,id=96,semester,"Multi-semester source row ""II/IV/VI"" expanded into Semester 4 (and 2 other term(s)) — same subject created once per semester"
Subject,src/lib/content/master-syllabus-data.ts,id=96,semester,"Multi-semester source row ""II/IV/VI"" expanded into Semester 6 (and 2 other term(s)) — same subject created once per semester"
Subject,src/lib/content/master-syllabus-data.ts,id=97,semester,"Multi-semester source row ""II/IV/VI"" expanded into Semester 2 (and 2 other term(s)) — same subject created once per semester"
Subject,src/lib/content/master-syllabus-data.ts,id=97,semester,"Multi-semester source row ""II/IV/VI"" expanded into Semester 4 (and 2 other term(s)) — same subject created once per semester"
Subject,src/lib/content/master-syllabus-data.ts,id=97,semester,"Multi-semester source row ""II/IV/VI"" expanded into Semester 6 (and 2 other term(s)) — same subject created once per semester"
Subject,src/lib/content/master-syllabus-data.ts,id=98,semester,"Multi-semester source row ""II/IV/VI"" expanded into Semester 2 (and 2 other term(s)) — same subject created once per semester"
Subject,src/lib/content/master-syllabus-data.ts,id=98,semester,"Multi-semester source row ""II/IV/VI"" expanded into Semester 4 (and 2 other term(s)) — same subject created once per semester"
Subject,src/lib/content/master-syllabus-data.ts,id=98,semester,"Multi-semester source row ""II/IV/VI"" expanded into Semester 6 (and 2 other term(s)) — same subject created once per semester"
Subject,src/lib/content/master-syllabus-data.ts,id=99,semester,"Multi-semester source row ""II/IV/VI"" expanded into Semester 2 (and 2 other term(s)) — same subject created once per semester"
Subject,src/lib/content/master-syllabus-data.ts,id=99,semester,"Multi-semester source row ""II/IV/VI"" expanded into Semester 4 (and 2 other term(s)) — same subject created once per semester"
Subject,src/lib/content/master-syllabus-data.ts,id=99,semester,"Multi-semester source row ""II/IV/VI"" expanded into Semester 6 (and 2 other term(s)) — same subject created once per semester"
Subject,src/lib/content/master-syllabus-data.ts,id=100,semester,"Multi-semester source row ""II/IV/VI"" expanded into Semester 2 (and 2 other term(s)) — same subject created once per semester"
Subject,src/lib/content/master-syllabus-data.ts,id=100,semester,"Multi-semester source row ""II/IV/VI"" expanded into Semester 4 (and 2 other term(s)) — same subject created once per semester"
Subject,src/lib/content/master-syllabus-data.ts,id=100,semester,"Multi-semester source row ""II/IV/VI"" expanded into Semester 6 (and 2 other term(s)) — same subject created once per semester"
Subject,src/lib/content/master-syllabus-data.ts,id=101,semester,"Multi-semester source row ""II/IV/VI"" expanded into Semester 2 (and 2 other term(s)) — same subject created once per semester"
Subject,src/lib/content/master-syllabus-data.ts,id=101,semester,"Multi-semester source row ""II/IV/VI"" expanded into Semester 4 (and 2 other term(s)) — same subject created once per semester"
Subject,src/lib/content/master-syllabus-data.ts,id=101,semester,"Multi-semester source row ""II/IV/VI"" expanded into Semester 6 (and 2 other term(s)) — same subject created once per semester"
Subject,src/lib/content/master-syllabus-data.ts,id=102,semester,"Multi-semester source row ""II/IV/VI"" expanded into Semester 2 (and 2 other term(s)) — same subject created once per semester"
Subject,src/lib/content/master-syllabus-data.ts,id=102,semester,"Multi-semester source row ""II/IV/VI"" expanded into Semester 4 (and 2 other term(s)) — same subject created once per semester"
Subject,src/lib/content/master-syllabus-data.ts,id=102,semester,"Multi-semester source row ""II/IV/VI"" expanded into Semester 6 (and 2 other term(s)) — same subject created once per semester"
Subject,src/lib/content/master-syllabus-data.ts,id=103,semester,"Multi-semester source row ""II/IV/VI"" expanded into Semester 2 (and 2 other term(s)) — same subject created once per semester"
Subject,src/lib/content/master-syllabus-data.ts,id=103,semester,"Multi-semester source row ""II/IV/VI"" expanded into Semester 4 (and 2 other term(s)) — same subject created once per semester"
Subject,src/lib/content/master-syllabus-data.ts,id=103,semester,"Multi-semester source row ""II/IV/VI"" expanded into Semester 6 (and 2 other term(s)) — same subject created once per semester"
Subject,src/lib/content/master-syllabus-data.ts,id=126,semester,"Multi-semester source row ""VI/VII"" expanded into Semester 6 (and 1 other term(s)) — same subject created once per semester"
Subject,src/lib/content/master-syllabus-data.ts,id=126,semester,"Multi-semester source row ""VI/VII"" expanded into Semester 7 (and 1 other term(s)) — same subject created once per semester"
Subject,src/lib/content/master-syllabus-data.ts,id=146,semester,"Multi-semester source row ""I/III/V/VII"" expanded into Semester 1 (and 3 other term(s)) — same subject created once per semester"
Subject,src/lib/content/master-syllabus-data.ts,id=146,semester,"Multi-semester source row ""I/III/V/VII"" expanded into Semester 3 (and 3 other term(s)) — same subject created once per semester"
Subject,src/lib/content/master-syllabus-data.ts,id=146,semester,"Multi-semester source row ""I/III/V/VII"" expanded into Semester 5 (and 3 other term(s)) — same subject created once per semester"
Subject,src/lib/content/master-syllabus-data.ts,id=146,semester,"Multi-semester source row ""I/III/V/VII"" expanded into Semester 7 (and 3 other term(s)) — same subject created once per semester"
Subject,src/lib/content/master-syllabus-data.ts,id=147,semester,"Multi-semester source row ""I/III/V/VII"" expanded into Semester 1 (and 3 other term(s)) — same subject created once per semester"
Subject,src/lib/content/master-syllabus-data.ts,id=147,semester,"Multi-semester source row ""I/III/V/VII"" expanded into Semester 3 (and 3 other term(s)) — same subject created once per semester"
Subject,src/lib/content/master-syllabus-data.ts,id=147,semester,"Multi-semester source row ""I/III/V/VII"" expanded into Semester 5 (and 3 other term(s)) — same subject created once per semester"
Subject,src/lib/content/master-syllabus-data.ts,id=147,semester,"Multi-semester source row ""I/III/V/VII"" expanded into Semester 7 (and 3 other term(s)) — same subject created once per semester"
Subject,src/lib/content/master-syllabus-data.ts,id=148,semester,"Multi-semester source row ""I/III/V/VII"" expanded into Semester 1 (and 3 other term(s)) — same subject created once per semester"
Subject,src/lib/content/master-syllabus-data.ts,id=148,semester,"Multi-semester source row ""I/III/V/VII"" expanded into Semester 3 (and 3 other term(s)) — same subject created once per semester"
Subject,src/lib/content/master-syllabus-data.ts,id=148,semester,"Multi-semester source row ""I/III/V/VII"" expanded into Semester 5 (and 3 other term(s)) — same subject created once per semester"
Subject,src/lib/content/master-syllabus-data.ts,id=148,semester,"Multi-semester source row ""I/III/V/VII"" expanded into Semester 7 (and 3 other term(s)) — same subject created once per semester"
Subject,src/lib/content/master-syllabus-data.ts,id=149,semester,"Multi-semester source row ""I/III/V/VII"" expanded into Semester 1 (and 3 other term(s)) — same subject created once per semester"
Subject,src/lib/content/master-syllabus-data.ts,id=149,semester,"Multi-semester source row ""I/III/V/VII"" expanded into Semester 3 (and 3 other term(s)) — same subject created once per semester"
Subject,src/lib/content/master-syllabus-data.ts,id=149,semester,"Multi-semester source row ""I/III/V/VII"" expanded into Semester 5 (and 3 other term(s)) — same subject created once per semester"
Subject,src/lib/content/master-syllabus-data.ts,id=149,semester,"Multi-semester source row ""I/III/V/VII"" expanded into Semester 7 (and 3 other term(s)) — same subject created once per semester"
Subject,src/lib/content/master-syllabus-data.ts,id=150,semester,"Multi-semester source row ""I/III/V/VII"" expanded into Semester 1 (and 3 other term(s)) — same subject created once per semester"
Subject,src/lib/content/master-syllabus-data.ts,id=150,semester,"Multi-semester source row ""I/III/V/VII"" expanded into Semester 3 (and 3 other term(s)) — same subject created once per semester"
Subject,src/lib/content/master-syllabus-data.ts,id=150,semester,"Multi-semester source row ""I/III/V/VII"" expanded into Semester 5 (and 3 other term(s)) — same subject created once per semester"
Subject,src/lib/content/master-syllabus-data.ts,id=150,semester,"Multi-semester source row ""I/III/V/VII"" expanded into Semester 7 (and 3 other term(s)) — same subject created once per semester"
Subject,src/lib/content/master-syllabus-data.ts,id=151,semester,"Multi-semester source row ""I/III/V/VII"" expanded into Semester 1 (and 3 other term(s)) — same subject created once per semester"
Subject,src/lib/content/master-syllabus-data.ts,id=151,semester,"Multi-semester source row ""I/III/V/VII"" expanded into Semester 3 (and 3 other term(s)) — same subject created once per semester"
Subject,src/lib/content/master-syllabus-data.ts,id=151,semester,"Multi-semester source row ""I/III/V/VII"" expanded into Semester 5 (and 3 other term(s)) — same subject created once per semester"
Subject,src/lib/content/master-syllabus-data.ts,id=151,semester,"Multi-semester source row ""I/III/V/VII"" expanded into Semester 7 (and 3 other term(s)) — same subject created once per semester"
Subject,src/lib/content/master-syllabus-data.ts,id=152,semester,"Multi-semester source row ""I/III/V/VII"" expanded into Semester 1 (and 3 other term(s)) — same subject created once per semester"
Subject,src/lib/content/master-syllabus-data.ts,id=152,semester,"Multi-semester source row ""I/III/V/VII"" expanded into Semester 3 (and 3 other term(s)) — same subject created once per semester"
Subject,src/lib/content/master-syllabus-data.ts,id=152,semester,"Multi-semester source row ""I/III/V/VII"" expanded into Semester 5 (and 3 other term(s)) — same subject created once per semester"
Subject,src/lib/content/master-syllabus-data.ts,id=152,semester,"Multi-semester source row ""I/III/V/VII"" expanded into Semester 7 (and 3 other term(s)) — same subject created once per semester"
Subject,src/lib/content/master-syllabus-data.ts,id=153,semester,"Multi-semester source row ""I/III/V/VII"" expanded into Semester 1 (and 3 other term(s)) — same subject created once per semester"
Subject,src/lib/content/master-syllabus-data.ts,id=153,semester,"Multi-semester source row ""I/III/V/VII"" expanded into Semester 3 (and 3 other term(s)) — same subject created once per semester"
Subject,src/lib/content/master-syllabus-data.ts,id=153,semester,"Multi-semester source row ""I/III/V/VII"" expanded into Semester 5 (and 3 other term(s)) — same subject created once per semester"
Subject,src/lib/content/master-syllabus-data.ts,id=153,semester,"Multi-semester source row ""I/III/V/VII"" expanded into Semester 7 (and 3 other term(s)) — same subject created once per semester"
Subject,src/lib/content/master-syllabus-data.ts,id=154,semester,"Multi-semester source row ""I/III/V/VII"" expanded into Semester 1 (and 3 other term(s)) — same subject created once per semester"
Subject,src/lib/content/master-syllabus-data.ts,id=154,semester,"Multi-semester source row ""I/III/V/VII"" expanded into Semester 3 (and 3 other term(s)) — same subject created once per semester"
Subject,src/lib/content/master-syllabus-data.ts,id=154,semester,"Multi-semester source row ""I/III/V/VII"" expanded into Semester 5 (and 3 other term(s)) — same subject created once per semester"
Subject,src/lib/content/master-syllabus-data.ts,id=154,semester,"Multi-semester source row ""I/III/V/VII"" expanded into Semester 7 (and 3 other term(s)) — same subject created once per semester"
Subject,src/lib/content/master-syllabus-data.ts,id=158,semester,"Multi-semester source row ""II/IV/VI/VIII"" expanded into Semester 2 (and 3 other term(s)) — same subject created once per semester"
Subject,src/lib/content/master-syllabus-data.ts,id=158,semester,"Multi-semester source row ""II/IV/VI/VIII"" expanded into Semester 4 (and 3 other term(s)) — same subject created once per semester"
Subject,src/lib/content/master-syllabus-data.ts,id=158,semester,"Multi-semester source row ""II/IV/VI/VIII"" expanded into Semester 6 (and 3 other term(s)) — same subject created once per semester"
Subject,src/lib/content/master-syllabus-data.ts,id=158,semester,"Multi-semester source row ""II/IV/VI/VIII"" expanded into Semester 8 (and 3 other term(s)) — same subject created once per semester"
Subject,src/lib/content/master-syllabus-data.ts,id=159,semester,"Multi-semester source row ""II/IV/VI/VIII"" expanded into Semester 2 (and 3 other term(s)) — same subject created once per semester"
Subject,src/lib/content/master-syllabus-data.ts,id=159,semester,"Multi-semester source row ""II/IV/VI/VIII"" expanded into Semester 4 (and 3 other term(s)) — same subject created once per semester"
Subject,src/lib/content/master-syllabus-data.ts,id=159,semester,"Multi-semester source row ""II/IV/VI/VIII"" expanded into Semester 6 (and 3 other term(s)) — same subject created once per semester"
Subject,src/lib/content/master-syllabus-data.ts,id=159,semester,"Multi-semester source row ""II/IV/VI/VIII"" expanded into Semester 8 (and 3 other term(s)) — same subject created once per semester"
Subject,src/lib/content/master-syllabus-data.ts,id=160,semester,"Multi-semester source row ""II/IV/VI/VIII"" expanded into Semester 2 (and 3 other term(s)) — same subject created once per semester"
Subject,src/lib/content/master-syllabus-data.ts,id=160,semester,"Multi-semester source row ""II/IV/VI/VIII"" expanded into Semester 4 (and 3 other term(s)) — same subject created once per semester"
Subject,src/lib/content/master-syllabus-data.ts,id=160,semester,"Multi-semester source row ""II/IV/VI/VIII"" expanded into Semester 6 (and 3 other term(s)) — same subject created once per semester"
Subject,src/lib/content/master-syllabus-data.ts,id=160,semester,"Multi-semester source row ""II/IV/VI/VIII"" expanded into Semester 8 (and 3 other term(s)) — same subject created once per semester"
Subject,src/lib/content/master-syllabus-data.ts,id=161,semester,"Multi-semester source row ""II/IV/VI/VIII"" expanded into Semester 2 (and 3 other term(s)) — same subject created once per semester"
Subject,src/lib/content/master-syllabus-data.ts,id=161,semester,"Multi-semester source row ""II/IV/VI/VIII"" expanded into Semester 4 (and 3 other term(s)) — same subject created once per semester"
Subject,src/lib/content/master-syllabus-data.ts,id=161,semester,"Multi-semester source row ""II/IV/VI/VIII"" expanded into Semester 6 (and 3 other term(s)) — same subject created once per semester"
Subject,src/lib/content/master-syllabus-data.ts,id=161,semester,"Multi-semester source row ""II/IV/VI/VIII"" expanded into Semester 8 (and 3 other term(s)) — same subject created once per semester"
Subject,src/lib/content/master-syllabus-data.ts,id=162,semester,"Multi-semester source row ""II/IV/VI/VIII"" expanded into Semester 2 (and 3 other term(s)) — same subject created once per semester"
Subject,src/lib/content/master-syllabus-data.ts,id=162,semester,"Multi-semester source row ""II/IV/VI/VIII"" expanded into Semester 4 (and 3 other term(s)) — same subject created once per semester"
Subject,src/lib/content/master-syllabus-data.ts,id=162,semester,"Multi-semester source row ""II/IV/VI/VIII"" expanded into Semester 6 (and 3 other term(s)) — same subject created once per semester"
Subject,src/lib/content/master-syllabus-data.ts,id=162,semester,"Multi-semester source row ""II/IV/VI/VIII"" expanded into Semester 8 (and 3 other term(s)) — same subject created once per semester"
Subject,src/lib/content/master-syllabus-data.ts,id=163,semester,"Multi-semester source row ""II/IV/VI/VIII"" expanded into Semester 2 (and 3 other term(s)) — same subject created once per semester"
Subject,src/lib/content/master-syllabus-data.ts,id=163,semester,"Multi-semester source row ""II/IV/VI/VIII"" expanded into Semester 4 (and 3 other term(s)) — same subject created once per semester"
Subject,src/lib/content/master-syllabus-data.ts,id=163,semester,"Multi-semester source row ""II/IV/VI/VIII"" expanded into Semester 6 (and 3 other term(s)) — same subject created once per semester"
Subject,src/lib/content/master-syllabus-data.ts,id=163,semester,"Multi-semester source row ""II/IV/VI/VIII"" expanded into Semester 8 (and 3 other term(s)) — same subject created once per semester"
Subject,src/lib/content/master-syllabus-data.ts,id=164,semester,"Multi-semester source row ""II/IV/VI/VIII"" expanded into Semester 2 (and 3 other term(s)) — same subject created once per semester"
Subject,src/lib/content/master-syllabus-data.ts,id=164,semester,"Multi-semester source row ""II/IV/VI/VIII"" expanded into Semester 4 (and 3 other term(s)) — same subject created once per semester"
Subject,src/lib/content/master-syllabus-data.ts,id=164,semester,"Multi-semester source row ""II/IV/VI/VIII"" expanded into Semester 6 (and 3 other term(s)) — same subject created once per semester"
Subject,src/lib/content/master-syllabus-data.ts,id=164,semester,"Multi-semester source row ""II/IV/VI/VIII"" expanded into Semester 8 (and 3 other term(s)) — same subject created once per semester"
Subject,src/lib/content/master-syllabus-data.ts,id=165,semester,"Multi-semester source row ""II/IV/VI/VIII"" expanded into Semester 2 (and 3 other term(s)) — same subject created once per semester"
Subject,src/lib/content/master-syllabus-data.ts,id=165,semester,"Multi-semester source row ""II/IV/VI/VIII"" expanded into Semester 4 (and 3 other term(s)) — same subject created once per semester"
Subject,src/lib/content/master-syllabus-data.ts,id=165,semester,"Multi-semester source row ""II/IV/VI/VIII"" expanded into Semester 6 (and 3 other term(s)) — same subject created once per semester"
Subject,src/lib/content/master-syllabus-data.ts,id=165,semester,"Multi-semester source row ""II/IV/VI/VIII"" expanded into Semester 8 (and 3 other term(s)) — same subject created once per semester"
Subject,src/lib/content/master-syllabus-data.ts,id=170,semester,"Multi-semester source row ""III/ V"" expanded into Semester 3 (and 1 other term(s)) — same subject created once per semester"
Subject,src/lib/content/master-syllabus-data.ts,id=170,semester,"Multi-semester source row ""III/ V"" expanded into Semester 5 (and 1 other term(s)) — same subject created once per semester"
Subject,src/lib/content/master-syllabus-data.ts,id=172,semester,"Multi-semester source row ""III/ IV"" expanded into Semester 3 (and 1 other term(s)) — same subject created once per semester"
Subject,src/lib/content/master-syllabus-data.ts,id=172,semester,"Multi-semester source row ""III/ IV"" expanded into Semester 4 (and 1 other term(s)) — same subject created once per semester"
Subject,src/lib/content/master-syllabus-data.ts,id=173,semester,"Multi-semester source row ""III/ V"" expanded into Semester 3 (and 1 other term(s)) — same subject created once per semester"
Subject,src/lib/content/master-syllabus-data.ts,id=173,semester,"Multi-semester source row ""III/ V"" expanded into Semester 5 (and 1 other term(s)) — same subject created once per semester"
Subject,src/lib/content/master-syllabus-data.ts,id=174,semester,"Multi-semester source row ""III/ IV"" expanded into Semester 3 (and 1 other term(s)) — same subject created once per semester"
Subject,src/lib/content/master-syllabus-data.ts,id=174,semester,"Multi-semester source row ""III/ IV"" expanded into Semester 4 (and 1 other term(s)) — same subject created once per semester"
Subject,src/lib/content/master-syllabus-data.ts,id=175,semester,"Multi-semester source row ""III/ IV"" expanded into Semester 3 (and 1 other term(s)) — same subject created once per semester"
Subject,src/lib/content/master-syllabus-data.ts,id=175,semester,"Multi-semester source row ""III/ IV"" expanded into Semester 4 (and 1 other term(s)) — same subject created once per semester"
Subject,src/lib/content/master-syllabus-data.ts,id=177,semester,"Multi-semester source row ""III/ VI"" expanded into Semester 3 (and 1 other term(s)) — same subject created once per semester"
Subject,src/lib/content/master-syllabus-data.ts,id=177,semester,"Multi-semester source row ""III/ VI"" expanded into Semester 6 (and 1 other term(s)) — same subject created once per semester"
Subject,src/lib/content/master-syllabus-data.ts,id=178,semester,"Multi-semester source row ""III/ V"" expanded into Semester 3 (and 1 other term(s)) — same subject created once per semester"
Subject,src/lib/content/master-syllabus-data.ts,id=178,semester,"Multi-semester source row ""III/ V"" expanded into Semester 5 (and 1 other term(s)) — same subject created once per semester"
Subject,src/lib/content/master-syllabus-data.ts,id=225,semester,"Multi-semester source row ""VI/VII"" expanded into Semester 6 (and 1 other term(s)) — same subject created once per semester"
Subject,src/lib/content/master-syllabus-data.ts,id=225,semester,"Multi-semester source row ""VI/VII"" expanded into Semester 7 (and 1 other term(s)) — same subject created once per semester"
Subject,src/lib/content/master-syllabus-data.ts,id=239,semester,"Multi-semester source row ""I/III/IV/V"" expanded into Semester 1 (and 3 other term(s)) — same subject created once per semester"
Subject,src/lib/content/master-syllabus-data.ts,id=239,semester,"Multi-semester source row ""I/III/IV/V"" expanded into Semester 3 (and 3 other term(s)) — same subject created once per semester"
Subject,src/lib/content/master-syllabus-data.ts,id=239,semester,"Multi-semester source row ""I/III/IV/V"" expanded into Semester 4 (and 3 other term(s)) — same subject created once per semester"
Subject,src/lib/content/master-syllabus-data.ts,id=239,semester,"Multi-semester source row ""I/III/IV/V"" expanded into Semester 5 (and 3 other term(s)) — same subject created once per semester"
Subject,src/lib/content/master-syllabus-data.ts,id=240,semester,"Multi-semester source row ""I/III/IV/V"" expanded into Semester 1 (and 3 other term(s)) — same subject created once per semester"
Subject,src/lib/content/master-syllabus-data.ts,id=240,semester,"Multi-semester source row ""I/III/IV/V"" expanded into Semester 3 (and 3 other term(s)) — same subject created once per semester"
Subject,src/lib/content/master-syllabus-data.ts,id=240,semester,"Multi-semester source row ""I/III/IV/V"" expanded into Semester 4 (and 3 other term(s)) — same subject created once per semester"
Subject,src/lib/content/master-syllabus-data.ts,id=240,semester,"Multi-semester source row ""I/III/IV/V"" expanded into Semester 5 (and 3 other term(s)) — same subject created once per semester"
Subject,src/lib/content/master-syllabus-data.ts,id=241,semester,"Multi-semester source row ""I/III/IV/V"" expanded into Semester 1 (and 3 other term(s)) — same subject created once per semester"
Subject,src/lib/content/master-syllabus-data.ts,id=241,semester,"Multi-semester source row ""I/III/IV/V"" expanded into Semester 3 (and 3 other term(s)) — same subject created once per semester"
Subject,src/lib/content/master-syllabus-data.ts,id=241,semester,"Multi-semester source row ""I/III/IV/V"" expanded into Semester 4 (and 3 other term(s)) — same subject created once per semester"
Subject,src/lib/content/master-syllabus-data.ts,id=241,semester,"Multi-semester source row ""I/III/IV/V"" expanded into Semester 5 (and 3 other term(s)) — same subject created once per semester"
Subject,src/lib/content/master-syllabus-data.ts,id=242,semester,"Multi-semester source row ""I/II/III"" expanded into Semester 1 (and 2 other term(s)) — same subject created once per semester"
Subject,src/lib/content/master-syllabus-data.ts,id=242,semester,"Multi-semester source row ""I/II/III"" expanded into Semester 2 (and 2 other term(s)) — same subject created once per semester"
Subject,src/lib/content/master-syllabus-data.ts,id=242,semester,"Multi-semester source row ""I/II/III"" expanded into Semester 3 (and 2 other term(s)) — same subject created once per semester"
Subject,src/lib/content/master-syllabus-data.ts,id=243,semester,"Multi-semester source row ""I/III/IV/V"" expanded into Semester 1 (and 3 other term(s)) — same subject created once per semester"
Subject,src/lib/content/master-syllabus-data.ts,id=243,semester,"Multi-semester source row ""I/III/IV/V"" expanded into Semester 3 (and 3 other term(s)) — same subject created once per semester"
Subject,src/lib/content/master-syllabus-data.ts,id=243,semester,"Multi-semester source row ""I/III/IV/V"" expanded into Semester 4 (and 3 other term(s)) — same subject created once per semester"
Subject,src/lib/content/master-syllabus-data.ts,id=243,semester,"Multi-semester source row ""I/III/IV/V"" expanded into Semester 5 (and 3 other term(s)) — same subject created once per semester"
Subject,src/lib/content/master-syllabus-data.ts,id=244,semester,"Multi-semester source row ""I/III/IV/V"" expanded into Semester 1 (and 3 other term(s)) — same subject created once per semester"
Subject,src/lib/content/master-syllabus-data.ts,id=244,semester,"Multi-semester source row ""I/III/IV/V"" expanded into Semester 3 (and 3 other term(s)) — same subject created once per semester"
Subject,src/lib/content/master-syllabus-data.ts,id=244,semester,"Multi-semester source row ""I/III/IV/V"" expanded into Semester 4 (and 3 other term(s)) — same subject created once per semester"
Subject,src/lib/content/master-syllabus-data.ts,id=244,semester,"Multi-semester source row ""I/III/IV/V"" expanded into Semester 5 (and 3 other term(s)) — same subject created once per semester"
Subject,src/lib/content/master-syllabus-data.ts,id=245,semester,"Multi-semester source row ""I/III/IV/V"" expanded into Semester 1 (and 3 other term(s)) — same subject created once per semester"
Subject,src/lib/content/master-syllabus-data.ts,id=245,semester,"Multi-semester source row ""I/III/IV/V"" expanded into Semester 3 (and 3 other term(s)) — same subject created once per semester"
Subject,src/lib/content/master-syllabus-data.ts,id=245,semester,"Multi-semester source row ""I/III/IV/V"" expanded into Semester 4 (and 3 other term(s)) — same subject created once per semester"
Subject,src/lib/content/master-syllabus-data.ts,id=245,semester,"Multi-semester source row ""I/III/IV/V"" expanded into Semester 5 (and 3 other term(s)) — same subject created once per semester"
Subject,src/lib/content/master-syllabus-data.ts,id=280,semester,"Multi-semester source row ""VI/VII"" expanded into Semester 6 (and 1 other term(s)) — same subject created once per semester"
Subject,src/lib/content/master-syllabus-data.ts,id=280,semester,"Multi-semester source row ""VI/VII"" expanded into Semester 7 (and 1 other term(s)) — same subject created once per semester"
Subject,src/lib/content/master-syllabus-data.ts,id=299,semester,"Multi-semester source row ""I/IV"" expanded into Semester 1 (and 1 other term(s)) — same subject created once per semester"
Subject,src/lib/content/master-syllabus-data.ts,id=299,semester,"Multi-semester source row ""I/IV"" expanded into Semester 4 (and 1 other term(s)) — same subject created once per semester"
Subject,src/lib/content/master-syllabus-data.ts,id=300,semester,"Multi-semester source row ""I/II"" expanded into Semester 1 (and 1 other term(s)) — same subject created once per semester"
Subject,src/lib/content/master-syllabus-data.ts,id=300,semester,"Multi-semester source row ""I/II"" expanded into Semester 2 (and 1 other term(s)) — same subject created once per semester"
Subject,src/lib/content/master-syllabus-data.ts,id=304,semester,"Multi-semester source row ""II/III/IV/V"" expanded into Semester 2 (and 3 other term(s)) — same subject created once per semester"
Subject,src/lib/content/master-syllabus-data.ts,id=304,semester,"Multi-semester source row ""II/III/IV/V"" expanded into Semester 3 (and 3 other term(s)) — same subject created once per semester"
Subject,src/lib/content/master-syllabus-data.ts,id=304,semester,"Multi-semester source row ""II/III/IV/V"" expanded into Semester 4 (and 3 other term(s)) — same subject created once per semester"
Subject,src/lib/content/master-syllabus-data.ts,id=304,semester,"Multi-semester source row ""II/III/IV/V"" expanded into Semester 5 (and 3 other term(s)) — same subject created once per semester"
Subject,src/lib/content/master-syllabus-data.ts,id=305,semester,"Multi-semester source row ""II/III/IV/V"" expanded into Semester 2 (and 3 other term(s)) — same subject created once per semester"
Subject,src/lib/content/master-syllabus-data.ts,id=305,semester,"Multi-semester source row ""II/III/IV/V"" expanded into Semester 3 (and 3 other term(s)) — same subject created once per semester"
Subject,src/lib/content/master-syllabus-data.ts,id=305,semester,"Multi-semester source row ""II/III/IV/V"" expanded into Semester 4 (and 3 other term(s)) — same subject created once per semester"
Subject,src/lib/content/master-syllabus-data.ts,id=305,semester,"Multi-semester source row ""II/III/IV/V"" expanded into Semester 5 (and 3 other term(s)) — same subject created once per semester"
Subject,src/lib/content/master-syllabus-data.ts,id=309,semester,"Multi-semester source row ""III/V"" expanded into Semester 3 (and 1 other term(s)) — same subject created once per semester"
Subject,src/lib/content/master-syllabus-data.ts,id=309,semester,"Multi-semester source row ""III/V"" expanded into Semester 5 (and 1 other term(s)) — same subject created once per semester"
Subject,src/lib/content/master-syllabus-data.ts,id=310,semester,"Multi-semester source row ""III/V"" expanded into Semester 3 (and 1 other term(s)) — same subject created once per semester"
Subject,src/lib/content/master-syllabus-data.ts,id=310,semester,"Multi-semester source row ""III/V"" expanded into Semester 5 (and 1 other term(s)) — same subject created once per semester"
Subject,src/lib/content/master-syllabus-data.ts,id=311,semester,"Multi-semester source row ""III/IV/V"" expanded into Semester 3 (and 2 other term(s)) — same subject created once per semester"
Subject,src/lib/content/master-syllabus-data.ts,id=311,semester,"Multi-semester source row ""III/IV/V"" expanded into Semester 4 (and 2 other term(s)) — same subject created once per semester"
Subject,src/lib/content/master-syllabus-data.ts,id=311,semester,"Multi-semester source row ""III/IV/V"" expanded into Semester 5 (and 2 other term(s)) — same subject created once per semester"
Subject,src/lib/content/master-syllabus-data.ts,id=315,semester,"Multi-semester source row ""IV/VI"" expanded into Semester 4 (and 1 other term(s)) — same subject created once per semester"
Subject,src/lib/content/master-syllabus-data.ts,id=315,semester,"Multi-semester source row ""IV/VI"" expanded into Semester 6 (and 1 other term(s)) — same subject created once per semester"
Subject,src/lib/content/master-syllabus-data.ts,id=316,semester,"Multi-semester source row ""IV/VI"" expanded into Semester 4 (and 1 other term(s)) — same subject created once per semester"
Subject,src/lib/content/master-syllabus-data.ts,id=316,semester,"Multi-semester source row ""IV/VI"" expanded into Semester 6 (and 1 other term(s)) — same subject created once per semester"
Subject,src/lib/content/master-syllabus-data.ts,id=317,semester,"Multi-semester source row ""IV/VI/VII"" expanded into Semester 4 (and 2 other term(s)) — same subject created once per semester"
Subject,src/lib/content/master-syllabus-data.ts,id=317,semester,"Multi-semester source row ""IV/VI/VII"" expanded into Semester 6 (and 2 other term(s)) — same subject created once per semester"
Subject,src/lib/content/master-syllabus-data.ts,id=317,semester,"Multi-semester source row ""IV/VI/VII"" expanded into Semester 7 (and 2 other term(s)) — same subject created once per semester"
Subject,src/lib/content/master-syllabus-data.ts,id=318,semester,"Multi-semester source row ""IV/VI"" expanded into Semester 4 (and 1 other term(s)) — same subject created once per semester"
Subject,src/lib/content/master-syllabus-data.ts,id=318,semester,"Multi-semester source row ""IV/VI"" expanded into Semester 6 (and 1 other term(s)) — same subject created once per semester"
Subject,src/lib/content/master-syllabus-data.ts,id=323,semester,"Multi-semester source row ""V/VII"" expanded into Semester 5 (and 1 other term(s)) — same subject created once per semester"
Subject,src/lib/content/master-syllabus-data.ts,id=323,semester,"Multi-semester source row ""V/VII"" expanded into Semester 7 (and 1 other term(s)) — same subject created once per semester"
Subject,src/lib/content/master-syllabus-data.ts,id=324,semester,"Multi-semester source row ""V/VII"" expanded into Semester 5 (and 1 other term(s)) — same subject created once per semester"
Subject,src/lib/content/master-syllabus-data.ts,id=324,semester,"Multi-semester source row ""V/VII"" expanded into Semester 7 (and 1 other term(s)) — same subject created once per semester"
Subject,src/lib/content/master-syllabus-data.ts,id=325,semester,"Multi-semester source row ""V/VII"" expanded into Semester 5 (and 1 other term(s)) — same subject created once per semester"
Subject,src/lib/content/master-syllabus-data.ts,id=325,semester,"Multi-semester source row ""V/VII"" expanded into Semester 7 (and 1 other term(s)) — same subject created once per semester"
Subject,src/lib/content/master-syllabus-data.ts,id=326,semester,"Multi-semester source row ""V/VII"" expanded into Semester 5 (and 1 other term(s)) — same subject created once per semester"
Subject,src/lib/content/master-syllabus-data.ts,id=326,semester,"Multi-semester source row ""V/VII"" expanded into Semester 7 (and 1 other term(s)) — same subject created once per semester"
Subject,src/lib/content/master-syllabus-data.ts,id=327,semester,"Multi-semester source row ""V/VI/VII/VIII"" expanded into Semester 5 (and 3 other term(s)) — same subject created once per semester"
Subject,src/lib/content/master-syllabus-data.ts,id=327,semester,"Multi-semester source row ""V/VI/VII/VIII"" expanded into Semester 6 (and 3 other term(s)) — same subject created once per semester"
Subject,src/lib/content/master-syllabus-data.ts,id=327,semester,"Multi-semester source row ""V/VI/VII/VIII"" expanded into Semester 7 (and 3 other term(s)) — same subject created once per semester"
Subject,src/lib/content/master-syllabus-data.ts,id=327,semester,"Multi-semester source row ""V/VI/VII/VIII"" expanded into Semester 8 (and 3 other term(s)) — same subject created once per semester"
Subject,src/lib/content/master-syllabus-data.ts,id=328,semester,"Multi-semester source row ""V/VI/VII/VIII"" expanded into Semester 5 (and 3 other term(s)) — same subject created once per semester"
Subject,src/lib/content/master-syllabus-data.ts,id=328,semester,"Multi-semester source row ""V/VI/VII/VIII"" expanded into Semester 6 (and 3 other term(s)) — same subject created once per semester"
Subject,src/lib/content/master-syllabus-data.ts,id=328,semester,"Multi-semester source row ""V/VI/VII/VIII"" expanded into Semester 7 (and 3 other term(s)) — same subject created once per semester"
Subject,src/lib/content/master-syllabus-data.ts,id=328,semester,"Multi-semester source row ""V/VI/VII/VIII"" expanded into Semester 8 (and 3 other term(s)) — same subject created once per semester"
Subject,src/lib/content/master-syllabus-data.ts,id=329,semester,"Multi-semester source row ""V/VI"" expanded into Semester 5 (and 1 other term(s)) — same subject created once per semester"
Subject,src/lib/content/master-syllabus-data.ts,id=329,semester,"Multi-semester source row ""V/VI"" expanded into Semester 6 (and 1 other term(s)) — same subject created once per semester"
Subject,src/lib/content/master-syllabus-data.ts,id=333,semester,"Multi-semester source row ""VI/VIII"" expanded into Semester 6 (and 1 other term(s)) — same subject created once per semester"
Subject,src/lib/content/master-syllabus-data.ts,id=333,semester,"Multi-semester source row ""VI/VIII"" expanded into Semester 8 (and 1 other term(s)) — same subject created once per semester"
Subject,src/lib/content/master-syllabus-data.ts,id=334,semester,"Multi-semester source row ""VI/VIII"" expanded into Semester 6 (and 1 other term(s)) — same subject created once per semester"
Subject,src/lib/content/master-syllabus-data.ts,id=334,semester,"Multi-semester source row ""VI/VIII"" expanded into Semester 8 (and 1 other term(s)) — same subject created once per semester"
Subject,src/lib/content/master-syllabus-data.ts,id=335,semester,"Multi-semester source row ""VI/VIII"" expanded into Semester 6 (and 1 other term(s)) — same subject created once per semester"
Subject,src/lib/content/master-syllabus-data.ts,id=335,semester,"Multi-semester source row ""VI/VIII"" expanded into Semester 8 (and 1 other term(s)) — same subject created once per semester"
Subject,src/lib/content/master-syllabus-data.ts,id=347,semester,"Multi-semester source row ""I-II"" expanded into Semester 1 (and 1 other term(s)) — same subject created once per semester"
Subject,src/lib/content/master-syllabus-data.ts,id=347,semester,"Multi-semester source row ""I-II"" expanded into Semester 2 (and 1 other term(s)) — same subject created once per semester"
Subject,src/lib/content/master-syllabus-data.ts,id=348,semester,"Multi-semester source row ""I-II"" expanded into Semester 1 (and 1 other term(s)) — same subject created once per semester"
Subject,src/lib/content/master-syllabus-data.ts,id=348,semester,"Multi-semester source row ""I-II"" expanded into Semester 2 (and 1 other term(s)) — same subject created once per semester"
Subject,src/lib/content/master-syllabus-data.ts,id=349,semester,"Multi-semester source row ""I-II"" expanded into Semester 1 (and 1 other term(s)) — same subject created once per semester"
Subject,src/lib/content/master-syllabus-data.ts,id=349,semester,"Multi-semester source row ""I-II"" expanded into Semester 2 (and 1 other term(s)) — same subject created once per semester"
Subject,src/lib/content/master-syllabus-data.ts,id=356,semester,"Multi-semester source row ""III-VI"" expanded into Semester 3 (and 3 other term(s)) — same subject created once per semester"
Subject,src/lib/content/master-syllabus-data.ts,id=356,semester,"Multi-semester source row ""III-VI"" expanded into Semester 4 (and 3 other term(s)) — same subject created once per semester"
Subject,src/lib/content/master-syllabus-data.ts,id=356,semester,"Multi-semester source row ""III-VI"" expanded into Semester 5 (and 3 other term(s)) — same subject created once per semester"
Subject,src/lib/content/master-syllabus-data.ts,id=356,semester,"Multi-semester source row ""III-VI"" expanded into Semester 6 (and 3 other term(s)) — same subject created once per semester"
Subject,src/lib/content/master-syllabus-data.ts,id=357,semester,"Multi-semester source row ""III-VI"" expanded into Semester 3 (and 3 other term(s)) — same subject created once per semester"
Subject,src/lib/content/master-syllabus-data.ts,id=357,semester,"Multi-semester source row ""III-VI"" expanded into Semester 4 (and 3 other term(s)) — same subject created once per semester"
Subject,src/lib/content/master-syllabus-data.ts,id=357,semester,"Multi-semester source row ""III-VI"" expanded into Semester 5 (and 3 other term(s)) — same subject created once per semester"
Subject,src/lib/content/master-syllabus-data.ts,id=357,semester,"Multi-semester source row ""III-VI"" expanded into Semester 6 (and 3 other term(s)) — same subject created once per semester"
Subject,src/lib/content/master-syllabus-data.ts,id=358,semester,"Multi-semester source row ""III-VI"" expanded into Semester 3 (and 3 other term(s)) — same subject created once per semester"
Subject,src/lib/content/master-syllabus-data.ts,id=358,semester,"Multi-semester source row ""III-VI"" expanded into Semester 4 (and 3 other term(s)) — same subject created once per semester"
Subject,src/lib/content/master-syllabus-data.ts,id=358,semester,"Multi-semester source row ""III-VI"" expanded into Semester 5 (and 3 other term(s)) — same subject created once per semester"
Subject,src/lib/content/master-syllabus-data.ts,id=358,semester,"Multi-semester source row ""III-VI"" expanded into Semester 6 (and 3 other term(s)) — same subject created once per semester"
Subject,src/lib/content/master-syllabus-data.ts,id=359,semester,"Multi-semester source row ""III-VI"" expanded into Semester 3 (and 3 other term(s)) — same subject created once per semester"
Subject,src/lib/content/master-syllabus-data.ts,id=359,semester,"Multi-semester source row ""III-VI"" expanded into Semester 4 (and 3 other term(s)) — same subject created once per semester"
Subject,src/lib/content/master-syllabus-data.ts,id=359,semester,"Multi-semester source row ""III-VI"" expanded into Semester 5 (and 3 other term(s)) — same subject created once per semester"
Subject,src/lib/content/master-syllabus-data.ts,id=359,semester,"Multi-semester source row ""III-VI"" expanded into Semester 6 (and 3 other term(s)) — same subject created once per semester"
Subject,src/lib/content/master-syllabus-data.ts,id=360,semester,"Multi-semester source row ""III-VI"" expanded into Semester 3 (and 3 other term(s)) — same subject created once per semester"
Subject,src/lib/content/master-syllabus-data.ts,id=360,semester,"Multi-semester source row ""III-VI"" expanded into Semester 4 (and 3 other term(s)) — same subject created once per semester"
Subject,src/lib/content/master-syllabus-data.ts,id=360,semester,"Multi-semester source row ""III-VI"" expanded into Semester 5 (and 3 other term(s)) — same subject created once per semester"
Subject,src/lib/content/master-syllabus-data.ts,id=360,semester,"Multi-semester source row ""III-VI"" expanded into Semester 6 (and 3 other term(s)) — same subject created once per semester"
Subject,src/lib/content/master-syllabus-data.ts,id=361,semester,"Multi-semester source row ""III-VI"" expanded into Semester 3 (and 3 other term(s)) — same subject created once per semester"
Subject,src/lib/content/master-syllabus-data.ts,id=361,semester,"Multi-semester source row ""III-VI"" expanded into Semester 4 (and 3 other term(s)) — same subject created once per semester"
Subject,src/lib/content/master-syllabus-data.ts,id=361,semester,"Multi-semester source row ""III-VI"" expanded into Semester 5 (and 3 other term(s)) — same subject created once per semester"
Subject,src/lib/content/master-syllabus-data.ts,id=361,semester,"Multi-semester source row ""III-VI"" expanded into Semester 6 (and 3 other term(s)) — same subject created once per semester"
Subject,src/lib/content/master-syllabus-data.ts,id=362,semester,"Multi-semester source row ""III-VI"" expanded into Semester 3 (and 3 other term(s)) — same subject created once per semester"
Subject,src/lib/content/master-syllabus-data.ts,id=362,semester,"Multi-semester source row ""III-VI"" expanded into Semester 4 (and 3 other term(s)) — same subject created once per semester"
Subject,src/lib/content/master-syllabus-data.ts,id=362,semester,"Multi-semester source row ""III-VI"" expanded into Semester 5 (and 3 other term(s)) — same subject created once per semester"
Subject,src/lib/content/master-syllabus-data.ts,id=362,semester,"Multi-semester source row ""III-VI"" expanded into Semester 6 (and 3 other term(s)) — same subject created once per semester"
Subject,src/lib/content/master-syllabus-data.ts,id=363,semester,"Multi-semester source row ""III-VI"" expanded into Semester 3 (and 3 other term(s)) — same subject created once per semester"
Subject,src/lib/content/master-syllabus-data.ts,id=363,semester,"Multi-semester source row ""III-VI"" expanded into Semester 4 (and 3 other term(s)) — same subject created once per semester"
Subject,src/lib/content/master-syllabus-data.ts,id=363,semester,"Multi-semester source row ""III-VI"" expanded into Semester 5 (and 3 other term(s)) — same subject created once per semester"
Subject,src/lib/content/master-syllabus-data.ts,id=363,semester,"Multi-semester source row ""III-VI"" expanded into Semester 6 (and 3 other term(s)) — same subject created once per semester"
Subject,src/lib/content/master-syllabus-data.ts,id=364,semester,"Multi-semester source row ""III-VI"" expanded into Semester 3 (and 3 other term(s)) — same subject created once per semester"
Subject,src/lib/content/master-syllabus-data.ts,id=364,semester,"Multi-semester source row ""III-VI"" expanded into Semester 4 (and 3 other term(s)) — same subject created once per semester"
Subject,src/lib/content/master-syllabus-data.ts,id=364,semester,"Multi-semester source row ""III-VI"" expanded into Semester 5 (and 3 other term(s)) — same subject created once per semester"
Subject,src/lib/content/master-syllabus-data.ts,id=364,semester,"Multi-semester source row ""III-VI"" expanded into Semester 6 (and 3 other term(s)) — same subject created once per semester"
Subject,src/lib/content/master-syllabus-data.ts,id=365,semester,"Multi-semester source row ""III-VI"" expanded into Semester 3 (and 3 other term(s)) — same subject created once per semester"
Subject,src/lib/content/master-syllabus-data.ts,id=365,semester,"Multi-semester source row ""III-VI"" expanded into Semester 4 (and 3 other term(s)) — same subject created once per semester"
Subject,src/lib/content/master-syllabus-data.ts,id=365,semester,"Multi-semester source row ""III-VI"" expanded into Semester 5 (and 3 other term(s)) — same subject created once per semester"
Subject,src/lib/content/master-syllabus-data.ts,id=365,semester,"Multi-semester source row ""III-VI"" expanded into Semester 6 (and 3 other term(s)) — same subject created once per semester"
Subject,src/lib/content/master-syllabus-data.ts,id=366,semester,"Multi-semester source row ""III-VI"" expanded into Semester 3 (and 3 other term(s)) — same subject created once per semester"
Subject,src/lib/content/master-syllabus-data.ts,id=366,semester,"Multi-semester source row ""III-VI"" expanded into Semester 4 (and 3 other term(s)) — same subject created once per semester"
Subject,src/lib/content/master-syllabus-data.ts,id=366,semester,"Multi-semester source row ""III-VI"" expanded into Semester 5 (and 3 other term(s)) — same subject created once per semester"
Subject,src/lib/content/master-syllabus-data.ts,id=366,semester,"Multi-semester source row ""III-VI"" expanded into Semester 6 (and 3 other term(s)) — same subject created once per semester"
Subject,src/lib/content/master-syllabus-data.ts,id=367,semester,"Multi-semester source row ""III-VI"" expanded into Semester 3 (and 3 other term(s)) — same subject created once per semester"
Subject,src/lib/content/master-syllabus-data.ts,id=367,semester,"Multi-semester source row ""III-VI"" expanded into Semester 4 (and 3 other term(s)) — same subject created once per semester"
Subject,src/lib/content/master-syllabus-data.ts,id=367,semester,"Multi-semester source row ""III-VI"" expanded into Semester 5 (and 3 other term(s)) — same subject created once per semester"
Subject,src/lib/content/master-syllabus-data.ts,id=367,semester,"Multi-semester source row ""III-VI"" expanded into Semester 6 (and 3 other term(s)) — same subject created once per semester"
Subject,src/lib/content/master-syllabus-data.ts,id=368,semester,"Multi-semester source row ""III-VI"" expanded into Semester 3 (and 3 other term(s)) — same subject created once per semester"
Subject,src/lib/content/master-syllabus-data.ts,id=368,semester,"Multi-semester source row ""III-VI"" expanded into Semester 4 (and 3 other term(s)) — same subject created once per semester"
Subject,src/lib/content/master-syllabus-data.ts,id=368,semester,"Multi-semester source row ""III-VI"" expanded into Semester 5 (and 3 other term(s)) — same subject created once per semester"
Subject,src/lib/content/master-syllabus-data.ts,id=368,semester,"Multi-semester source row ""III-VI"" expanded into Semester 6 (and 3 other term(s)) — same subject created once per semester"
Subject,src/lib/content/master-syllabus-data.ts,id=369,semester,"Multi-semester source row ""III-VI"" expanded into Semester 3 (and 3 other term(s)) — same subject created once per semester"
Subject,src/lib/content/master-syllabus-data.ts,id=369,semester,"Multi-semester source row ""III-VI"" expanded into Semester 4 (and 3 other term(s)) — same subject created once per semester"
Subject,src/lib/content/master-syllabus-data.ts,id=369,semester,"Multi-semester source row ""III-VI"" expanded into Semester 5 (and 3 other term(s)) — same subject created once per semester"
Subject,src/lib/content/master-syllabus-data.ts,id=369,semester,"Multi-semester source row ""III-VI"" expanded into Semester 6 (and 3 other term(s)) — same subject created once per semester"
Subject,src/lib/content/master-syllabus-data.ts,id=370,semester,"Multi-semester source row ""III-VI"" expanded into Semester 3 (and 3 other term(s)) — same subject created once per semester"
Subject,src/lib/content/master-syllabus-data.ts,id=370,semester,"Multi-semester source row ""III-VI"" expanded into Semester 4 (and 3 other term(s)) — same subject created once per semester"
Subject,src/lib/content/master-syllabus-data.ts,id=370,semester,"Multi-semester source row ""III-VI"" expanded into Semester 5 (and 3 other term(s)) — same subject created once per semester"
Subject,src/lib/content/master-syllabus-data.ts,id=370,semester,"Multi-semester source row ""III-VI"" expanded into Semester 6 (and 3 other term(s)) — same subject created once per semester"
Subject,src/lib/content/master-syllabus-data.ts,id=371,semester,"Multi-semester source row ""III-VI"" expanded into Semester 3 (and 3 other term(s)) — same subject created once per semester"
Subject,src/lib/content/master-syllabus-data.ts,id=371,semester,"Multi-semester source row ""III-VI"" expanded into Semester 4 (and 3 other term(s)) — same subject created once per semester"
Subject,src/lib/content/master-syllabus-data.ts,id=371,semester,"Multi-semester source row ""III-VI"" expanded into Semester 5 (and 3 other term(s)) — same subject created once per semester"
Subject,src/lib/content/master-syllabus-data.ts,id=371,semester,"Multi-semester source row ""III-VI"" expanded into Semester 6 (and 3 other term(s)) — same subject created once per semester"
Subject,src/lib/content/master-syllabus-data.ts,id=372,semester,"Multi-semester source row ""III-VI"" expanded into Semester 3 (and 3 other term(s)) — same subject created once per semester"
Subject,src/lib/content/master-syllabus-data.ts,id=372,semester,"Multi-semester source row ""III-VI"" expanded into Semester 4 (and 3 other term(s)) — same subject created once per semester"
Subject,src/lib/content/master-syllabus-data.ts,id=372,semester,"Multi-semester source row ""III-VI"" expanded into Semester 5 (and 3 other term(s)) — same subject created once per semester"
Subject,src/lib/content/master-syllabus-data.ts,id=372,semester,"Multi-semester source row ""III-VI"" expanded into Semester 6 (and 3 other term(s)) — same subject created once per semester"
Subject,src/lib/content/master-syllabus-data.ts,id=379,semester,"Multi-semester source row ""V/VI"" expanded into Semester 5 (and 1 other term(s)) — same subject created once per semester"
Subject,src/lib/content/master-syllabus-data.ts,id=379,semester,"Multi-semester source row ""V/VI"" expanded into Semester 6 (and 1 other term(s)) — same subject created once per semester"
Subject,src/lib/content/master-syllabus-data.ts,id=383,semester,"Multi-semester source row ""VII/VIII"" expanded into Semester 7 (and 1 other term(s)) — same subject created once per semester"
Subject,src/lib/content/master-syllabus-data.ts,id=383,semester,"Multi-semester source row ""VII/VIII"" expanded into Semester 8 (and 1 other term(s)) — same subject created once per semester"
Subject,src/lib/content/master-syllabus-data.ts,id=384,semester,"Multi-semester source row ""VII/VIII"" expanded into Semester 7 (and 1 other term(s)) — same subject created once per semester"
Subject,src/lib/content/master-syllabus-data.ts,id=384,semester,"Multi-semester source row ""VII/VIII"" expanded into Semester 8 (and 1 other term(s)) — same subject created once per semester"
Subject,src/lib/content/master-syllabus-data.ts,id=385,semester,"Multi-semester source row ""VII/VIII"" expanded into Semester 7 (and 1 other term(s)) — same subject created once per semester"
Subject,src/lib/content/master-syllabus-data.ts,id=385,semester,"Multi-semester source row ""VII/VIII"" expanded into Semester 8 (and 1 other term(s)) — same subject created once per semester"
Subject,src/lib/content/master-syllabus-data.ts,id=386,semester,"Multi-semester source row ""VII/VIII"" expanded into Semester 7 (and 1 other term(s)) — same subject created once per semester"
Subject,src/lib/content/master-syllabus-data.ts,id=386,semester,"Multi-semester source row ""VII/VIII"" expanded into Semester 8 (and 1 other term(s)) — same subject created once per semester"
Subject,src/lib/content/master-syllabus-data.ts,id=387,semester,"Multi-semester source row ""VII/VIII"" expanded into Semester 7 (and 1 other term(s)) — same subject created once per semester"
Subject,src/lib/content/master-syllabus-data.ts,id=387,semester,"Multi-semester source row ""VII/VIII"" expanded into Semester 8 (and 1 other term(s)) — same subject created once per semester"
Subject,src/lib/content/master-syllabus-data.ts,id=389,semester,"Multi-semester source row ""VII/VIII"" expanded into Semester 7 (and 1 other term(s)) — same subject created once per semester"
Subject,src/lib/content/master-syllabus-data.ts,id=389,semester,"Multi-semester source row ""VII/VIII"" expanded into Semester 8 (and 1 other term(s)) — same subject created once per semester"
Subject,src/lib/content/master-syllabus-data.ts,id=390,semester,"Multi-semester source row ""VII/VIII"" expanded into Semester 7 (and 1 other term(s)) — same subject created once per semester"
Subject,src/lib/content/master-syllabus-data.ts,id=390,semester,"Multi-semester source row ""VII/VIII"" expanded into Semester 8 (and 1 other term(s)) — same subject created once per semester"
Subject,src/lib/content/master-syllabus-data.ts,id=391,semester,"Multi-semester source row ""VII/VIII"" expanded into Semester 7 (and 1 other term(s)) — same subject created once per semester"
Subject,src/lib/content/master-syllabus-data.ts,id=391,semester,"Multi-semester source row ""VII/VIII"" expanded into Semester 8 (and 1 other term(s)) — same subject created once per semester"
Subject,src/lib/content/master-syllabus-data.ts,id=392,semester,"Multi-semester source row ""VII/VIII"" expanded into Semester 7 (and 1 other term(s)) — same subject created once per semester"
Subject,src/lib/content/master-syllabus-data.ts,id=392,semester,"Multi-semester source row ""VII/VIII"" expanded into Semester 8 (and 1 other term(s)) — same subject created once per semester"
Subject,src/lib/content/master-syllabus-data.ts,id=393,semester,"Multi-semester source row ""VII-VIII"" expanded into Semester 7 (and 1 other term(s)) — same subject created once per semester"
Subject,src/lib/content/master-syllabus-data.ts,id=393,semester,"Multi-semester source row ""VII-VIII"" expanded into Semester 8 (and 1 other term(s)) — same subject created once per semester"
Subject,src/lib/content/master-syllabus-data.ts,id=394,semester,"Multi-semester source row ""VII-VIII"" expanded into Semester 7 (and 1 other term(s)) — same subject created once per semester"
Subject,src/lib/content/master-syllabus-data.ts,id=394,semester,"Multi-semester source row ""VII-VIII"" expanded into Semester 8 (and 1 other term(s)) — same subject created once per semester"
Subject,src/lib/content/master-syllabus-data.ts,id=395,semester,"Multi-semester source row ""VII-VIII"" expanded into Semester 7 (and 1 other term(s)) — same subject created once per semester"
Subject,src/lib/content/master-syllabus-data.ts,id=395,semester,"Multi-semester source row ""VII-VIII"" expanded into Semester 8 (and 1 other term(s)) — same subject created once per semester"
Subject,src/lib/content/master-syllabus-data.ts,id=396,semester,"Multi-semester source row ""VII-VIII"" expanded into Semester 7 (and 1 other term(s)) — same subject created once per semester"
Subject,src/lib/content/master-syllabus-data.ts,id=396,semester,"Multi-semester source row ""VII-VIII"" expanded into Semester 8 (and 1 other term(s)) — same subject created once per semester"
Subject,src/lib/content/master-syllabus-data.ts,id=405,semester,"Multi-semester source row ""I/II"" expanded into Semester 1 (and 1 other term(s)) — same subject created once per semester"
Subject,src/lib/content/master-syllabus-data.ts,id=405,semester,"Multi-semester source row ""I/II"" expanded into Semester 2 (and 1 other term(s)) — same subject created once per semester"
Subject,src/lib/content/master-syllabus-data.ts,id=406,semester,"Multi-semester source row ""I/II"" expanded into Semester 1 (and 1 other term(s)) — same subject created once per semester"
Subject,src/lib/content/master-syllabus-data.ts,id=406,semester,"Multi-semester source row ""I/II"" expanded into Semester 2 (and 1 other term(s)) — same subject created once per semester"
Subject,src/lib/content/master-syllabus-data.ts,id=407,semester,"Multi-semester source row ""I/II"" expanded into Semester 1 (and 1 other term(s)) — same subject created once per semester"
Subject,src/lib/content/master-syllabus-data.ts,id=407,semester,"Multi-semester source row ""I/II"" expanded into Semester 2 (and 1 other term(s)) — same subject created once per semester"
Subject,src/lib/content/master-syllabus-data.ts,id=408,semester,"Multi-semester source row ""I/II"" expanded into Semester 1 (and 1 other term(s)) — same subject created once per semester"
Subject,src/lib/content/master-syllabus-data.ts,id=408,semester,"Multi-semester source row ""I/II"" expanded into Semester 2 (and 1 other term(s)) — same subject created once per semester"
Subject,src/lib/content/master-syllabus-data.ts,id=418,semester,"Multi-semester source row ""III/IV/V/VI"" expanded into Semester 3 (and 3 other term(s)) — same subject created once per semester"
Subject,src/lib/content/master-syllabus-data.ts,id=418,semester,"Multi-semester source row ""III/IV/V/VI"" expanded into Semester 4 (and 3 other term(s)) — same subject created once per semester"
Subject,src/lib/content/master-syllabus-data.ts,id=418,semester,"Multi-semester source row ""III/IV/V/VI"" expanded into Semester 5 (and 3 other term(s)) — same subject created once per semester"
Subject,src/lib/content/master-syllabus-data.ts,id=418,semester,"Multi-semester source row ""III/IV/V/VI"" expanded into Semester 6 (and 3 other term(s)) — same subject created once per semester"
Subject,src/lib/content/master-syllabus-data.ts,id=419,semester,"Multi-semester source row ""III/IV/V/VI"" expanded into Semester 3 (and 3 other term(s)) — same subject created once per semester"
Subject,src/lib/content/master-syllabus-data.ts,id=419,semester,"Multi-semester source row ""III/IV/V/VI"" expanded into Semester 4 (and 3 other term(s)) — same subject created once per semester"
Subject,src/lib/content/master-syllabus-data.ts,id=419,semester,"Multi-semester source row ""III/IV/V/VI"" expanded into Semester 5 (and 3 other term(s)) — same subject created once per semester"
Subject,src/lib/content/master-syllabus-data.ts,id=419,semester,"Multi-semester source row ""III/IV/V/VI"" expanded into Semester 6 (and 3 other term(s)) — same subject created once per semester"
Subject,src/lib/content/master-syllabus-data.ts,id=420,semester,"Multi-semester source row ""III/IV/V/VI"" expanded into Semester 3 (and 3 other term(s)) — same subject created once per semester"
Subject,src/lib/content/master-syllabus-data.ts,id=420,semester,"Multi-semester source row ""III/IV/V/VI"" expanded into Semester 4 (and 3 other term(s)) — same subject created once per semester"
Subject,src/lib/content/master-syllabus-data.ts,id=420,semester,"Multi-semester source row ""III/IV/V/VI"" expanded into Semester 5 (and 3 other term(s)) — same subject created once per semester"
Subject,src/lib/content/master-syllabus-data.ts,id=420,semester,"Multi-semester source row ""III/IV/V/VI"" expanded into Semester 6 (and 3 other term(s)) — same subject created once per semester"
Subject,src/lib/content/master-syllabus-data.ts,id=421,semester,"Multi-semester source row ""III/IV/V/VI"" expanded into Semester 3 (and 3 other term(s)) — same subject created once per semester"
Subject,src/lib/content/master-syllabus-data.ts,id=421,semester,"Multi-semester source row ""III/IV/V/VI"" expanded into Semester 4 (and 3 other term(s)) — same subject created once per semester"
Subject,src/lib/content/master-syllabus-data.ts,id=421,semester,"Multi-semester source row ""III/IV/V/VI"" expanded into Semester 5 (and 3 other term(s)) — same subject created once per semester"
Subject,src/lib/content/master-syllabus-data.ts,id=421,semester,"Multi-semester source row ""III/IV/V/VI"" expanded into Semester 6 (and 3 other term(s)) — same subject created once per semester"
Subject,src/lib/content/master-syllabus-data.ts,id=422,semester,"Multi-semester source row ""III/IV/V/VI"" expanded into Semester 3 (and 3 other term(s)) — same subject created once per semester"
Subject,src/lib/content/master-syllabus-data.ts,id=422,semester,"Multi-semester source row ""III/IV/V/VI"" expanded into Semester 4 (and 3 other term(s)) — same subject created once per semester"
Subject,src/lib/content/master-syllabus-data.ts,id=422,semester,"Multi-semester source row ""III/IV/V/VI"" expanded into Semester 5 (and 3 other term(s)) — same subject created once per semester"
Subject,src/lib/content/master-syllabus-data.ts,id=422,semester,"Multi-semester source row ""III/IV/V/VI"" expanded into Semester 6 (and 3 other term(s)) — same subject created once per semester"
Subject,src/lib/content/master-syllabus-data.ts,id=423,semester,"Multi-semester source row ""III/IV/V/VI"" expanded into Semester 3 (and 3 other term(s)) — same subject created once per semester"
Subject,src/lib/content/master-syllabus-data.ts,id=423,semester,"Multi-semester source row ""III/IV/V/VI"" expanded into Semester 4 (and 3 other term(s)) — same subject created once per semester"
Subject,src/lib/content/master-syllabus-data.ts,id=423,semester,"Multi-semester source row ""III/IV/V/VI"" expanded into Semester 5 (and 3 other term(s)) — same subject created once per semester"
Subject,src/lib/content/master-syllabus-data.ts,id=423,semester,"Multi-semester source row ""III/IV/V/VI"" expanded into Semester 6 (and 3 other term(s)) — same subject created once per semester"
Subject,src/lib/content/master-syllabus-data.ts,id=424,semester,"Multi-semester source row ""III/IV/V/VI"" expanded into Semester 3 (and 3 other term(s)) — same subject created once per semester"
Subject,src/lib/content/master-syllabus-data.ts,id=424,semester,"Multi-semester source row ""III/IV/V/VI"" expanded into Semester 4 (and 3 other term(s)) — same subject created once per semester"
Subject,src/lib/content/master-syllabus-data.ts,id=424,semester,"Multi-semester source row ""III/IV/V/VI"" expanded into Semester 5 (and 3 other term(s)) — same subject created once per semester"
Subject,src/lib/content/master-syllabus-data.ts,id=424,semester,"Multi-semester source row ""III/IV/V/VI"" expanded into Semester 6 (and 3 other term(s)) — same subject created once per semester"
Subject,src/lib/content/master-syllabus-data.ts,id=425,semester,"Multi-semester source row ""III/IV/V/VI"" expanded into Semester 3 (and 3 other term(s)) — same subject created once per semester"
Subject,src/lib/content/master-syllabus-data.ts,id=425,semester,"Multi-semester source row ""III/IV/V/VI"" expanded into Semester 4 (and 3 other term(s)) — same subject created once per semester"
Subject,src/lib/content/master-syllabus-data.ts,id=425,semester,"Multi-semester source row ""III/IV/V/VI"" expanded into Semester 5 (and 3 other term(s)) — same subject created once per semester"
Subject,src/lib/content/master-syllabus-data.ts,id=425,semester,"Multi-semester source row ""III/IV/V/VI"" expanded into Semester 6 (and 3 other term(s)) — same subject created once per semester"
Subject,src/lib/content/master-syllabus-data.ts,id=426,semester,"Multi-semester source row ""III/IV/V/VI"" expanded into Semester 3 (and 3 other term(s)) — same subject created once per semester"
Subject,src/lib/content/master-syllabus-data.ts,id=426,semester,"Multi-semester source row ""III/IV/V/VI"" expanded into Semester 4 (and 3 other term(s)) — same subject created once per semester"
Subject,src/lib/content/master-syllabus-data.ts,id=426,semester,"Multi-semester source row ""III/IV/V/VI"" expanded into Semester 5 (and 3 other term(s)) — same subject created once per semester"
Subject,src/lib/content/master-syllabus-data.ts,id=426,semester,"Multi-semester source row ""III/IV/V/VI"" expanded into Semester 6 (and 3 other term(s)) — same subject created once per semester"
Subject,src/lib/content/master-syllabus-data.ts,id=439,semester,"Multi-semester source row ""V/VI/VII/VIII"" expanded into Semester 5 (and 3 other term(s)) — same subject created once per semester"
Subject,src/lib/content/master-syllabus-data.ts,id=439,semester,"Multi-semester source row ""V/VI/VII/VIII"" expanded into Semester 6 (and 3 other term(s)) — same subject created once per semester"
Subject,src/lib/content/master-syllabus-data.ts,id=439,semester,"Multi-semester source row ""V/VI/VII/VIII"" expanded into Semester 7 (and 3 other term(s)) — same subject created once per semester"
Subject,src/lib/content/master-syllabus-data.ts,id=439,semester,"Multi-semester source row ""V/VI/VII/VIII"" expanded into Semester 8 (and 3 other term(s)) — same subject created once per semester"
Subject,src/lib/content/master-syllabus-data.ts,id=440,semester,"Multi-semester source row ""V/VI/VII/VIII"" expanded into Semester 5 (and 3 other term(s)) — same subject created once per semester"
Subject,src/lib/content/master-syllabus-data.ts,id=440,semester,"Multi-semester source row ""V/VI/VII/VIII"" expanded into Semester 6 (and 3 other term(s)) — same subject created once per semester"
Subject,src/lib/content/master-syllabus-data.ts,id=440,semester,"Multi-semester source row ""V/VI/VII/VIII"" expanded into Semester 7 (and 3 other term(s)) — same subject created once per semester"
Subject,src/lib/content/master-syllabus-data.ts,id=440,semester,"Multi-semester source row ""V/VI/VII/VIII"" expanded into Semester 8 (and 3 other term(s)) — same subject created once per semester"
Subject,src/lib/content/master-syllabus-data.ts,id=441,semester,"Multi-semester source row ""V/VI/VII/VIII"" expanded into Semester 5 (and 3 other term(s)) — same subject created once per semester"
Subject,src/lib/content/master-syllabus-data.ts,id=441,semester,"Multi-semester source row ""V/VI/VII/VIII"" expanded into Semester 6 (and 3 other term(s)) — same subject created once per semester"
Subject,src/lib/content/master-syllabus-data.ts,id=441,semester,"Multi-semester source row ""V/VI/VII/VIII"" expanded into Semester 7 (and 3 other term(s)) — same subject created once per semester"
Subject,src/lib/content/master-syllabus-data.ts,id=441,semester,"Multi-semester source row ""V/VI/VII/VIII"" expanded into Semester 8 (and 3 other term(s)) — same subject created once per semester"
Subject,src/lib/content/master-syllabus-data.ts,id=442,semester,"Multi-semester source row ""V/VI/VII/VIII"" expanded into Semester 5 (and 3 other term(s)) — same subject created once per semester"
Subject,src/lib/content/master-syllabus-data.ts,id=442,semester,"Multi-semester source row ""V/VI/VII/VIII"" expanded into Semester 6 (and 3 other term(s)) — same subject created once per semester"
Subject,src/lib/content/master-syllabus-data.ts,id=442,semester,"Multi-semester source row ""V/VI/VII/VIII"" expanded into Semester 7 (and 3 other term(s)) — same subject created once per semester"
Subject,src/lib/content/master-syllabus-data.ts,id=442,semester,"Multi-semester source row ""V/VI/VII/VIII"" expanded into Semester 8 (and 3 other term(s)) — same subject created once per semester"
Subject,src/lib/content/master-syllabus-data.ts,id=443,semester,"Multi-semester source row ""V/VI/VII/VIII"" expanded into Semester 5 (and 3 other term(s)) — same subject created once per semester"
Subject,src/lib/content/master-syllabus-data.ts,id=443,semester,"Multi-semester source row ""V/VI/VII/VIII"" expanded into Semester 6 (and 3 other term(s)) — same subject created once per semester"
Subject,src/lib/content/master-syllabus-data.ts,id=443,semester,"Multi-semester source row ""V/VI/VII/VIII"" expanded into Semester 7 (and 3 other term(s)) — same subject created once per semester"
Subject,src/lib/content/master-syllabus-data.ts,id=443,semester,"Multi-semester source row ""V/VI/VII/VIII"" expanded into Semester 8 (and 3 other term(s)) — same subject created once per semester"
Subject,src/lib/content/master-syllabus-data.ts,id=444,semester,"Multi-semester source row ""V/VI/VII/VIII"" expanded into Semester 5 (and 3 other term(s)) — same subject created once per semester"
Subject,src/lib/content/master-syllabus-data.ts,id=444,semester,"Multi-semester source row ""V/VI/VII/VIII"" expanded into Semester 6 (and 3 other term(s)) — same subject created once per semester"
Subject,src/lib/content/master-syllabus-data.ts,id=444,semester,"Multi-semester source row ""V/VI/VII/VIII"" expanded into Semester 7 (and 3 other term(s)) — same subject created once per semester"
Subject,src/lib/content/master-syllabus-data.ts,id=444,semester,"Multi-semester source row ""V/VI/VII/VIII"" expanded into Semester 8 (and 3 other term(s)) — same subject created once per semester"
Subject,src/lib/content/master-syllabus-data.ts,id=445,semester,"Multi-semester source row ""V/VI/VII/VIII"" expanded into Semester 5 (and 3 other term(s)) — same subject created once per semester"
Subject,src/lib/content/master-syllabus-data.ts,id=445,semester,"Multi-semester source row ""V/VI/VII/VIII"" expanded into Semester 6 (and 3 other term(s)) — same subject created once per semester"
Subject,src/lib/content/master-syllabus-data.ts,id=445,semester,"Multi-semester source row ""V/VI/VII/VIII"" expanded into Semester 7 (and 3 other term(s)) — same subject created once per semester"
Subject,src/lib/content/master-syllabus-data.ts,id=445,semester,"Multi-semester source row ""V/VI/VII/VIII"" expanded into Semester 8 (and 3 other term(s)) — same subject created once per semester"
Subject,src/lib/content/master-syllabus-data.ts,id=446,semester,"Multi-semester source row ""V/VI/VII/VIII"" expanded into Semester 5 (and 3 other term(s)) — same subject created once per semester"
Subject,src/lib/content/master-syllabus-data.ts,id=446,semester,"Multi-semester source row ""V/VI/VII/VIII"" expanded into Semester 6 (and 3 other term(s)) — same subject created once per semester"
Subject,src/lib/content/master-syllabus-data.ts,id=446,semester,"Multi-semester source row ""V/VI/VII/VIII"" expanded into Semester 7 (and 3 other term(s)) — same subject created once per semester"
Subject,src/lib/content/master-syllabus-data.ts,id=446,semester,"Multi-semester source row ""V/VI/VII/VIII"" expanded into Semester 8 (and 3 other term(s)) — same subject created once per semester"
Subject,src/lib/content/master-syllabus-data.ts,id=447,semester,"Multi-semester source row ""V/VI/VII/VIII"" expanded into Semester 5 (and 3 other term(s)) — same subject created once per semester"
Subject,src/lib/content/master-syllabus-data.ts,id=447,semester,"Multi-semester source row ""V/VI/VII/VIII"" expanded into Semester 6 (and 3 other term(s)) — same subject created once per semester"
Subject,src/lib/content/master-syllabus-data.ts,id=447,semester,"Multi-semester source row ""V/VI/VII/VIII"" expanded into Semester 7 (and 3 other term(s)) — same subject created once per semester"
Subject,src/lib/content/master-syllabus-data.ts,id=447,semester,"Multi-semester source row ""V/VI/VII/VIII"" expanded into Semester 8 (and 3 other term(s)) — same subject created once per semester"
Subject,src/lib/content/master-syllabus-data.ts,id=448,semester,"Multi-semester source row ""V/VI/VII/VIII"" expanded into Semester 5 (and 3 other term(s)) — same subject created once per semester"
Subject,src/lib/content/master-syllabus-data.ts,id=448,semester,"Multi-semester source row ""V/VI/VII/VIII"" expanded into Semester 6 (and 3 other term(s)) — same subject created once per semester"
Subject,src/lib/content/master-syllabus-data.ts,id=448,semester,"Multi-semester source row ""V/VI/VII/VIII"" expanded into Semester 7 (and 3 other term(s)) — same subject created once per semester"
Subject,src/lib/content/master-syllabus-data.ts,id=448,semester,"Multi-semester source row ""V/VI/VII/VIII"" expanded into Semester 8 (and 3 other term(s)) — same subject created once per semester"
Subject,src/lib/content/master-syllabus-data.ts,id=449,semester,"Multi-semester source row ""V/VI/VII/VIII"" expanded into Semester 5 (and 3 other term(s)) — same subject created once per semester"
Subject,src/lib/content/master-syllabus-data.ts,id=449,semester,"Multi-semester source row ""V/VI/VII/VIII"" expanded into Semester 6 (and 3 other term(s)) — same subject created once per semester"
Subject,src/lib/content/master-syllabus-data.ts,id=449,semester,"Multi-semester source row ""V/VI/VII/VIII"" expanded into Semester 7 (and 3 other term(s)) — same subject created once per semester"
Subject,src/lib/content/master-syllabus-data.ts,id=449,semester,"Multi-semester source row ""V/VI/VII/VIII"" expanded into Semester 8 (and 3 other term(s)) — same subject created once per semester"
Subject,src/lib/content/master-syllabus-data.ts,id=490,semester,"Multi-semester source row ""III/V/VII"" expanded into Semester 3 (and 2 other term(s)) — same subject created once per semester"
Subject,src/lib/content/master-syllabus-data.ts,id=490,semester,"Multi-semester source row ""III/V/VII"" expanded into Semester 5 (and 2 other term(s)) — same subject created once per semester"
Subject,src/lib/content/master-syllabus-data.ts,id=490,semester,"Multi-semester source row ""III/V/VII"" expanded into Semester 7 (and 2 other term(s)) — same subject created once per semester"
Subject,src/lib/content/master-syllabus-data.ts,id=491,semester,"Multi-semester source row ""III/V/VII"" expanded into Semester 3 (and 2 other term(s)) — same subject created once per semester"
Subject,src/lib/content/master-syllabus-data.ts,id=491,semester,"Multi-semester source row ""III/V/VII"" expanded into Semester 5 (and 2 other term(s)) — same subject created once per semester"
Subject,src/lib/content/master-syllabus-data.ts,id=491,semester,"Multi-semester source row ""III/V/VII"" expanded into Semester 7 (and 2 other term(s)) — same subject created once per semester"
Subject,src/lib/content/master-syllabus-data.ts,id=492,semester,"Multi-semester source row ""III/V/VII"" expanded into Semester 3 (and 2 other term(s)) — same subject created once per semester"
Subject,src/lib/content/master-syllabus-data.ts,id=492,semester,"Multi-semester source row ""III/V/VII"" expanded into Semester 5 (and 2 other term(s)) — same subject created once per semester"
Subject,src/lib/content/master-syllabus-data.ts,id=492,semester,"Multi-semester source row ""III/V/VII"" expanded into Semester 7 (and 2 other term(s)) — same subject created once per semester"
Subject,src/lib/content/master-syllabus-data.ts,id=493,semester,"Multi-semester source row ""III/V/VII"" expanded into Semester 3 (and 2 other term(s)) — same subject created once per semester"
Subject,src/lib/content/master-syllabus-data.ts,id=493,semester,"Multi-semester source row ""III/V/VII"" expanded into Semester 5 (and 2 other term(s)) — same subject created once per semester"
Subject,src/lib/content/master-syllabus-data.ts,id=493,semester,"Multi-semester source row ""III/V/VII"" expanded into Semester 7 (and 2 other term(s)) — same subject created once per semester"
Subject,src/lib/content/master-syllabus-data.ts,id=499,semester,"Multi-semester source row ""IV/VI/VIII"" expanded into Semester 4 (and 2 other term(s)) — same subject created once per semester"
Subject,src/lib/content/master-syllabus-data.ts,id=499,semester,"Multi-semester source row ""IV/VI/VIII"" expanded into Semester 6 (and 2 other term(s)) — same subject created once per semester"
Subject,src/lib/content/master-syllabus-data.ts,id=499,semester,"Multi-semester source row ""IV/VI/VIII"" expanded into Semester 8 (and 2 other term(s)) — same subject created once per semester"
Subject,src/lib/content/master-syllabus-data.ts,id=500,semester,"Multi-semester source row ""IV/VI/VIII"" expanded into Semester 4 (and 2 other term(s)) — same subject created once per semester"
Subject,src/lib/content/master-syllabus-data.ts,id=500,semester,"Multi-semester source row ""IV/VI/VIII"" expanded into Semester 6 (and 2 other term(s)) — same subject created once per semester"
Subject,src/lib/content/master-syllabus-data.ts,id=500,semester,"Multi-semester source row ""IV/VI/VIII"" expanded into Semester 8 (and 2 other term(s)) — same subject created once per semester"
Subject,src/lib/content/master-syllabus-data.ts,id=501,semester,"Multi-semester source row ""IV/VI/VIII"" expanded into Semester 4 (and 2 other term(s)) — same subject created once per semester"
Subject,src/lib/content/master-syllabus-data.ts,id=501,semester,"Multi-semester source row ""IV/VI/VIII"" expanded into Semester 6 (and 2 other term(s)) — same subject created once per semester"
Subject,src/lib/content/master-syllabus-data.ts,id=501,semester,"Multi-semester source row ""IV/VI/VIII"" expanded into Semester 8 (and 2 other term(s)) — same subject created once per semester"
Subject,src/lib/content/master-syllabus-data.ts,id=502,semester,"Multi-semester source row ""IV/VI/VIII"" expanded into Semester 4 (and 2 other term(s)) — same subject created once per semester"
Subject,src/lib/content/master-syllabus-data.ts,id=502,semester,"Multi-semester source row ""IV/VI/VIII"" expanded into Semester 6 (and 2 other term(s)) — same subject created once per semester"
Subject,src/lib/content/master-syllabus-data.ts,id=502,semester,"Multi-semester source row ""IV/VI/VIII"" expanded into Semester 8 (and 2 other term(s)) — same subject created once per semester"
Subject,src/lib/content/master-syllabus-data.ts,id=513,semester,"Multi-semester source row ""VI/VII"" expanded into Semester 6 (and 1 other term(s)) — same subject created once per semester"
Subject,src/lib/content/master-syllabus-data.ts,id=513,semester,"Multi-semester source row ""VI/VII"" expanded into Semester 7 (and 1 other term(s)) — same subject created once per semester"
Subject,src/lib/content/master-syllabus-data.ts,id=570,semester,"Multi-semester source row ""VI / VII"" expanded into Semester 6 (and 1 other term(s)) — same subject created once per semester"
Subject,src/lib/content/master-syllabus-data.ts,id=570,semester,"Multi-semester source row ""VI / VII"" expanded into Semester 7 (and 1 other term(s)) — same subject created once per semester"
Subject,src/lib/content/master-syllabus-data.ts,id=642,semester,"Multi-semester source row ""VI/VII"" expanded into Semester 6 (and 1 other term(s)) — same subject created once per semester"
Subject,src/lib/content/master-syllabus-data.ts,id=642,semester,"Multi-semester source row ""VI/VII"" expanded into Semester 7 (and 1 other term(s)) — same subject created once per semester"
Subject,src/lib/content/master-syllabus-data.ts,id=728,semester,"Multi-semester source row ""VI/VII"" expanded into Semester 6 (and 1 other term(s)) — same subject created once per semester"
Subject,src/lib/content/master-syllabus-data.ts,id=728,semester,"Multi-semester source row ""VI/VII"" expanded into Semester 7 (and 1 other term(s)) — same subject created once per semester"
Subject,src/lib/content/master-syllabus-data.ts,id=832,semester,"Multi-semester source row ""I-II"" expanded into Semester 1 (and 1 other term(s)) — same subject created once per semester"
Subject,src/lib/content/master-syllabus-data.ts,id=832,semester,"Multi-semester source row ""I-II"" expanded into Semester 2 (and 1 other term(s)) — same subject created once per semester"
Subject,src/lib/content/master-syllabus-data.ts,id=833,semester,"Multi-semester source row ""I-II"" expanded into Semester 1 (and 1 other term(s)) — same subject created once per semester"
Subject,src/lib/content/master-syllabus-data.ts,id=833,semester,"Multi-semester source row ""I-II"" expanded into Semester 2 (and 1 other term(s)) — same subject created once per semester"
Subject,src/lib/content/master-syllabus-data.ts,id=844,semester,"Multi-semester source row ""III-IV"" expanded into Semester 3 (and 1 other term(s)) — same subject created once per semester"
Subject,src/lib/content/master-syllabus-data.ts,id=844,semester,"Multi-semester source row ""III-IV"" expanded into Semester 4 (and 1 other term(s)) — same subject created once per semester"
Subject,src/lib/content/master-syllabus-data.ts,id=845,semester,"Multi-semester source row ""III-IV"" expanded into Semester 3 (and 1 other term(s)) — same subject created once per semester"
Subject,src/lib/content/master-syllabus-data.ts,id=845,semester,"Multi-semester source row ""III-IV"" expanded into Semester 4 (and 1 other term(s)) — same subject created once per semester"
Subject,src/lib/content/master-syllabus-data.ts,id=860,semester,"Multi-semester source row ""V-VI"" expanded into Semester 5 (and 1 other term(s)) — same subject created once per semester"
Subject,src/lib/content/master-syllabus-data.ts,id=860,semester,"Multi-semester source row ""V-VI"" expanded into Semester 6 (and 1 other term(s)) — same subject created once per semester"
Subject,src/lib/content/master-syllabus-data.ts,id=861,semester,"Multi-semester source row ""V-VI"" expanded into Semester 5 (and 1 other term(s)) — same subject created once per semester"
Subject,src/lib/content/master-syllabus-data.ts,id=861,semester,"Multi-semester source row ""V-VI"" expanded into Semester 6 (and 1 other term(s)) — same subject created once per semester"
Subject,src/lib/content/master-syllabus-data.ts,id=984,semester,"Multi-semester source row ""I/III/V/VII"" expanded into Semester 1 (and 3 other term(s)) — same subject created once per semester"
Subject,src/lib/content/master-syllabus-data.ts,id=984,semester,"Multi-semester source row ""I/III/V/VII"" expanded into Semester 3 (and 3 other term(s)) — same subject created once per semester"
Subject,src/lib/content/master-syllabus-data.ts,id=984,semester,"Multi-semester source row ""I/III/V/VII"" expanded into Semester 5 (and 3 other term(s)) — same subject created once per semester"
Subject,src/lib/content/master-syllabus-data.ts,id=984,semester,"Multi-semester source row ""I/III/V/VII"" expanded into Semester 7 (and 3 other term(s)) — same subject created once per semester"
Subject,src/lib/content/master-syllabus-data.ts,id=985,semester,"Multi-semester source row ""I/III/V/VII"" expanded into Semester 1 (and 3 other term(s)) — same subject created once per semester"
Subject,src/lib/content/master-syllabus-data.ts,id=985,semester,"Multi-semester source row ""I/III/V/VII"" expanded into Semester 3 (and 3 other term(s)) — same subject created once per semester"
Subject,src/lib/content/master-syllabus-data.ts,id=985,semester,"Multi-semester source row ""I/III/V/VII"" expanded into Semester 5 (and 3 other term(s)) — same subject created once per semester"
Subject,src/lib/content/master-syllabus-data.ts,id=985,semester,"Multi-semester source row ""I/III/V/VII"" expanded into Semester 7 (and 3 other term(s)) — same subject created once per semester"
Subject,src/lib/content/master-syllabus-data.ts,id=986,semester,"Multi-semester source row ""I/III/V/VII"" expanded into Semester 1 (and 3 other term(s)) — same subject created once per semester"
Subject,src/lib/content/master-syllabus-data.ts,id=986,semester,"Multi-semester source row ""I/III/V/VII"" expanded into Semester 3 (and 3 other term(s)) — same subject created once per semester"
Subject,src/lib/content/master-syllabus-data.ts,id=986,semester,"Multi-semester source row ""I/III/V/VII"" expanded into Semester 5 (and 3 other term(s)) — same subject created once per semester"
Subject,src/lib/content/master-syllabus-data.ts,id=986,semester,"Multi-semester source row ""I/III/V/VII"" expanded into Semester 7 (and 3 other term(s)) — same subject created once per semester"
Subject,src/lib/content/master-syllabus-data.ts,id=989,semester,"Multi-semester source row ""II/IV/VI/VIII"" expanded into Semester 2 (and 3 other term(s)) — same subject created once per semester"
Subject,src/lib/content/master-syllabus-data.ts,id=989,semester,"Multi-semester source row ""II/IV/VI/VIII"" expanded into Semester 4 (and 3 other term(s)) — same subject created once per semester"
Subject,src/lib/content/master-syllabus-data.ts,id=989,semester,"Multi-semester source row ""II/IV/VI/VIII"" expanded into Semester 6 (and 3 other term(s)) — same subject created once per semester"
Subject,src/lib/content/master-syllabus-data.ts,id=989,semester,"Multi-semester source row ""II/IV/VI/VIII"" expanded into Semester 8 (and 3 other term(s)) — same subject created once per semester"
Subject,src/lib/content/master-syllabus-data.ts,id=990,semester,"Multi-semester source row ""II/IV/VI/VIII"" expanded into Semester 2 (and 3 other term(s)) — same subject created once per semester"
Subject,src/lib/content/master-syllabus-data.ts,id=990,semester,"Multi-semester source row ""II/IV/VI/VIII"" expanded into Semester 4 (and 3 other term(s)) — same subject created once per semester"
Subject,src/lib/content/master-syllabus-data.ts,id=990,semester,"Multi-semester source row ""II/IV/VI/VIII"" expanded into Semester 6 (and 3 other term(s)) — same subject created once per semester"
Subject,src/lib/content/master-syllabus-data.ts,id=990,semester,"Multi-semester source row ""II/IV/VI/VIII"" expanded into Semester 8 (and 3 other term(s)) — same subject created once per semester"
Subject,src/lib/content/master-syllabus-data.ts,id=991,semester,"Multi-semester source row ""II/IV/VI/VIII"" expanded into Semester 2 (and 3 other term(s)) — same subject created once per semester"
Subject,src/lib/content/master-syllabus-data.ts,id=991,semester,"Multi-semester source row ""II/IV/VI/VIII"" expanded into Semester 4 (and 3 other term(s)) — same subject created once per semester"
Subject,src/lib/content/master-syllabus-data.ts,id=991,semester,"Multi-semester source row ""II/IV/VI/VIII"" expanded into Semester 6 (and 3 other term(s)) — same subject created once per semester"
Subject,src/lib/content/master-syllabus-data.ts,id=991,semester,"Multi-semester source row ""II/IV/VI/VIII"" expanded into Semester 8 (and 3 other term(s)) — same subject created once per semester"
Subject,src/lib/content/master-syllabus-data.ts,id=994,semester,"Multi-semester source row ""III/V/VII"" expanded into Semester 3 (and 2 other term(s)) — same subject created once per semester"
Subject,src/lib/content/master-syllabus-data.ts,id=994,semester,"Multi-semester source row ""III/V/VII"" expanded into Semester 5 (and 2 other term(s)) — same subject created once per semester"
Subject,src/lib/content/master-syllabus-data.ts,id=994,semester,"Multi-semester source row ""III/V/VII"" expanded into Semester 7 (and 2 other term(s)) — same subject created once per semester"
Subject,src/lib/content/master-syllabus-data.ts,id=995,semester,"Multi-semester source row ""III/V/VII"" expanded into Semester 3 (and 2 other term(s)) — same subject created once per semester"
Subject,src/lib/content/master-syllabus-data.ts,id=995,semester,"Multi-semester source row ""III/V/VII"" expanded into Semester 5 (and 2 other term(s)) — same subject created once per semester"
Subject,src/lib/content/master-syllabus-data.ts,id=995,semester,"Multi-semester source row ""III/V/VII"" expanded into Semester 7 (and 2 other term(s)) — same subject created once per semester"
Subject,src/lib/content/master-syllabus-data.ts,id=996,semester,"Multi-semester source row ""III/V/VII"" expanded into Semester 3 (and 2 other term(s)) — same subject created once per semester"
Subject,src/lib/content/master-syllabus-data.ts,id=996,semester,"Multi-semester source row ""III/V/VII"" expanded into Semester 5 (and 2 other term(s)) — same subject created once per semester"
Subject,src/lib/content/master-syllabus-data.ts,id=996,semester,"Multi-semester source row ""III/V/VII"" expanded into Semester 7 (and 2 other term(s)) — same subject created once per semester"
Subject,src/lib/content/master-syllabus-data.ts,id=997,semester,"Multi-semester source row ""III/V/VII"" expanded into Semester 3 (and 2 other term(s)) — same subject created once per semester"
Subject,src/lib/content/master-syllabus-data.ts,id=997,semester,"Multi-semester source row ""III/V/VII"" expanded into Semester 5 (and 2 other term(s)) — same subject created once per semester"
Subject,src/lib/content/master-syllabus-data.ts,id=997,semester,"Multi-semester source row ""III/V/VII"" expanded into Semester 7 (and 2 other term(s)) — same subject created once per semester"
Subject,src/lib/content/master-syllabus-data.ts,id=998,semester,"Multi-semester source row ""III/V/VII"" expanded into Semester 3 (and 2 other term(s)) — same subject created once per semester"
Subject,src/lib/content/master-syllabus-data.ts,id=998,semester,"Multi-semester source row ""III/V/VII"" expanded into Semester 5 (and 2 other term(s)) — same subject created once per semester"
Subject,src/lib/content/master-syllabus-data.ts,id=998,semester,"Multi-semester source row ""III/V/VII"" expanded into Semester 7 (and 2 other term(s)) — same subject created once per semester"
Subject,src/lib/content/master-syllabus-data.ts,id=999,semester,"Multi-semester source row ""III/V/VII"" expanded into Semester 3 (and 2 other term(s)) — same subject created once per semester"
Subject,src/lib/content/master-syllabus-data.ts,id=999,semester,"Multi-semester source row ""III/V/VII"" expanded into Semester 5 (and 2 other term(s)) — same subject created once per semester"
Subject,src/lib/content/master-syllabus-data.ts,id=999,semester,"Multi-semester source row ""III/V/VII"" expanded into Semester 7 (and 2 other term(s)) — same subject created once per semester"
Subject,src/lib/content/master-syllabus-data.ts,id=1000,semester,"Multi-semester source row ""III/V/VII"" expanded into Semester 3 (and 2 other term(s)) — same subject created once per semester"
Subject,src/lib/content/master-syllabus-data.ts,id=1000,semester,"Multi-semester source row ""III/V/VII"" expanded into Semester 5 (and 2 other term(s)) — same subject created once per semester"
Subject,src/lib/content/master-syllabus-data.ts,id=1000,semester,"Multi-semester source row ""III/V/VII"" expanded into Semester 7 (and 2 other term(s)) — same subject created once per semester"
Subject,src/lib/content/master-syllabus-data.ts,id=1001,semester,"Multi-semester source row ""III/V/VII"" expanded into Semester 3 (and 2 other term(s)) — same subject created once per semester"
Subject,src/lib/content/master-syllabus-data.ts,id=1001,semester,"Multi-semester source row ""III/V/VII"" expanded into Semester 5 (and 2 other term(s)) — same subject created once per semester"
Subject,src/lib/content/master-syllabus-data.ts,id=1001,semester,"Multi-semester source row ""III/V/VII"" expanded into Semester 7 (and 2 other term(s)) — same subject created once per semester"
Subject,src/lib/content/master-syllabus-data.ts,id=1002,semester,"Multi-semester source row ""III/V/VII"" expanded into Semester 3 (and 2 other term(s)) — same subject created once per semester"
Subject,src/lib/content/master-syllabus-data.ts,id=1002,semester,"Multi-semester source row ""III/V/VII"" expanded into Semester 5 (and 2 other term(s)) — same subject created once per semester"
Subject,src/lib/content/master-syllabus-data.ts,id=1002,semester,"Multi-semester source row ""III/V/VII"" expanded into Semester 7 (and 2 other term(s)) — same subject created once per semester"
Subject,src/lib/content/master-syllabus-data.ts,id=1003,semester,"Multi-semester source row ""III/V/VII"" expanded into Semester 3 (and 2 other term(s)) — same subject created once per semester"
Subject,src/lib/content/master-syllabus-data.ts,id=1003,semester,"Multi-semester source row ""III/V/VII"" expanded into Semester 5 (and 2 other term(s)) — same subject created once per semester"
Subject,src/lib/content/master-syllabus-data.ts,id=1003,semester,"Multi-semester source row ""III/V/VII"" expanded into Semester 7 (and 2 other term(s)) — same subject created once per semester"
Subject,src/lib/content/master-syllabus-data.ts,id=1004,semester,"Multi-semester source row ""III/V/VII"" expanded into Semester 3 (and 2 other term(s)) — same subject created once per semester"
Subject,src/lib/content/master-syllabus-data.ts,id=1004,semester,"Multi-semester source row ""III/V/VII"" expanded into Semester 5 (and 2 other term(s)) — same subject created once per semester"
Subject,src/lib/content/master-syllabus-data.ts,id=1004,semester,"Multi-semester source row ""III/V/VII"" expanded into Semester 7 (and 2 other term(s)) — same subject created once per semester"
Subject,src/lib/content/master-syllabus-data.ts,id=1005,semester,"Multi-semester source row ""III/V/VII"" expanded into Semester 3 (and 2 other term(s)) — same subject created once per semester"
Subject,src/lib/content/master-syllabus-data.ts,id=1005,semester,"Multi-semester source row ""III/V/VII"" expanded into Semester 5 (and 2 other term(s)) — same subject created once per semester"
Subject,src/lib/content/master-syllabus-data.ts,id=1005,semester,"Multi-semester source row ""III/V/VII"" expanded into Semester 7 (and 2 other term(s)) — same subject created once per semester"
Subject,src/lib/content/master-syllabus-data.ts,id=1006,semester,"Multi-semester source row ""III/V/VII"" expanded into Semester 3 (and 2 other term(s)) — same subject created once per semester"
Subject,src/lib/content/master-syllabus-data.ts,id=1006,semester,"Multi-semester source row ""III/V/VII"" expanded into Semester 5 (and 2 other term(s)) — same subject created once per semester"
Subject,src/lib/content/master-syllabus-data.ts,id=1006,semester,"Multi-semester source row ""III/V/VII"" expanded into Semester 7 (and 2 other term(s)) — same subject created once per semester"
Subject,src/lib/content/master-syllabus-data.ts,id=1009,semester,"Multi-semester source row ""IV/VI/VIII"" expanded into Semester 4 (and 2 other term(s)) — same subject created once per semester"
Subject,src/lib/content/master-syllabus-data.ts,id=1009,semester,"Multi-semester source row ""IV/VI/VIII"" expanded into Semester 6 (and 2 other term(s)) — same subject created once per semester"
Subject,src/lib/content/master-syllabus-data.ts,id=1009,semester,"Multi-semester source row ""IV/VI/VIII"" expanded into Semester 8 (and 2 other term(s)) — same subject created once per semester"
Subject,src/lib/content/master-syllabus-data.ts,id=1010,semester,"Multi-semester source row ""IV/VI/VIII"" expanded into Semester 4 (and 2 other term(s)) — same subject created once per semester"
Subject,src/lib/content/master-syllabus-data.ts,id=1010,semester,"Multi-semester source row ""IV/VI/VIII"" expanded into Semester 6 (and 2 other term(s)) — same subject created once per semester"
Subject,src/lib/content/master-syllabus-data.ts,id=1010,semester,"Multi-semester source row ""IV/VI/VIII"" expanded into Semester 8 (and 2 other term(s)) — same subject created once per semester"
Subject,src/lib/content/master-syllabus-data.ts,id=1011,semester,"Multi-semester source row ""IV/VI/VIII"" expanded into Semester 4 (and 2 other term(s)) — same subject created once per semester"
Subject,src/lib/content/master-syllabus-data.ts,id=1011,semester,"Multi-semester source row ""IV/VI/VIII"" expanded into Semester 6 (and 2 other term(s)) — same subject created once per semester"
Subject,src/lib/content/master-syllabus-data.ts,id=1011,semester,"Multi-semester source row ""IV/VI/VIII"" expanded into Semester 8 (and 2 other term(s)) — same subject created once per semester"
Subject,src/lib/content/master-syllabus-data.ts,id=1012,semester,"Multi-semester source row ""IV/VI/VIII"" expanded into Semester 4 (and 2 other term(s)) — same subject created once per semester"
Subject,src/lib/content/master-syllabus-data.ts,id=1012,semester,"Multi-semester source row ""IV/VI/VIII"" expanded into Semester 6 (and 2 other term(s)) — same subject created once per semester"
Subject,src/lib/content/master-syllabus-data.ts,id=1012,semester,"Multi-semester source row ""IV/VI/VIII"" expanded into Semester 8 (and 2 other term(s)) — same subject created once per semester"
Subject,src/lib/content/master-syllabus-data.ts,id=1013,semester,"Multi-semester source row ""IV/VI/VIII"" expanded into Semester 4 (and 2 other term(s)) — same subject created once per semester"
Subject,src/lib/content/master-syllabus-data.ts,id=1013,semester,"Multi-semester source row ""IV/VI/VIII"" expanded into Semester 6 (and 2 other term(s)) — same subject created once per semester"
Subject,src/lib/content/master-syllabus-data.ts,id=1013,semester,"Multi-semester source row ""IV/VI/VIII"" expanded into Semester 8 (and 2 other term(s)) — same subject created once per semester"
Subject,src/lib/content/master-syllabus-data.ts,id=1014,semester,"Multi-semester source row ""IV/VI/VIII"" expanded into Semester 4 (and 2 other term(s)) — same subject created once per semester"
Subject,src/lib/content/master-syllabus-data.ts,id=1014,semester,"Multi-semester source row ""IV/VI/VIII"" expanded into Semester 6 (and 2 other term(s)) — same subject created once per semester"
Subject,src/lib/content/master-syllabus-data.ts,id=1014,semester,"Multi-semester source row ""IV/VI/VIII"" expanded into Semester 8 (and 2 other term(s)) — same subject created once per semester"
Subject,src/lib/content/master-syllabus-data.ts,id=1015,semester,"Multi-semester source row ""IV/VI/VIII"" expanded into Semester 4 (and 2 other term(s)) — same subject created once per semester"
Subject,src/lib/content/master-syllabus-data.ts,id=1015,semester,"Multi-semester source row ""IV/VI/VIII"" expanded into Semester 6 (and 2 other term(s)) — same subject created once per semester"
Subject,src/lib/content/master-syllabus-data.ts,id=1015,semester,"Multi-semester source row ""IV/VI/VIII"" expanded into Semester 8 (and 2 other term(s)) — same subject created once per semester"
Subject,src/lib/content/master-syllabus-data.ts,id=1016,semester,"Multi-semester source row ""IV/VI/VIII"" expanded into Semester 4 (and 2 other term(s)) — same subject created once per semester"
Subject,src/lib/content/master-syllabus-data.ts,id=1016,semester,"Multi-semester source row ""IV/VI/VIII"" expanded into Semester 6 (and 2 other term(s)) — same subject created once per semester"
Subject,src/lib/content/master-syllabus-data.ts,id=1016,semester,"Multi-semester source row ""IV/VI/VIII"" expanded into Semester 8 (and 2 other term(s)) — same subject created once per semester"
Subject,src/lib/content/master-syllabus-data.ts,id=1017,semester,"Multi-semester source row ""IV/VI/VIII"" expanded into Semester 4 (and 2 other term(s)) — same subject created once per semester"
Subject,src/lib/content/master-syllabus-data.ts,id=1017,semester,"Multi-semester source row ""IV/VI/VIII"" expanded into Semester 6 (and 2 other term(s)) — same subject created once per semester"
Subject,src/lib/content/master-syllabus-data.ts,id=1017,semester,"Multi-semester source row ""IV/VI/VIII"" expanded into Semester 8 (and 2 other term(s)) — same subject created once per semester"
Subject,src/lib/content/master-syllabus-data.ts,id=1018,semester,"Multi-semester source row ""IV/VI/VIII"" expanded into Semester 4 (and 2 other term(s)) — same subject created once per semester"
Subject,src/lib/content/master-syllabus-data.ts,id=1018,semester,"Multi-semester source row ""IV/VI/VIII"" expanded into Semester 6 (and 2 other term(s)) — same subject created once per semester"
Subject,src/lib/content/master-syllabus-data.ts,id=1018,semester,"Multi-semester source row ""IV/VI/VIII"" expanded into Semester 8 (and 2 other term(s)) — same subject created once per semester"
Subject,src/lib/content/master-syllabus-data.ts,id=1019,semester,"Multi-semester source row ""IV/VI/VIII"" expanded into Semester 4 (and 2 other term(s)) — same subject created once per semester"
Subject,src/lib/content/master-syllabus-data.ts,id=1019,semester,"Multi-semester source row ""IV/VI/VIII"" expanded into Semester 6 (and 2 other term(s)) — same subject created once per semester"
Subject,src/lib/content/master-syllabus-data.ts,id=1019,semester,"Multi-semester source row ""IV/VI/VIII"" expanded into Semester 8 (and 2 other term(s)) — same subject created once per semester"
Subject,src/lib/content/master-syllabus-data.ts,id=1020,semester,"Multi-semester source row ""IV/VI/VIII"" expanded into Semester 4 (and 2 other term(s)) — same subject created once per semester"
Subject,src/lib/content/master-syllabus-data.ts,id=1020,semester,"Multi-semester source row ""IV/VI/VIII"" expanded into Semester 6 (and 2 other term(s)) — same subject created once per semester"
Subject,src/lib/content/master-syllabus-data.ts,id=1020,semester,"Multi-semester source row ""IV/VI/VIII"" expanded into Semester 8 (and 2 other term(s)) — same subject created once per semester"
Subject,src/lib/content/master-syllabus-data.ts,id=1021,semester,"Multi-semester source row ""IV/VI/VIII"" expanded into Semester 4 (and 2 other term(s)) — same subject created once per semester"
Subject,src/lib/content/master-syllabus-data.ts,id=1021,semester,"Multi-semester source row ""IV/VI/VIII"" expanded into Semester 6 (and 2 other term(s)) — same subject created once per semester"
Subject,src/lib/content/master-syllabus-data.ts,id=1021,semester,"Multi-semester source row ""IV/VI/VIII"" expanded into Semester 8 (and 2 other term(s)) — same subject created once per semester"
Subject,src/lib/content/master-syllabus-data.ts,id=1022,semester,"Multi-semester source row ""IV/VI/VIII"" expanded into Semester 4 (and 2 other term(s)) — same subject created once per semester"
Subject,src/lib/content/master-syllabus-data.ts,id=1022,semester,"Multi-semester source row ""IV/VI/VIII"" expanded into Semester 6 (and 2 other term(s)) — same subject created once per semester"
Subject,src/lib/content/master-syllabus-data.ts,id=1022,semester,"Multi-semester source row ""IV/VI/VIII"" expanded into Semester 8 (and 2 other term(s)) — same subject created once per semester"
Subject,src/lib/content/master-syllabus-data.ts,id=1023,semester,"Multi-semester source row ""IV/VI/VIII"" expanded into Semester 4 (and 2 other term(s)) — same subject created once per semester"
Subject,src/lib/content/master-syllabus-data.ts,id=1023,semester,"Multi-semester source row ""IV/VI/VIII"" expanded into Semester 6 (and 2 other term(s)) — same subject created once per semester"
Subject,src/lib/content/master-syllabus-data.ts,id=1023,semester,"Multi-semester source row ""IV/VI/VIII"" expanded into Semester 8 (and 2 other term(s)) — same subject created once per semester"
Subject,src/lib/content/master-syllabus-data.ts,id=1026,semester,"Multi-semester source row ""V/VII"" expanded into Semester 5 (and 1 other term(s)) — same subject created once per semester"
Subject,src/lib/content/master-syllabus-data.ts,id=1026,semester,"Multi-semester source row ""V/VII"" expanded into Semester 7 (and 1 other term(s)) — same subject created once per semester"
Subject,src/lib/content/master-syllabus-data.ts,id=1027,semester,"Multi-semester source row ""V/VII"" expanded into Semester 5 (and 1 other term(s)) — same subject created once per semester"
Subject,src/lib/content/master-syllabus-data.ts,id=1027,semester,"Multi-semester source row ""V/VII"" expanded into Semester 7 (and 1 other term(s)) — same subject created once per semester"
Subject,src/lib/content/master-syllabus-data.ts,id=1028,semester,"Multi-semester source row ""V/VII"" expanded into Semester 5 (and 1 other term(s)) — same subject created once per semester"
Subject,src/lib/content/master-syllabus-data.ts,id=1028,semester,"Multi-semester source row ""V/VII"" expanded into Semester 7 (and 1 other term(s)) — same subject created once per semester"
Subject,src/lib/content/master-syllabus-data.ts,id=1029,semester,"Multi-semester source row ""V/VII"" expanded into Semester 5 (and 1 other term(s)) — same subject created once per semester"
Subject,src/lib/content/master-syllabus-data.ts,id=1029,semester,"Multi-semester source row ""V/VII"" expanded into Semester 7 (and 1 other term(s)) — same subject created once per semester"
Subject,src/lib/content/master-syllabus-data.ts,id=1030,semester,"Multi-semester source row ""V/VII"" expanded into Semester 5 (and 1 other term(s)) — same subject created once per semester"
Subject,src/lib/content/master-syllabus-data.ts,id=1030,semester,"Multi-semester source row ""V/VII"" expanded into Semester 7 (and 1 other term(s)) — same subject created once per semester"
Subject,src/lib/content/master-syllabus-data.ts,id=1031,semester,"Multi-semester source row ""V/VII"" expanded into Semester 5 (and 1 other term(s)) — same subject created once per semester"
Subject,src/lib/content/master-syllabus-data.ts,id=1031,semester,"Multi-semester source row ""V/VII"" expanded into Semester 7 (and 1 other term(s)) — same subject created once per semester"
Subject,src/lib/content/master-syllabus-data.ts,id=1032,semester,"Multi-semester source row ""V/VII"" expanded into Semester 5 (and 1 other term(s)) — same subject created once per semester"
Subject,src/lib/content/master-syllabus-data.ts,id=1032,semester,"Multi-semester source row ""V/VII"" expanded into Semester 7 (and 1 other term(s)) — same subject created once per semester"
Subject,src/lib/content/master-syllabus-data.ts,id=1033,semester,"Multi-semester source row ""V/VII"" expanded into Semester 5 (and 1 other term(s)) — same subject created once per semester"
Subject,src/lib/content/master-syllabus-data.ts,id=1033,semester,"Multi-semester source row ""V/VII"" expanded into Semester 7 (and 1 other term(s)) — same subject created once per semester"
Subject,src/lib/content/master-syllabus-data.ts,id=1034,semester,"Multi-semester source row ""V/VII"" expanded into Semester 5 (and 1 other term(s)) — same subject created once per semester"
Subject,src/lib/content/master-syllabus-data.ts,id=1034,semester,"Multi-semester source row ""V/VII"" expanded into Semester 7 (and 1 other term(s)) — same subject created once per semester"
Subject,src/lib/content/master-syllabus-data.ts,id=1035,semester,"Multi-semester source row ""V/VII"" expanded into Semester 5 (and 1 other term(s)) — same subject created once per semester"
Subject,src/lib/content/master-syllabus-data.ts,id=1035,semester,"Multi-semester source row ""V/VII"" expanded into Semester 7 (and 1 other term(s)) — same subject created once per semester"
Subject,src/lib/content/master-syllabus-data.ts,id=1038,semester,"Multi-semester source row ""VI/VIII"" expanded into Semester 6 (and 1 other term(s)) — same subject created once per semester"
Subject,src/lib/content/master-syllabus-data.ts,id=1038,semester,"Multi-semester source row ""VI/VIII"" expanded into Semester 8 (and 1 other term(s)) — same subject created once per semester"
Subject,src/lib/content/master-syllabus-data.ts,id=1039,semester,"Multi-semester source row ""VI/VIII"" expanded into Semester 6 (and 1 other term(s)) — same subject created once per semester"
Subject,src/lib/content/master-syllabus-data.ts,id=1039,semester,"Multi-semester source row ""VI/VIII"" expanded into Semester 8 (and 1 other term(s)) — same subject created once per semester"
Subject,src/lib/content/master-syllabus-data.ts,id=1040,semester,"Multi-semester source row ""VI/VIII"" expanded into Semester 6 (and 1 other term(s)) — same subject created once per semester"
Subject,src/lib/content/master-syllabus-data.ts,id=1040,semester,"Multi-semester source row ""VI/VIII"" expanded into Semester 8 (and 1 other term(s)) — same subject created once per semester"
Subject,src/lib/content/master-syllabus-data.ts,id=1041,semester,"Multi-semester source row ""VI/VIII"" expanded into Semester 6 (and 1 other term(s)) — same subject created once per semester"
Subject,src/lib/content/master-syllabus-data.ts,id=1041,semester,"Multi-semester source row ""VI/VIII"" expanded into Semester 8 (and 1 other term(s)) — same subject created once per semester"
Subject,src/lib/content/master-syllabus-data.ts,id=1042,semester,"Multi-semester source row ""VI/VIII"" expanded into Semester 6 (and 1 other term(s)) — same subject created once per semester"
Subject,src/lib/content/master-syllabus-data.ts,id=1042,semester,"Multi-semester source row ""VI/VIII"" expanded into Semester 8 (and 1 other term(s)) — same subject created once per semester"
Subject,src/lib/content/master-syllabus-data.ts,id=1043,semester,"Multi-semester source row ""VI/VIII"" expanded into Semester 6 (and 1 other term(s)) — same subject created once per semester"
Subject,src/lib/content/master-syllabus-data.ts,id=1043,semester,"Multi-semester source row ""VI/VIII"" expanded into Semester 8 (and 1 other term(s)) — same subject created once per semester"
Subject,src/lib/content/master-syllabus-data.ts,id=1044,semester,"Multi-semester source row ""VI/VIII"" expanded into Semester 6 (and 1 other term(s)) — same subject created once per semester"
Subject,src/lib/content/master-syllabus-data.ts,id=1044,semester,"Multi-semester source row ""VI/VIII"" expanded into Semester 8 (and 1 other term(s)) — same subject created once per semester"
Subject,src/lib/content/master-syllabus-data.ts,id=1045,semester,"Multi-semester source row ""VI/VIII"" expanded into Semester 6 (and 1 other term(s)) — same subject created once per semester"
Subject,src/lib/content/master-syllabus-data.ts,id=1045,semester,"Multi-semester source row ""VI/VIII"" expanded into Semester 8 (and 1 other term(s)) — same subject created once per semester"
Subject,src/lib/content/master-syllabus-data.ts,id=1046,semester,"Multi-semester source row ""VI/VIII"" expanded into Semester 6 (and 1 other term(s)) — same subject created once per semester"
Subject,src/lib/content/master-syllabus-data.ts,id=1046,semester,"Multi-semester source row ""VI/VIII"" expanded into Semester 8 (and 1 other term(s)) — same subject created once per semester"
Subject,src/lib/content/master-syllabus-data.ts,id=1047,semester,"Multi-semester source row ""VI/VIII"" expanded into Semester 6 (and 1 other term(s)) — same subject created once per semester"
Subject,src/lib/content/master-syllabus-data.ts,id=1047,semester,"Multi-semester source row ""VI/VIII"" expanded into Semester 8 (and 1 other term(s)) — same subject created once per semester"
Subject,src/lib/content/master-syllabus-data.ts,id=1048,semester,"Multi-semester source row ""VI/VIII"" expanded into Semester 6 (and 1 other term(s)) — same subject created once per semester"
Subject,src/lib/content/master-syllabus-data.ts,id=1048,semester,"Multi-semester source row ""VI/VIII"" expanded into Semester 8 (and 1 other term(s)) — same subject created once per semester"
Subject,src/lib/content/master-syllabus-data.ts,id=1049,semester,"Multi-semester source row ""VI/VIII"" expanded into Semester 6 (and 1 other term(s)) — same subject created once per semester"
Subject,src/lib/content/master-syllabus-data.ts,id=1049,semester,"Multi-semester source row ""VI/VIII"" expanded into Semester 8 (and 1 other term(s)) — same subject created once per semester"
Subject,src/lib/content/master-syllabus-data.ts,id=1050,semester,"Multi-semester source row ""VI/VIII"" expanded into Semester 6 (and 1 other term(s)) — same subject created once per semester"
Subject,src/lib/content/master-syllabus-data.ts,id=1050,semester,"Multi-semester source row ""VI/VIII"" expanded into Semester 8 (and 1 other term(s)) — same subject created once per semester"
Subject,src/lib/content/master-syllabus-data.ts,id=1054,semester,"Multi-semester source row ""I/III/V/VII"" expanded into Semester 1 (and 3 other term(s)) — same subject created once per semester"
Subject,src/lib/content/master-syllabus-data.ts,id=1054,semester,"Multi-semester source row ""I/III/V/VII"" expanded into Semester 3 (and 3 other term(s)) — same subject created once per semester"
Subject,src/lib/content/master-syllabus-data.ts,id=1054,semester,"Multi-semester source row ""I/III/V/VII"" expanded into Semester 5 (and 3 other term(s)) — same subject created once per semester"
Subject,src/lib/content/master-syllabus-data.ts,id=1054,semester,"Multi-semester source row ""I/III/V/VII"" expanded into Semester 7 (and 3 other term(s)) — same subject created once per semester"
Subject,src/lib/content/master-syllabus-data.ts,id=1055,semester,"Multi-semester source row ""I/III/V/VII"" expanded into Semester 1 (and 3 other term(s)) — same subject created once per semester"
Subject,src/lib/content/master-syllabus-data.ts,id=1055,semester,"Multi-semester source row ""I/III/V/VII"" expanded into Semester 3 (and 3 other term(s)) — same subject created once per semester"
Subject,src/lib/content/master-syllabus-data.ts,id=1055,semester,"Multi-semester source row ""I/III/V/VII"" expanded into Semester 5 (and 3 other term(s)) — same subject created once per semester"
Subject,src/lib/content/master-syllabus-data.ts,id=1055,semester,"Multi-semester source row ""I/III/V/VII"" expanded into Semester 7 (and 3 other term(s)) — same subject created once per semester"
Subject,src/lib/content/master-syllabus-data.ts,id=1056,semester,"Multi-semester source row ""I/III/V/VII"" expanded into Semester 1 (and 3 other term(s)) — same subject created once per semester"
Subject,src/lib/content/master-syllabus-data.ts,id=1056,semester,"Multi-semester source row ""I/III/V/VII"" expanded into Semester 3 (and 3 other term(s)) — same subject created once per semester"
Subject,src/lib/content/master-syllabus-data.ts,id=1056,semester,"Multi-semester source row ""I/III/V/VII"" expanded into Semester 5 (and 3 other term(s)) — same subject created once per semester"
Subject,src/lib/content/master-syllabus-data.ts,id=1056,semester,"Multi-semester source row ""I/III/V/VII"" expanded into Semester 7 (and 3 other term(s)) — same subject created once per semester"
Subject,src/lib/content/master-syllabus-data.ts,id=1058,semester,"Multi-semester source row ""II/IV/VI/VIII"" expanded into Semester 2 (and 3 other term(s)) — same subject created once per semester"
Subject,src/lib/content/master-syllabus-data.ts,id=1058,semester,"Multi-semester source row ""II/IV/VI/VIII"" expanded into Semester 4 (and 3 other term(s)) — same subject created once per semester"
Subject,src/lib/content/master-syllabus-data.ts,id=1058,semester,"Multi-semester source row ""II/IV/VI/VIII"" expanded into Semester 6 (and 3 other term(s)) — same subject created once per semester"
Subject,src/lib/content/master-syllabus-data.ts,id=1058,semester,"Multi-semester source row ""II/IV/VI/VIII"" expanded into Semester 8 (and 3 other term(s)) — same subject created once per semester"
Subject,src/lib/content/master-syllabus-data.ts,id=1059,semester,"Multi-semester source row ""II/IV/VI/VIII"" expanded into Semester 2 (and 3 other term(s)) — same subject created once per semester"
Subject,src/lib/content/master-syllabus-data.ts,id=1059,semester,"Multi-semester source row ""II/IV/VI/VIII"" expanded into Semester 4 (and 3 other term(s)) — same subject created once per semester"
Subject,src/lib/content/master-syllabus-data.ts,id=1059,semester,"Multi-semester source row ""II/IV/VI/VIII"" expanded into Semester 6 (and 3 other term(s)) — same subject created once per semester"
Subject,src/lib/content/master-syllabus-data.ts,id=1059,semester,"Multi-semester source row ""II/IV/VI/VIII"" expanded into Semester 8 (and 3 other term(s)) — same subject created once per semester"
Subject,src/lib/content/master-syllabus-data.ts,id=1060,semester,"Multi-semester source row ""II/IV/VI/VIII"" expanded into Semester 2 (and 3 other term(s)) — same subject created once per semester"
Subject,src/lib/content/master-syllabus-data.ts,id=1060,semester,"Multi-semester source row ""II/IV/VI/VIII"" expanded into Semester 4 (and 3 other term(s)) — same subject created once per semester"
Subject,src/lib/content/master-syllabus-data.ts,id=1060,semester,"Multi-semester source row ""II/IV/VI/VIII"" expanded into Semester 6 (and 3 other term(s)) — same subject created once per semester"
Subject,src/lib/content/master-syllabus-data.ts,id=1060,semester,"Multi-semester source row ""II/IV/VI/VIII"" expanded into Semester 8 (and 3 other term(s)) — same subject created once per semester"
Subject,src/lib/content/master-syllabus-data.ts,id=1062,semester,"Multi-semester source row ""III/V/VII"" expanded into Semester 3 (and 2 other term(s)) — same subject created once per semester"
Subject,src/lib/content/master-syllabus-data.ts,id=1062,semester,"Multi-semester source row ""III/V/VII"" expanded into Semester 5 (and 2 other term(s)) — same subject created once per semester"
Subject,src/lib/content/master-syllabus-data.ts,id=1062,semester,"Multi-semester source row ""III/V/VII"" expanded into Semester 7 (and 2 other term(s)) — same subject created once per semester"
Subject,src/lib/content/master-syllabus-data.ts,id=1063,semester,"Multi-semester source row ""III/V/VII"" expanded into Semester 3 (and 2 other term(s)) — same subject created once per semester"
Subject,src/lib/content/master-syllabus-data.ts,id=1063,semester,"Multi-semester source row ""III/V/VII"" expanded into Semester 5 (and 2 other term(s)) — same subject created once per semester"
Subject,src/lib/content/master-syllabus-data.ts,id=1063,semester,"Multi-semester source row ""III/V/VII"" expanded into Semester 7 (and 2 other term(s)) — same subject created once per semester"
Subject,src/lib/content/master-syllabus-data.ts,id=1064,semester,"Multi-semester source row ""III/V/VII"" expanded into Semester 3 (and 2 other term(s)) — same subject created once per semester"
Subject,src/lib/content/master-syllabus-data.ts,id=1064,semester,"Multi-semester source row ""III/V/VII"" expanded into Semester 5 (and 2 other term(s)) — same subject created once per semester"
Subject,src/lib/content/master-syllabus-data.ts,id=1064,semester,"Multi-semester source row ""III/V/VII"" expanded into Semester 7 (and 2 other term(s)) — same subject created once per semester"
Subject,src/lib/content/master-syllabus-data.ts,id=1065,semester,"Multi-semester source row ""III/V/VII"" expanded into Semester 3 (and 2 other term(s)) — same subject created once per semester"
Subject,src/lib/content/master-syllabus-data.ts,id=1065,semester,"Multi-semester source row ""III/V/VII"" expanded into Semester 5 (and 2 other term(s)) — same subject created once per semester"
Subject,src/lib/content/master-syllabus-data.ts,id=1065,semester,"Multi-semester source row ""III/V/VII"" expanded into Semester 7 (and 2 other term(s)) — same subject created once per semester"
Subject,src/lib/content/master-syllabus-data.ts,id=1066,semester,"Multi-semester source row ""III/V/VII"" expanded into Semester 3 (and 2 other term(s)) — same subject created once per semester"
Subject,src/lib/content/master-syllabus-data.ts,id=1066,semester,"Multi-semester source row ""III/V/VII"" expanded into Semester 5 (and 2 other term(s)) — same subject created once per semester"
Subject,src/lib/content/master-syllabus-data.ts,id=1066,semester,"Multi-semester source row ""III/V/VII"" expanded into Semester 7 (and 2 other term(s)) — same subject created once per semester"
Subject,src/lib/content/master-syllabus-data.ts,id=1067,semester,"Multi-semester source row ""III/V/VII"" expanded into Semester 3 (and 2 other term(s)) — same subject created once per semester"
Subject,src/lib/content/master-syllabus-data.ts,id=1067,semester,"Multi-semester source row ""III/V/VII"" expanded into Semester 5 (and 2 other term(s)) — same subject created once per semester"
Subject,src/lib/content/master-syllabus-data.ts,id=1067,semester,"Multi-semester source row ""III/V/VII"" expanded into Semester 7 (and 2 other term(s)) — same subject created once per semester"
Subject,src/lib/content/master-syllabus-data.ts,id=1068,semester,"Multi-semester source row ""III/V/VII"" expanded into Semester 3 (and 2 other term(s)) — same subject created once per semester"
Subject,src/lib/content/master-syllabus-data.ts,id=1068,semester,"Multi-semester source row ""III/V/VII"" expanded into Semester 5 (and 2 other term(s)) — same subject created once per semester"
Subject,src/lib/content/master-syllabus-data.ts,id=1068,semester,"Multi-semester source row ""III/V/VII"" expanded into Semester 7 (and 2 other term(s)) — same subject created once per semester"
Subject,src/lib/content/master-syllabus-data.ts,id=1069,semester,"Multi-semester source row ""III/V/VII"" expanded into Semester 3 (and 2 other term(s)) — same subject created once per semester"
Subject,src/lib/content/master-syllabus-data.ts,id=1069,semester,"Multi-semester source row ""III/V/VII"" expanded into Semester 5 (and 2 other term(s)) — same subject created once per semester"
Subject,src/lib/content/master-syllabus-data.ts,id=1069,semester,"Multi-semester source row ""III/V/VII"" expanded into Semester 7 (and 2 other term(s)) — same subject created once per semester"
Subject,src/lib/content/master-syllabus-data.ts,id=1070,semester,"Multi-semester source row ""III/V/VII"" expanded into Semester 3 (and 2 other term(s)) — same subject created once per semester"
Subject,src/lib/content/master-syllabus-data.ts,id=1070,semester,"Multi-semester source row ""III/V/VII"" expanded into Semester 5 (and 2 other term(s)) — same subject created once per semester"
Subject,src/lib/content/master-syllabus-data.ts,id=1070,semester,"Multi-semester source row ""III/V/VII"" expanded into Semester 7 (and 2 other term(s)) — same subject created once per semester"
Subject,src/lib/content/master-syllabus-data.ts,id=1071,semester,"Multi-semester source row ""III/V/VII"" expanded into Semester 3 (and 2 other term(s)) — same subject created once per semester"
Subject,src/lib/content/master-syllabus-data.ts,id=1071,semester,"Multi-semester source row ""III/V/VII"" expanded into Semester 5 (and 2 other term(s)) — same subject created once per semester"
Subject,src/lib/content/master-syllabus-data.ts,id=1071,semester,"Multi-semester source row ""III/V/VII"" expanded into Semester 7 (and 2 other term(s)) — same subject created once per semester"
Subject,src/lib/content/master-syllabus-data.ts,id=1072,semester,"Multi-semester source row ""III/V/VII"" expanded into Semester 3 (and 2 other term(s)) — same subject created once per semester"
Subject,src/lib/content/master-syllabus-data.ts,id=1072,semester,"Multi-semester source row ""III/V/VII"" expanded into Semester 5 (and 2 other term(s)) — same subject created once per semester"
Subject,src/lib/content/master-syllabus-data.ts,id=1072,semester,"Multi-semester source row ""III/V/VII"" expanded into Semester 7 (and 2 other term(s)) — same subject created once per semester"
Subject,src/lib/content/master-syllabus-data.ts,id=1073,semester,"Multi-semester source row ""III/V/VII"" expanded into Semester 3 (and 2 other term(s)) — same subject created once per semester"
Subject,src/lib/content/master-syllabus-data.ts,id=1073,semester,"Multi-semester source row ""III/V/VII"" expanded into Semester 5 (and 2 other term(s)) — same subject created once per semester"
Subject,src/lib/content/master-syllabus-data.ts,id=1073,semester,"Multi-semester source row ""III/V/VII"" expanded into Semester 7 (and 2 other term(s)) — same subject created once per semester"
Subject,src/lib/content/master-syllabus-data.ts,id=1074,semester,"Multi-semester source row ""III/V/VII"" expanded into Semester 3 (and 2 other term(s)) — same subject created once per semester"
Subject,src/lib/content/master-syllabus-data.ts,id=1074,semester,"Multi-semester source row ""III/V/VII"" expanded into Semester 5 (and 2 other term(s)) — same subject created once per semester"
Subject,src/lib/content/master-syllabus-data.ts,id=1074,semester,"Multi-semester source row ""III/V/VII"" expanded into Semester 7 (and 2 other term(s)) — same subject created once per semester"
Subject,src/lib/content/master-syllabus-data.ts,id=1076,semester,"Multi-semester source row ""IV/VI/VIII"" expanded into Semester 4 (and 2 other term(s)) — same subject created once per semester"
Subject,src/lib/content/master-syllabus-data.ts,id=1076,semester,"Multi-semester source row ""IV/VI/VIII"" expanded into Semester 6 (and 2 other term(s)) — same subject created once per semester"
Subject,src/lib/content/master-syllabus-data.ts,id=1076,semester,"Multi-semester source row ""IV/VI/VIII"" expanded into Semester 8 (and 2 other term(s)) — same subject created once per semester"
Subject,src/lib/content/master-syllabus-data.ts,id=1077,semester,"Multi-semester source row ""IV/VI/VIII"" expanded into Semester 4 (and 2 other term(s)) — same subject created once per semester"
Subject,src/lib/content/master-syllabus-data.ts,id=1077,semester,"Multi-semester source row ""IV/VI/VIII"" expanded into Semester 6 (and 2 other term(s)) — same subject created once per semester"
Subject,src/lib/content/master-syllabus-data.ts,id=1077,semester,"Multi-semester source row ""IV/VI/VIII"" expanded into Semester 8 (and 2 other term(s)) — same subject created once per semester"
Subject,src/lib/content/master-syllabus-data.ts,id=1078,semester,"Multi-semester source row ""IV/VI/VIII"" expanded into Semester 4 (and 2 other term(s)) — same subject created once per semester"
Subject,src/lib/content/master-syllabus-data.ts,id=1078,semester,"Multi-semester source row ""IV/VI/VIII"" expanded into Semester 6 (and 2 other term(s)) — same subject created once per semester"
Subject,src/lib/content/master-syllabus-data.ts,id=1078,semester,"Multi-semester source row ""IV/VI/VIII"" expanded into Semester 8 (and 2 other term(s)) — same subject created once per semester"
Subject,src/lib/content/master-syllabus-data.ts,id=1079,semester,"Multi-semester source row ""IV/VI/VIII"" expanded into Semester 4 (and 2 other term(s)) — same subject created once per semester"
Subject,src/lib/content/master-syllabus-data.ts,id=1079,semester,"Multi-semester source row ""IV/VI/VIII"" expanded into Semester 6 (and 2 other term(s)) — same subject created once per semester"
Subject,src/lib/content/master-syllabus-data.ts,id=1079,semester,"Multi-semester source row ""IV/VI/VIII"" expanded into Semester 8 (and 2 other term(s)) — same subject created once per semester"
Subject,src/lib/content/master-syllabus-data.ts,id=1080,semester,"Multi-semester source row ""IV/VI/VIII"" expanded into Semester 4 (and 2 other term(s)) — same subject created once per semester"
Subject,src/lib/content/master-syllabus-data.ts,id=1080,semester,"Multi-semester source row ""IV/VI/VIII"" expanded into Semester 6 (and 2 other term(s)) — same subject created once per semester"
Subject,src/lib/content/master-syllabus-data.ts,id=1080,semester,"Multi-semester source row ""IV/VI/VIII"" expanded into Semester 8 (and 2 other term(s)) — same subject created once per semester"
Subject,src/lib/content/master-syllabus-data.ts,id=1081,semester,"Multi-semester source row ""IV/VI/VIII"" expanded into Semester 4 (and 2 other term(s)) — same subject created once per semester"
Subject,src/lib/content/master-syllabus-data.ts,id=1081,semester,"Multi-semester source row ""IV/VI/VIII"" expanded into Semester 6 (and 2 other term(s)) — same subject created once per semester"
Subject,src/lib/content/master-syllabus-data.ts,id=1081,semester,"Multi-semester source row ""IV/VI/VIII"" expanded into Semester 8 (and 2 other term(s)) — same subject created once per semester"
Subject,src/lib/content/master-syllabus-data.ts,id=1082,semester,"Multi-semester source row ""IV/VI/VIII"" expanded into Semester 4 (and 2 other term(s)) — same subject created once per semester"
Subject,src/lib/content/master-syllabus-data.ts,id=1082,semester,"Multi-semester source row ""IV/VI/VIII"" expanded into Semester 6 (and 2 other term(s)) — same subject created once per semester"
Subject,src/lib/content/master-syllabus-data.ts,id=1082,semester,"Multi-semester source row ""IV/VI/VIII"" expanded into Semester 8 (and 2 other term(s)) — same subject created once per semester"
Subject,src/lib/content/master-syllabus-data.ts,id=1083,semester,"Multi-semester source row ""IV/VI/VIII"" expanded into Semester 4 (and 2 other term(s)) — same subject created once per semester"
Subject,src/lib/content/master-syllabus-data.ts,id=1083,semester,"Multi-semester source row ""IV/VI/VIII"" expanded into Semester 6 (and 2 other term(s)) — same subject created once per semester"
Subject,src/lib/content/master-syllabus-data.ts,id=1083,semester,"Multi-semester source row ""IV/VI/VIII"" expanded into Semester 8 (and 2 other term(s)) — same subject created once per semester"
Subject,src/lib/content/master-syllabus-data.ts,id=1084,semester,"Multi-semester source row ""IV/VI/VIII"" expanded into Semester 4 (and 2 other term(s)) — same subject created once per semester"
Subject,src/lib/content/master-syllabus-data.ts,id=1084,semester,"Multi-semester source row ""IV/VI/VIII"" expanded into Semester 6 (and 2 other term(s)) — same subject created once per semester"
Subject,src/lib/content/master-syllabus-data.ts,id=1084,semester,"Multi-semester source row ""IV/VI/VIII"" expanded into Semester 8 (and 2 other term(s)) — same subject created once per semester"
Subject,src/lib/content/master-syllabus-data.ts,id=1085,semester,"Multi-semester source row ""IV/VI/VIII"" expanded into Semester 4 (and 2 other term(s)) — same subject created once per semester"
Subject,src/lib/content/master-syllabus-data.ts,id=1085,semester,"Multi-semester source row ""IV/VI/VIII"" expanded into Semester 6 (and 2 other term(s)) — same subject created once per semester"
Subject,src/lib/content/master-syllabus-data.ts,id=1085,semester,"Multi-semester source row ""IV/VI/VIII"" expanded into Semester 8 (and 2 other term(s)) — same subject created once per semester"
Subject,src/lib/content/master-syllabus-data.ts,id=1086,semester,"Multi-semester source row ""IV/VI/VIII"" expanded into Semester 4 (and 2 other term(s)) — same subject created once per semester"
Subject,src/lib/content/master-syllabus-data.ts,id=1086,semester,"Multi-semester source row ""IV/VI/VIII"" expanded into Semester 6 (and 2 other term(s)) — same subject created once per semester"
Subject,src/lib/content/master-syllabus-data.ts,id=1086,semester,"Multi-semester source row ""IV/VI/VIII"" expanded into Semester 8 (and 2 other term(s)) — same subject created once per semester"
Subject,src/lib/content/master-syllabus-data.ts,id=1087,semester,"Multi-semester source row ""IV/VI/VIII"" expanded into Semester 4 (and 2 other term(s)) — same subject created once per semester"
Subject,src/lib/content/master-syllabus-data.ts,id=1087,semester,"Multi-semester source row ""IV/VI/VIII"" expanded into Semester 6 (and 2 other term(s)) — same subject created once per semester"
Subject,src/lib/content/master-syllabus-data.ts,id=1087,semester,"Multi-semester source row ""IV/VI/VIII"" expanded into Semester 8 (and 2 other term(s)) — same subject created once per semester"
Subject,src/lib/content/master-syllabus-data.ts,id=1088,semester,"Multi-semester source row ""IV/VI/VIII"" expanded into Semester 4 (and 2 other term(s)) — same subject created once per semester"
Subject,src/lib/content/master-syllabus-data.ts,id=1088,semester,"Multi-semester source row ""IV/VI/VIII"" expanded into Semester 6 (and 2 other term(s)) — same subject created once per semester"
Subject,src/lib/content/master-syllabus-data.ts,id=1088,semester,"Multi-semester source row ""IV/VI/VIII"" expanded into Semester 8 (and 2 other term(s)) — same subject created once per semester"
Subject,src/lib/content/master-syllabus-data.ts,id=1089,semester,"Multi-semester source row ""IV/VI/VIII"" expanded into Semester 4 (and 2 other term(s)) — same subject created once per semester"
Subject,src/lib/content/master-syllabus-data.ts,id=1089,semester,"Multi-semester source row ""IV/VI/VIII"" expanded into Semester 6 (and 2 other term(s)) — same subject created once per semester"
Subject,src/lib/content/master-syllabus-data.ts,id=1089,semester,"Multi-semester source row ""IV/VI/VIII"" expanded into Semester 8 (and 2 other term(s)) — same subject created once per semester"
Subject,src/lib/content/master-syllabus-data.ts,id=1090,semester,"Multi-semester source row ""IV/VI/VIII"" expanded into Semester 4 (and 2 other term(s)) — same subject created once per semester"
Subject,src/lib/content/master-syllabus-data.ts,id=1090,semester,"Multi-semester source row ""IV/VI/VIII"" expanded into Semester 6 (and 2 other term(s)) — same subject created once per semester"
Subject,src/lib/content/master-syllabus-data.ts,id=1090,semester,"Multi-semester source row ""IV/VI/VIII"" expanded into Semester 8 (and 2 other term(s)) — same subject created once per semester"
Subject,src/lib/content/master-syllabus-data.ts,id=1092,semester,"Multi-semester source row ""V/VII"" expanded into Semester 5 (and 1 other term(s)) — same subject created once per semester"
Subject,src/lib/content/master-syllabus-data.ts,id=1092,semester,"Multi-semester source row ""V/VII"" expanded into Semester 7 (and 1 other term(s)) — same subject created once per semester"
Subject,src/lib/content/master-syllabus-data.ts,id=1093,semester,"Multi-semester source row ""V/VII"" expanded into Semester 5 (and 1 other term(s)) — same subject created once per semester"
Subject,src/lib/content/master-syllabus-data.ts,id=1093,semester,"Multi-semester source row ""V/VII"" expanded into Semester 7 (and 1 other term(s)) — same subject created once per semester"
Subject,src/lib/content/master-syllabus-data.ts,id=1094,semester,"Multi-semester source row ""V/VII"" expanded into Semester 5 (and 1 other term(s)) — same subject created once per semester"
Subject,src/lib/content/master-syllabus-data.ts,id=1094,semester,"Multi-semester source row ""V/VII"" expanded into Semester 7 (and 1 other term(s)) — same subject created once per semester"
Subject,src/lib/content/master-syllabus-data.ts,id=1095,semester,"Multi-semester source row ""V/VII"" expanded into Semester 5 (and 1 other term(s)) — same subject created once per semester"
Subject,src/lib/content/master-syllabus-data.ts,id=1095,semester,"Multi-semester source row ""V/VII"" expanded into Semester 7 (and 1 other term(s)) — same subject created once per semester"
Subject,src/lib/content/master-syllabus-data.ts,id=1096,semester,"Multi-semester source row ""V/VII"" expanded into Semester 5 (and 1 other term(s)) — same subject created once per semester"
Subject,src/lib/content/master-syllabus-data.ts,id=1096,semester,"Multi-semester source row ""V/VII"" expanded into Semester 7 (and 1 other term(s)) — same subject created once per semester"
Subject,src/lib/content/master-syllabus-data.ts,id=1097,semester,"Multi-semester source row ""V/VII"" expanded into Semester 5 (and 1 other term(s)) — same subject created once per semester"
Subject,src/lib/content/master-syllabus-data.ts,id=1097,semester,"Multi-semester source row ""V/VII"" expanded into Semester 7 (and 1 other term(s)) — same subject created once per semester"
Subject,src/lib/content/master-syllabus-data.ts,id=1098,semester,"Multi-semester source row ""V/VII"" expanded into Semester 5 (and 1 other term(s)) — same subject created once per semester"
Subject,src/lib/content/master-syllabus-data.ts,id=1098,semester,"Multi-semester source row ""V/VII"" expanded into Semester 7 (and 1 other term(s)) — same subject created once per semester"
Subject,src/lib/content/master-syllabus-data.ts,id=1099,semester,"Multi-semester source row ""V/VII"" expanded into Semester 5 (and 1 other term(s)) — same subject created once per semester"
Subject,src/lib/content/master-syllabus-data.ts,id=1099,semester,"Multi-semester source row ""V/VII"" expanded into Semester 7 (and 1 other term(s)) — same subject created once per semester"
Subject,src/lib/content/master-syllabus-data.ts,id=1100,semester,"Multi-semester source row ""V/VII"" expanded into Semester 5 (and 1 other term(s)) — same subject created once per semester"
Subject,src/lib/content/master-syllabus-data.ts,id=1100,semester,"Multi-semester source row ""V/VII"" expanded into Semester 7 (and 1 other term(s)) — same subject created once per semester"
Subject,src/lib/content/master-syllabus-data.ts,id=1101,semester,"Multi-semester source row ""V/VII"" expanded into Semester 5 (and 1 other term(s)) — same subject created once per semester"
Subject,src/lib/content/master-syllabus-data.ts,id=1101,semester,"Multi-semester source row ""V/VII"" expanded into Semester 7 (and 1 other term(s)) — same subject created once per semester"
Subject,src/lib/content/master-syllabus-data.ts,id=1103,semester,"Multi-semester source row ""VI/VIII"" expanded into Semester 6 (and 1 other term(s)) — same subject created once per semester"
Subject,src/lib/content/master-syllabus-data.ts,id=1103,semester,"Multi-semester source row ""VI/VIII"" expanded into Semester 8 (and 1 other term(s)) — same subject created once per semester"
Subject,src/lib/content/master-syllabus-data.ts,id=1104,semester,"Multi-semester source row ""VI/VIII"" expanded into Semester 6 (and 1 other term(s)) — same subject created once per semester"
Subject,src/lib/content/master-syllabus-data.ts,id=1104,semester,"Multi-semester source row ""VI/VIII"" expanded into Semester 8 (and 1 other term(s)) — same subject created once per semester"
Subject,src/lib/content/master-syllabus-data.ts,id=1105,semester,"Multi-semester source row ""VI/VIII"" expanded into Semester 6 (and 1 other term(s)) — same subject created once per semester"
Subject,src/lib/content/master-syllabus-data.ts,id=1105,semester,"Multi-semester source row ""VI/VIII"" expanded into Semester 8 (and 1 other term(s)) — same subject created once per semester"
Subject,src/lib/content/master-syllabus-data.ts,id=1106,semester,"Multi-semester source row ""VI/VIII"" expanded into Semester 6 (and 1 other term(s)) — same subject created once per semester"
Subject,src/lib/content/master-syllabus-data.ts,id=1106,semester,"Multi-semester source row ""VI/VIII"" expanded into Semester 8 (and 1 other term(s)) — same subject created once per semester"
Subject,src/lib/content/master-syllabus-data.ts,id=1107,semester,"Multi-semester source row ""VI/VIII"" expanded into Semester 6 (and 1 other term(s)) — same subject created once per semester"
Subject,src/lib/content/master-syllabus-data.ts,id=1107,semester,"Multi-semester source row ""VI/VIII"" expanded into Semester 8 (and 1 other term(s)) — same subject created once per semester"
Subject,src/lib/content/master-syllabus-data.ts,id=1108,semester,"Multi-semester source row ""VI/VIII"" expanded into Semester 6 (and 1 other term(s)) — same subject created once per semester"
Subject,src/lib/content/master-syllabus-data.ts,id=1108,semester,"Multi-semester source row ""VI/VIII"" expanded into Semester 8 (and 1 other term(s)) — same subject created once per semester"
Subject,src/lib/content/master-syllabus-data.ts,id=1109,semester,"Multi-semester source row ""VI/VIII"" expanded into Semester 6 (and 1 other term(s)) — same subject created once per semester"
Subject,src/lib/content/master-syllabus-data.ts,id=1109,semester,"Multi-semester source row ""VI/VIII"" expanded into Semester 8 (and 1 other term(s)) — same subject created once per semester"
Subject,src/lib/content/master-syllabus-data.ts,id=1110,semester,"Multi-semester source row ""VI/VIII"" expanded into Semester 6 (and 1 other term(s)) — same subject created once per semester"
Subject,src/lib/content/master-syllabus-data.ts,id=1110,semester,"Multi-semester source row ""VI/VIII"" expanded into Semester 8 (and 1 other term(s)) — same subject created once per semester"
Subject,src/lib/content/master-syllabus-data.ts,id=1111,semester,"Multi-semester source row ""VI/VIII"" expanded into Semester 6 (and 1 other term(s)) — same subject created once per semester"
Subject,src/lib/content/master-syllabus-data.ts,id=1111,semester,"Multi-semester source row ""VI/VIII"" expanded into Semester 8 (and 1 other term(s)) — same subject created once per semester"
Subject,src/lib/content/master-syllabus-data.ts,id=1112,semester,"Multi-semester source row ""VI/VIII"" expanded into Semester 6 (and 1 other term(s)) — same subject created once per semester"
Subject,src/lib/content/master-syllabus-data.ts,id=1112,semester,"Multi-semester source row ""VI/VIII"" expanded into Semester 8 (and 1 other term(s)) — same subject created once per semester"
Subject,src/lib/content/master-syllabus-data.ts,id=1113,semester,"Multi-semester source row ""VI/VIII"" expanded into Semester 6 (and 1 other term(s)) — same subject created once per semester"
Subject,src/lib/content/master-syllabus-data.ts,id=1113,semester,"Multi-semester source row ""VI/VIII"" expanded into Semester 8 (and 1 other term(s)) — same subject created once per semester"
Subject,src/lib/content/master-syllabus-data.ts,id=1114,semester,"Multi-semester source row ""VI/VIII"" expanded into Semester 6 (and 1 other term(s)) — same subject created once per semester"
Subject,src/lib/content/master-syllabus-data.ts,id=1114,semester,"Multi-semester source row ""VI/VIII"" expanded into Semester 8 (and 1 other term(s)) — same subject created once per semester"
Subject,src/lib/content/master-syllabus-data.ts,id=1115,semester,"Multi-semester source row ""VI/VIII"" expanded into Semester 6 (and 1 other term(s)) — same subject created once per semester"
Subject,src/lib/content/master-syllabus-data.ts,id=1115,semester,"Multi-semester source row ""VI/VIII"" expanded into Semester 8 (and 1 other term(s)) — same subject created once per semester"
Subject,src/lib/content/master-syllabus-data.ts,id=1126,semester,"Multi-semester source row ""V/VII"" expanded into Semester 5 (and 1 other term(s)) — same subject created once per semester"
Subject,src/lib/content/master-syllabus-data.ts,id=1126,semester,"Multi-semester source row ""V/VII"" expanded into Semester 7 (and 1 other term(s)) — same subject created once per semester"
Subject,src/lib/content/master-syllabus-data.ts,id=1127,semester,"Multi-semester source row ""V/VII"" expanded into Semester 5 (and 1 other term(s)) — same subject created once per semester"
Subject,src/lib/content/master-syllabus-data.ts,id=1127,semester,"Multi-semester source row ""V/VII"" expanded into Semester 7 (and 1 other term(s)) — same subject created once per semester"
Subject,src/lib/content/master-syllabus-data.ts,id=1159,semester,"Multi-semester source row ""V/VII"" expanded into Semester 5 (and 1 other term(s)) — same subject created once per semester"
Subject,src/lib/content/master-syllabus-data.ts,id=1159,semester,"Multi-semester source row ""V/VII"" expanded into Semester 7 (and 1 other term(s)) — same subject created once per semester"
Subject,src/lib/content/master-syllabus-data.ts,id=1160,semester,"Multi-semester source row ""V/VII"" expanded into Semester 5 (and 1 other term(s)) — same subject created once per semester"
Subject,src/lib/content/master-syllabus-data.ts,id=1160,semester,"Multi-semester source row ""V/VII"" expanded into Semester 7 (and 1 other term(s)) — same subject created once per semester"
Subject,src/lib/content/master-syllabus-data.ts,id=1248,semester,"Multi-semester source row ""III/V"" expanded into Semester 3 (and 1 other term(s)) — same subject created once per semester"
Subject,src/lib/content/master-syllabus-data.ts,id=1248,semester,"Multi-semester source row ""III/V"" expanded into Semester 5 (and 1 other term(s)) — same subject created once per semester"
Subject,src/lib/content/master-syllabus-data.ts,id=1249,semester,"Multi-semester source row ""III/V"" expanded into Semester 3 (and 1 other term(s)) — same subject created once per semester"
Subject,src/lib/content/master-syllabus-data.ts,id=1249,semester,"Multi-semester source row ""III/V"" expanded into Semester 5 (and 1 other term(s)) — same subject created once per semester"
Subject,src/lib/content/master-syllabus-data.ts,id=1250,semester,"Multi-semester source row ""III/V"" expanded into Semester 3 (and 1 other term(s)) — same subject created once per semester"
Subject,src/lib/content/master-syllabus-data.ts,id=1250,semester,"Multi-semester source row ""III/V"" expanded into Semester 5 (and 1 other term(s)) — same subject created once per semester"
Subject,src/lib/content/master-syllabus-data.ts,id=1251,semester,"Multi-semester source row ""III/V"" expanded into Semester 3 (and 1 other term(s)) — same subject created once per semester"
Subject,src/lib/content/master-syllabus-data.ts,id=1251,semester,"Multi-semester source row ""III/V"" expanded into Semester 5 (and 1 other term(s)) — same subject created once per semester"
Subject,src/lib/content/master-syllabus-data.ts,id=1252,semester,"Multi-semester source row ""III/V"" expanded into Semester 3 (and 1 other term(s)) — same subject created once per semester"
Subject,src/lib/content/master-syllabus-data.ts,id=1252,semester,"Multi-semester source row ""III/V"" expanded into Semester 5 (and 1 other term(s)) — same subject created once per semester"
Subject,src/lib/content/master-syllabus-data.ts,id=1253,semester,"Multi-semester source row ""III/V"" expanded into Semester 3 (and 1 other term(s)) — same subject created once per semester"
Subject,src/lib/content/master-syllabus-data.ts,id=1253,semester,"Multi-semester source row ""III/V"" expanded into Semester 5 (and 1 other term(s)) — same subject created once per semester"
Subject,src/lib/content/master-syllabus-data.ts,id=1256,semester,"Multi-semester source row ""IV/VI"" expanded into Semester 4 (and 1 other term(s)) — same subject created once per semester"
Subject,src/lib/content/master-syllabus-data.ts,id=1256,semester,"Multi-semester source row ""IV/VI"" expanded into Semester 6 (and 1 other term(s)) — same subject created once per semester"
Subject,src/lib/content/master-syllabus-data.ts,id=1257,semester,"Multi-semester source row ""IV/VI"" expanded into Semester 4 (and 1 other term(s)) — same subject created once per semester"
Subject,src/lib/content/master-syllabus-data.ts,id=1257,semester,"Multi-semester source row ""IV/VI"" expanded into Semester 6 (and 1 other term(s)) — same subject created once per semester"
Subject,src/lib/content/master-syllabus-data.ts,id=1258,semester,"Multi-semester source row ""IV/VI"" expanded into Semester 4 (and 1 other term(s)) — same subject created once per semester"
Subject,src/lib/content/master-syllabus-data.ts,id=1258,semester,"Multi-semester source row ""IV/VI"" expanded into Semester 6 (and 1 other term(s)) — same subject created once per semester"
Subject,src/lib/content/master-syllabus-data.ts,id=1259,semester,"Multi-semester source row ""IV/VI"" expanded into Semester 4 (and 1 other term(s)) — same subject created once per semester"
Subject,src/lib/content/master-syllabus-data.ts,id=1259,semester,"Multi-semester source row ""IV/VI"" expanded into Semester 6 (and 1 other term(s)) — same subject created once per semester"
Subject,src/lib/content/master-syllabus-data.ts,id=1260,semester,"Multi-semester source row ""IV/VI"" expanded into Semester 4 (and 1 other term(s)) — same subject created once per semester"
Subject,src/lib/content/master-syllabus-data.ts,id=1260,semester,"Multi-semester source row ""IV/VI"" expanded into Semester 6 (and 1 other term(s)) — same subject created once per semester"
Subject,src/lib/content/master-syllabus-data.ts,id=1297,semester,"Multi-semester source row ""III/V"" expanded into Semester 3 (and 1 other term(s)) — same subject created once per semester"
Subject,src/lib/content/master-syllabus-data.ts,id=1297,semester,"Multi-semester source row ""III/V"" expanded into Semester 5 (and 1 other term(s)) — same subject created once per semester"
Subject,src/lib/content/master-syllabus-data.ts,id=1298,semester,"Multi-semester source row ""III/V"" expanded into Semester 3 (and 1 other term(s)) — same subject created once per semester"
Subject,src/lib/content/master-syllabus-data.ts,id=1298,semester,"Multi-semester source row ""III/V"" expanded into Semester 5 (and 1 other term(s)) — same subject created once per semester"
Subject,src/lib/content/master-syllabus-data.ts,id=1299,semester,"Multi-semester source row ""III/V"" expanded into Semester 3 (and 1 other term(s)) — same subject created once per semester"
Subject,src/lib/content/master-syllabus-data.ts,id=1299,semester,"Multi-semester source row ""III/V"" expanded into Semester 5 (and 1 other term(s)) — same subject created once per semester"
Subject,src/lib/content/master-syllabus-data.ts,id=1300,semester,"Multi-semester source row ""III/V"" expanded into Semester 3 (and 1 other term(s)) — same subject created once per semester"
Subject,src/lib/content/master-syllabus-data.ts,id=1300,semester,"Multi-semester source row ""III/V"" expanded into Semester 5 (and 1 other term(s)) — same subject created once per semester"
Subject,src/lib/content/master-syllabus-data.ts,id=1301,semester,"Multi-semester source row ""III/V"" expanded into Semester 3 (and 1 other term(s)) — same subject created once per semester"
Subject,src/lib/content/master-syllabus-data.ts,id=1301,semester,"Multi-semester source row ""III/V"" expanded into Semester 5 (and 1 other term(s)) — same subject created once per semester"
Subject,src/lib/content/master-syllabus-data.ts,id=1302,semester,"Multi-semester source row ""III/V"" expanded into Semester 3 (and 1 other term(s)) — same subject created once per semester"
Subject,src/lib/content/master-syllabus-data.ts,id=1302,semester,"Multi-semester source row ""III/V"" expanded into Semester 5 (and 1 other term(s)) — same subject created once per semester"
Subject,src/lib/content/master-syllabus-data.ts,id=1304,semester,"Multi-semester source row ""IV/VI"" expanded into Semester 4 (and 1 other term(s)) — same subject created once per semester"
Subject,src/lib/content/master-syllabus-data.ts,id=1304,semester,"Multi-semester source row ""IV/VI"" expanded into Semester 6 (and 1 other term(s)) — same subject created once per semester"
Subject,src/lib/content/master-syllabus-data.ts,id=1305,semester,"Multi-semester source row ""IV/VI"" expanded into Semester 4 (and 1 other term(s)) — same subject created once per semester"
Subject,src/lib/content/master-syllabus-data.ts,id=1305,semester,"Multi-semester source row ""IV/VI"" expanded into Semester 6 (and 1 other term(s)) — same subject created once per semester"
Subject,src/lib/content/master-syllabus-data.ts,id=1306,semester,"Multi-semester source row ""IV/VI"" expanded into Semester 4 (and 1 other term(s)) — same subject created once per semester"
Subject,src/lib/content/master-syllabus-data.ts,id=1306,semester,"Multi-semester source row ""IV/VI"" expanded into Semester 6 (and 1 other term(s)) — same subject created once per semester"
Subject,src/lib/content/master-syllabus-data.ts,id=1307,semester,"Multi-semester source row ""IV/VI"" expanded into Semester 4 (and 1 other term(s)) — same subject created once per semester"
Subject,src/lib/content/master-syllabus-data.ts,id=1307,semester,"Multi-semester source row ""IV/VI"" expanded into Semester 6 (and 1 other term(s)) — same subject created once per semester"
Subject,src/lib/content/master-syllabus-data.ts,id=1308,semester,"Multi-semester source row ""IV/VI"" expanded into Semester 4 (and 1 other term(s)) — same subject created once per semester"
Subject,src/lib/content/master-syllabus-data.ts,id=1308,semester,"Multi-semester source row ""IV/VI"" expanded into Semester 6 (and 1 other term(s)) — same subject created once per semester"
Subject,src/lib/content/master-syllabus-data.ts,id=1340,semester,"Multi-semester source row ""I/II"" expanded into Semester 1 (and 1 other term(s)) — same subject created once per semester"
Subject,src/lib/content/master-syllabus-data.ts,id=1340,semester,"Multi-semester source row ""I/II"" expanded into Semester 2 (and 1 other term(s)) — same subject created once per semester"
Subject,src/lib/content/master-syllabus-data.ts,id=1341,semester,"Multi-semester source row ""I/II"" expanded into Semester 1 (and 1 other term(s)) — same subject created once per semester"
Subject,src/lib/content/master-syllabus-data.ts,id=1341,semester,"Multi-semester source row ""I/II"" expanded into Semester 2 (and 1 other term(s)) — same subject created once per semester"
Subject,src/lib/content/master-syllabus-data.ts,id=1342,semester,"Multi-semester source row ""I/II"" expanded into Semester 1 (and 1 other term(s)) — same subject created once per semester"
Subject,src/lib/content/master-syllabus-data.ts,id=1342,semester,"Multi-semester source row ""I/II"" expanded into Semester 2 (and 1 other term(s)) — same subject created once per semester"
Subject,src/lib/content/master-syllabus-data.ts,id=1343,semester,"Multi-semester source row ""I/II"" expanded into Semester 1 (and 1 other term(s)) — same subject created once per semester"
Subject,src/lib/content/master-syllabus-data.ts,id=1343,semester,"Multi-semester source row ""I/II"" expanded into Semester 2 (and 1 other term(s)) — same subject created once per semester"
Subject,src/lib/content/master-syllabus-data.ts,id=1348,semester,"Multi-semester source row ""III/IV/V/VI"" expanded into Semester 3 (and 3 other term(s)) — same subject created once per semester"
Subject,src/lib/content/master-syllabus-data.ts,id=1348,semester,"Multi-semester source row ""III/IV/V/VI"" expanded into Semester 4 (and 3 other term(s)) — same subject created once per semester"
Subject,src/lib/content/master-syllabus-data.ts,id=1348,semester,"Multi-semester source row ""III/IV/V/VI"" expanded into Semester 5 (and 3 other term(s)) — same subject created once per semester"
Subject,src/lib/content/master-syllabus-data.ts,id=1348,semester,"Multi-semester source row ""III/IV/V/VI"" expanded into Semester 6 (and 3 other term(s)) — same subject created once per semester"
Subject,src/lib/content/master-syllabus-data.ts,id=1349,semester,"Multi-semester source row ""III/IV/V/VI"" expanded into Semester 3 (and 3 other term(s)) — same subject created once per semester"
Subject,src/lib/content/master-syllabus-data.ts,id=1349,semester,"Multi-semester source row ""III/IV/V/VI"" expanded into Semester 4 (and 3 other term(s)) — same subject created once per semester"
Subject,src/lib/content/master-syllabus-data.ts,id=1349,semester,"Multi-semester source row ""III/IV/V/VI"" expanded into Semester 5 (and 3 other term(s)) — same subject created once per semester"
Subject,src/lib/content/master-syllabus-data.ts,id=1349,semester,"Multi-semester source row ""III/IV/V/VI"" expanded into Semester 6 (and 3 other term(s)) — same subject created once per semester"
Subject,src/lib/content/master-syllabus-data.ts,id=1350,semester,"Multi-semester source row ""III/IV/V/VI"" expanded into Semester 3 (and 3 other term(s)) — same subject created once per semester"
Subject,src/lib/content/master-syllabus-data.ts,id=1350,semester,"Multi-semester source row ""III/IV/V/VI"" expanded into Semester 4 (and 3 other term(s)) — same subject created once per semester"
Subject,src/lib/content/master-syllabus-data.ts,id=1350,semester,"Multi-semester source row ""III/IV/V/VI"" expanded into Semester 5 (and 3 other term(s)) — same subject created once per semester"
Subject,src/lib/content/master-syllabus-data.ts,id=1350,semester,"Multi-semester source row ""III/IV/V/VI"" expanded into Semester 6 (and 3 other term(s)) — same subject created once per semester"
Subject,src/lib/content/master-syllabus-data.ts,id=1351,semester,"Multi-semester source row ""III/IV/V/VI"" expanded into Semester 3 (and 3 other term(s)) — same subject created once per semester"
Subject,src/lib/content/master-syllabus-data.ts,id=1351,semester,"Multi-semester source row ""III/IV/V/VI"" expanded into Semester 4 (and 3 other term(s)) — same subject created once per semester"
Subject,src/lib/content/master-syllabus-data.ts,id=1351,semester,"Multi-semester source row ""III/IV/V/VI"" expanded into Semester 5 (and 3 other term(s)) — same subject created once per semester"
Subject,src/lib/content/master-syllabus-data.ts,id=1351,semester,"Multi-semester source row ""III/IV/V/VI"" expanded into Semester 6 (and 3 other term(s)) — same subject created once per semester"
Subject,src/lib/content/master-syllabus-data.ts,id=1352,semester,"Multi-semester source row ""III/IV/V/VI"" expanded into Semester 3 (and 3 other term(s)) — same subject created once per semester"
Subject,src/lib/content/master-syllabus-data.ts,id=1352,semester,"Multi-semester source row ""III/IV/V/VI"" expanded into Semester 4 (and 3 other term(s)) — same subject created once per semester"
Subject,src/lib/content/master-syllabus-data.ts,id=1352,semester,"Multi-semester source row ""III/IV/V/VI"" expanded into Semester 5 (and 3 other term(s)) — same subject created once per semester"
Subject,src/lib/content/master-syllabus-data.ts,id=1352,semester,"Multi-semester source row ""III/IV/V/VI"" expanded into Semester 6 (and 3 other term(s)) — same subject created once per semester"
Subject,src/lib/content/master-syllabus-data.ts,id=1353,semester,"Multi-semester source row ""III/IV/V/VI"" expanded into Semester 3 (and 3 other term(s)) — same subject created once per semester"
Subject,src/lib/content/master-syllabus-data.ts,id=1353,semester,"Multi-semester source row ""III/IV/V/VI"" expanded into Semester 4 (and 3 other term(s)) — same subject created once per semester"
Subject,src/lib/content/master-syllabus-data.ts,id=1353,semester,"Multi-semester source row ""III/IV/V/VI"" expanded into Semester 5 (and 3 other term(s)) — same subject created once per semester"
Subject,src/lib/content/master-syllabus-data.ts,id=1353,semester,"Multi-semester source row ""III/IV/V/VI"" expanded into Semester 6 (and 3 other term(s)) — same subject created once per semester"
Subject,src/lib/content/master-syllabus-data.ts,id=1354,semester,"Multi-semester source row ""III/IV/V/VI"" expanded into Semester 3 (and 3 other term(s)) — same subject created once per semester"
Subject,src/lib/content/master-syllabus-data.ts,id=1354,semester,"Multi-semester source row ""III/IV/V/VI"" expanded into Semester 4 (and 3 other term(s)) — same subject created once per semester"
Subject,src/lib/content/master-syllabus-data.ts,id=1354,semester,"Multi-semester source row ""III/IV/V/VI"" expanded into Semester 5 (and 3 other term(s)) — same subject created once per semester"
Subject,src/lib/content/master-syllabus-data.ts,id=1354,semester,"Multi-semester source row ""III/IV/V/VI"" expanded into Semester 6 (and 3 other term(s)) — same subject created once per semester"
Subject,src/lib/content/master-syllabus-data.ts,id=1355,semester,"Multi-semester source row ""III/IV/V/VI"" expanded into Semester 3 (and 3 other term(s)) — same subject created once per semester"
Subject,src/lib/content/master-syllabus-data.ts,id=1355,semester,"Multi-semester source row ""III/IV/V/VI"" expanded into Semester 4 (and 3 other term(s)) — same subject created once per semester"
Subject,src/lib/content/master-syllabus-data.ts,id=1355,semester,"Multi-semester source row ""III/IV/V/VI"" expanded into Semester 5 (and 3 other term(s)) — same subject created once per semester"
Subject,src/lib/content/master-syllabus-data.ts,id=1355,semester,"Multi-semester source row ""III/IV/V/VI"" expanded into Semester 6 (and 3 other term(s)) — same subject created once per semester"
Subject,src/lib/content/master-syllabus-data.ts,id=1356,semester,"Multi-semester source row ""III/IV/V/VI"" expanded into Semester 3 (and 3 other term(s)) — same subject created once per semester"
Subject,src/lib/content/master-syllabus-data.ts,id=1356,semester,"Multi-semester source row ""III/IV/V/VI"" expanded into Semester 4 (and 3 other term(s)) — same subject created once per semester"
Subject,src/lib/content/master-syllabus-data.ts,id=1356,semester,"Multi-semester source row ""III/IV/V/VI"" expanded into Semester 5 (and 3 other term(s)) — same subject created once per semester"
Subject,src/lib/content/master-syllabus-data.ts,id=1356,semester,"Multi-semester source row ""III/IV/V/VI"" expanded into Semester 6 (and 3 other term(s)) — same subject created once per semester"
Subject,src/lib/content/master-syllabus-data.ts,id=1357,semester,"Multi-semester source row ""III/IV/V/VI"" expanded into Semester 3 (and 3 other term(s)) — same subject created once per semester"
Subject,src/lib/content/master-syllabus-data.ts,id=1357,semester,"Multi-semester source row ""III/IV/V/VI"" expanded into Semester 4 (and 3 other term(s)) — same subject created once per semester"
Subject,src/lib/content/master-syllabus-data.ts,id=1357,semester,"Multi-semester source row ""III/IV/V/VI"" expanded into Semester 5 (and 3 other term(s)) — same subject created once per semester"
Subject,src/lib/content/master-syllabus-data.ts,id=1357,semester,"Multi-semester source row ""III/IV/V/VI"" expanded into Semester 6 (and 3 other term(s)) — same subject created once per semester"
Subject,src/lib/content/master-syllabus-data.ts,id=1358,semester,"Multi-semester source row ""III/IV/V/VI"" expanded into Semester 3 (and 3 other term(s)) — same subject created once per semester"
Subject,src/lib/content/master-syllabus-data.ts,id=1358,semester,"Multi-semester source row ""III/IV/V/VI"" expanded into Semester 4 (and 3 other term(s)) — same subject created once per semester"
Subject,src/lib/content/master-syllabus-data.ts,id=1358,semester,"Multi-semester source row ""III/IV/V/VI"" expanded into Semester 5 (and 3 other term(s)) — same subject created once per semester"
Subject,src/lib/content/master-syllabus-data.ts,id=1358,semester,"Multi-semester source row ""III/IV/V/VI"" expanded into Semester 6 (and 3 other term(s)) — same subject created once per semester"
Subject,src/lib/content/master-syllabus-data.ts,id=1359,semester,"Multi-semester source row ""III/IV/V/VI"" expanded into Semester 3 (and 3 other term(s)) — same subject created once per semester"
Subject,src/lib/content/master-syllabus-data.ts,id=1359,semester,"Multi-semester source row ""III/IV/V/VI"" expanded into Semester 4 (and 3 other term(s)) — same subject created once per semester"
Subject,src/lib/content/master-syllabus-data.ts,id=1359,semester,"Multi-semester source row ""III/IV/V/VI"" expanded into Semester 5 (and 3 other term(s)) — same subject created once per semester"
Subject,src/lib/content/master-syllabus-data.ts,id=1359,semester,"Multi-semester source row ""III/IV/V/VI"" expanded into Semester 6 (and 3 other term(s)) — same subject created once per semester"
Subject,src/lib/content/master-syllabus-data.ts,id=1360,semester,"Multi-semester source row ""III/IV/V/VI"" expanded into Semester 3 (and 3 other term(s)) — same subject created once per semester"
Subject,src/lib/content/master-syllabus-data.ts,id=1360,semester,"Multi-semester source row ""III/IV/V/VI"" expanded into Semester 4 (and 3 other term(s)) — same subject created once per semester"
Subject,src/lib/content/master-syllabus-data.ts,id=1360,semester,"Multi-semester source row ""III/IV/V/VI"" expanded into Semester 5 (and 3 other term(s)) — same subject created once per semester"
Subject,src/lib/content/master-syllabus-data.ts,id=1360,semester,"Multi-semester source row ""III/IV/V/VI"" expanded into Semester 6 (and 3 other term(s)) — same subject created once per semester"
Subject,src/lib/content/master-syllabus-data.ts,id=1361,semester,"Multi-semester source row ""III/IV/V/VI"" expanded into Semester 3 (and 3 other term(s)) — same subject created once per semester"
Subject,src/lib/content/master-syllabus-data.ts,id=1361,semester,"Multi-semester source row ""III/IV/V/VI"" expanded into Semester 4 (and 3 other term(s)) — same subject created once per semester"
Subject,src/lib/content/master-syllabus-data.ts,id=1361,semester,"Multi-semester source row ""III/IV/V/VI"" expanded into Semester 5 (and 3 other term(s)) — same subject created once per semester"
Subject,src/lib/content/master-syllabus-data.ts,id=1361,semester,"Multi-semester source row ""III/IV/V/VI"" expanded into Semester 6 (and 3 other term(s)) — same subject created once per semester"
Subject,src/lib/content/master-syllabus-data.ts,id=1362,semester,"Multi-semester source row ""III/IV/V/VI"" expanded into Semester 3 (and 3 other term(s)) — same subject created once per semester"
Subject,src/lib/content/master-syllabus-data.ts,id=1362,semester,"Multi-semester source row ""III/IV/V/VI"" expanded into Semester 4 (and 3 other term(s)) — same subject created once per semester"
Subject,src/lib/content/master-syllabus-data.ts,id=1362,semester,"Multi-semester source row ""III/IV/V/VI"" expanded into Semester 5 (and 3 other term(s)) — same subject created once per semester"
Subject,src/lib/content/master-syllabus-data.ts,id=1362,semester,"Multi-semester source row ""III/IV/V/VI"" expanded into Semester 6 (and 3 other term(s)) — same subject created once per semester"
Subject,src/lib/content/master-syllabus-data.ts,id=1363,semester,"Multi-semester source row ""III/IV/V/VI"" expanded into Semester 3 (and 3 other term(s)) — same subject created once per semester"
Subject,src/lib/content/master-syllabus-data.ts,id=1363,semester,"Multi-semester source row ""III/IV/V/VI"" expanded into Semester 4 (and 3 other term(s)) — same subject created once per semester"
Subject,src/lib/content/master-syllabus-data.ts,id=1363,semester,"Multi-semester source row ""III/IV/V/VI"" expanded into Semester 5 (and 3 other term(s)) — same subject created once per semester"
Subject,src/lib/content/master-syllabus-data.ts,id=1363,semester,"Multi-semester source row ""III/IV/V/VI"" expanded into Semester 6 (and 3 other term(s)) — same subject created once per semester"
Subject,src/lib/content/master-syllabus-data.ts,id=1371,semester,"Multi-semester source row ""VII/VIII"" expanded into Semester 7 (and 1 other term(s)) — same subject created once per semester"
Subject,src/lib/content/master-syllabus-data.ts,id=1371,semester,"Multi-semester source row ""VII/VIII"" expanded into Semester 8 (and 1 other term(s)) — same subject created once per semester"
Subject,src/lib/content/master-syllabus-data.ts,id=1372,semester,"Multi-semester source row ""VII/VIII"" expanded into Semester 7 (and 1 other term(s)) — same subject created once per semester"
Subject,src/lib/content/master-syllabus-data.ts,id=1372,semester,"Multi-semester source row ""VII/VIII"" expanded into Semester 8 (and 1 other term(s)) — same subject created once per semester"
Subject,src/lib/content/master-syllabus-data.ts,id=1373,semester,"Multi-semester source row ""VII/VIII"" expanded into Semester 7 (and 1 other term(s)) — same subject created once per semester"
Subject,src/lib/content/master-syllabus-data.ts,id=1373,semester,"Multi-semester source row ""VII/VIII"" expanded into Semester 8 (and 1 other term(s)) — same subject created once per semester"
Subject,src/lib/content/master-syllabus-data.ts,id=1374,semester,"Multi-semester source row ""VII/VIII"" expanded into Semester 7 (and 1 other term(s)) — same subject created once per semester"
Subject,src/lib/content/master-syllabus-data.ts,id=1374,semester,"Multi-semester source row ""VII/VIII"" expanded into Semester 8 (and 1 other term(s)) — same subject created once per semester"
Subject,src/lib/content/master-syllabus-data.ts,id=1375,semester,"Multi-semester source row ""VII/VIII"" expanded into Semester 7 (and 1 other term(s)) — same subject created once per semester"
Subject,src/lib/content/master-syllabus-data.ts,id=1375,semester,"Multi-semester source row ""VII/VIII"" expanded into Semester 8 (and 1 other term(s)) — same subject created once per semester"
Subject,src/lib/content/master-syllabus-data.ts,id=1376,semester,"Multi-semester source row ""VII/VIII"" expanded into Semester 7 (and 1 other term(s)) — same subject created once per semester"
Subject,src/lib/content/master-syllabus-data.ts,id=1376,semester,"Multi-semester source row ""VII/VIII"" expanded into Semester 8 (and 1 other term(s)) — same subject created once per semester"
Subject,src/lib/content/master-syllabus-data.ts,id=1377,semester,"Multi-semester source row ""VII/VIII"" expanded into Semester 7 (and 1 other term(s)) — same subject created once per semester"
Subject,src/lib/content/master-syllabus-data.ts,id=1377,semester,"Multi-semester source row ""VII/VIII"" expanded into Semester 8 (and 1 other term(s)) — same subject created once per semester"
Subject,src/lib/content/master-syllabus-data.ts,id=1378,semester,"Multi-semester source row ""VII/VIII"" expanded into Semester 7 (and 1 other term(s)) — same subject created once per semester"
Subject,src/lib/content/master-syllabus-data.ts,id=1378,semester,"Multi-semester source row ""VII/VIII"" expanded into Semester 8 (and 1 other term(s)) — same subject created once per semester"
Subject,src/lib/content/master-syllabus-data.ts,id=1379,semester,"Multi-semester source row ""VII/VIII"" expanded into Semester 7 (and 1 other term(s)) — same subject created once per semester"
Subject,src/lib/content/master-syllabus-data.ts,id=1379,semester,"Multi-semester source row ""VII/VIII"" expanded into Semester 8 (and 1 other term(s)) — same subject created once per semester"
Subject,src/lib/content/master-syllabus-data.ts,id=1380,semester,"Multi-semester source row ""VII/VIII"" expanded into Semester 7 (and 1 other term(s)) — same subject created once per semester"
Subject,src/lib/content/master-syllabus-data.ts,id=1380,semester,"Multi-semester source row ""VII/VIII"" expanded into Semester 8 (and 1 other term(s)) — same subject created once per semester"
Subject,src/lib/content/master-syllabus-data.ts,id=1381,semester,"Multi-semester source row ""VII/VIII"" expanded into Semester 7 (and 1 other term(s)) — same subject created once per semester"
Subject,src/lib/content/master-syllabus-data.ts,id=1381,semester,"Multi-semester source row ""VII/VIII"" expanded into Semester 8 (and 1 other term(s)) — same subject created once per semester"
Subject,src/lib/content/master-syllabus-data.ts,id=1382,semester,"Multi-semester source row ""VII/VIII"" expanded into Semester 7 (and 1 other term(s)) — same subject created once per semester"
Subject,src/lib/content/master-syllabus-data.ts,id=1382,semester,"Multi-semester source row ""VII/VIII"" expanded into Semester 8 (and 1 other term(s)) — same subject created once per semester"
Subject,src/lib/content/master-syllabus-data.ts,id=1389,semester,"Multi-semester source row ""I/II"" expanded into Semester 1 (and 1 other term(s)) — same subject created once per semester"
Subject,src/lib/content/master-syllabus-data.ts,id=1389,semester,"Multi-semester source row ""I/II"" expanded into Semester 2 (and 1 other term(s)) — same subject created once per semester"
Subject,src/lib/content/master-syllabus-data.ts,id=1390,semester,"Multi-semester source row ""I/II"" expanded into Semester 1 (and 1 other term(s)) — same subject created once per semester"
Subject,src/lib/content/master-syllabus-data.ts,id=1390,semester,"Multi-semester source row ""I/II"" expanded into Semester 2 (and 1 other term(s)) — same subject created once per semester"
Subject,src/lib/content/master-syllabus-data.ts,id=1391,semester,"Multi-semester source row ""I/II"" expanded into Semester 1 (and 1 other term(s)) — same subject created once per semester"
Subject,src/lib/content/master-syllabus-data.ts,id=1391,semester,"Multi-semester source row ""I/II"" expanded into Semester 2 (and 1 other term(s)) — same subject created once per semester"
Subject,src/lib/content/master-syllabus-data.ts,id=1392,semester,"Multi-semester source row ""I/II"" expanded into Semester 1 (and 1 other term(s)) — same subject created once per semester"
Subject,src/lib/content/master-syllabus-data.ts,id=1392,semester,"Multi-semester source row ""I/II"" expanded into Semester 2 (and 1 other term(s)) — same subject created once per semester"
Subject,src/lib/content/master-syllabus-data.ts,id=1395,semester,"Multi-semester source row ""III/IV/V/VI"" expanded into Semester 3 (and 3 other term(s)) — same subject created once per semester"
Subject,src/lib/content/master-syllabus-data.ts,id=1395,semester,"Multi-semester source row ""III/IV/V/VI"" expanded into Semester 4 (and 3 other term(s)) — same subject created once per semester"
Subject,src/lib/content/master-syllabus-data.ts,id=1395,semester,"Multi-semester source row ""III/IV/V/VI"" expanded into Semester 5 (and 3 other term(s)) — same subject created once per semester"
Subject,src/lib/content/master-syllabus-data.ts,id=1395,semester,"Multi-semester source row ""III/IV/V/VI"" expanded into Semester 6 (and 3 other term(s)) — same subject created once per semester"
Subject,src/lib/content/master-syllabus-data.ts,id=1396,semester,"Multi-semester source row ""III/IV/V/VI"" expanded into Semester 3 (and 3 other term(s)) — same subject created once per semester"
Subject,src/lib/content/master-syllabus-data.ts,id=1396,semester,"Multi-semester source row ""III/IV/V/VI"" expanded into Semester 4 (and 3 other term(s)) — same subject created once per semester"
Subject,src/lib/content/master-syllabus-data.ts,id=1396,semester,"Multi-semester source row ""III/IV/V/VI"" expanded into Semester 5 (and 3 other term(s)) — same subject created once per semester"
Subject,src/lib/content/master-syllabus-data.ts,id=1396,semester,"Multi-semester source row ""III/IV/V/VI"" expanded into Semester 6 (and 3 other term(s)) — same subject created once per semester"
Subject,src/lib/content/master-syllabus-data.ts,id=1397,semester,"Multi-semester source row ""III/IV/V/VI"" expanded into Semester 3 (and 3 other term(s)) — same subject created once per semester"
Subject,src/lib/content/master-syllabus-data.ts,id=1397,semester,"Multi-semester source row ""III/IV/V/VI"" expanded into Semester 4 (and 3 other term(s)) — same subject created once per semester"
Subject,src/lib/content/master-syllabus-data.ts,id=1397,semester,"Multi-semester source row ""III/IV/V/VI"" expanded into Semester 5 (and 3 other term(s)) — same subject created once per semester"
Subject,src/lib/content/master-syllabus-data.ts,id=1397,semester,"Multi-semester source row ""III/IV/V/VI"" expanded into Semester 6 (and 3 other term(s)) — same subject created once per semester"
Subject,src/lib/content/master-syllabus-data.ts,id=1398,semester,"Multi-semester source row ""III/IV/V/VI"" expanded into Semester 3 (and 3 other term(s)) — same subject created once per semester"
Subject,src/lib/content/master-syllabus-data.ts,id=1398,semester,"Multi-semester source row ""III/IV/V/VI"" expanded into Semester 4 (and 3 other term(s)) — same subject created once per semester"
Subject,src/lib/content/master-syllabus-data.ts,id=1398,semester,"Multi-semester source row ""III/IV/V/VI"" expanded into Semester 5 (and 3 other term(s)) — same subject created once per semester"
Subject,src/lib/content/master-syllabus-data.ts,id=1398,semester,"Multi-semester source row ""III/IV/V/VI"" expanded into Semester 6 (and 3 other term(s)) — same subject created once per semester"
Subject,src/lib/content/master-syllabus-data.ts,id=1399,semester,"Multi-semester source row ""III/IV/V/VI"" expanded into Semester 3 (and 3 other term(s)) — same subject created once per semester"
Subject,src/lib/content/master-syllabus-data.ts,id=1399,semester,"Multi-semester source row ""III/IV/V/VI"" expanded into Semester 4 (and 3 other term(s)) — same subject created once per semester"
Subject,src/lib/content/master-syllabus-data.ts,id=1399,semester,"Multi-semester source row ""III/IV/V/VI"" expanded into Semester 5 (and 3 other term(s)) — same subject created once per semester"
Subject,src/lib/content/master-syllabus-data.ts,id=1399,semester,"Multi-semester source row ""III/IV/V/VI"" expanded into Semester 6 (and 3 other term(s)) — same subject created once per semester"
Subject,src/lib/content/master-syllabus-data.ts,id=1400,semester,"Multi-semester source row ""III/IV/V/VI"" expanded into Semester 3 (and 3 other term(s)) — same subject created once per semester"
Subject,src/lib/content/master-syllabus-data.ts,id=1400,semester,"Multi-semester source row ""III/IV/V/VI"" expanded into Semester 4 (and 3 other term(s)) — same subject created once per semester"
Subject,src/lib/content/master-syllabus-data.ts,id=1400,semester,"Multi-semester source row ""III/IV/V/VI"" expanded into Semester 5 (and 3 other term(s)) — same subject created once per semester"
Subject,src/lib/content/master-syllabus-data.ts,id=1400,semester,"Multi-semester source row ""III/IV/V/VI"" expanded into Semester 6 (and 3 other term(s)) — same subject created once per semester"
Subject,src/lib/content/master-syllabus-data.ts,id=1401,semester,"Multi-semester source row ""III/IV/V/VI"" expanded into Semester 3 (and 3 other term(s)) — same subject created once per semester"
Subject,src/lib/content/master-syllabus-data.ts,id=1401,semester,"Multi-semester source row ""III/IV/V/VI"" expanded into Semester 4 (and 3 other term(s)) — same subject created once per semester"
Subject,src/lib/content/master-syllabus-data.ts,id=1401,semester,"Multi-semester source row ""III/IV/V/VI"" expanded into Semester 5 (and 3 other term(s)) — same subject created once per semester"
Subject,src/lib/content/master-syllabus-data.ts,id=1401,semester,"Multi-semester source row ""III/IV/V/VI"" expanded into Semester 6 (and 3 other term(s)) — same subject created once per semester"
Subject,src/lib/content/master-syllabus-data.ts,id=1402,semester,"Multi-semester source row ""III/IV/V/VI"" expanded into Semester 3 (and 3 other term(s)) — same subject created once per semester"
Subject,src/lib/content/master-syllabus-data.ts,id=1402,semester,"Multi-semester source row ""III/IV/V/VI"" expanded into Semester 4 (and 3 other term(s)) — same subject created once per semester"
Subject,src/lib/content/master-syllabus-data.ts,id=1402,semester,"Multi-semester source row ""III/IV/V/VI"" expanded into Semester 5 (and 3 other term(s)) — same subject created once per semester"
Subject,src/lib/content/master-syllabus-data.ts,id=1402,semester,"Multi-semester source row ""III/IV/V/VI"" expanded into Semester 6 (and 3 other term(s)) — same subject created once per semester"
Subject,src/lib/content/master-syllabus-data.ts,id=1403,semester,"Multi-semester source row ""III/IV/V/VI"" expanded into Semester 3 (and 3 other term(s)) — same subject created once per semester"
Subject,src/lib/content/master-syllabus-data.ts,id=1403,semester,"Multi-semester source row ""III/IV/V/VI"" expanded into Semester 4 (and 3 other term(s)) — same subject created once per semester"
Subject,src/lib/content/master-syllabus-data.ts,id=1403,semester,"Multi-semester source row ""III/IV/V/VI"" expanded into Semester 5 (and 3 other term(s)) — same subject created once per semester"
Subject,src/lib/content/master-syllabus-data.ts,id=1403,semester,"Multi-semester source row ""III/IV/V/VI"" expanded into Semester 6 (and 3 other term(s)) — same subject created once per semester"
Subject,src/lib/content/master-syllabus-data.ts,id=1404,semester,"Multi-semester source row ""III/IV/V/VI"" expanded into Semester 3 (and 3 other term(s)) — same subject created once per semester"
Subject,src/lib/content/master-syllabus-data.ts,id=1404,semester,"Multi-semester source row ""III/IV/V/VI"" expanded into Semester 4 (and 3 other term(s)) — same subject created once per semester"
Subject,src/lib/content/master-syllabus-data.ts,id=1404,semester,"Multi-semester source row ""III/IV/V/VI"" expanded into Semester 5 (and 3 other term(s)) — same subject created once per semester"
Subject,src/lib/content/master-syllabus-data.ts,id=1404,semester,"Multi-semester source row ""III/IV/V/VI"" expanded into Semester 6 (and 3 other term(s)) — same subject created once per semester"
Subject,src/lib/content/master-syllabus-data.ts,id=1405,semester,"Multi-semester source row ""III/IV/V/VI"" expanded into Semester 3 (and 3 other term(s)) — same subject created once per semester"
Subject,src/lib/content/master-syllabus-data.ts,id=1405,semester,"Multi-semester source row ""III/IV/V/VI"" expanded into Semester 4 (and 3 other term(s)) — same subject created once per semester"
Subject,src/lib/content/master-syllabus-data.ts,id=1405,semester,"Multi-semester source row ""III/IV/V/VI"" expanded into Semester 5 (and 3 other term(s)) — same subject created once per semester"
Subject,src/lib/content/master-syllabus-data.ts,id=1405,semester,"Multi-semester source row ""III/IV/V/VI"" expanded into Semester 6 (and 3 other term(s)) — same subject created once per semester"
Subject,src/lib/content/master-syllabus-data.ts,id=1406,semester,"Multi-semester source row ""III/IV/V/VI"" expanded into Semester 3 (and 3 other term(s)) — same subject created once per semester"
Subject,src/lib/content/master-syllabus-data.ts,id=1406,semester,"Multi-semester source row ""III/IV/V/VI"" expanded into Semester 4 (and 3 other term(s)) — same subject created once per semester"
Subject,src/lib/content/master-syllabus-data.ts,id=1406,semester,"Multi-semester source row ""III/IV/V/VI"" expanded into Semester 5 (and 3 other term(s)) — same subject created once per semester"
Subject,src/lib/content/master-syllabus-data.ts,id=1406,semester,"Multi-semester source row ""III/IV/V/VI"" expanded into Semester 6 (and 3 other term(s)) — same subject created once per semester"
Subject,src/lib/content/master-syllabus-data.ts,id=1407,semester,"Multi-semester source row ""III/IV/V/VI"" expanded into Semester 3 (and 3 other term(s)) — same subject created once per semester"
Subject,src/lib/content/master-syllabus-data.ts,id=1407,semester,"Multi-semester source row ""III/IV/V/VI"" expanded into Semester 4 (and 3 other term(s)) — same subject created once per semester"
Subject,src/lib/content/master-syllabus-data.ts,id=1407,semester,"Multi-semester source row ""III/IV/V/VI"" expanded into Semester 5 (and 3 other term(s)) — same subject created once per semester"
Subject,src/lib/content/master-syllabus-data.ts,id=1407,semester,"Multi-semester source row ""III/IV/V/VI"" expanded into Semester 6 (and 3 other term(s)) — same subject created once per semester"
Subject,src/lib/content/master-syllabus-data.ts,id=1408,semester,"Multi-semester source row ""III/IV/V/VI"" expanded into Semester 3 (and 3 other term(s)) — same subject created once per semester"
Subject,src/lib/content/master-syllabus-data.ts,id=1408,semester,"Multi-semester source row ""III/IV/V/VI"" expanded into Semester 4 (and 3 other term(s)) — same subject created once per semester"
Subject,src/lib/content/master-syllabus-data.ts,id=1408,semester,"Multi-semester source row ""III/IV/V/VI"" expanded into Semester 5 (and 3 other term(s)) — same subject created once per semester"
Subject,src/lib/content/master-syllabus-data.ts,id=1408,semester,"Multi-semester source row ""III/IV/V/VI"" expanded into Semester 6 (and 3 other term(s)) — same subject created once per semester"
Subject,src/lib/content/master-syllabus-data.ts,id=1409,semester,"Multi-semester source row ""III/IV/V/VI"" expanded into Semester 3 (and 3 other term(s)) — same subject created once per semester"
Subject,src/lib/content/master-syllabus-data.ts,id=1409,semester,"Multi-semester source row ""III/IV/V/VI"" expanded into Semester 4 (and 3 other term(s)) — same subject created once per semester"
Subject,src/lib/content/master-syllabus-data.ts,id=1409,semester,"Multi-semester source row ""III/IV/V/VI"" expanded into Semester 5 (and 3 other term(s)) — same subject created once per semester"
Subject,src/lib/content/master-syllabus-data.ts,id=1409,semester,"Multi-semester source row ""III/IV/V/VI"" expanded into Semester 6 (and 3 other term(s)) — same subject created once per semester"
Subject,src/lib/content/master-syllabus-data.ts,id=1410,semester,"Multi-semester source row ""III/IV/V/VI"" expanded into Semester 3 (and 3 other term(s)) — same subject created once per semester"
Subject,src/lib/content/master-syllabus-data.ts,id=1410,semester,"Multi-semester source row ""III/IV/V/VI"" expanded into Semester 4 (and 3 other term(s)) — same subject created once per semester"
Subject,src/lib/content/master-syllabus-data.ts,id=1410,semester,"Multi-semester source row ""III/IV/V/VI"" expanded into Semester 5 (and 3 other term(s)) — same subject created once per semester"
Subject,src/lib/content/master-syllabus-data.ts,id=1410,semester,"Multi-semester source row ""III/IV/V/VI"" expanded into Semester 6 (and 3 other term(s)) — same subject created once per semester"
Subject,src/lib/content/master-syllabus-data.ts,id=1414,semester,"Multi-semester source row ""VII/VIII"" expanded into Semester 7 (and 1 other term(s)) — same subject created once per semester"
Subject,src/lib/content/master-syllabus-data.ts,id=1414,semester,"Multi-semester source row ""VII/VIII"" expanded into Semester 8 (and 1 other term(s)) — same subject created once per semester"
Subject,src/lib/content/master-syllabus-data.ts,id=1415,semester,"Multi-semester source row ""VII/VIII"" expanded into Semester 7 (and 1 other term(s)) — same subject created once per semester"
Subject,src/lib/content/master-syllabus-data.ts,id=1415,semester,"Multi-semester source row ""VII/VIII"" expanded into Semester 8 (and 1 other term(s)) — same subject created once per semester"
Subject,src/lib/content/master-syllabus-data.ts,id=1416,semester,"Multi-semester source row ""VII/VIII"" expanded into Semester 7 (and 1 other term(s)) — same subject created once per semester"
Subject,src/lib/content/master-syllabus-data.ts,id=1416,semester,"Multi-semester source row ""VII/VIII"" expanded into Semester 8 (and 1 other term(s)) — same subject created once per semester"
Subject,src/lib/content/master-syllabus-data.ts,id=1417,semester,"Multi-semester source row ""VII/VIII"" expanded into Semester 7 (and 1 other term(s)) — same subject created once per semester"
Subject,src/lib/content/master-syllabus-data.ts,id=1417,semester,"Multi-semester source row ""VII/VIII"" expanded into Semester 8 (and 1 other term(s)) — same subject created once per semester"
Subject,src/lib/content/master-syllabus-data.ts,id=1418,semester,"Multi-semester source row ""VII/VIII"" expanded into Semester 7 (and 1 other term(s)) — same subject created once per semester"
Subject,src/lib/content/master-syllabus-data.ts,id=1418,semester,"Multi-semester source row ""VII/VIII"" expanded into Semester 8 (and 1 other term(s)) — same subject created once per semester"
Subject,src/lib/content/master-syllabus-data.ts,id=1419,semester,"Multi-semester source row ""VII/VIII"" expanded into Semester 7 (and 1 other term(s)) — same subject created once per semester"
Subject,src/lib/content/master-syllabus-data.ts,id=1419,semester,"Multi-semester source row ""VII/VIII"" expanded into Semester 8 (and 1 other term(s)) — same subject created once per semester"
Subject,src/lib/content/master-syllabus-data.ts,id=1420,semester,"Multi-semester source row ""VII/VIII"" expanded into Semester 7 (and 1 other term(s)) — same subject created once per semester"
Subject,src/lib/content/master-syllabus-data.ts,id=1420,semester,"Multi-semester source row ""VII/VIII"" expanded into Semester 8 (and 1 other term(s)) — same subject created once per semester"
Subject,src/lib/content/master-syllabus-data.ts,id=1421,semester,"Multi-semester source row ""VII/VIII"" expanded into Semester 7 (and 1 other term(s)) — same subject created once per semester"
Subject,src/lib/content/master-syllabus-data.ts,id=1421,semester,"Multi-semester source row ""VII/VIII"" expanded into Semester 8 (and 1 other term(s)) — same subject created once per semester"
Subject,src/lib/content/master-syllabus-data.ts,id=1422,semester,"Multi-semester source row ""VII/VIII"" expanded into Semester 7 (and 1 other term(s)) — same subject created once per semester"
Subject,src/lib/content/master-syllabus-data.ts,id=1422,semester,"Multi-semester source row ""VII/VIII"" expanded into Semester 8 (and 1 other term(s)) — same subject created once per semester"
Subject,src/lib/content/master-syllabus-data.ts,id=1423,semester,"Multi-semester source row ""VII/VIII"" expanded into Semester 7 (and 1 other term(s)) — same subject created once per semester"
Subject,src/lib/content/master-syllabus-data.ts,id=1423,semester,"Multi-semester source row ""VII/VIII"" expanded into Semester 8 (and 1 other term(s)) — same subject created once per semester"
Subject,src/lib/content/master-syllabus-data.ts,id=1424,semester,"Multi-semester source row ""VII/VIII"" expanded into Semester 7 (and 1 other term(s)) — same subject created once per semester"
Subject,src/lib/content/master-syllabus-data.ts,id=1424,semester,"Multi-semester source row ""VII/VIII"" expanded into Semester 8 (and 1 other term(s)) — same subject created once per semester"
Subject,src/lib/content/master-syllabus-data.ts,id=1425,semester,"Multi-semester source row ""VII/VIII"" expanded into Semester 7 (and 1 other term(s)) — same subject created once per semester"
Subject,src/lib/content/master-syllabus-data.ts,id=1425,semester,"Multi-semester source row ""VII/VIII"" expanded into Semester 8 (and 1 other term(s)) — same subject created once per semester"
Subject,src/lib/content/master-syllabus-data.ts,id=1437,semester,"Multi-semester source row ""I/II"" expanded into Semester 1 (and 1 other term(s)) — same subject created once per semester"
Subject,src/lib/content/master-syllabus-data.ts,id=1437,semester,"Multi-semester source row ""I/II"" expanded into Semester 2 (and 1 other term(s)) — same subject created once per semester"
Subject,src/lib/content/master-syllabus-data.ts,id=1438,semester,"Multi-semester source row ""I/II"" expanded into Semester 1 (and 1 other term(s)) — same subject created once per semester"
Subject,src/lib/content/master-syllabus-data.ts,id=1438,semester,"Multi-semester source row ""I/II"" expanded into Semester 2 (and 1 other term(s)) — same subject created once per semester"
Subject,src/lib/content/master-syllabus-data.ts,id=1455,semester,"Multi-semester source row ""III/IV"" expanded into Semester 3 (and 1 other term(s)) — same subject created once per semester"
Subject,src/lib/content/master-syllabus-data.ts,id=1455,semester,"Multi-semester source row ""III/IV"" expanded into Semester 4 (and 1 other term(s)) — same subject created once per semester"
Subject,src/lib/content/master-syllabus-data.ts,id=1456,semester,"Multi-semester source row ""III/IV"" expanded into Semester 3 (and 1 other term(s)) — same subject created once per semester"
Subject,src/lib/content/master-syllabus-data.ts,id=1456,semester,"Multi-semester source row ""III/IV"" expanded into Semester 4 (and 1 other term(s)) — same subject created once per semester"
Subject,src/lib/content/master-syllabus-data.ts,id=1508,semester,"Multi-semester source row ""I / III / V"" expanded into Semester 1 (and 2 other term(s)) — same subject created once per semester"
Subject,src/lib/content/master-syllabus-data.ts,id=1508,semester,"Multi-semester source row ""I / III / V"" expanded into Semester 3 (and 2 other term(s)) — same subject created once per semester"
Subject,src/lib/content/master-syllabus-data.ts,id=1508,semester,"Multi-semester source row ""I / III / V"" expanded into Semester 5 (and 2 other term(s)) — same subject created once per semester"
Subject,src/lib/content/master-syllabus-data.ts,id=1509,semester,"Multi-semester source row ""I / III / V"" expanded into Semester 1 (and 2 other term(s)) — same subject created once per semester"
Subject,src/lib/content/master-syllabus-data.ts,id=1509,semester,"Multi-semester source row ""I / III / V"" expanded into Semester 3 (and 2 other term(s)) — same subject created once per semester"
Subject,src/lib/content/master-syllabus-data.ts,id=1509,semester,"Multi-semester source row ""I / III / V"" expanded into Semester 5 (and 2 other term(s)) — same subject created once per semester"
Subject,src/lib/content/master-syllabus-data.ts,id=1510,semester,"Multi-semester source row ""I / III / V"" expanded into Semester 1 (and 2 other term(s)) — same subject created once per semester"
Subject,src/lib/content/master-syllabus-data.ts,id=1510,semester,"Multi-semester source row ""I / III / V"" expanded into Semester 3 (and 2 other term(s)) — same subject created once per semester"
Subject,src/lib/content/master-syllabus-data.ts,id=1510,semester,"Multi-semester source row ""I / III / V"" expanded into Semester 5 (and 2 other term(s)) — same subject created once per semester"
Subject,src/lib/content/master-syllabus-data.ts,id=1511,semester,"Multi-semester source row ""I / III / V"" expanded into Semester 1 (and 2 other term(s)) — same subject created once per semester"
Subject,src/lib/content/master-syllabus-data.ts,id=1511,semester,"Multi-semester source row ""I / III / V"" expanded into Semester 3 (and 2 other term(s)) — same subject created once per semester"
Subject,src/lib/content/master-syllabus-data.ts,id=1511,semester,"Multi-semester source row ""I / III / V"" expanded into Semester 5 (and 2 other term(s)) — same subject created once per semester"
Subject,src/lib/content/master-syllabus-data.ts,id=1512,semester,"Multi-semester source row ""I / III / V"" expanded into Semester 1 (and 2 other term(s)) — same subject created once per semester"
Subject,src/lib/content/master-syllabus-data.ts,id=1512,semester,"Multi-semester source row ""I / III / V"" expanded into Semester 3 (and 2 other term(s)) — same subject created once per semester"
Subject,src/lib/content/master-syllabus-data.ts,id=1512,semester,"Multi-semester source row ""I / III / V"" expanded into Semester 5 (and 2 other term(s)) — same subject created once per semester"
Subject,src/lib/content/master-syllabus-data.ts,id=1513,semester,"Multi-semester source row ""I / III / V"" expanded into Semester 1 (and 2 other term(s)) — same subject created once per semester"
Subject,src/lib/content/master-syllabus-data.ts,id=1513,semester,"Multi-semester source row ""I / III / V"" expanded into Semester 3 (and 2 other term(s)) — same subject created once per semester"
Subject,src/lib/content/master-syllabus-data.ts,id=1513,semester,"Multi-semester source row ""I / III / V"" expanded into Semester 5 (and 2 other term(s)) — same subject created once per semester"
Subject,src/lib/content/master-syllabus-data.ts,id=1517,semester,"Multi-semester source row ""II / IV / VI"" expanded into Semester 2 (and 2 other term(s)) — same subject created once per semester"
Subject,src/lib/content/master-syllabus-data.ts,id=1517,semester,"Multi-semester source row ""II / IV / VI"" expanded into Semester 4 (and 2 other term(s)) — same subject created once per semester"
Subject,src/lib/content/master-syllabus-data.ts,id=1517,semester,"Multi-semester source row ""II / IV / VI"" expanded into Semester 6 (and 2 other term(s)) — same subject created once per semester"
Subject,src/lib/content/master-syllabus-data.ts,id=1518,semester,"Multi-semester source row ""II / IV / VI"" expanded into Semester 2 (and 2 other term(s)) — same subject created once per semester"
Subject,src/lib/content/master-syllabus-data.ts,id=1518,semester,"Multi-semester source row ""II / IV / VI"" expanded into Semester 4 (and 2 other term(s)) — same subject created once per semester"
Subject,src/lib/content/master-syllabus-data.ts,id=1518,semester,"Multi-semester source row ""II / IV / VI"" expanded into Semester 6 (and 2 other term(s)) — same subject created once per semester"
Subject,src/lib/content/master-syllabus-data.ts,id=1519,semester,"Multi-semester source row ""II / IV / VI"" expanded into Semester 2 (and 2 other term(s)) — same subject created once per semester"
Subject,src/lib/content/master-syllabus-data.ts,id=1519,semester,"Multi-semester source row ""II / IV / VI"" expanded into Semester 4 (and 2 other term(s)) — same subject created once per semester"
Subject,src/lib/content/master-syllabus-data.ts,id=1519,semester,"Multi-semester source row ""II / IV / VI"" expanded into Semester 6 (and 2 other term(s)) — same subject created once per semester"
Subject,src/lib/content/master-syllabus-data.ts,id=1520,semester,"Multi-semester source row ""II / IV / VI"" expanded into Semester 2 (and 2 other term(s)) — same subject created once per semester"
Subject,src/lib/content/master-syllabus-data.ts,id=1520,semester,"Multi-semester source row ""II / IV / VI"" expanded into Semester 4 (and 2 other term(s)) — same subject created once per semester"
Subject,src/lib/content/master-syllabus-data.ts,id=1520,semester,"Multi-semester source row ""II / IV / VI"" expanded into Semester 6 (and 2 other term(s)) — same subject created once per semester"
Subject,src/lib/content/master-syllabus-data.ts,id=1521,semester,"Multi-semester source row ""II / IV / VI"" expanded into Semester 2 (and 2 other term(s)) — same subject created once per semester"
Subject,src/lib/content/master-syllabus-data.ts,id=1521,semester,"Multi-semester source row ""II / IV / VI"" expanded into Semester 4 (and 2 other term(s)) — same subject created once per semester"
Subject,src/lib/content/master-syllabus-data.ts,id=1521,semester,"Multi-semester source row ""II / IV / VI"" expanded into Semester 6 (and 2 other term(s)) — same subject created once per semester"
Subject,src/lib/content/master-syllabus-data.ts,id=1522,semester,"Multi-semester source row ""II / IV / VI"" expanded into Semester 2 (and 2 other term(s)) — same subject created once per semester"
Subject,src/lib/content/master-syllabus-data.ts,id=1522,semester,"Multi-semester source row ""II / IV / VI"" expanded into Semester 4 (and 2 other term(s)) — same subject created once per semester"
Subject,src/lib/content/master-syllabus-data.ts,id=1522,semester,"Multi-semester source row ""II / IV / VI"" expanded into Semester 6 (and 2 other term(s)) — same subject created once per semester"
Subject,src/lib/content/master-syllabus-data.ts,id=1526,semester,"Multi-semester source row ""III/V"" expanded into Semester 3 (and 1 other term(s)) — same subject created once per semester"
Subject,src/lib/content/master-syllabus-data.ts,id=1526,semester,"Multi-semester source row ""III/V"" expanded into Semester 5 (and 1 other term(s)) — same subject created once per semester"
Subject,src/lib/content/master-syllabus-data.ts,id=1527,semester,"Multi-semester source row ""III/V"" expanded into Semester 3 (and 1 other term(s)) — same subject created once per semester"
Subject,src/lib/content/master-syllabus-data.ts,id=1527,semester,"Multi-semester source row ""III/V"" expanded into Semester 5 (and 1 other term(s)) — same subject created once per semester"
Subject,src/lib/content/master-syllabus-data.ts,id=1528,semester,"Multi-semester source row ""III/V"" expanded into Semester 3 (and 1 other term(s)) — same subject created once per semester"
Subject,src/lib/content/master-syllabus-data.ts,id=1528,semester,"Multi-semester source row ""III/V"" expanded into Semester 5 (and 1 other term(s)) — same subject created once per semester"
Subject,src/lib/content/master-syllabus-data.ts,id=1529,semester,"Multi-semester source row ""III/V"" expanded into Semester 3 (and 1 other term(s)) — same subject created once per semester"
Subject,src/lib/content/master-syllabus-data.ts,id=1529,semester,"Multi-semester source row ""III/V"" expanded into Semester 5 (and 1 other term(s)) — same subject created once per semester"
Subject,src/lib/content/master-syllabus-data.ts,id=1530,semester,"Multi-semester source row ""III/V"" expanded into Semester 3 (and 1 other term(s)) — same subject created once per semester"
Subject,src/lib/content/master-syllabus-data.ts,id=1530,semester,"Multi-semester source row ""III/V"" expanded into Semester 5 (and 1 other term(s)) — same subject created once per semester"
Subject,src/lib/content/master-syllabus-data.ts,id=1531,semester,"Multi-semester source row ""III/V"" expanded into Semester 3 (and 1 other term(s)) — same subject created once per semester"
Subject,src/lib/content/master-syllabus-data.ts,id=1531,semester,"Multi-semester source row ""III/V"" expanded into Semester 5 (and 1 other term(s)) — same subject created once per semester"
Subject,src/lib/content/master-syllabus-data.ts,id=1532,semester,"Multi-semester source row ""III/V"" expanded into Semester 3 (and 1 other term(s)) — same subject created once per semester"
Subject,src/lib/content/master-syllabus-data.ts,id=1532,semester,"Multi-semester source row ""III/V"" expanded into Semester 5 (and 1 other term(s)) — same subject created once per semester"
Subject,src/lib/content/master-syllabus-data.ts,id=1533,semester,"Multi-semester source row ""III/V"" expanded into Semester 3 (and 1 other term(s)) — same subject created once per semester"
Subject,src/lib/content/master-syllabus-data.ts,id=1533,semester,"Multi-semester source row ""III/V"" expanded into Semester 5 (and 1 other term(s)) — same subject created once per semester"
Subject,src/lib/content/master-syllabus-data.ts,id=1534,semester,"Multi-semester source row ""III/V"" expanded into Semester 3 (and 1 other term(s)) — same subject created once per semester"
Subject,src/lib/content/master-syllabus-data.ts,id=1534,semester,"Multi-semester source row ""III/V"" expanded into Semester 5 (and 1 other term(s)) — same subject created once per semester"
Subject,src/lib/content/master-syllabus-data.ts,id=1535,semester,"Multi-semester source row ""III/V"" expanded into Semester 3 (and 1 other term(s)) — same subject created once per semester"
Subject,src/lib/content/master-syllabus-data.ts,id=1535,semester,"Multi-semester source row ""III/V"" expanded into Semester 5 (and 1 other term(s)) — same subject created once per semester"
Subject,src/lib/content/master-syllabus-data.ts,id=1536,semester,"Multi-semester source row ""III/V"" expanded into Semester 3 (and 1 other term(s)) — same subject created once per semester"
Subject,src/lib/content/master-syllabus-data.ts,id=1536,semester,"Multi-semester source row ""III/V"" expanded into Semester 5 (and 1 other term(s)) — same subject created once per semester"
Subject,src/lib/content/master-syllabus-data.ts,id=1540,semester,"Multi-semester source row ""IV/VI"" expanded into Semester 4 (and 1 other term(s)) — same subject created once per semester"
Subject,src/lib/content/master-syllabus-data.ts,id=1540,semester,"Multi-semester source row ""IV/VI"" expanded into Semester 6 (and 1 other term(s)) — same subject created once per semester"
Subject,src/lib/content/master-syllabus-data.ts,id=1541,semester,"Multi-semester source row ""IV/VI"" expanded into Semester 4 (and 1 other term(s)) — same subject created once per semester"
Subject,src/lib/content/master-syllabus-data.ts,id=1541,semester,"Multi-semester source row ""IV/VI"" expanded into Semester 6 (and 1 other term(s)) — same subject created once per semester"
Subject,src/lib/content/master-syllabus-data.ts,id=1542,semester,"Multi-semester source row ""IV/VI"" expanded into Semester 4 (and 1 other term(s)) — same subject created once per semester"
Subject,src/lib/content/master-syllabus-data.ts,id=1542,semester,"Multi-semester source row ""IV/VI"" expanded into Semester 6 (and 1 other term(s)) — same subject created once per semester"
Subject,src/lib/content/master-syllabus-data.ts,id=1543,semester,"Multi-semester source row ""IV/VI"" expanded into Semester 4 (and 1 other term(s)) — same subject created once per semester"
Subject,src/lib/content/master-syllabus-data.ts,id=1543,semester,"Multi-semester source row ""IV/VI"" expanded into Semester 6 (and 1 other term(s)) — same subject created once per semester"
Subject,src/lib/content/master-syllabus-data.ts,id=1544,semester,"Multi-semester source row ""IV/VI"" expanded into Semester 4 (and 1 other term(s)) — same subject created once per semester"
Subject,src/lib/content/master-syllabus-data.ts,id=1544,semester,"Multi-semester source row ""IV/VI"" expanded into Semester 6 (and 1 other term(s)) — same subject created once per semester"
Subject,src/lib/content/master-syllabus-data.ts,id=1545,semester,"Multi-semester source row ""IV/VI"" expanded into Semester 4 (and 1 other term(s)) — same subject created once per semester"
Subject,src/lib/content/master-syllabus-data.ts,id=1545,semester,"Multi-semester source row ""IV/VI"" expanded into Semester 6 (and 1 other term(s)) — same subject created once per semester"
Subject,src/lib/content/master-syllabus-data.ts,id=1546,semester,"Multi-semester source row ""IV/VI"" expanded into Semester 4 (and 1 other term(s)) — same subject created once per semester"
Subject,src/lib/content/master-syllabus-data.ts,id=1546,semester,"Multi-semester source row ""IV/VI"" expanded into Semester 6 (and 1 other term(s)) — same subject created once per semester"
Subject,src/lib/content/master-syllabus-data.ts,id=1547,semester,"Multi-semester source row ""IV/VI"" expanded into Semester 4 (and 1 other term(s)) — same subject created once per semester"
Subject,src/lib/content/master-syllabus-data.ts,id=1547,semester,"Multi-semester source row ""IV/VI"" expanded into Semester 6 (and 1 other term(s)) — same subject created once per semester"
Subject,src/lib/content/master-syllabus-data.ts,id=1548,semester,"Multi-semester source row ""IV/VI"" expanded into Semester 4 (and 1 other term(s)) — same subject created once per semester"
Subject,src/lib/content/master-syllabus-data.ts,id=1548,semester,"Multi-semester source row ""IV/VI"" expanded into Semester 6 (and 1 other term(s)) — same subject created once per semester"
Subject,src/lib/content/master-syllabus-data.ts,id=1549,semester,"Multi-semester source row ""IV/VI"" expanded into Semester 4 (and 1 other term(s)) — same subject created once per semester"
Subject,src/lib/content/master-syllabus-data.ts,id=1549,semester,"Multi-semester source row ""IV/VI"" expanded into Semester 6 (and 1 other term(s)) — same subject created once per semester"
Subject,src/lib/content/master-syllabus-data.ts,id=1565,semester,"Multi-semester source row ""I/III/V/VII"" expanded into Semester 1 (and 3 other term(s)) — same subject created once per semester"
Subject,src/lib/content/master-syllabus-data.ts,id=1565,semester,"Multi-semester source row ""I/III/V/VII"" expanded into Semester 3 (and 3 other term(s)) — same subject created once per semester"
Subject,src/lib/content/master-syllabus-data.ts,id=1565,semester,"Multi-semester source row ""I/III/V/VII"" expanded into Semester 5 (and 3 other term(s)) — same subject created once per semester"
Subject,src/lib/content/master-syllabus-data.ts,id=1565,semester,"Multi-semester source row ""I/III/V/VII"" expanded into Semester 7 (and 3 other term(s)) — same subject created once per semester"
Subject,src/lib/content/master-syllabus-data.ts,id=1566,semester,"Multi-semester source row ""I/III/V/VII"" expanded into Semester 1 (and 3 other term(s)) — same subject created once per semester"
Subject,src/lib/content/master-syllabus-data.ts,id=1566,semester,"Multi-semester source row ""I/III/V/VII"" expanded into Semester 3 (and 3 other term(s)) — same subject created once per semester"
Subject,src/lib/content/master-syllabus-data.ts,id=1566,semester,"Multi-semester source row ""I/III/V/VII"" expanded into Semester 5 (and 3 other term(s)) — same subject created once per semester"
Subject,src/lib/content/master-syllabus-data.ts,id=1566,semester,"Multi-semester source row ""I/III/V/VII"" expanded into Semester 7 (and 3 other term(s)) — same subject created once per semester"
Subject,src/lib/content/master-syllabus-data.ts,id=1567,semester,"Multi-semester source row ""I/III/V/VII"" expanded into Semester 1 (and 3 other term(s)) — same subject created once per semester"
Subject,src/lib/content/master-syllabus-data.ts,id=1567,semester,"Multi-semester source row ""I/III/V/VII"" expanded into Semester 3 (and 3 other term(s)) — same subject created once per semester"
Subject,src/lib/content/master-syllabus-data.ts,id=1567,semester,"Multi-semester source row ""I/III/V/VII"" expanded into Semester 5 (and 3 other term(s)) — same subject created once per semester"
Subject,src/lib/content/master-syllabus-data.ts,id=1567,semester,"Multi-semester source row ""I/III/V/VII"" expanded into Semester 7 (and 3 other term(s)) — same subject created once per semester"
Subject,src/lib/content/master-syllabus-data.ts,id=1571,semester,"Multi-semester source row ""II/IV/VI/VIII"" expanded into Semester 2 (and 3 other term(s)) — same subject created once per semester"
Subject,src/lib/content/master-syllabus-data.ts,id=1571,semester,"Multi-semester source row ""II/IV/VI/VIII"" expanded into Semester 4 (and 3 other term(s)) — same subject created once per semester"
Subject,src/lib/content/master-syllabus-data.ts,id=1571,semester,"Multi-semester source row ""II/IV/VI/VIII"" expanded into Semester 6 (and 3 other term(s)) — same subject created once per semester"
Subject,src/lib/content/master-syllabus-data.ts,id=1571,semester,"Multi-semester source row ""II/IV/VI/VIII"" expanded into Semester 8 (and 3 other term(s)) — same subject created once per semester"
Subject,src/lib/content/master-syllabus-data.ts,id=1572,semester,"Multi-semester source row ""II/IV/VI/VIII"" expanded into Semester 2 (and 3 other term(s)) — same subject created once per semester"
Subject,src/lib/content/master-syllabus-data.ts,id=1572,semester,"Multi-semester source row ""II/IV/VI/VIII"" expanded into Semester 4 (and 3 other term(s)) — same subject created once per semester"
Subject,src/lib/content/master-syllabus-data.ts,id=1572,semester,"Multi-semester source row ""II/IV/VI/VIII"" expanded into Semester 6 (and 3 other term(s)) — same subject created once per semester"
Subject,src/lib/content/master-syllabus-data.ts,id=1572,semester,"Multi-semester source row ""II/IV/VI/VIII"" expanded into Semester 8 (and 3 other term(s)) — same subject created once per semester"
Subject,src/lib/content/master-syllabus-data.ts,id=1573,semester,"Multi-semester source row ""II/IV/VI/VIII"" expanded into Semester 2 (and 3 other term(s)) — same subject created once per semester"
Subject,src/lib/content/master-syllabus-data.ts,id=1573,semester,"Multi-semester source row ""II/IV/VI/VIII"" expanded into Semester 4 (and 3 other term(s)) — same subject created once per semester"
Subject,src/lib/content/master-syllabus-data.ts,id=1573,semester,"Multi-semester source row ""II/IV/VI/VIII"" expanded into Semester 6 (and 3 other term(s)) — same subject created once per semester"
Subject,src/lib/content/master-syllabus-data.ts,id=1573,semester,"Multi-semester source row ""II/IV/VI/VIII"" expanded into Semester 8 (and 3 other term(s)) — same subject created once per semester"
Subject,src/lib/content/master-syllabus-data.ts,id=1577,semester,"Multi-semester source row ""III/V/VII"" expanded into Semester 3 (and 2 other term(s)) — same subject created once per semester"
Subject,src/lib/content/master-syllabus-data.ts,id=1577,semester,"Multi-semester source row ""III/V/VII"" expanded into Semester 5 (and 2 other term(s)) — same subject created once per semester"
Subject,src/lib/content/master-syllabus-data.ts,id=1577,semester,"Multi-semester source row ""III/V/VII"" expanded into Semester 7 (and 2 other term(s)) — same subject created once per semester"
Subject,src/lib/content/master-syllabus-data.ts,id=1578,semester,"Multi-semester source row ""III/V/VII"" expanded into Semester 3 (and 2 other term(s)) — same subject created once per semester"
Subject,src/lib/content/master-syllabus-data.ts,id=1578,semester,"Multi-semester source row ""III/V/VII"" expanded into Semester 5 (and 2 other term(s)) — same subject created once per semester"
Subject,src/lib/content/master-syllabus-data.ts,id=1578,semester,"Multi-semester source row ""III/V/VII"" expanded into Semester 7 (and 2 other term(s)) — same subject created once per semester"
Subject,src/lib/content/master-syllabus-data.ts,id=1579,semester,"Multi-semester source row ""III/V/VII"" expanded into Semester 3 (and 2 other term(s)) — same subject created once per semester"
Subject,src/lib/content/master-syllabus-data.ts,id=1579,semester,"Multi-semester source row ""III/V/VII"" expanded into Semester 5 (and 2 other term(s)) — same subject created once per semester"
Subject,src/lib/content/master-syllabus-data.ts,id=1579,semester,"Multi-semester source row ""III/V/VII"" expanded into Semester 7 (and 2 other term(s)) — same subject created once per semester"
Subject,src/lib/content/master-syllabus-data.ts,id=1580,semester,"Multi-semester source row ""III/V/VII"" expanded into Semester 3 (and 2 other term(s)) — same subject created once per semester"
Subject,src/lib/content/master-syllabus-data.ts,id=1580,semester,"Multi-semester source row ""III/V/VII"" expanded into Semester 5 (and 2 other term(s)) — same subject created once per semester"
Subject,src/lib/content/master-syllabus-data.ts,id=1580,semester,"Multi-semester source row ""III/V/VII"" expanded into Semester 7 (and 2 other term(s)) — same subject created once per semester"
Subject,src/lib/content/master-syllabus-data.ts,id=1581,semester,"Multi-semester source row ""III/V/VII"" expanded into Semester 3 (and 2 other term(s)) — same subject created once per semester"
Subject,src/lib/content/master-syllabus-data.ts,id=1581,semester,"Multi-semester source row ""III/V/VII"" expanded into Semester 5 (and 2 other term(s)) — same subject created once per semester"
Subject,src/lib/content/master-syllabus-data.ts,id=1581,semester,"Multi-semester source row ""III/V/VII"" expanded into Semester 7 (and 2 other term(s)) — same subject created once per semester"
Subject,src/lib/content/master-syllabus-data.ts,id=1582,semester,"Multi-semester source row ""III/V/VII"" expanded into Semester 3 (and 2 other term(s)) — same subject created once per semester"
Subject,src/lib/content/master-syllabus-data.ts,id=1582,semester,"Multi-semester source row ""III/V/VII"" expanded into Semester 5 (and 2 other term(s)) — same subject created once per semester"
Subject,src/lib/content/master-syllabus-data.ts,id=1582,semester,"Multi-semester source row ""III/V/VII"" expanded into Semester 7 (and 2 other term(s)) — same subject created once per semester"
Subject,src/lib/content/master-syllabus-data.ts,id=1583,semester,"Multi-semester source row ""III/V/VII"" expanded into Semester 3 (and 2 other term(s)) — same subject created once per semester"
Subject,src/lib/content/master-syllabus-data.ts,id=1583,semester,"Multi-semester source row ""III/V/VII"" expanded into Semester 5 (and 2 other term(s)) — same subject created once per semester"
Subject,src/lib/content/master-syllabus-data.ts,id=1583,semester,"Multi-semester source row ""III/V/VII"" expanded into Semester 7 (and 2 other term(s)) — same subject created once per semester"
Subject,src/lib/content/master-syllabus-data.ts,id=1584,semester,"Multi-semester source row ""III/V/VII"" expanded into Semester 3 (and 2 other term(s)) — same subject created once per semester"
Subject,src/lib/content/master-syllabus-data.ts,id=1584,semester,"Multi-semester source row ""III/V/VII"" expanded into Semester 5 (and 2 other term(s)) — same subject created once per semester"
Subject,src/lib/content/master-syllabus-data.ts,id=1584,semester,"Multi-semester source row ""III/V/VII"" expanded into Semester 7 (and 2 other term(s)) — same subject created once per semester"
Subject,src/lib/content/master-syllabus-data.ts,id=1585,semester,"Multi-semester source row ""III/V/VII"" expanded into Semester 3 (and 2 other term(s)) — same subject created once per semester"
Subject,src/lib/content/master-syllabus-data.ts,id=1585,semester,"Multi-semester source row ""III/V/VII"" expanded into Semester 5 (and 2 other term(s)) — same subject created once per semester"
Subject,src/lib/content/master-syllabus-data.ts,id=1585,semester,"Multi-semester source row ""III/V/VII"" expanded into Semester 7 (and 2 other term(s)) — same subject created once per semester"
Subject,src/lib/content/master-syllabus-data.ts,id=1586,semester,"Multi-semester source row ""III/V/VII"" expanded into Semester 3 (and 2 other term(s)) — same subject created once per semester"
Subject,src/lib/content/master-syllabus-data.ts,id=1586,semester,"Multi-semester source row ""III/V/VII"" expanded into Semester 5 (and 2 other term(s)) — same subject created once per semester"
Subject,src/lib/content/master-syllabus-data.ts,id=1586,semester,"Multi-semester source row ""III/V/VII"" expanded into Semester 7 (and 2 other term(s)) — same subject created once per semester"
Subject,src/lib/content/master-syllabus-data.ts,id=1587,semester,"Multi-semester source row ""III/V/VII"" expanded into Semester 3 (and 2 other term(s)) — same subject created once per semester"
Subject,src/lib/content/master-syllabus-data.ts,id=1587,semester,"Multi-semester source row ""III/V/VII"" expanded into Semester 5 (and 2 other term(s)) — same subject created once per semester"
Subject,src/lib/content/master-syllabus-data.ts,id=1587,semester,"Multi-semester source row ""III/V/VII"" expanded into Semester 7 (and 2 other term(s)) — same subject created once per semester"
Subject,src/lib/content/master-syllabus-data.ts,id=1588,semester,"Multi-semester source row ""III/V/VII"" expanded into Semester 3 (and 2 other term(s)) — same subject created once per semester"
Subject,src/lib/content/master-syllabus-data.ts,id=1588,semester,"Multi-semester source row ""III/V/VII"" expanded into Semester 5 (and 2 other term(s)) — same subject created once per semester"
Subject,src/lib/content/master-syllabus-data.ts,id=1588,semester,"Multi-semester source row ""III/V/VII"" expanded into Semester 7 (and 2 other term(s)) — same subject created once per semester"
Subject,src/lib/content/master-syllabus-data.ts,id=1589,semester,"Multi-semester source row ""III/V/VII"" expanded into Semester 3 (and 2 other term(s)) — same subject created once per semester"
Subject,src/lib/content/master-syllabus-data.ts,id=1589,semester,"Multi-semester source row ""III/V/VII"" expanded into Semester 5 (and 2 other term(s)) — same subject created once per semester"
Subject,src/lib/content/master-syllabus-data.ts,id=1589,semester,"Multi-semester source row ""III/V/VII"" expanded into Semester 7 (and 2 other term(s)) — same subject created once per semester"
Subject,src/lib/content/master-syllabus-data.ts,id=1593,semester,"Multi-semester source row ""IV/VI/VIII"" expanded into Semester 4 (and 2 other term(s)) — same subject created once per semester"
Subject,src/lib/content/master-syllabus-data.ts,id=1593,semester,"Multi-semester source row ""IV/VI/VIII"" expanded into Semester 6 (and 2 other term(s)) — same subject created once per semester"
Subject,src/lib/content/master-syllabus-data.ts,id=1593,semester,"Multi-semester source row ""IV/VI/VIII"" expanded into Semester 8 (and 2 other term(s)) — same subject created once per semester"
Subject,src/lib/content/master-syllabus-data.ts,id=1594,semester,"Multi-semester source row ""IV/VI/VIII"" expanded into Semester 4 (and 2 other term(s)) — same subject created once per semester"
Subject,src/lib/content/master-syllabus-data.ts,id=1594,semester,"Multi-semester source row ""IV/VI/VIII"" expanded into Semester 6 (and 2 other term(s)) — same subject created once per semester"
Subject,src/lib/content/master-syllabus-data.ts,id=1594,semester,"Multi-semester source row ""IV/VI/VIII"" expanded into Semester 8 (and 2 other term(s)) — same subject created once per semester"
Subject,src/lib/content/master-syllabus-data.ts,id=1595,semester,"Multi-semester source row ""IV/VI/VIII"" expanded into Semester 4 (and 2 other term(s)) — same subject created once per semester"
Subject,src/lib/content/master-syllabus-data.ts,id=1595,semester,"Multi-semester source row ""IV/VI/VIII"" expanded into Semester 6 (and 2 other term(s)) — same subject created once per semester"
Subject,src/lib/content/master-syllabus-data.ts,id=1595,semester,"Multi-semester source row ""IV/VI/VIII"" expanded into Semester 8 (and 2 other term(s)) — same subject created once per semester"
Subject,src/lib/content/master-syllabus-data.ts,id=1596,semester,"Multi-semester source row ""IV/VI/VIII"" expanded into Semester 4 (and 2 other term(s)) — same subject created once per semester"
Subject,src/lib/content/master-syllabus-data.ts,id=1596,semester,"Multi-semester source row ""IV/VI/VIII"" expanded into Semester 6 (and 2 other term(s)) — same subject created once per semester"
Subject,src/lib/content/master-syllabus-data.ts,id=1596,semester,"Multi-semester source row ""IV/VI/VIII"" expanded into Semester 8 (and 2 other term(s)) — same subject created once per semester"
Subject,src/lib/content/master-syllabus-data.ts,id=1597,semester,"Multi-semester source row ""IV/VI/VIII"" expanded into Semester 4 (and 2 other term(s)) — same subject created once per semester"
Subject,src/lib/content/master-syllabus-data.ts,id=1597,semester,"Multi-semester source row ""IV/VI/VIII"" expanded into Semester 6 (and 2 other term(s)) — same subject created once per semester"
Subject,src/lib/content/master-syllabus-data.ts,id=1597,semester,"Multi-semester source row ""IV/VI/VIII"" expanded into Semester 8 (and 2 other term(s)) — same subject created once per semester"
Subject,src/lib/content/master-syllabus-data.ts,id=1598,semester,"Multi-semester source row ""IV/VI/VIII"" expanded into Semester 4 (and 2 other term(s)) — same subject created once per semester"
Subject,src/lib/content/master-syllabus-data.ts,id=1598,semester,"Multi-semester source row ""IV/VI/VIII"" expanded into Semester 6 (and 2 other term(s)) — same subject created once per semester"
Subject,src/lib/content/master-syllabus-data.ts,id=1598,semester,"Multi-semester source row ""IV/VI/VIII"" expanded into Semester 8 (and 2 other term(s)) — same subject created once per semester"
Subject,src/lib/content/master-syllabus-data.ts,id=1599,semester,"Multi-semester source row ""IV/VI/VIII"" expanded into Semester 4 (and 2 other term(s)) — same subject created once per semester"
Subject,src/lib/content/master-syllabus-data.ts,id=1599,semester,"Multi-semester source row ""IV/VI/VIII"" expanded into Semester 6 (and 2 other term(s)) — same subject created once per semester"
Subject,src/lib/content/master-syllabus-data.ts,id=1599,semester,"Multi-semester source row ""IV/VI/VIII"" expanded into Semester 8 (and 2 other term(s)) — same subject created once per semester"
Subject,src/lib/content/master-syllabus-data.ts,id=1600,semester,"Multi-semester source row ""IV/VI/VIII"" expanded into Semester 4 (and 2 other term(s)) — same subject created once per semester"
Subject,src/lib/content/master-syllabus-data.ts,id=1600,semester,"Multi-semester source row ""IV/VI/VIII"" expanded into Semester 6 (and 2 other term(s)) — same subject created once per semester"
Subject,src/lib/content/master-syllabus-data.ts,id=1600,semester,"Multi-semester source row ""IV/VI/VIII"" expanded into Semester 8 (and 2 other term(s)) — same subject created once per semester"
Subject,src/lib/content/master-syllabus-data.ts,id=1601,semester,"Multi-semester source row ""IV/VI/VIII"" expanded into Semester 4 (and 2 other term(s)) — same subject created once per semester"
Subject,src/lib/content/master-syllabus-data.ts,id=1601,semester,"Multi-semester source row ""IV/VI/VIII"" expanded into Semester 6 (and 2 other term(s)) — same subject created once per semester"
Subject,src/lib/content/master-syllabus-data.ts,id=1601,semester,"Multi-semester source row ""IV/VI/VIII"" expanded into Semester 8 (and 2 other term(s)) — same subject created once per semester"
Subject,src/lib/content/master-syllabus-data.ts,id=1602,semester,"Multi-semester source row ""IV/VI/VIII"" expanded into Semester 4 (and 2 other term(s)) — same subject created once per semester"
Subject,src/lib/content/master-syllabus-data.ts,id=1602,semester,"Multi-semester source row ""IV/VI/VIII"" expanded into Semester 6 (and 2 other term(s)) — same subject created once per semester"
Subject,src/lib/content/master-syllabus-data.ts,id=1602,semester,"Multi-semester source row ""IV/VI/VIII"" expanded into Semester 8 (and 2 other term(s)) — same subject created once per semester"
Subject,src/lib/content/master-syllabus-data.ts,id=1603,semester,"Multi-semester source row ""IV/VI/VIII"" expanded into Semester 4 (and 2 other term(s)) — same subject created once per semester"
Subject,src/lib/content/master-syllabus-data.ts,id=1603,semester,"Multi-semester source row ""IV/VI/VIII"" expanded into Semester 6 (and 2 other term(s)) — same subject created once per semester"
Subject,src/lib/content/master-syllabus-data.ts,id=1603,semester,"Multi-semester source row ""IV/VI/VIII"" expanded into Semester 8 (and 2 other term(s)) — same subject created once per semester"
Subject,src/lib/content/master-syllabus-data.ts,id=1604,semester,"Multi-semester source row ""IV/VI/VIII"" expanded into Semester 4 (and 2 other term(s)) — same subject created once per semester"
Subject,src/lib/content/master-syllabus-data.ts,id=1604,semester,"Multi-semester source row ""IV/VI/VIII"" expanded into Semester 6 (and 2 other term(s)) — same subject created once per semester"
Subject,src/lib/content/master-syllabus-data.ts,id=1604,semester,"Multi-semester source row ""IV/VI/VIII"" expanded into Semester 8 (and 2 other term(s)) — same subject created once per semester"
Subject,src/lib/content/master-syllabus-data.ts,id=1605,semester,"Multi-semester source row ""IV/VI/VIII"" expanded into Semester 4 (and 2 other term(s)) — same subject created once per semester"
Subject,src/lib/content/master-syllabus-data.ts,id=1605,semester,"Multi-semester source row ""IV/VI/VIII"" expanded into Semester 6 (and 2 other term(s)) — same subject created once per semester"
Subject,src/lib/content/master-syllabus-data.ts,id=1605,semester,"Multi-semester source row ""IV/VI/VIII"" expanded into Semester 8 (and 2 other term(s)) — same subject created once per semester"
Subject,src/lib/content/master-syllabus-data.ts,id=1606,semester,"Multi-semester source row ""IV/VI/VIII"" expanded into Semester 4 (and 2 other term(s)) — same subject created once per semester"
Subject,src/lib/content/master-syllabus-data.ts,id=1606,semester,"Multi-semester source row ""IV/VI/VIII"" expanded into Semester 6 (and 2 other term(s)) — same subject created once per semester"
Subject,src/lib/content/master-syllabus-data.ts,id=1606,semester,"Multi-semester source row ""IV/VI/VIII"" expanded into Semester 8 (and 2 other term(s)) — same subject created once per semester"
Subject,src/lib/content/master-syllabus-data.ts,id=1607,semester,"Multi-semester source row ""IV/VI/VIII"" expanded into Semester 4 (and 2 other term(s)) — same subject created once per semester"
Subject,src/lib/content/master-syllabus-data.ts,id=1607,semester,"Multi-semester source row ""IV/VI/VIII"" expanded into Semester 6 (and 2 other term(s)) — same subject created once per semester"
Subject,src/lib/content/master-syllabus-data.ts,id=1607,semester,"Multi-semester source row ""IV/VI/VIII"" expanded into Semester 8 (and 2 other term(s)) — same subject created once per semester"
Subject,src/lib/content/master-syllabus-data.ts,id=1611,semester,"Multi-semester source row ""V/VII"" expanded into Semester 5 (and 1 other term(s)) — same subject created once per semester"
Subject,src/lib/content/master-syllabus-data.ts,id=1611,semester,"Multi-semester source row ""V/VII"" expanded into Semester 7 (and 1 other term(s)) — same subject created once per semester"
Subject,src/lib/content/master-syllabus-data.ts,id=1612,semester,"Multi-semester source row ""V/VII"" expanded into Semester 5 (and 1 other term(s)) — same subject created once per semester"
Subject,src/lib/content/master-syllabus-data.ts,id=1612,semester,"Multi-semester source row ""V/VII"" expanded into Semester 7 (and 1 other term(s)) — same subject created once per semester"
Subject,src/lib/content/master-syllabus-data.ts,id=1613,semester,"Multi-semester source row ""V/VII"" expanded into Semester 5 (and 1 other term(s)) — same subject created once per semester"
Subject,src/lib/content/master-syllabus-data.ts,id=1613,semester,"Multi-semester source row ""V/VII"" expanded into Semester 7 (and 1 other term(s)) — same subject created once per semester"
Subject,src/lib/content/master-syllabus-data.ts,id=1614,semester,"Multi-semester source row ""V/VII"" expanded into Semester 5 (and 1 other term(s)) — same subject created once per semester"
Subject,src/lib/content/master-syllabus-data.ts,id=1614,semester,"Multi-semester source row ""V/VII"" expanded into Semester 7 (and 1 other term(s)) — same subject created once per semester"
Subject,src/lib/content/master-syllabus-data.ts,id=1615,semester,"Multi-semester source row ""V/VII"" expanded into Semester 5 (and 1 other term(s)) — same subject created once per semester"
Subject,src/lib/content/master-syllabus-data.ts,id=1615,semester,"Multi-semester source row ""V/VII"" expanded into Semester 7 (and 1 other term(s)) — same subject created once per semester"
Subject,src/lib/content/master-syllabus-data.ts,id=1616,semester,"Multi-semester source row ""V/VII"" expanded into Semester 5 (and 1 other term(s)) — same subject created once per semester"
Subject,src/lib/content/master-syllabus-data.ts,id=1616,semester,"Multi-semester source row ""V/VII"" expanded into Semester 7 (and 1 other term(s)) — same subject created once per semester"
Subject,src/lib/content/master-syllabus-data.ts,id=1617,semester,"Multi-semester source row ""V/VII"" expanded into Semester 5 (and 1 other term(s)) — same subject created once per semester"
Subject,src/lib/content/master-syllabus-data.ts,id=1617,semester,"Multi-semester source row ""V/VII"" expanded into Semester 7 (and 1 other term(s)) — same subject created once per semester"
Subject,src/lib/content/master-syllabus-data.ts,id=1618,semester,"Multi-semester source row ""V/VII"" expanded into Semester 5 (and 1 other term(s)) — same subject created once per semester"
Subject,src/lib/content/master-syllabus-data.ts,id=1618,semester,"Multi-semester source row ""V/VII"" expanded into Semester 7 (and 1 other term(s)) — same subject created once per semester"
Subject,src/lib/content/master-syllabus-data.ts,id=1619,semester,"Multi-semester source row ""V/VII"" expanded into Semester 5 (and 1 other term(s)) — same subject created once per semester"
Subject,src/lib/content/master-syllabus-data.ts,id=1619,semester,"Multi-semester source row ""V/VII"" expanded into Semester 7 (and 1 other term(s)) — same subject created once per semester"
Subject,src/lib/content/master-syllabus-data.ts,id=1620,semester,"Multi-semester source row ""V/VII"" expanded into Semester 5 (and 1 other term(s)) — same subject created once per semester"
Subject,src/lib/content/master-syllabus-data.ts,id=1620,semester,"Multi-semester source row ""V/VII"" expanded into Semester 7 (and 1 other term(s)) — same subject created once per semester"
Subject,src/lib/content/master-syllabus-data.ts,id=1624,semester,"Multi-semester source row ""VI/VIII"" expanded into Semester 6 (and 1 other term(s)) — same subject created once per semester"
Subject,src/lib/content/master-syllabus-data.ts,id=1624,semester,"Multi-semester source row ""VI/VIII"" expanded into Semester 8 (and 1 other term(s)) — same subject created once per semester"
Subject,src/lib/content/master-syllabus-data.ts,id=1625,semester,"Multi-semester source row ""VI/VIII"" expanded into Semester 6 (and 1 other term(s)) — same subject created once per semester"
Subject,src/lib/content/master-syllabus-data.ts,id=1625,semester,"Multi-semester source row ""VI/VIII"" expanded into Semester 8 (and 1 other term(s)) — same subject created once per semester"
Subject,src/lib/content/master-syllabus-data.ts,id=1626,semester,"Multi-semester source row ""VI/VIII"" expanded into Semester 6 (and 1 other term(s)) — same subject created once per semester"
Subject,src/lib/content/master-syllabus-data.ts,id=1626,semester,"Multi-semester source row ""VI/VIII"" expanded into Semester 8 (and 1 other term(s)) — same subject created once per semester"
Subject,src/lib/content/master-syllabus-data.ts,id=1627,semester,"Multi-semester source row ""VI/VIII"" expanded into Semester 6 (and 1 other term(s)) — same subject created once per semester"
Subject,src/lib/content/master-syllabus-data.ts,id=1627,semester,"Multi-semester source row ""VI/VIII"" expanded into Semester 8 (and 1 other term(s)) — same subject created once per semester"
Subject,src/lib/content/master-syllabus-data.ts,id=1628,semester,"Multi-semester source row ""VI/VIII"" expanded into Semester 6 (and 1 other term(s)) — same subject created once per semester"
Subject,src/lib/content/master-syllabus-data.ts,id=1628,semester,"Multi-semester source row ""VI/VIII"" expanded into Semester 8 (and 1 other term(s)) — same subject created once per semester"
Subject,src/lib/content/master-syllabus-data.ts,id=1629,semester,"Multi-semester source row ""VI/VIII"" expanded into Semester 6 (and 1 other term(s)) — same subject created once per semester"
Subject,src/lib/content/master-syllabus-data.ts,id=1629,semester,"Multi-semester source row ""VI/VIII"" expanded into Semester 8 (and 1 other term(s)) — same subject created once per semester"
Subject,src/lib/content/master-syllabus-data.ts,id=1630,semester,"Multi-semester source row ""VI/VIII"" expanded into Semester 6 (and 1 other term(s)) — same subject created once per semester"
Subject,src/lib/content/master-syllabus-data.ts,id=1630,semester,"Multi-semester source row ""VI/VIII"" expanded into Semester 8 (and 1 other term(s)) — same subject created once per semester"
Subject,src/lib/content/master-syllabus-data.ts,id=1631,semester,"Multi-semester source row ""VI/VIII"" expanded into Semester 6 (and 1 other term(s)) — same subject created once per semester"
Subject,src/lib/content/master-syllabus-data.ts,id=1631,semester,"Multi-semester source row ""VI/VIII"" expanded into Semester 8 (and 1 other term(s)) — same subject created once per semester"
Subject,src/lib/content/master-syllabus-data.ts,id=1632,semester,"Multi-semester source row ""VI/VIII"" expanded into Semester 6 (and 1 other term(s)) — same subject created once per semester"
Subject,src/lib/content/master-syllabus-data.ts,id=1632,semester,"Multi-semester source row ""VI/VIII"" expanded into Semester 8 (and 1 other term(s)) — same subject created once per semester"
Subject,src/lib/content/master-syllabus-data.ts,id=1633,semester,"Multi-semester source row ""VI/VIII"" expanded into Semester 6 (and 1 other term(s)) — same subject created once per semester"
Subject,src/lib/content/master-syllabus-data.ts,id=1633,semester,"Multi-semester source row ""VI/VIII"" expanded into Semester 8 (and 1 other term(s)) — same subject created once per semester"
Subject,src/lib/content/master-syllabus-data.ts,id=1634,semester,"Multi-semester source row ""VI/VIII"" expanded into Semester 6 (and 1 other term(s)) — same subject created once per semester"
Subject,src/lib/content/master-syllabus-data.ts,id=1634,semester,"Multi-semester source row ""VI/VIII"" expanded into Semester 8 (and 1 other term(s)) — same subject created once per semester"
Subject,src/lib/content/master-syllabus-data.ts,id=1635,semester,"Multi-semester source row ""VI/VIII"" expanded into Semester 6 (and 1 other term(s)) — same subject created once per semester"
Subject,src/lib/content/master-syllabus-data.ts,id=1635,semester,"Multi-semester source row ""VI/VIII"" expanded into Semester 8 (and 1 other term(s)) — same subject created once per semester"
Subject,src/lib/content/master-syllabus-data.ts,id=1636,semester,"Multi-semester source row ""VI/VIII"" expanded into Semester 6 (and 1 other term(s)) — same subject created once per semester"
Subject,src/lib/content/master-syllabus-data.ts,id=1636,semester,"Multi-semester source row ""VI/VIII"" expanded into Semester 8 (and 1 other term(s)) — same subject created once per semester"
Subject,src/lib/content/master-syllabus-data.ts,id=1654,semester,"Multi-semester source row ""III/IV"" expanded into Semester 3 (and 1 other term(s)) — same subject created once per semester"
Subject,src/lib/content/master-syllabus-data.ts,id=1654,semester,"Multi-semester source row ""III/IV"" expanded into Semester 4 (and 1 other term(s)) — same subject created once per semester"
Subject,src/lib/content/master-syllabus-data.ts,id=1655,semester,"Multi-semester source row ""III/IV"" expanded into Semester 3 (and 1 other term(s)) — same subject created once per semester"
Subject,src/lib/content/master-syllabus-data.ts,id=1655,semester,"Multi-semester source row ""III/IV"" expanded into Semester 4 (and 1 other term(s)) — same subject created once per semester"
Subject,src/lib/content/master-syllabus-data.ts,id=1656,semester,"Multi-semester source row ""III/IV"" expanded into Semester 3 (and 1 other term(s)) — same subject created once per semester"
Subject,src/lib/content/master-syllabus-data.ts,id=1656,semester,"Multi-semester source row ""III/IV"" expanded into Semester 4 (and 1 other term(s)) — same subject created once per semester"
Subject,src/lib/content/master-syllabus-data.ts,id=1657,semester,"Multi-semester source row ""III/IV"" expanded into Semester 3 (and 1 other term(s)) — same subject created once per semester"
Subject,src/lib/content/master-syllabus-data.ts,id=1657,semester,"Multi-semester source row ""III/IV"" expanded into Semester 4 (and 1 other term(s)) — same subject created once per semester"
Subject,src/lib/content/master-syllabus-data.ts,id=1658,semester,"Multi-semester source row ""III/IV"" expanded into Semester 3 (and 1 other term(s)) — same subject created once per semester"
Subject,src/lib/content/master-syllabus-data.ts,id=1658,semester,"Multi-semester source row ""III/IV"" expanded into Semester 4 (and 1 other term(s)) — same subject created once per semester"
Subject,src/lib/content/master-syllabus-data.ts,id=1659,semester,"Multi-semester source row ""III/IV"" expanded into Semester 3 (and 1 other term(s)) — same subject created once per semester"
Subject,src/lib/content/master-syllabus-data.ts,id=1659,semester,"Multi-semester source row ""III/IV"" expanded into Semester 4 (and 1 other term(s)) — same subject created once per semester"
Subject,src/lib/content/master-syllabus-data.ts,id=1668,semester,"Multi-semester source row ""V/VI"" expanded into Semester 5 (and 1 other term(s)) — same subject created once per semester"
Subject,src/lib/content/master-syllabus-data.ts,id=1668,semester,"Multi-semester source row ""V/VI"" expanded into Semester 6 (and 1 other term(s)) — same subject created once per semester"
Subject,src/lib/content/master-syllabus-data.ts,id=1669,semester,"Multi-semester source row ""V/VI"" expanded into Semester 5 (and 1 other term(s)) — same subject created once per semester"
Subject,src/lib/content/master-syllabus-data.ts,id=1669,semester,"Multi-semester source row ""V/VI"" expanded into Semester 6 (and 1 other term(s)) — same subject created once per semester"
Subject,src/lib/content/master-syllabus-data.ts,id=1670,semester,"Multi-semester source row ""V/VI"" expanded into Semester 5 (and 1 other term(s)) — same subject created once per semester"
Subject,src/lib/content/master-syllabus-data.ts,id=1670,semester,"Multi-semester source row ""V/VI"" expanded into Semester 6 (and 1 other term(s)) — same subject created once per semester"
Subject,src/lib/content/master-syllabus-data.ts,id=1671,semester,"Multi-semester source row ""V/VI"" expanded into Semester 5 (and 1 other term(s)) — same subject created once per semester"
Subject,src/lib/content/master-syllabus-data.ts,id=1671,semester,"Multi-semester source row ""V/VI"" expanded into Semester 6 (and 1 other term(s)) — same subject created once per semester"
Subject,src/lib/content/master-syllabus-data.ts,id=1672,semester,"Multi-semester source row ""V/VI"" expanded into Semester 5 (and 1 other term(s)) — same subject created once per semester"
Subject,src/lib/content/master-syllabus-data.ts,id=1672,semester,"Multi-semester source row ""V/VI"" expanded into Semester 6 (and 1 other term(s)) — same subject created once per semester"
Subject,src/lib/content/master-syllabus-data.ts,id=1673,semester,"Multi-semester source row ""V/VI"" expanded into Semester 5 (and 1 other term(s)) — same subject created once per semester"
Subject,src/lib/content/master-syllabus-data.ts,id=1673,semester,"Multi-semester source row ""V/VI"" expanded into Semester 6 (and 1 other term(s)) — same subject created once per semester"
Subject,src/lib/content/master-syllabus-data.ts,id=1674,semester,"Multi-semester source row ""V/VI"" expanded into Semester 5 (and 1 other term(s)) — same subject created once per semester"
Subject,src/lib/content/master-syllabus-data.ts,id=1674,semester,"Multi-semester source row ""V/VI"" expanded into Semester 6 (and 1 other term(s)) — same subject created once per semester"
Subject,src/lib/content/master-syllabus-data.ts,id=1675,semester,"Multi-semester source row ""V/VI"" expanded into Semester 5 (and 1 other term(s)) — same subject created once per semester"
Subject,src/lib/content/master-syllabus-data.ts,id=1675,semester,"Multi-semester source row ""V/VI"" expanded into Semester 6 (and 1 other term(s)) — same subject created once per semester"
Subject,src/lib/content/master-syllabus-data.ts,id=1682,semester,"Multi-semester source row ""VI/VII"" expanded into Semester 6 (and 1 other term(s)) — same subject created once per semester"
Subject,src/lib/content/master-syllabus-data.ts,id=1682,semester,"Multi-semester source row ""VI/VII"" expanded into Semester 7 (and 1 other term(s)) — same subject created once per semester"
Subject,src/lib/content/master-syllabus-data.ts,id=1859,semester,"Multi-semester source row ""VII/VIII"" expanded into Semester 7 (and 1 other term(s)) — same subject created once per semester"
Subject,src/lib/content/master-syllabus-data.ts,id=1859,semester,"Multi-semester source row ""VII/VIII"" expanded into Semester 8 (and 1 other term(s)) — same subject created once per semester"
Subject,src/lib/content/master-syllabus-data.ts,id=1861,semester,"Multi-semester source row ""VII/VIII"" expanded into Semester 7 (and 1 other term(s)) — same subject created once per semester"
Subject,src/lib/content/master-syllabus-data.ts,id=1861,semester,"Multi-semester source row ""VII/VIII"" expanded into Semester 8 (and 1 other term(s)) — same subject created once per semester"
Subject,src/lib/content/master-syllabus-data.ts,id=1862,semester,"Multi-semester source row ""VII/VIII"" expanded into Semester 7 (and 1 other term(s)) — same subject created once per semester"
Subject,src/lib/content/master-syllabus-data.ts,id=1862,semester,"Multi-semester source row ""VII/VIII"" expanded into Semester 8 (and 1 other term(s)) — same subject created once per semester"
Subject,src/lib/content/master-syllabus-data.ts,id=1863,semester,"Multi-semester source row ""VII/VIII"" expanded into Semester 7 (and 1 other term(s)) — same subject created once per semester"
Subject,src/lib/content/master-syllabus-data.ts,id=1863,semester,"Multi-semester source row ""VII/VIII"" expanded into Semester 8 (and 1 other term(s)) — same subject created once per semester"
Subject,src/lib/content/master-syllabus-data.ts,id=1864,semester,"Multi-semester source row ""VII/VIII"" expanded into Semester 7 (and 1 other term(s)) — same subject created once per semester"
Subject,src/lib/content/master-syllabus-data.ts,id=1864,semester,"Multi-semester source row ""VII/VIII"" expanded into Semester 8 (and 1 other term(s)) — same subject created once per semester"
Subject,src/lib/content/master-syllabus-data.ts,id=1866,semester,"Multi-semester source row ""VII/VIII"" expanded into Semester 7 (and 1 other term(s)) — same subject created once per semester"
Subject,src/lib/content/master-syllabus-data.ts,id=1866,semester,"Multi-semester source row ""VII/VIII"" expanded into Semester 8 (and 1 other term(s)) — same subject created once per semester"
Subject,src/lib/content/master-syllabus-data.ts,id=1867,semester,"Multi-semester source row ""VII/VIII"" expanded into Semester 7 (and 1 other term(s)) — same subject created once per semester"
Subject,src/lib/content/master-syllabus-data.ts,id=1867,semester,"Multi-semester source row ""VII/VIII"" expanded into Semester 8 (and 1 other term(s)) — same subject created once per semester"
Subject,src/lib/content/master-syllabus-data.ts,id=1868,semester,"Multi-semester source row ""VII/VIII"" expanded into Semester 7 (and 1 other term(s)) — same subject created once per semester"
Subject,src/lib/content/master-syllabus-data.ts,id=1868,semester,"Multi-semester source row ""VII/VIII"" expanded into Semester 8 (and 1 other term(s)) — same subject created once per semester"
Subject,src/lib/content/master-syllabus-data.ts,id=1869,semester,"Multi-semester source row ""VII/VIII"" expanded into Semester 7 (and 1 other term(s)) — same subject created once per semester"
Subject,src/lib/content/master-syllabus-data.ts,id=1869,semester,"Multi-semester source row ""VII/VIII"" expanded into Semester 8 (and 1 other term(s)) — same subject created once per semester"
Subject,src/lib/content/master-syllabus-data.ts,id=1870,semester,"Multi-semester source row ""VII/VIII"" expanded into Semester 7 (and 1 other term(s)) — same subject created once per semester"
Subject,src/lib/content/master-syllabus-data.ts,id=1870,semester,"Multi-semester source row ""VII/VIII"" expanded into Semester 8 (and 1 other term(s)) — same subject created once per semester"
Subject,src/lib/content/master-syllabus-data.ts,id=1871,semester,"Multi-semester source row ""VII/VIII"" expanded into Semester 7 (and 1 other term(s)) — same subject created once per semester"
Subject,src/lib/content/master-syllabus-data.ts,id=1871,semester,"Multi-semester source row ""VII/VIII"" expanded into Semester 8 (and 1 other term(s)) — same subject created once per semester"
Subject,src/lib/content/master-syllabus-data.ts,id=1872,semester,"Multi-semester source row ""VII/VIII"" expanded into Semester 7 (and 1 other term(s)) — same subject created once per semester"
Subject,src/lib/content/master-syllabus-data.ts,id=1872,semester,"Multi-semester source row ""VII/VIII"" expanded into Semester 8 (and 1 other term(s)) — same subject created once per semester"
Subject,src/lib/content/master-syllabus-data.ts,id=1873,semester,"Multi-semester source row ""VII/VIII"" expanded into Semester 7 (and 1 other term(s)) — same subject created once per semester"
Subject,src/lib/content/master-syllabus-data.ts,id=1873,semester,"Multi-semester source row ""VII/VIII"" expanded into Semester 8 (and 1 other term(s)) — same subject created once per semester"
Subject,src/lib/content/master-syllabus-data.ts,id=1874,semester,"Multi-semester source row ""VII/VIII"" expanded into Semester 7 (and 1 other term(s)) — same subject created once per semester"
Subject,src/lib/content/master-syllabus-data.ts,id=1874,semester,"Multi-semester source row ""VII/VIII"" expanded into Semester 8 (and 1 other term(s)) — same subject created once per semester"
Subject,src/lib/content/master-syllabus-data.ts,id=1875,semester,"Multi-semester source row ""VII/VIII"" expanded into Semester 7 (and 1 other term(s)) — same subject created once per semester"
Subject,src/lib/content/master-syllabus-data.ts,id=1875,semester,"Multi-semester source row ""VII/VIII"" expanded into Semester 8 (and 1 other term(s)) — same subject created once per semester"
Subject,src/lib/content/master-syllabus-data.ts,id=1876,semester,"Multi-semester source row ""VII/VIII"" expanded into Semester 7 (and 1 other term(s)) — same subject created once per semester"
Subject,src/lib/content/master-syllabus-data.ts,id=1876,semester,"Multi-semester source row ""VII/VIII"" expanded into Semester 8 (and 1 other term(s)) — same subject created once per semester"
Subject,src/lib/content/master-syllabus-data.ts,id=1877,semester,"Multi-semester source row ""VII/VIII"" expanded into Semester 7 (and 1 other term(s)) — same subject created once per semester"
Subject,src/lib/content/master-syllabus-data.ts,id=1877,semester,"Multi-semester source row ""VII/VIII"" expanded into Semester 8 (and 1 other term(s)) — same subject created once per semester"
Subject,src/lib/content/master-syllabus-data.ts,id=1878,semester,"Multi-semester source row ""VII/VIII"" expanded into Semester 7 (and 1 other term(s)) — same subject created once per semester"
Subject,src/lib/content/master-syllabus-data.ts,id=1878,semester,"Multi-semester source row ""VII/VIII"" expanded into Semester 8 (and 1 other term(s)) — same subject created once per semester"
Subject,src/lib/content/master-syllabus-data.ts,id=1879,semester,"Multi-semester source row ""VII/VIII"" expanded into Semester 7 (and 1 other term(s)) — same subject created once per semester"
Subject,src/lib/content/master-syllabus-data.ts,id=1879,semester,"Multi-semester source row ""VII/VIII"" expanded into Semester 8 (and 1 other term(s)) — same subject created once per semester"
Subject,src/lib/content/master-syllabus-data.ts,id=1889,semester,"Multi-semester source row ""I/III"" expanded into Semester 1 (and 1 other term(s)) — same subject created once per semester"
Subject,src/lib/content/master-syllabus-data.ts,id=1889,semester,"Multi-semester source row ""I/III"" expanded into Semester 3 (and 1 other term(s)) — same subject created once per semester"
Subject,src/lib/content/master-syllabus-data.ts,id=1891,semester,"Multi-semester source row ""I/III"" expanded into Semester 1 (and 1 other term(s)) — same subject created once per semester"
Subject,src/lib/content/master-syllabus-data.ts,id=1891,semester,"Multi-semester source row ""I/III"" expanded into Semester 3 (and 1 other term(s)) — same subject created once per semester"
Subject,src/lib/content/master-syllabus-data.ts,id=1906,semester,"Multi-semester source row ""III/IV"" expanded into Semester 3 (and 1 other term(s)) — same subject created once per semester"
Subject,src/lib/content/master-syllabus-data.ts,id=1906,semester,"Multi-semester source row ""III/IV"" expanded into Semester 4 (and 1 other term(s)) — same subject created once per semester"
Subject,src/lib/content/master-syllabus-data.ts,id=1907,semester,"Multi-semester source row ""III/IV"" expanded into Semester 3 (and 1 other term(s)) — same subject created once per semester"
Subject,src/lib/content/master-syllabus-data.ts,id=1907,semester,"Multi-semester source row ""III/IV"" expanded into Semester 4 (and 1 other term(s)) — same subject created once per semester"
Subject,src/lib/content/master-syllabus-data.ts,id=1908,semester,"Multi-semester source row ""III/IV"" expanded into Semester 3 (and 1 other term(s)) — same subject created once per semester"
Subject,src/lib/content/master-syllabus-data.ts,id=1908,semester,"Multi-semester source row ""III/IV"" expanded into Semester 4 (and 1 other term(s)) — same subject created once per semester"
Subject,src/lib/content/master-syllabus-data.ts,id=1916,semester,"Multi-semester source row ""IV/VI"" expanded into Semester 4 (and 1 other term(s)) — same subject created once per semester"
Subject,src/lib/content/master-syllabus-data.ts,id=1916,semester,"Multi-semester source row ""IV/VI"" expanded into Semester 6 (and 1 other term(s)) — same subject created once per semester"
Subject,src/lib/content/master-syllabus-data.ts,id=1934,semester,"Multi-semester source row ""VI/VII"" expanded into Semester 6 (and 1 other term(s)) — same subject created once per semester"
Subject,src/lib/content/master-syllabus-data.ts,id=1934,semester,"Multi-semester source row ""VI/VII"" expanded into Semester 7 (and 1 other term(s)) — same subject created once per semester"
Subject,src/lib/content/master-syllabus-data.ts,id=1962,semester,"Multi-semester source row ""I/VIII"" expanded into Semester 1 (and 1 other term(s)) — same subject created once per semester"
Subject,src/lib/content/master-syllabus-data.ts,id=1962,semester,"Multi-semester source row ""I/VIII"" expanded into Semester 8 (and 1 other term(s)) — same subject created once per semester"
Subject,src/lib/content/master-syllabus-data.ts,id=1963,semester,"Multi-semester source row ""I/VIII"" expanded into Semester 1 (and 1 other term(s)) — same subject created once per semester"
Subject,src/lib/content/master-syllabus-data.ts,id=1963,semester,"Multi-semester source row ""I/VIII"" expanded into Semester 8 (and 1 other term(s)) — same subject created once per semester"
Subject,src/lib/content/master-syllabus-data.ts,id=1967,semester,"Multi-semester source row ""II/VIII"" expanded into Semester 2 (and 1 other term(s)) — same subject created once per semester"
Subject,src/lib/content/master-syllabus-data.ts,id=1967,semester,"Multi-semester source row ""II/VIII"" expanded into Semester 8 (and 1 other term(s)) — same subject created once per semester"
Subject,src/lib/content/master-syllabus-data.ts,id=1968,semester,"Multi-semester source row ""II/VIII"" expanded into Semester 2 (and 1 other term(s)) — same subject created once per semester"
Subject,src/lib/content/master-syllabus-data.ts,id=1968,semester,"Multi-semester source row ""II/VIII"" expanded into Semester 8 (and 1 other term(s)) — same subject created once per semester"
Subject,src/lib/content/master-syllabus-data.ts,id=1969,semester,"Multi-semester source row ""II/VIII"" expanded into Semester 2 (and 1 other term(s)) — same subject created once per semester"
Subject,src/lib/content/master-syllabus-data.ts,id=1969,semester,"Multi-semester source row ""II/VIII"" expanded into Semester 8 (and 1 other term(s)) — same subject created once per semester"
Subject,src/lib/content/master-syllabus-data.ts,id=1970,semester,"Multi-semester source row ""II/VIII"" expanded into Semester 2 (and 1 other term(s)) — same subject created once per semester"
Subject,src/lib/content/master-syllabus-data.ts,id=1970,semester,"Multi-semester source row ""II/VIII"" expanded into Semester 8 (and 1 other term(s)) — same subject created once per semester"
Subject,src/lib/content/master-syllabus-data.ts,id=1971,semester,"Multi-semester source row ""II/VIII"" expanded into Semester 2 (and 1 other term(s)) — same subject created once per semester"
Subject,src/lib/content/master-syllabus-data.ts,id=1971,semester,"Multi-semester source row ""II/VIII"" expanded into Semester 8 (and 1 other term(s)) — same subject created once per semester"
Subject,src/lib/content/master-syllabus-data.ts,id=1972,semester,"Multi-semester source row ""II/VIII"" expanded into Semester 2 (and 1 other term(s)) — same subject created once per semester"
Subject,src/lib/content/master-syllabus-data.ts,id=1972,semester,"Multi-semester source row ""II/VIII"" expanded into Semester 8 (and 1 other term(s)) — same subject created once per semester"
Subject,src/lib/content/master-syllabus-data.ts,id=1973,semester,"Multi-semester source row ""II/VIII"" expanded into Semester 2 (and 1 other term(s)) — same subject created once per semester"
Subject,src/lib/content/master-syllabus-data.ts,id=1973,semester,"Multi-semester source row ""II/VIII"" expanded into Semester 8 (and 1 other term(s)) — same subject created once per semester"
Subject,src/lib/content/master-syllabus-data.ts,id=1974,semester,"Multi-semester source row ""II/VIII"" expanded into Semester 2 (and 1 other term(s)) — same subject created once per semester"
Subject,src/lib/content/master-syllabus-data.ts,id=1974,semester,"Multi-semester source row ""II/VIII"" expanded into Semester 8 (and 1 other term(s)) — same subject created once per semester"
Subject,src/lib/content/master-syllabus-data.ts,id=1993,semester,"Multi-semester source row ""VI/VII"" expanded into Semester 6 (and 1 other term(s)) — same subject created once per semester"
Subject,src/lib/content/master-syllabus-data.ts,id=1993,semester,"Multi-semester source row ""VI/VII"" expanded into Semester 7 (and 1 other term(s)) — same subject created once per semester"
Subject,src/lib/content/master-syllabus-data.ts,id=2003,semester,"Multi-semester source row ""VII/VIII"" expanded into Semester 7 (and 1 other term(s)) — same subject created once per semester"
Subject,src/lib/content/master-syllabus-data.ts,id=2003,semester,"Multi-semester source row ""VII/VIII"" expanded into Semester 8 (and 1 other term(s)) — same subject created once per semester"
Subject,src/lib/content/master-syllabus-data.ts,id=2004,semester,"Multi-semester source row ""VII/VIII"" expanded into Semester 7 (and 1 other term(s)) — same subject created once per semester"
Subject,src/lib/content/master-syllabus-data.ts,id=2004,semester,"Multi-semester source row ""VII/VIII"" expanded into Semester 8 (and 1 other term(s)) — same subject created once per semester"
Subject,src/lib/content/master-syllabus-data.ts,id=2005,semester,"Multi-semester source row ""VII/VIII"" expanded into Semester 7 (and 1 other term(s)) — same subject created once per semester"
Subject,src/lib/content/master-syllabus-data.ts,id=2005,semester,"Multi-semester source row ""VII/VIII"" expanded into Semester 8 (and 1 other term(s)) — same subject created once per semester"
Subject,src/lib/content/master-syllabus-data.ts,id=2006,semester,"Multi-semester source row ""VII/VIII"" expanded into Semester 7 (and 1 other term(s)) — same subject created once per semester"
Subject,src/lib/content/master-syllabus-data.ts,id=2006,semester,"Multi-semester source row ""VII/VIII"" expanded into Semester 8 (and 1 other term(s)) — same subject created once per semester"
Subject,src/lib/content/master-syllabus-data.ts,id=2064,semester,"Multi-semester source row ""IV/V"" expanded into Semester 4 (and 1 other term(s)) — same subject created once per semester"
Subject,src/lib/content/master-syllabus-data.ts,id=2064,semester,"Multi-semester source row ""IV/V"" expanded into Semester 5 (and 1 other term(s)) — same subject created once per semester"
Subject,src/lib/content/master-syllabus-data.ts,id=2120,semester,"Multi-semester source row ""III/IV"" expanded into Semester 3 (and 1 other term(s)) — same subject created once per semester"
Subject,src/lib/content/master-syllabus-data.ts,id=2120,semester,"Multi-semester source row ""III/IV"" expanded into Semester 4 (and 1 other term(s)) — same subject created once per semester"
Subject,src/lib/content/master-syllabus-data.ts,id=2121,semester,"Multi-semester source row ""III/IV"" expanded into Semester 3 (and 1 other term(s)) — same subject created once per semester"
Subject,src/lib/content/master-syllabus-data.ts,id=2121,semester,"Multi-semester source row ""III/IV"" expanded into Semester 4 (and 1 other term(s)) — same subject created once per semester"
Subject,src/lib/content/master-syllabus-data.ts,id=2122,semester,"Multi-semester source row ""III/IV"" expanded into Semester 3 (and 1 other term(s)) — same subject created once per semester"
Subject,src/lib/content/master-syllabus-data.ts,id=2122,semester,"Multi-semester source row ""III/IV"" expanded into Semester 4 (and 1 other term(s)) — same subject created once per semester"
Subject,src/lib/content/master-syllabus-data.ts,id=2123,semester,"Multi-semester source row ""III/IV"" expanded into Semester 3 (and 1 other term(s)) — same subject created once per semester"
Subject,src/lib/content/master-syllabus-data.ts,id=2123,semester,"Multi-semester source row ""III/IV"" expanded into Semester 4 (and 1 other term(s)) — same subject created once per semester"
Subject,src/lib/content/master-syllabus-data.ts,id=2125,semester,"Multi-semester source row ""III/IV"" expanded into Semester 3 (and 1 other term(s)) — same subject created once per semester"
Subject,src/lib/content/master-syllabus-data.ts,id=2125,semester,"Multi-semester source row ""III/IV"" expanded into Semester 4 (and 1 other term(s)) — same subject created once per semester"
Subject,src/lib/content/master-syllabus-data.ts,id=2136,semester,"Multi-semester source row ""V/VI"" expanded into Semester 5 (and 1 other term(s)) — same subject created once per semester"
Subject,src/lib/content/master-syllabus-data.ts,id=2136,semester,"Multi-semester source row ""V/VI"" expanded into Semester 6 (and 1 other term(s)) — same subject created once per semester"
Subject,src/lib/content/master-syllabus-data.ts,id=2137,semester,"Multi-semester source row ""V/VI"" expanded into Semester 5 (and 1 other term(s)) — same subject created once per semester"
Subject,src/lib/content/master-syllabus-data.ts,id=2137,semester,"Multi-semester source row ""V/VI"" expanded into Semester 6 (and 1 other term(s)) — same subject created once per semester"
Subject,src/lib/content/master-syllabus-data.ts,id=2138,semester,"Multi-semester source row ""V/VI"" expanded into Semester 5 (and 1 other term(s)) — same subject created once per semester"
Subject,src/lib/content/master-syllabus-data.ts,id=2138,semester,"Multi-semester source row ""V/VI"" expanded into Semester 6 (and 1 other term(s)) — same subject created once per semester"
Subject,src/lib/content/master-syllabus-data.ts,id=2139,semester,"Multi-semester source row ""V/VI"" expanded into Semester 5 (and 1 other term(s)) — same subject created once per semester"
Subject,src/lib/content/master-syllabus-data.ts,id=2139,semester,"Multi-semester source row ""V/VI"" expanded into Semester 6 (and 1 other term(s)) — same subject created once per semester"
Subject,src/lib/content/master-syllabus-data.ts,id=2140,semester,"Multi-semester source row ""V/VI"" expanded into Semester 5 (and 1 other term(s)) — same subject created once per semester"
Subject,src/lib/content/master-syllabus-data.ts,id=2140,semester,"Multi-semester source row ""V/VI"" expanded into Semester 6 (and 1 other term(s)) — same subject created once per semester"
Subject,src/lib/content/master-syllabus-data.ts,id=2148,semester,"Multi-semester source row ""VI/VII"" expanded into Semester 6 (and 1 other term(s)) — same subject created once per semester"
Subject,src/lib/content/master-syllabus-data.ts,id=2148,semester,"Multi-semester source row ""VI/VII"" expanded into Semester 7 (and 1 other term(s)) — same subject created once per semester"
Subject,src/lib/content/master-syllabus-data.ts,id=2185,semester,"Multi-semester source row ""I/II/III"" expanded into Semester 1 (and 2 other term(s)) — same subject created once per semester"
Subject,src/lib/content/master-syllabus-data.ts,id=2185,semester,"Multi-semester source row ""I/II/III"" expanded into Semester 2 (and 2 other term(s)) — same subject created once per semester"
Subject,src/lib/content/master-syllabus-data.ts,id=2185,semester,"Multi-semester source row ""I/II/III"" expanded into Semester 3 (and 2 other term(s)) — same subject created once per semester"
Subject,src/lib/content/master-syllabus-data.ts,id=2186,semester,"Multi-semester source row ""I/II/III"" expanded into Semester 1 (and 2 other term(s)) — same subject created once per semester"
Subject,src/lib/content/master-syllabus-data.ts,id=2186,semester,"Multi-semester source row ""I/II/III"" expanded into Semester 2 (and 2 other term(s)) — same subject created once per semester"
Subject,src/lib/content/master-syllabus-data.ts,id=2186,semester,"Multi-semester source row ""I/II/III"" expanded into Semester 3 (and 2 other term(s)) — same subject created once per semester"
Subject,src/lib/content/master-syllabus-data.ts,id=2187,semester,"Multi-semester source row ""I/II/III"" expanded into Semester 1 (and 2 other term(s)) — same subject created once per semester"
Subject,src/lib/content/master-syllabus-data.ts,id=2187,semester,"Multi-semester source row ""I/II/III"" expanded into Semester 2 (and 2 other term(s)) — same subject created once per semester"
Subject,src/lib/content/master-syllabus-data.ts,id=2187,semester,"Multi-semester source row ""I/II/III"" expanded into Semester 3 (and 2 other term(s)) — same subject created once per semester"
Subject,src/lib/content/master-syllabus-data.ts,id=2306,semester,"Multi-semester source row ""I/II"" expanded into Semester 1 (and 1 other term(s)) — same subject created once per semester"
Subject,src/lib/content/master-syllabus-data.ts,id=2306,semester,"Multi-semester source row ""I/II"" expanded into Semester 2 (and 1 other term(s)) — same subject created once per semester"
Subject,src/lib/content/master-syllabus-data.ts,id=2307,semester,"Multi-semester source row ""I/II"" expanded into Semester 1 (and 1 other term(s)) — same subject created once per semester"
Subject,src/lib/content/master-syllabus-data.ts,id=2307,semester,"Multi-semester source row ""I/II"" expanded into Semester 2 (and 1 other term(s)) — same subject created once per semester"
Subject,src/lib/content/master-syllabus-data.ts,id=2308,semester,"Multi-semester source row ""I/II"" expanded into Semester 1 (and 1 other term(s)) — same subject created once per semester"
Subject,src/lib/content/master-syllabus-data.ts,id=2308,semester,"Multi-semester source row ""I/II"" expanded into Semester 2 (and 1 other term(s)) — same subject created once per semester"
Subject,src/lib/content/master-syllabus-data.ts,id=2309,semester,"Multi-semester source row ""I/II"" expanded into Semester 1 (and 1 other term(s)) — same subject created once per semester"
Subject,src/lib/content/master-syllabus-data.ts,id=2309,semester,"Multi-semester source row ""I/II"" expanded into Semester 2 (and 1 other term(s)) — same subject created once per semester"
Subject,src/lib/content/master-syllabus-data.ts,id=2316,semester,"Multi-semester source row ""III/IV/V/VI"" expanded into Semester 3 (and 3 other term(s)) — same subject created once per semester"
Subject,src/lib/content/master-syllabus-data.ts,id=2316,semester,"Multi-semester source row ""III/IV/V/VI"" expanded into Semester 4 (and 3 other term(s)) — same subject created once per semester"
Subject,src/lib/content/master-syllabus-data.ts,id=2316,semester,"Multi-semester source row ""III/IV/V/VI"" expanded into Semester 5 (and 3 other term(s)) — same subject created once per semester"
Subject,src/lib/content/master-syllabus-data.ts,id=2316,semester,"Multi-semester source row ""III/IV/V/VI"" expanded into Semester 6 (and 3 other term(s)) — same subject created once per semester"
Subject,src/lib/content/master-syllabus-data.ts,id=2317,semester,"Multi-semester source row ""III/IV/V/VI"" expanded into Semester 3 (and 3 other term(s)) — same subject created once per semester"
Subject,src/lib/content/master-syllabus-data.ts,id=2317,semester,"Multi-semester source row ""III/IV/V/VI"" expanded into Semester 4 (and 3 other term(s)) — same subject created once per semester"
Subject,src/lib/content/master-syllabus-data.ts,id=2317,semester,"Multi-semester source row ""III/IV/V/VI"" expanded into Semester 5 (and 3 other term(s)) — same subject created once per semester"
Subject,src/lib/content/master-syllabus-data.ts,id=2317,semester,"Multi-semester source row ""III/IV/V/VI"" expanded into Semester 6 (and 3 other term(s)) — same subject created once per semester"
Subject,src/lib/content/master-syllabus-data.ts,id=2318,semester,"Multi-semester source row ""III/IV/V/VI"" expanded into Semester 3 (and 3 other term(s)) — same subject created once per semester"
Subject,src/lib/content/master-syllabus-data.ts,id=2318,semester,"Multi-semester source row ""III/IV/V/VI"" expanded into Semester 4 (and 3 other term(s)) — same subject created once per semester"
Subject,src/lib/content/master-syllabus-data.ts,id=2318,semester,"Multi-semester source row ""III/IV/V/VI"" expanded into Semester 5 (and 3 other term(s)) — same subject created once per semester"
Subject,src/lib/content/master-syllabus-data.ts,id=2318,semester,"Multi-semester source row ""III/IV/V/VI"" expanded into Semester 6 (and 3 other term(s)) — same subject created once per semester"
Subject,src/lib/content/master-syllabus-data.ts,id=2319,semester,"Multi-semester source row ""III/IV/V/VI"" expanded into Semester 3 (and 3 other term(s)) — same subject created once per semester"
Subject,src/lib/content/master-syllabus-data.ts,id=2319,semester,"Multi-semester source row ""III/IV/V/VI"" expanded into Semester 4 (and 3 other term(s)) — same subject created once per semester"
Subject,src/lib/content/master-syllabus-data.ts,id=2319,semester,"Multi-semester source row ""III/IV/V/VI"" expanded into Semester 5 (and 3 other term(s)) — same subject created once per semester"
Subject,src/lib/content/master-syllabus-data.ts,id=2319,semester,"Multi-semester source row ""III/IV/V/VI"" expanded into Semester 6 (and 3 other term(s)) — same subject created once per semester"
Subject,src/lib/content/master-syllabus-data.ts,id=2320,semester,"Multi-semester source row ""III/IV/V/VI"" expanded into Semester 3 (and 3 other term(s)) — same subject created once per semester"
Subject,src/lib/content/master-syllabus-data.ts,id=2320,semester,"Multi-semester source row ""III/IV/V/VI"" expanded into Semester 4 (and 3 other term(s)) — same subject created once per semester"
Subject,src/lib/content/master-syllabus-data.ts,id=2320,semester,"Multi-semester source row ""III/IV/V/VI"" expanded into Semester 5 (and 3 other term(s)) — same subject created once per semester"
Subject,src/lib/content/master-syllabus-data.ts,id=2320,semester,"Multi-semester source row ""III/IV/V/VI"" expanded into Semester 6 (and 3 other term(s)) — same subject created once per semester"
Subject,src/lib/content/master-syllabus-data.ts,id=2321,semester,"Multi-semester source row ""III/IV/V/VI"" expanded into Semester 3 (and 3 other term(s)) — same subject created once per semester"
Subject,src/lib/content/master-syllabus-data.ts,id=2321,semester,"Multi-semester source row ""III/IV/V/VI"" expanded into Semester 4 (and 3 other term(s)) — same subject created once per semester"
Subject,src/lib/content/master-syllabus-data.ts,id=2321,semester,"Multi-semester source row ""III/IV/V/VI"" expanded into Semester 5 (and 3 other term(s)) — same subject created once per semester"
Subject,src/lib/content/master-syllabus-data.ts,id=2321,semester,"Multi-semester source row ""III/IV/V/VI"" expanded into Semester 6 (and 3 other term(s)) — same subject created once per semester"
Subject,src/lib/content/master-syllabus-data.ts,id=2322,semester,"Multi-semester source row ""III/IV/V/VI"" expanded into Semester 3 (and 3 other term(s)) — same subject created once per semester"
Subject,src/lib/content/master-syllabus-data.ts,id=2322,semester,"Multi-semester source row ""III/IV/V/VI"" expanded into Semester 4 (and 3 other term(s)) — same subject created once per semester"
Subject,src/lib/content/master-syllabus-data.ts,id=2322,semester,"Multi-semester source row ""III/IV/V/VI"" expanded into Semester 5 (and 3 other term(s)) — same subject created once per semester"
Subject,src/lib/content/master-syllabus-data.ts,id=2322,semester,"Multi-semester source row ""III/IV/V/VI"" expanded into Semester 6 (and 3 other term(s)) — same subject created once per semester"
Subject,src/lib/content/master-syllabus-data.ts,id=2323,semester,"Multi-semester source row ""III/IV/V/VI"" expanded into Semester 3 (and 3 other term(s)) — same subject created once per semester"
Subject,src/lib/content/master-syllabus-data.ts,id=2323,semester,"Multi-semester source row ""III/IV/V/VI"" expanded into Semester 4 (and 3 other term(s)) — same subject created once per semester"
Subject,src/lib/content/master-syllabus-data.ts,id=2323,semester,"Multi-semester source row ""III/IV/V/VI"" expanded into Semester 5 (and 3 other term(s)) — same subject created once per semester"
Subject,src/lib/content/master-syllabus-data.ts,id=2323,semester,"Multi-semester source row ""III/IV/V/VI"" expanded into Semester 6 (and 3 other term(s)) — same subject created once per semester"
Subject,src/lib/content/master-syllabus-data.ts,id=2324,semester,"Multi-semester source row ""III/IV/V/VI"" expanded into Semester 3 (and 3 other term(s)) — same subject created once per semester"
Subject,src/lib/content/master-syllabus-data.ts,id=2324,semester,"Multi-semester source row ""III/IV/V/VI"" expanded into Semester 4 (and 3 other term(s)) — same subject created once per semester"
Subject,src/lib/content/master-syllabus-data.ts,id=2324,semester,"Multi-semester source row ""III/IV/V/VI"" expanded into Semester 5 (and 3 other term(s)) — same subject created once per semester"
Subject,src/lib/content/master-syllabus-data.ts,id=2324,semester,"Multi-semester source row ""III/IV/V/VI"" expanded into Semester 6 (and 3 other term(s)) — same subject created once per semester"
Subject,src/lib/content/master-syllabus-data.ts,id=2325,semester,"Multi-semester source row ""III/IV/V/VI"" expanded into Semester 3 (and 3 other term(s)) — same subject created once per semester"
Subject,src/lib/content/master-syllabus-data.ts,id=2325,semester,"Multi-semester source row ""III/IV/V/VI"" expanded into Semester 4 (and 3 other term(s)) — same subject created once per semester"
Subject,src/lib/content/master-syllabus-data.ts,id=2325,semester,"Multi-semester source row ""III/IV/V/VI"" expanded into Semester 5 (and 3 other term(s)) — same subject created once per semester"
Subject,src/lib/content/master-syllabus-data.ts,id=2325,semester,"Multi-semester source row ""III/IV/V/VI"" expanded into Semester 6 (and 3 other term(s)) — same subject created once per semester"
Subject,src/lib/content/master-syllabus-data.ts,id=2326,semester,"Multi-semester source row ""III/IV/V/VI"" expanded into Semester 3 (and 3 other term(s)) — same subject created once per semester"
Subject,src/lib/content/master-syllabus-data.ts,id=2326,semester,"Multi-semester source row ""III/IV/V/VI"" expanded into Semester 4 (and 3 other term(s)) — same subject created once per semester"
Subject,src/lib/content/master-syllabus-data.ts,id=2326,semester,"Multi-semester source row ""III/IV/V/VI"" expanded into Semester 5 (and 3 other term(s)) — same subject created once per semester"
Subject,src/lib/content/master-syllabus-data.ts,id=2326,semester,"Multi-semester source row ""III/IV/V/VI"" expanded into Semester 6 (and 3 other term(s)) — same subject created once per semester"
Subject,src/lib/content/master-syllabus-data.ts,id=2327,semester,"Multi-semester source row ""III/IV/V/VI"" expanded into Semester 3 (and 3 other term(s)) — same subject created once per semester"
Subject,src/lib/content/master-syllabus-data.ts,id=2327,semester,"Multi-semester source row ""III/IV/V/VI"" expanded into Semester 4 (and 3 other term(s)) — same subject created once per semester"
Subject,src/lib/content/master-syllabus-data.ts,id=2327,semester,"Multi-semester source row ""III/IV/V/VI"" expanded into Semester 5 (and 3 other term(s)) — same subject created once per semester"
Subject,src/lib/content/master-syllabus-data.ts,id=2327,semester,"Multi-semester source row ""III/IV/V/VI"" expanded into Semester 6 (and 3 other term(s)) — same subject created once per semester"
Subject,src/lib/content/master-syllabus-data.ts,id=2328,semester,"Multi-semester source row ""III/IV/V/VI"" expanded into Semester 3 (and 3 other term(s)) — same subject created once per semester"
Subject,src/lib/content/master-syllabus-data.ts,id=2328,semester,"Multi-semester source row ""III/IV/V/VI"" expanded into Semester 4 (and 3 other term(s)) — same subject created once per semester"
Subject,src/lib/content/master-syllabus-data.ts,id=2328,semester,"Multi-semester source row ""III/IV/V/VI"" expanded into Semester 5 (and 3 other term(s)) — same subject created once per semester"
Subject,src/lib/content/master-syllabus-data.ts,id=2328,semester,"Multi-semester source row ""III/IV/V/VI"" expanded into Semester 6 (and 3 other term(s)) — same subject created once per semester"
Subject,src/lib/content/master-syllabus-data.ts,id=2329,semester,"Multi-semester source row ""III/IV/V/VI"" expanded into Semester 3 (and 3 other term(s)) — same subject created once per semester"
Subject,src/lib/content/master-syllabus-data.ts,id=2329,semester,"Multi-semester source row ""III/IV/V/VI"" expanded into Semester 4 (and 3 other term(s)) — same subject created once per semester"
Subject,src/lib/content/master-syllabus-data.ts,id=2329,semester,"Multi-semester source row ""III/IV/V/VI"" expanded into Semester 5 (and 3 other term(s)) — same subject created once per semester"
Subject,src/lib/content/master-syllabus-data.ts,id=2329,semester,"Multi-semester source row ""III/IV/V/VI"" expanded into Semester 6 (and 3 other term(s)) — same subject created once per semester"
Subject,src/lib/content/master-syllabus-data.ts,id=2330,semester,"Multi-semester source row ""III/IV/V/VI"" expanded into Semester 3 (and 3 other term(s)) — same subject created once per semester"
Subject,src/lib/content/master-syllabus-data.ts,id=2330,semester,"Multi-semester source row ""III/IV/V/VI"" expanded into Semester 4 (and 3 other term(s)) — same subject created once per semester"
Subject,src/lib/content/master-syllabus-data.ts,id=2330,semester,"Multi-semester source row ""III/IV/V/VI"" expanded into Semester 5 (and 3 other term(s)) — same subject created once per semester"
Subject,src/lib/content/master-syllabus-data.ts,id=2330,semester,"Multi-semester source row ""III/IV/V/VI"" expanded into Semester 6 (and 3 other term(s)) — same subject created once per semester"
Subject,src/lib/content/master-syllabus-data.ts,id=2331,semester,"Multi-semester source row ""III/IV/V/VI"" expanded into Semester 3 (and 3 other term(s)) — same subject created once per semester"
Subject,src/lib/content/master-syllabus-data.ts,id=2331,semester,"Multi-semester source row ""III/IV/V/VI"" expanded into Semester 4 (and 3 other term(s)) — same subject created once per semester"
Subject,src/lib/content/master-syllabus-data.ts,id=2331,semester,"Multi-semester source row ""III/IV/V/VI"" expanded into Semester 5 (and 3 other term(s)) — same subject created once per semester"
Subject,src/lib/content/master-syllabus-data.ts,id=2331,semester,"Multi-semester source row ""III/IV/V/VI"" expanded into Semester 6 (and 3 other term(s)) — same subject created once per semester"
Subject,src/lib/content/master-syllabus-data.ts,id=2341,semester,"Multi-semester source row ""VII/VIII"" expanded into Semester 7 (and 1 other term(s)) — same subject created once per semester"
Subject,src/lib/content/master-syllabus-data.ts,id=2341,semester,"Multi-semester source row ""VII/VIII"" expanded into Semester 8 (and 1 other term(s)) — same subject created once per semester"
Subject,src/lib/content/master-syllabus-data.ts,id=2342,semester,"Multi-semester source row ""VII/VIII"" expanded into Semester 7 (and 1 other term(s)) — same subject created once per semester"
Subject,src/lib/content/master-syllabus-data.ts,id=2342,semester,"Multi-semester source row ""VII/VIII"" expanded into Semester 8 (and 1 other term(s)) — same subject created once per semester"
Subject,src/lib/content/master-syllabus-data.ts,id=2343,semester,"Multi-semester source row ""VII/VIII"" expanded into Semester 7 (and 1 other term(s)) — same subject created once per semester"
Subject,src/lib/content/master-syllabus-data.ts,id=2343,semester,"Multi-semester source row ""VII/VIII"" expanded into Semester 8 (and 1 other term(s)) — same subject created once per semester"
Subject,src/lib/content/master-syllabus-data.ts,id=2344,semester,"Multi-semester source row ""VII/VIII"" expanded into Semester 7 (and 1 other term(s)) — same subject created once per semester"
Subject,src/lib/content/master-syllabus-data.ts,id=2344,semester,"Multi-semester source row ""VII/VIII"" expanded into Semester 8 (and 1 other term(s)) — same subject created once per semester"
Subject,src/lib/content/master-syllabus-data.ts,id=2346,semester,"Multi-semester source row ""VII/VIII"" expanded into Semester 7 (and 1 other term(s)) — same subject created once per semester"
Subject,src/lib/content/master-syllabus-data.ts,id=2346,semester,"Multi-semester source row ""VII/VIII"" expanded into Semester 8 (and 1 other term(s)) — same subject created once per semester"
Subject,src/lib/content/master-syllabus-data.ts,id=2347,semester,"Multi-semester source row ""VII/VIII"" expanded into Semester 7 (and 1 other term(s)) — same subject created once per semester"
Subject,src/lib/content/master-syllabus-data.ts,id=2347,semester,"Multi-semester source row ""VII/VIII"" expanded into Semester 8 (and 1 other term(s)) — same subject created once per semester"
Subject,src/lib/content/master-syllabus-data.ts,id=2348,semester,"Multi-semester source row ""VII/VIII"" expanded into Semester 7 (and 1 other term(s)) — same subject created once per semester"
Subject,src/lib/content/master-syllabus-data.ts,id=2348,semester,"Multi-semester source row ""VII/VIII"" expanded into Semester 8 (and 1 other term(s)) — same subject created once per semester"
Subject,src/lib/content/master-syllabus-data.ts,id=2349,semester,"Multi-semester source row ""VII/VIII"" expanded into Semester 7 (and 1 other term(s)) — same subject created once per semester"
Subject,src/lib/content/master-syllabus-data.ts,id=2349,semester,"Multi-semester source row ""VII/VIII"" expanded into Semester 8 (and 1 other term(s)) — same subject created once per semester"
Subject,src/lib/content/master-syllabus-data.ts,id=2350,semester,"Multi-semester source row ""VII/VIII"" expanded into Semester 7 (and 1 other term(s)) — same subject created once per semester"
Subject,src/lib/content/master-syllabus-data.ts,id=2350,semester,"Multi-semester source row ""VII/VIII"" expanded into Semester 8 (and 1 other term(s)) — same subject created once per semester"
Subject,src/lib/content/master-syllabus-data.ts,id=2351,semester,"Multi-semester source row ""VII/VIII"" expanded into Semester 7 (and 1 other term(s)) — same subject created once per semester"
Subject,src/lib/content/master-syllabus-data.ts,id=2351,semester,"Multi-semester source row ""VII/VIII"" expanded into Semester 8 (and 1 other term(s)) — same subject created once per semester"
Subject,src/lib/content/master-syllabus-data.ts,id=2352,semester,"Multi-semester source row ""VII/VIII"" expanded into Semester 7 (and 1 other term(s)) — same subject created once per semester"
Subject,src/lib/content/master-syllabus-data.ts,id=2352,semester,"Multi-semester source row ""VII/VIII"" expanded into Semester 8 (and 1 other term(s)) — same subject created once per semester"
Subject,src/lib/content/master-syllabus-data.ts,id=2353,semester,"Multi-semester source row ""VII/VIII"" expanded into Semester 7 (and 1 other term(s)) — same subject created once per semester"
Subject,src/lib/content/master-syllabus-data.ts,id=2353,semester,"Multi-semester source row ""VII/VIII"" expanded into Semester 8 (and 1 other term(s)) — same subject created once per semester"
Subject,src/lib/content/master-syllabus-data.ts,id=2362,semester,"Multi-semester source row ""Semester- I/II"" expanded into Semester 1 (and 1 other term(s)) — same subject created once per semester"
Subject,src/lib/content/master-syllabus-data.ts,id=2362,semester,"Multi-semester source row ""Semester- I/II"" expanded into Semester 2 (and 1 other term(s)) — same subject created once per semester"
Subject,src/lib/content/master-syllabus-data.ts,id=2363,semester,"Multi-semester source row ""Semester- I/II"" expanded into Semester 1 (and 1 other term(s)) — same subject created once per semester"
Subject,src/lib/content/master-syllabus-data.ts,id=2363,semester,"Multi-semester source row ""Semester- I/II"" expanded into Semester 2 (and 1 other term(s)) — same subject created once per semester"
Subject,src/lib/content/master-syllabus-data.ts,id=2364,semester,"Multi-semester source row ""Semester- I/II"" expanded into Semester 1 (and 1 other term(s)) — same subject created once per semester"
Subject,src/lib/content/master-syllabus-data.ts,id=2364,semester,"Multi-semester source row ""Semester- I/II"" expanded into Semester 2 (and 1 other term(s)) — same subject created once per semester"
Subject,src/lib/content/master-syllabus-data.ts,id=2365,semester,"Multi-semester source row ""Semester- I/II"" expanded into Semester 1 (and 1 other term(s)) — same subject created once per semester"
Subject,src/lib/content/master-syllabus-data.ts,id=2365,semester,"Multi-semester source row ""Semester- I/II"" expanded into Semester 2 (and 1 other term(s)) — same subject created once per semester"
Subject,src/lib/content/master-syllabus-data.ts,id=2366,semester,"Multi-semester source row ""Semester- I/II"" expanded into Semester 1 (and 1 other term(s)) — same subject created once per semester"
Subject,src/lib/content/master-syllabus-data.ts,id=2366,semester,"Multi-semester source row ""Semester- I/II"" expanded into Semester 2 (and 1 other term(s)) — same subject created once per semester"
Subject,src/lib/content/master-syllabus-data.ts,id=2367,semester,"Multi-semester source row ""Semester- I/II"" expanded into Semester 1 (and 1 other term(s)) — same subject created once per semester"
Subject,src/lib/content/master-syllabus-data.ts,id=2367,semester,"Multi-semester source row ""Semester- I/II"" expanded into Semester 2 (and 1 other term(s)) — same subject created once per semester"
Subject,src/lib/content/master-syllabus-data.ts,id=2374,semester,"Multi-semester source row ""Semester- III/IV"" expanded into Semester 3 (and 1 other term(s)) — same subject created once per semester"
Subject,src/lib/content/master-syllabus-data.ts,id=2374,semester,"Multi-semester source row ""Semester- III/IV"" expanded into Semester 4 (and 1 other term(s)) — same subject created once per semester"
Subject,src/lib/content/master-syllabus-data.ts,id=2375,semester,"Multi-semester source row ""Semester- III/IV"" expanded into Semester 3 (and 1 other term(s)) — same subject created once per semester"
Subject,src/lib/content/master-syllabus-data.ts,id=2375,semester,"Multi-semester source row ""Semester- III/IV"" expanded into Semester 4 (and 1 other term(s)) — same subject created once per semester"
Subject,src/lib/content/master-syllabus-data.ts,id=2389,semester,"Multi-semester source row ""Semester- V/VI"" expanded into Semester 5 (and 1 other term(s)) — same subject created once per semester"
Subject,src/lib/content/master-syllabus-data.ts,id=2389,semester,"Multi-semester source row ""Semester- V/VI"" expanded into Semester 6 (and 1 other term(s)) — same subject created once per semester"
Subject,src/lib/content/master-syllabus-data.ts,id=2390,semester,"Multi-semester source row ""Semester- V/VI"" expanded into Semester 5 (and 1 other term(s)) — same subject created once per semester"
Subject,src/lib/content/master-syllabus-data.ts,id=2390,semester,"Multi-semester source row ""Semester- V/VI"" expanded into Semester 6 (and 1 other term(s)) — same subject created once per semester"
Subject,src/lib/content/master-syllabus-data.ts,id=2398,semester,"Multi-semester source row ""Semester- VI/VII"" expanded into Semester 6 (and 1 other term(s)) — same subject created once per semester"
Subject,src/lib/content/master-syllabus-data.ts,id=2398,semester,"Multi-semester source row ""Semester- VI/VII"" expanded into Semester 7 (and 1 other term(s)) — same subject created once per semester"
Subject,src/lib/content/master-syllabus-data.ts,id=2456,semester,"Multi-semester source row ""Semester-VII/ VIII"" expanded into Semester 7 (and 1 other term(s)) — same subject created once per semester"
Subject,src/lib/content/master-syllabus-data.ts,id=2456,semester,"Multi-semester source row ""Semester-VII/ VIII"" expanded into Semester 8 (and 1 other term(s)) — same subject created once per semester"
Subject,src/lib/content/master-syllabus-data.ts,id=2482,semester,"Multi-semester source row ""Semester- VII/VIII"" expanded into Semester 7 (and 1 other term(s)) — same subject created once per semester"
Subject,src/lib/content/master-syllabus-data.ts,id=2482,semester,"Multi-semester source row ""Semester- VII/VIII"" expanded into Semester 8 (and 1 other term(s)) — same subject created once per semester"
Subject,src/lib/content/master-syllabus-data.ts,id=2662,semester,"Multi-semester source row ""V/VI"" expanded into Semester 5 (and 1 other term(s)) — same subject created once per semester"
Subject,src/lib/content/master-syllabus-data.ts,id=2662,semester,"Multi-semester source row ""V/VI"" expanded into Semester 6 (and 1 other term(s)) — same subject created once per semester"
Subject,src/lib/content/master-syllabus-data.ts,id=2681,semester,"Multi-semester source row ""Semester- I/II"" expanded into Semester 1 (and 1 other term(s)) — same subject created once per semester"
Subject,src/lib/content/master-syllabus-data.ts,id=2681,semester,"Multi-semester source row ""Semester- I/II"" expanded into Semester 2 (and 1 other term(s)) — same subject created once per semester"
Subject,src/lib/content/master-syllabus-data.ts,id=2682,semester,"Multi-semester source row ""Semester- I/II"" expanded into Semester 1 (and 1 other term(s)) — same subject created once per semester"
Subject,src/lib/content/master-syllabus-data.ts,id=2682,semester,"Multi-semester source row ""Semester- I/II"" expanded into Semester 2 (and 1 other term(s)) — same subject created once per semester"
Subject,src/lib/content/master-syllabus-data.ts,id=2683,semester,"Multi-semester source row ""Semester- I/II"" expanded into Semester 1 (and 1 other term(s)) — same subject created once per semester"
Subject,src/lib/content/master-syllabus-data.ts,id=2683,semester,"Multi-semester source row ""Semester- I/II"" expanded into Semester 2 (and 1 other term(s)) — same subject created once per semester"
Subject,src/lib/content/master-syllabus-data.ts,id=2684,semester,"Multi-semester source row ""Semester- I/II"" expanded into Semester 1 (and 1 other term(s)) — same subject created once per semester"
Subject,src/lib/content/master-syllabus-data.ts,id=2684,semester,"Multi-semester source row ""Semester- I/II"" expanded into Semester 2 (and 1 other term(s)) — same subject created once per semester"
Subject,src/lib/content/master-syllabus-data.ts,id=2685,semester,"Multi-semester source row ""Semester- I/II"" expanded into Semester 1 (and 1 other term(s)) — same subject created once per semester"
Subject,src/lib/content/master-syllabus-data.ts,id=2685,semester,"Multi-semester source row ""Semester- I/II"" expanded into Semester 2 (and 1 other term(s)) — same subject created once per semester"
Subject,src/lib/content/master-syllabus-data.ts,id=2686,semester,"Multi-semester source row ""Semester- I/II"" expanded into Semester 1 (and 1 other term(s)) — same subject created once per semester"
Subject,src/lib/content/master-syllabus-data.ts,id=2686,semester,"Multi-semester source row ""Semester- I/II"" expanded into Semester 2 (and 1 other term(s)) — same subject created once per semester"
Subject,src/lib/content/master-syllabus-data.ts,id=2691,semester,"Multi-semester source row ""Semester- III/IV"" expanded into Semester 3 (and 1 other term(s)) — same subject created once per semester"
Subject,src/lib/content/master-syllabus-data.ts,id=2691,semester,"Multi-semester source row ""Semester- III/IV"" expanded into Semester 4 (and 1 other term(s)) — same subject created once per semester"
Subject,src/lib/content/master-syllabus-data.ts,id=2692,semester,"Multi-semester source row ""Semester- III/IV"" expanded into Semester 3 (and 1 other term(s)) — same subject created once per semester"
Subject,src/lib/content/master-syllabus-data.ts,id=2692,semester,"Multi-semester source row ""Semester- III/IV"" expanded into Semester 4 (and 1 other term(s)) — same subject created once per semester"
Subject,src/lib/content/master-syllabus-data.ts,id=2704,semester,"Multi-semester source row ""Semester- V/VI"" expanded into Semester 5 (and 1 other term(s)) — same subject created once per semester"
Subject,src/lib/content/master-syllabus-data.ts,id=2704,semester,"Multi-semester source row ""Semester- V/VI"" expanded into Semester 6 (and 1 other term(s)) — same subject created once per semester"
Subject,src/lib/content/master-syllabus-data.ts,id=2705,semester,"Multi-semester source row ""Semester- V/VI"" expanded into Semester 5 (and 1 other term(s)) — same subject created once per semester"
Subject,src/lib/content/master-syllabus-data.ts,id=2705,semester,"Multi-semester source row ""Semester- V/VI"" expanded into Semester 6 (and 1 other term(s)) — same subject created once per semester"
Subject,src/lib/content/master-syllabus-data.ts,id=2712,semester,"Multi-semester source row ""Semester- VI/VII"" expanded into Semester 6 (and 1 other term(s)) — same subject created once per semester"
Subject,src/lib/content/master-syllabus-data.ts,id=2712,semester,"Multi-semester source row ""Semester- VI/VII"" expanded into Semester 7 (and 1 other term(s)) — same subject created once per semester"
Subject,src/lib/content/master-syllabus-data.ts,id=2740,semester,"Multi-semester source row ""Semester- I/II"" expanded into Semester 1 (and 1 other term(s)) — same subject created once per semester"
Subject,src/lib/content/master-syllabus-data.ts,id=2740,semester,"Multi-semester source row ""Semester- I/II"" expanded into Semester 2 (and 1 other term(s)) — same subject created once per semester"
Subject,src/lib/content/master-syllabus-data.ts,id=2741,semester,"Multi-semester source row ""Semester- I/II"" expanded into Semester 1 (and 1 other term(s)) — same subject created once per semester"
Subject,src/lib/content/master-syllabus-data.ts,id=2741,semester,"Multi-semester source row ""Semester- I/II"" expanded into Semester 2 (and 1 other term(s)) — same subject created once per semester"
Subject,src/lib/content/master-syllabus-data.ts,id=2742,semester,"Multi-semester source row ""Semester- I/II"" expanded into Semester 1 (and 1 other term(s)) — same subject created once per semester"
Subject,src/lib/content/master-syllabus-data.ts,id=2742,semester,"Multi-semester source row ""Semester- I/II"" expanded into Semester 2 (and 1 other term(s)) — same subject created once per semester"
Subject,src/lib/content/master-syllabus-data.ts,id=2743,semester,"Multi-semester source row ""Semester- I/II"" expanded into Semester 1 (and 1 other term(s)) — same subject created once per semester"
Subject,src/lib/content/master-syllabus-data.ts,id=2743,semester,"Multi-semester source row ""Semester- I/II"" expanded into Semester 2 (and 1 other term(s)) — same subject created once per semester"
Subject,src/lib/content/master-syllabus-data.ts,id=2744,semester,"Multi-semester source row ""Semester- I/II"" expanded into Semester 1 (and 1 other term(s)) — same subject created once per semester"
Subject,src/lib/content/master-syllabus-data.ts,id=2744,semester,"Multi-semester source row ""Semester- I/II"" expanded into Semester 2 (and 1 other term(s)) — same subject created once per semester"
Subject,src/lib/content/master-syllabus-data.ts,id=2745,semester,"Multi-semester source row ""Semester- I/II"" expanded into Semester 1 (and 1 other term(s)) — same subject created once per semester"
Subject,src/lib/content/master-syllabus-data.ts,id=2745,semester,"Multi-semester source row ""Semester- I/II"" expanded into Semester 2 (and 1 other term(s)) — same subject created once per semester"
Subject,src/lib/content/master-syllabus-data.ts,id=2748,semester,"Multi-semester source row ""Semester- III/IV"" expanded into Semester 3 (and 1 other term(s)) — same subject created once per semester"
Subject,src/lib/content/master-syllabus-data.ts,id=2748,semester,"Multi-semester source row ""Semester- III/IV"" expanded into Semester 4 (and 1 other term(s)) — same subject created once per semester"
Subject,src/lib/content/master-syllabus-data.ts,id=2749,semester,"Multi-semester source row ""Semester- III/IV"" expanded into Semester 3 (and 1 other term(s)) — same subject created once per semester"
Subject,src/lib/content/master-syllabus-data.ts,id=2749,semester,"Multi-semester source row ""Semester- III/IV"" expanded into Semester 4 (and 1 other term(s)) — same subject created once per semester"
Subject,src/lib/content/master-syllabus-data.ts,id=2759,semester,"Multi-semester source row ""Semester- V/VI"" expanded into Semester 5 (and 1 other term(s)) — same subject created once per semester"
Subject,src/lib/content/master-syllabus-data.ts,id=2759,semester,"Multi-semester source row ""Semester- V/VI"" expanded into Semester 6 (and 1 other term(s)) — same subject created once per semester"
Subject,src/lib/content/master-syllabus-data.ts,id=2760,semester,"Multi-semester source row ""Semester- V/VI"" expanded into Semester 5 (and 1 other term(s)) — same subject created once per semester"
Subject,src/lib/content/master-syllabus-data.ts,id=2760,semester,"Multi-semester source row ""Semester- V/VI"" expanded into Semester 6 (and 1 other term(s)) — same subject created once per semester"
Subject,src/lib/content/master-syllabus-data.ts,id=2766,semester,"Multi-semester source row ""Semester- VI/VII"" expanded into Semester 6 (and 1 other term(s)) — same subject created once per semester"
Subject,src/lib/content/master-syllabus-data.ts,id=2766,semester,"Multi-semester source row ""Semester- VI/VII"" expanded into Semester 7 (and 1 other term(s)) — same subject created once per semester"
Subject,src/lib/content/master-syllabus-data.ts,id=2801,semester,"Multi-semester source row ""V/VII"" expanded into Semester 5 (and 1 other term(s)) — same subject created once per semester"
Subject,src/lib/content/master-syllabus-data.ts,id=2801,semester,"Multi-semester source row ""V/VII"" expanded into Semester 7 (and 1 other term(s)) — same subject created once per semester"
Subject,src/lib/content/master-syllabus-data.ts,id=2802,semester,"Multi-semester source row ""V/VII"" expanded into Semester 5 (and 1 other term(s)) — same subject created once per semester"
Subject,src/lib/content/master-syllabus-data.ts,id=2802,semester,"Multi-semester source row ""V/VII"" expanded into Semester 7 (and 1 other term(s)) — same subject created once per semester"
Subject,src/lib/content/master-syllabus-data.ts,id=2803,semester,"Multi-semester source row ""V/VII"" expanded into Semester 5 (and 1 other term(s)) — same subject created once per semester"
Subject,src/lib/content/master-syllabus-data.ts,id=2803,semester,"Multi-semester source row ""V/VII"" expanded into Semester 7 (and 1 other term(s)) — same subject created once per semester"
Subject,src/lib/content/master-syllabus-data.ts,id=2812,semester,"Multi-semester source row ""VI/VIII"" expanded into Semester 6 (and 1 other term(s)) — same subject created once per semester"
Subject,src/lib/content/master-syllabus-data.ts,id=2812,semester,"Multi-semester source row ""VI/VIII"" expanded into Semester 8 (and 1 other term(s)) — same subject created once per semester"
Subject,src/lib/content/master-syllabus-data.ts,id=2813,semester,"Multi-semester source row ""VI/VIII"" expanded into Semester 6 (and 1 other term(s)) — same subject created once per semester"
Subject,src/lib/content/master-syllabus-data.ts,id=2813,semester,"Multi-semester source row ""VI/VIII"" expanded into Semester 8 (and 1 other term(s)) — same subject created once per semester"
Subject,src/lib/content/master-syllabus-data.ts,id=2814,semester,"Multi-semester source row ""VI/VII"" expanded into Semester 6 (and 1 other term(s)) — same subject created once per semester"
Subject,src/lib/content/master-syllabus-data.ts,id=2814,semester,"Multi-semester source row ""VI/VII"" expanded into Semester 7 (and 1 other term(s)) — same subject created once per semester"
Subject,src/lib/content/master-syllabus-data.ts,id=2816,semester,"Multi-semester source row ""VII/VIII"" expanded into Semester 7 (and 1 other term(s)) — same subject created once per semester"
Subject,src/lib/content/master-syllabus-data.ts,id=2816,semester,"Multi-semester source row ""VII/VIII"" expanded into Semester 8 (and 1 other term(s)) — same subject created once per semester"
Subject,src/lib/content/master-syllabus-data.ts,id=2828,semester,"Multi-semester source row ""V/VII"" expanded into Semester 5 (and 1 other term(s)) — same subject created once per semester"
Subject,src/lib/content/master-syllabus-data.ts,id=2828,semester,"Multi-semester source row ""V/VII"" expanded into Semester 7 (and 1 other term(s)) — same subject created once per semester"
Subject,src/lib/content/master-syllabus-data.ts,id=2829,semester,"Multi-semester source row ""V/VII"" expanded into Semester 5 (and 1 other term(s)) — same subject created once per semester"
Subject,src/lib/content/master-syllabus-data.ts,id=2829,semester,"Multi-semester source row ""V/VII"" expanded into Semester 7 (and 1 other term(s)) — same subject created once per semester"
Subject,src/lib/content/master-syllabus-data.ts,id=2830,semester,"Multi-semester source row ""V/VII"" expanded into Semester 5 (and 1 other term(s)) — same subject created once per semester"
Subject,src/lib/content/master-syllabus-data.ts,id=2830,semester,"Multi-semester source row ""V/VII"" expanded into Semester 7 (and 1 other term(s)) — same subject created once per semester"
Subject,src/lib/content/master-syllabus-data.ts,id=2838,semester,"Multi-semester source row ""VI/VIII"" expanded into Semester 6 (and 1 other term(s)) — same subject created once per semester"
Subject,src/lib/content/master-syllabus-data.ts,id=2838,semester,"Multi-semester source row ""VI/VIII"" expanded into Semester 8 (and 1 other term(s)) — same subject created once per semester"
Subject,src/lib/content/master-syllabus-data.ts,id=2839,semester,"Multi-semester source row ""VI/VIII"" expanded into Semester 6 (and 1 other term(s)) — same subject created once per semester"
Subject,src/lib/content/master-syllabus-data.ts,id=2839,semester,"Multi-semester source row ""VI/VIII"" expanded into Semester 8 (and 1 other term(s)) — same subject created once per semester"
Subject,src/lib/content/master-syllabus-data.ts,id=2840,semester,"Multi-semester source row ""VI/VII"" expanded into Semester 6 (and 1 other term(s)) — same subject created once per semester"
Subject,src/lib/content/master-syllabus-data.ts,id=2840,semester,"Multi-semester source row ""VI/VII"" expanded into Semester 7 (and 1 other term(s)) — same subject created once per semester"
Subject,src/lib/content/master-syllabus-data.ts,id=2841,semester,"Multi-semester source row ""VII/VIII"" expanded into Semester 7 (and 1 other term(s)) — same subject created once per semester"
Subject,src/lib/content/master-syllabus-data.ts,id=2841,semester,"Multi-semester source row ""VII/VIII"" expanded into Semester 8 (and 1 other term(s)) — same subject created once per semester"
Subject,src/lib/content/master-syllabus-data.ts,id=2857,semester,"Multi-semester source row ""V/VII"" expanded into Semester 5 (and 1 other term(s)) — same subject created once per semester"
Subject,src/lib/content/master-syllabus-data.ts,id=2857,semester,"Multi-semester source row ""V/VII"" expanded into Semester 7 (and 1 other term(s)) — same subject created once per semester"
Subject,src/lib/content/master-syllabus-data.ts,id=2858,semester,"Multi-semester source row ""V/VII"" expanded into Semester 5 (and 1 other term(s)) — same subject created once per semester"
Subject,src/lib/content/master-syllabus-data.ts,id=2858,semester,"Multi-semester source row ""V/VII"" expanded into Semester 7 (and 1 other term(s)) — same subject created once per semester"
Subject,src/lib/content/master-syllabus-data.ts,id=2859,semester,"Multi-semester source row ""V/VII"" expanded into Semester 5 (and 1 other term(s)) — same subject created once per semester"
Subject,src/lib/content/master-syllabus-data.ts,id=2859,semester,"Multi-semester source row ""V/VII"" expanded into Semester 7 (and 1 other term(s)) — same subject created once per semester"
Subject,src/lib/content/master-syllabus-data.ts,id=2867,semester,"Multi-semester source row ""VI/VIII"" expanded into Semester 6 (and 1 other term(s)) — same subject created once per semester"
Subject,src/lib/content/master-syllabus-data.ts,id=2867,semester,"Multi-semester source row ""VI/VIII"" expanded into Semester 8 (and 1 other term(s)) — same subject created once per semester"
Subject,src/lib/content/master-syllabus-data.ts,id=2868,semester,"Multi-semester source row ""VI/VIII"" expanded into Semester 6 (and 1 other term(s)) — same subject created once per semester"
Subject,src/lib/content/master-syllabus-data.ts,id=2868,semester,"Multi-semester source row ""VI/VIII"" expanded into Semester 8 (and 1 other term(s)) — same subject created once per semester"
Subject,src/lib/content/master-syllabus-data.ts,id=2869,semester,"Multi-semester source row ""VI/VII"" expanded into Semester 6 (and 1 other term(s)) — same subject created once per semester"
Subject,src/lib/content/master-syllabus-data.ts,id=2869,semester,"Multi-semester source row ""VI/VII"" expanded into Semester 7 (and 1 other term(s)) — same subject created once per semester"
Subject,src/lib/content/master-syllabus-data.ts,id=2886,semester,"Multi-semester source row ""V/VII"" expanded into Semester 5 (and 1 other term(s)) — same subject created once per semester"
Subject,src/lib/content/master-syllabus-data.ts,id=2886,semester,"Multi-semester source row ""V/VII"" expanded into Semester 7 (and 1 other term(s)) — same subject created once per semester"
Subject,src/lib/content/master-syllabus-data.ts,id=2887,semester,"Multi-semester source row ""V/VII"" expanded into Semester 5 (and 1 other term(s)) — same subject created once per semester"
Subject,src/lib/content/master-syllabus-data.ts,id=2887,semester,"Multi-semester source row ""V/VII"" expanded into Semester 7 (and 1 other term(s)) — same subject created once per semester"
Subject,src/lib/content/master-syllabus-data.ts,id=2888,semester,"Multi-semester source row ""V/VII"" expanded into Semester 5 (and 1 other term(s)) — same subject created once per semester"
Subject,src/lib/content/master-syllabus-data.ts,id=2888,semester,"Multi-semester source row ""V/VII"" expanded into Semester 7 (and 1 other term(s)) — same subject created once per semester"
Subject,src/lib/content/master-syllabus-data.ts,id=2895,semester,"Multi-semester source row ""VI/VIII"" expanded into Semester 6 (and 1 other term(s)) — same subject created once per semester"
Subject,src/lib/content/master-syllabus-data.ts,id=2895,semester,"Multi-semester source row ""VI/VIII"" expanded into Semester 8 (and 1 other term(s)) — same subject created once per semester"
Subject,src/lib/content/master-syllabus-data.ts,id=2896,semester,"Multi-semester source row ""VI/VIII"" expanded into Semester 6 (and 1 other term(s)) — same subject created once per semester"
Subject,src/lib/content/master-syllabus-data.ts,id=2896,semester,"Multi-semester source row ""VI/VIII"" expanded into Semester 8 (and 1 other term(s)) — same subject created once per semester"
Subject,src/lib/content/master-syllabus-data.ts,id=2897,semester,"Multi-semester source row ""VI/VII"" expanded into Semester 6 (and 1 other term(s)) — same subject created once per semester"
Subject,src/lib/content/master-syllabus-data.ts,id=2897,semester,"Multi-semester source row ""VI/VII"" expanded into Semester 7 (and 1 other term(s)) — same subject created once per semester"
Subject,src/lib/content/master-syllabus-data.ts,id=2989,semester,"Multi-semester source row ""V/VII"" expanded into Semester 5 (and 1 other term(s)) — same subject created once per semester"
Subject,src/lib/content/master-syllabus-data.ts,id=2989,semester,"Multi-semester source row ""V/VII"" expanded into Semester 7 (and 1 other term(s)) — same subject created once per semester"
Subject,src/lib/content/master-syllabus-data.ts,id=2990,semester,"Multi-semester source row ""V/VII"" expanded into Semester 5 (and 1 other term(s)) — same subject created once per semester"
Subject,src/lib/content/master-syllabus-data.ts,id=2990,semester,"Multi-semester source row ""V/VII"" expanded into Semester 7 (and 1 other term(s)) — same subject created once per semester"
Subject,src/lib/content/master-syllabus-data.ts,id=2991,semester,"Multi-semester source row ""V/VII"" expanded into Semester 5 (and 1 other term(s)) — same subject created once per semester"
Subject,src/lib/content/master-syllabus-data.ts,id=2991,semester,"Multi-semester source row ""V/VII"" expanded into Semester 7 (and 1 other term(s)) — same subject created once per semester"
Subject,src/lib/content/master-syllabus-data.ts,id=2994,semester,"Multi-semester source row ""VI/VIII"" expanded into Semester 6 (and 1 other term(s)) — same subject created once per semester"
Subject,src/lib/content/master-syllabus-data.ts,id=2994,semester,"Multi-semester source row ""VI/VIII"" expanded into Semester 8 (and 1 other term(s)) — same subject created once per semester"
Subject,src/lib/content/master-syllabus-data.ts,id=2996,semester,"Multi-semester source row ""VI/VII"" expanded into Semester 6 (and 1 other term(s)) — same subject created once per semester"
Subject,src/lib/content/master-syllabus-data.ts,id=2996,semester,"Multi-semester source row ""VI/VII"" expanded into Semester 7 (and 1 other term(s)) — same subject created once per semester"
Subject,src/lib/content/master-syllabus-data.ts,id=3010,semester,"Multi-semester source row ""V/VII"" expanded into Semester 5 (and 1 other term(s)) — same subject created once per semester"
Subject,src/lib/content/master-syllabus-data.ts,id=3010,semester,"Multi-semester source row ""V/VII"" expanded into Semester 7 (and 1 other term(s)) — same subject created once per semester"
Subject,src/lib/content/master-syllabus-data.ts,id=3011,semester,"Multi-semester source row ""V/VII"" expanded into Semester 5 (and 1 other term(s)) — same subject created once per semester"
Subject,src/lib/content/master-syllabus-data.ts,id=3011,semester,"Multi-semester source row ""V/VII"" expanded into Semester 7 (and 1 other term(s)) — same subject created once per semester"
Subject,src/lib/content/master-syllabus-data.ts,id=3012,semester,"Multi-semester source row ""V/VII"" expanded into Semester 5 (and 1 other term(s)) — same subject created once per semester"
Subject,src/lib/content/master-syllabus-data.ts,id=3012,semester,"Multi-semester source row ""V/VII"" expanded into Semester 7 (and 1 other term(s)) — same subject created once per semester"
Subject,src/lib/content/master-syllabus-data.ts,id=3014,semester,"Multi-semester source row ""VI/VIII"" expanded into Semester 6 (and 1 other term(s)) — same subject created once per semester"
Subject,src/lib/content/master-syllabus-data.ts,id=3014,semester,"Multi-semester source row ""VI/VIII"" expanded into Semester 8 (and 1 other term(s)) — same subject created once per semester"
Subject,src/lib/content/master-syllabus-data.ts,id=3016,semester,"Multi-semester source row ""VI/VII"" expanded into Semester 6 (and 1 other term(s)) — same subject created once per semester"
Subject,src/lib/content/master-syllabus-data.ts,id=3016,semester,"Multi-semester source row ""VI/VII"" expanded into Semester 7 (and 1 other term(s)) — same subject created once per semester"
Subject,src/lib/content/master-syllabus-data.ts,id=3144,semester,"Multi-semester source row ""VII/VIII"" expanded into Semester 7 (and 1 other term(s)) — same subject created once per semester"
Subject,src/lib/content/master-syllabus-data.ts,id=3144,semester,"Multi-semester source row ""VII/VIII"" expanded into Semester 8 (and 1 other term(s)) — same subject created once per semester"
Subject,src/lib/content/master-syllabus-data.ts,id=3145,semester,"Multi-semester source row ""VII/VIII"" expanded into Semester 7 (and 1 other term(s)) — same subject created once per semester"
Subject,src/lib/content/master-syllabus-data.ts,id=3145,semester,"Multi-semester source row ""VII/VIII"" expanded into Semester 8 (and 1 other term(s)) — same subject created once per semester"
Subject,src/lib/content/master-syllabus-data.ts,id=3146,semester,"Multi-semester source row ""VII/VIII"" expanded into Semester 7 (and 1 other term(s)) — same subject created once per semester"
Subject,src/lib/content/master-syllabus-data.ts,id=3146,semester,"Multi-semester source row ""VII/VIII"" expanded into Semester 8 (and 1 other term(s)) — same subject created once per semester"
Subject,src/lib/content/master-syllabus-data.ts,id=3147,semester,"Multi-semester source row ""VII/VIII"" expanded into Semester 7 (and 1 other term(s)) — same subject created once per semester"
Subject,src/lib/content/master-syllabus-data.ts,id=3147,semester,"Multi-semester source row ""VII/VIII"" expanded into Semester 8 (and 1 other term(s)) — same subject created once per semester"
Subject,src/lib/content/master-syllabus-data.ts,id=3148,semester,"Multi-semester source row ""VII/VIII"" expanded into Semester 7 (and 1 other term(s)) — same subject created once per semester"
Subject,src/lib/content/master-syllabus-data.ts,id=3148,semester,"Multi-semester source row ""VII/VIII"" expanded into Semester 8 (and 1 other term(s)) — same subject created once per semester"
Subject,src/lib/content/master-syllabus-data.ts,id=3149,semester,"Multi-semester source row ""VII/VIII"" expanded into Semester 7 (and 1 other term(s)) — same subject created once per semester"
Subject,src/lib/content/master-syllabus-data.ts,id=3149,semester,"Multi-semester source row ""VII/VIII"" expanded into Semester 8 (and 1 other term(s)) — same subject created once per semester"
Subject,src/lib/content/master-syllabus-data.ts,id=3150,semester,"Multi-semester source row ""VII/VIII"" expanded into Semester 7 (and 1 other term(s)) — same subject created once per semester"
Subject,src/lib/content/master-syllabus-data.ts,id=3150,semester,"Multi-semester source row ""VII/VIII"" expanded into Semester 8 (and 1 other term(s)) — same subject created once per semester"
Subject,src/lib/content/master-syllabus-data.ts,id=3151,semester,"Multi-semester source row ""VII/VIII"" expanded into Semester 7 (and 1 other term(s)) — same subject created once per semester"
Subject,src/lib/content/master-syllabus-data.ts,id=3151,semester,"Multi-semester source row ""VII/VIII"" expanded into Semester 8 (and 1 other term(s)) — same subject created once per semester"
Subject,src/lib/content/master-syllabus-data.ts,id=3152,semester,"Multi-semester source row ""VII/VIII"" expanded into Semester 7 (and 1 other term(s)) — same subject created once per semester"
Subject,src/lib/content/master-syllabus-data.ts,id=3152,semester,"Multi-semester source row ""VII/VIII"" expanded into Semester 8 (and 1 other term(s)) — same subject created once per semester"
Subject,src/lib/content/master-syllabus-data.ts,id=3153,semester,"Multi-semester source row ""VII/VIII"" expanded into Semester 7 (and 1 other term(s)) — same subject created once per semester"
Subject,src/lib/content/master-syllabus-data.ts,id=3153,semester,"Multi-semester source row ""VII/VIII"" expanded into Semester 8 (and 1 other term(s)) — same subject created once per semester"
Subject,src/lib/content/master-syllabus-data.ts,id=3154,semester,"Multi-semester source row ""VII/VIII"" expanded into Semester 7 (and 1 other term(s)) — same subject created once per semester"
Subject,src/lib/content/master-syllabus-data.ts,id=3154,semester,"Multi-semester source row ""VII/VIII"" expanded into Semester 8 (and 1 other term(s)) — same subject created once per semester"
Subject,src/lib/content/master-syllabus-data.ts,id=3155,semester,"Multi-semester source row ""VII/VIII"" expanded into Semester 7 (and 1 other term(s)) — same subject created once per semester"
Subject,src/lib/content/master-syllabus-data.ts,id=3155,semester,"Multi-semester source row ""VII/VIII"" expanded into Semester 8 (and 1 other term(s)) — same subject created once per semester"
Subject,src/lib/content/master-syllabus-data.ts,id=3156,semester,"Multi-semester source row ""VII/VIII"" expanded into Semester 7 (and 1 other term(s)) — same subject created once per semester"
Subject,src/lib/content/master-syllabus-data.ts,id=3156,semester,"Multi-semester source row ""VII/VIII"" expanded into Semester 8 (and 1 other term(s)) — same subject created once per semester"
Subject,src/lib/content/master-syllabus-data.ts,id=3157,semester,"Multi-semester source row ""VII/VIII"" expanded into Semester 7 (and 1 other term(s)) — same subject created once per semester"
Subject,src/lib/content/master-syllabus-data.ts,id=3157,semester,"Multi-semester source row ""VII/VIII"" expanded into Semester 8 (and 1 other term(s)) — same subject created once per semester"
Subject,src/lib/content/master-syllabus-data.ts,id=3158,semester,"Multi-semester source row ""VII/VIII"" expanded into Semester 7 (and 1 other term(s)) — same subject created once per semester"
Subject,src/lib/content/master-syllabus-data.ts,id=3158,semester,"Multi-semester source row ""VII/VIII"" expanded into Semester 8 (and 1 other term(s)) — same subject created once per semester"
Subject,src/lib/content/master-syllabus-data.ts,id=3159,semester,"Multi-semester source row ""VII/VIII"" expanded into Semester 7 (and 1 other term(s)) — same subject created once per semester"
Subject,src/lib/content/master-syllabus-data.ts,id=3159,semester,"Multi-semester source row ""VII/VIII"" expanded into Semester 8 (and 1 other term(s)) — same subject created once per semester"
Subject,src/lib/content/master-syllabus-data.ts,id=3160,semester,"Multi-semester source row ""VII/VIII"" expanded into Semester 7 (and 1 other term(s)) — same subject created once per semester"
Subject,src/lib/content/master-syllabus-data.ts,id=3160,semester,"Multi-semester source row ""VII/VIII"" expanded into Semester 8 (and 1 other term(s)) — same subject created once per semester"
Subject,src/lib/content/master-syllabus-data.ts,id=3161,semester,"Multi-semester source row ""VII/VIII"" expanded into Semester 7 (and 1 other term(s)) — same subject created once per semester"
Subject,src/lib/content/master-syllabus-data.ts,id=3161,semester,"Multi-semester source row ""VII/VIII"" expanded into Semester 8 (and 1 other term(s)) — same subject created once per semester"
Subject,src/lib/content/master-syllabus-data.ts,id=3162,semester,"Multi-semester source row ""VII/VIII"" expanded into Semester 7 (and 1 other term(s)) — same subject created once per semester"
Subject,src/lib/content/master-syllabus-data.ts,id=3162,semester,"Multi-semester source row ""VII/VIII"" expanded into Semester 8 (and 1 other term(s)) — same subject created once per semester"
Subject,src/lib/content/master-syllabus-data.ts,id=3200,semester,"Multi-semester source row ""VII/VIII"" expanded into Semester 7 (and 1 other term(s)) — same subject created once per semester"
Subject,src/lib/content/master-syllabus-data.ts,id=3200,semester,"Multi-semester source row ""VII/VIII"" expanded into Semester 8 (and 1 other term(s)) — same subject created once per semester"
Subject,src/lib/content/master-syllabus-data.ts,id=3201,semester,"Multi-semester source row ""VII/VIII"" expanded into Semester 7 (and 1 other term(s)) — same subject created once per semester"
Subject,src/lib/content/master-syllabus-data.ts,id=3201,semester,"Multi-semester source row ""VII/VIII"" expanded into Semester 8 (and 1 other term(s)) — same subject created once per semester"
Subject,src/lib/content/master-syllabus-data.ts,id=3202,semester,"Multi-semester source row ""VII/VIII"" expanded into Semester 7 (and 1 other term(s)) — same subject created once per semester"
Subject,src/lib/content/master-syllabus-data.ts,id=3202,semester,"Multi-semester source row ""VII/VIII"" expanded into Semester 8 (and 1 other term(s)) — same subject created once per semester"
Subject,src/lib/content/master-syllabus-data.ts,id=3203,semester,"Multi-semester source row ""VII/VIII"" expanded into Semester 7 (and 1 other term(s)) — same subject created once per semester"
Subject,src/lib/content/master-syllabus-data.ts,id=3203,semester,"Multi-semester source row ""VII/VIII"" expanded into Semester 8 (and 1 other term(s)) — same subject created once per semester"
Subject,src/lib/content/master-syllabus-data.ts,id=3204,semester,"Multi-semester source row ""VII/VIII"" expanded into Semester 7 (and 1 other term(s)) — same subject created once per semester"
Subject,src/lib/content/master-syllabus-data.ts,id=3204,semester,"Multi-semester source row ""VII/VIII"" expanded into Semester 8 (and 1 other term(s)) — same subject created once per semester"
Subject,src/lib/content/master-syllabus-data.ts,id=3205,semester,"Multi-semester source row ""VII/VIII"" expanded into Semester 7 (and 1 other term(s)) — same subject created once per semester"
Subject,src/lib/content/master-syllabus-data.ts,id=3205,semester,"Multi-semester source row ""VII/VIII"" expanded into Semester 8 (and 1 other term(s)) — same subject created once per semester"
Subject,src/lib/content/master-syllabus-data.ts,id=3206,semester,"Multi-semester source row ""VII/VIII"" expanded into Semester 7 (and 1 other term(s)) — same subject created once per semester"
Subject,src/lib/content/master-syllabus-data.ts,id=3206,semester,"Multi-semester source row ""VII/VIII"" expanded into Semester 8 (and 1 other term(s)) — same subject created once per semester"
Subject,src/lib/content/master-syllabus-data.ts,id=3207,semester,"Multi-semester source row ""VII/VIII"" expanded into Semester 7 (and 1 other term(s)) — same subject created once per semester"
Subject,src/lib/content/master-syllabus-data.ts,id=3207,semester,"Multi-semester source row ""VII/VIII"" expanded into Semester 8 (and 1 other term(s)) — same subject created once per semester"
Subject,src/lib/content/master-syllabus-data.ts,id=3208,semester,"Multi-semester source row ""VII/VIII"" expanded into Semester 7 (and 1 other term(s)) — same subject created once per semester"
Subject,src/lib/content/master-syllabus-data.ts,id=3208,semester,"Multi-semester source row ""VII/VIII"" expanded into Semester 8 (and 1 other term(s)) — same subject created once per semester"
Subject,src/lib/content/master-syllabus-data.ts,id=3209,semester,"Multi-semester source row ""VII/VIII"" expanded into Semester 7 (and 1 other term(s)) — same subject created once per semester"
Subject,src/lib/content/master-syllabus-data.ts,id=3209,semester,"Multi-semester source row ""VII/VIII"" expanded into Semester 8 (and 1 other term(s)) — same subject created once per semester"
Subject,src/lib/content/master-syllabus-data.ts,id=3210,semester,"Multi-semester source row ""VII/VIII"" expanded into Semester 7 (and 1 other term(s)) — same subject created once per semester"
Subject,src/lib/content/master-syllabus-data.ts,id=3210,semester,"Multi-semester source row ""VII/VIII"" expanded into Semester 8 (and 1 other term(s)) — same subject created once per semester"
Subject,src/lib/content/master-syllabus-data.ts,id=3211,semester,"Multi-semester source row ""VII/VIII"" expanded into Semester 7 (and 1 other term(s)) — same subject created once per semester"
Subject,src/lib/content/master-syllabus-data.ts,id=3211,semester,"Multi-semester source row ""VII/VIII"" expanded into Semester 8 (and 1 other term(s)) — same subject created once per semester"
Subject,src/lib/content/master-syllabus-data.ts,id=3212,semester,"Multi-semester source row ""VII/VIII"" expanded into Semester 7 (and 1 other term(s)) — same subject created once per semester"
Subject,src/lib/content/master-syllabus-data.ts,id=3212,semester,"Multi-semester source row ""VII/VIII"" expanded into Semester 8 (and 1 other term(s)) — same subject created once per semester"
Subject,src/lib/content/master-syllabus-data.ts,id=3213,semester,"Multi-semester source row ""VII/VIII"" expanded into Semester 7 (and 1 other term(s)) — same subject created once per semester"
Subject,src/lib/content/master-syllabus-data.ts,id=3213,semester,"Multi-semester source row ""VII/VIII"" expanded into Semester 8 (and 1 other term(s)) — same subject created once per semester"
Subject,src/lib/content/master-syllabus-data.ts,id=3214,semester,"Multi-semester source row ""VII/VIII"" expanded into Semester 7 (and 1 other term(s)) — same subject created once per semester"
Subject,src/lib/content/master-syllabus-data.ts,id=3214,semester,"Multi-semester source row ""VII/VIII"" expanded into Semester 8 (and 1 other term(s)) — same subject created once per semester"
Subject,src/lib/content/master-syllabus-data.ts,id=3215,semester,"Multi-semester source row ""VII/VIII"" expanded into Semester 7 (and 1 other term(s)) — same subject created once per semester"
Subject,src/lib/content/master-syllabus-data.ts,id=3215,semester,"Multi-semester source row ""VII/VIII"" expanded into Semester 8 (and 1 other term(s)) — same subject created once per semester"
Subject,src/lib/content/master-syllabus-data.ts,id=3216,semester,"Multi-semester source row ""VII/VIII"" expanded into Semester 7 (and 1 other term(s)) — same subject created once per semester"
Subject,src/lib/content/master-syllabus-data.ts,id=3216,semester,"Multi-semester source row ""VII/VIII"" expanded into Semester 8 (and 1 other term(s)) — same subject created once per semester"
Subject,src/lib/content/master-syllabus-data.ts,id=3217,semester,"Multi-semester source row ""VII/VIII"" expanded into Semester 7 (and 1 other term(s)) — same subject created once per semester"
Subject,src/lib/content/master-syllabus-data.ts,id=3217,semester,"Multi-semester source row ""VII/VIII"" expanded into Semester 8 (and 1 other term(s)) — same subject created once per semester"
Subject,src/lib/content/master-syllabus-data.ts,id=3218,semester,"Multi-semester source row ""VII/VIII"" expanded into Semester 7 (and 1 other term(s)) — same subject created once per semester"
Subject,src/lib/content/master-syllabus-data.ts,id=3218,semester,"Multi-semester source row ""VII/VIII"" expanded into Semester 8 (and 1 other term(s)) — same subject created once per semester"
Subject,src/lib/content/master-syllabus-data.ts,id=3238,semester,"Multi-semester source row ""VI/VII"" expanded into Semester 6 (and 1 other term(s)) — same subject created once per semester"
Subject,src/lib/content/master-syllabus-data.ts,id=3238,semester,"Multi-semester source row ""VI/VII"" expanded into Semester 7 (and 1 other term(s)) — same subject created once per semester"
Subject,src/lib/content/master-syllabus-data.ts,id=3267,semester,"Multi-semester source row ""VI/VII"" expanded into Semester 6 (and 1 other term(s)) — same subject created once per semester"
Subject,src/lib/content/master-syllabus-data.ts,id=3267,semester,"Multi-semester source row ""VI/VII"" expanded into Semester 7 (and 1 other term(s)) — same subject created once per semester"
Subject,src/lib/content/master-syllabus-data.ts,id=3721,semester,"Multi-semester source row ""I/III/V/VII"" expanded into Semester 1 (and 3 other term(s)) — same subject created once per semester"
Subject,src/lib/content/master-syllabus-data.ts,id=3721,semester,"Multi-semester source row ""I/III/V/VII"" expanded into Semester 3 (and 3 other term(s)) — same subject created once per semester"
Subject,src/lib/content/master-syllabus-data.ts,id=3721,semester,"Multi-semester source row ""I/III/V/VII"" expanded into Semester 5 (and 3 other term(s)) — same subject created once per semester"
Subject,src/lib/content/master-syllabus-data.ts,id=3721,semester,"Multi-semester source row ""I/III/V/VII"" expanded into Semester 7 (and 3 other term(s)) — same subject created once per semester"
Subject,src/lib/content/master-syllabus-data.ts,id=3722,semester,"Multi-semester source row ""I/III/V/VII"" expanded into Semester 1 (and 3 other term(s)) — same subject created once per semester"
Subject,src/lib/content/master-syllabus-data.ts,id=3722,semester,"Multi-semester source row ""I/III/V/VII"" expanded into Semester 3 (and 3 other term(s)) — same subject created once per semester"
Subject,src/lib/content/master-syllabus-data.ts,id=3722,semester,"Multi-semester source row ""I/III/V/VII"" expanded into Semester 5 (and 3 other term(s)) — same subject created once per semester"
Subject,src/lib/content/master-syllabus-data.ts,id=3722,semester,"Multi-semester source row ""I/III/V/VII"" expanded into Semester 7 (and 3 other term(s)) — same subject created once per semester"
Subject,src/lib/content/master-syllabus-data.ts,id=3723,semester,"Multi-semester source row ""I/III/V/VII"" expanded into Semester 1 (and 3 other term(s)) — same subject created once per semester"
Subject,src/lib/content/master-syllabus-data.ts,id=3723,semester,"Multi-semester source row ""I/III/V/VII"" expanded into Semester 3 (and 3 other term(s)) — same subject created once per semester"
Subject,src/lib/content/master-syllabus-data.ts,id=3723,semester,"Multi-semester source row ""I/III/V/VII"" expanded into Semester 5 (and 3 other term(s)) — same subject created once per semester"
Subject,src/lib/content/master-syllabus-data.ts,id=3723,semester,"Multi-semester source row ""I/III/V/VII"" expanded into Semester 7 (and 3 other term(s)) — same subject created once per semester"
Subject,src/lib/content/master-syllabus-data.ts,id=3724,semester,"Multi-semester source row ""I/III/V/VII"" expanded into Semester 1 (and 3 other term(s)) — same subject created once per semester"
Subject,src/lib/content/master-syllabus-data.ts,id=3724,semester,"Multi-semester source row ""I/III/V/VII"" expanded into Semester 3 (and 3 other term(s)) — same subject created once per semester"
Subject,src/lib/content/master-syllabus-data.ts,id=3724,semester,"Multi-semester source row ""I/III/V/VII"" expanded into Semester 5 (and 3 other term(s)) — same subject created once per semester"
Subject,src/lib/content/master-syllabus-data.ts,id=3724,semester,"Multi-semester source row ""I/III/V/VII"" expanded into Semester 7 (and 3 other term(s)) — same subject created once per semester"
Subject,src/lib/content/master-syllabus-data.ts,id=3725,semester,"Multi-semester source row ""I/III/V/VII"" expanded into Semester 1 (and 3 other term(s)) — same subject created once per semester"
Subject,src/lib/content/master-syllabus-data.ts,id=3725,semester,"Multi-semester source row ""I/III/V/VII"" expanded into Semester 3 (and 3 other term(s)) — same subject created once per semester"
Subject,src/lib/content/master-syllabus-data.ts,id=3725,semester,"Multi-semester source row ""I/III/V/VII"" expanded into Semester 5 (and 3 other term(s)) — same subject created once per semester"
Subject,src/lib/content/master-syllabus-data.ts,id=3725,semester,"Multi-semester source row ""I/III/V/VII"" expanded into Semester 7 (and 3 other term(s)) — same subject created once per semester"
Subject,src/lib/content/master-syllabus-data.ts,id=3726,semester,"Multi-semester source row ""I/III/V/VII"" expanded into Semester 1 (and 3 other term(s)) — same subject created once per semester"
Subject,src/lib/content/master-syllabus-data.ts,id=3726,semester,"Multi-semester source row ""I/III/V/VII"" expanded into Semester 3 (and 3 other term(s)) — same subject created once per semester"
Subject,src/lib/content/master-syllabus-data.ts,id=3726,semester,"Multi-semester source row ""I/III/V/VII"" expanded into Semester 5 (and 3 other term(s)) — same subject created once per semester"
Subject,src/lib/content/master-syllabus-data.ts,id=3726,semester,"Multi-semester source row ""I/III/V/VII"" expanded into Semester 7 (and 3 other term(s)) — same subject created once per semester"
Subject,src/lib/content/master-syllabus-data.ts,id=3727,semester,"Multi-semester source row ""I/III/V/VII"" expanded into Semester 1 (and 3 other term(s)) — same subject created once per semester"
Subject,src/lib/content/master-syllabus-data.ts,id=3727,semester,"Multi-semester source row ""I/III/V/VII"" expanded into Semester 3 (and 3 other term(s)) — same subject created once per semester"
Subject,src/lib/content/master-syllabus-data.ts,id=3727,semester,"Multi-semester source row ""I/III/V/VII"" expanded into Semester 5 (and 3 other term(s)) — same subject created once per semester"
Subject,src/lib/content/master-syllabus-data.ts,id=3727,semester,"Multi-semester source row ""I/III/V/VII"" expanded into Semester 7 (and 3 other term(s)) — same subject created once per semester"
Subject,src/lib/content/master-syllabus-data.ts,id=3728,semester,"Multi-semester source row ""I/III/V/VII"" expanded into Semester 1 (and 3 other term(s)) — same subject created once per semester"
Subject,src/lib/content/master-syllabus-data.ts,id=3728,semester,"Multi-semester source row ""I/III/V/VII"" expanded into Semester 3 (and 3 other term(s)) — same subject created once per semester"
Subject,src/lib/content/master-syllabus-data.ts,id=3728,semester,"Multi-semester source row ""I/III/V/VII"" expanded into Semester 5 (and 3 other term(s)) — same subject created once per semester"
Subject,src/lib/content/master-syllabus-data.ts,id=3728,semester,"Multi-semester source row ""I/III/V/VII"" expanded into Semester 7 (and 3 other term(s)) — same subject created once per semester"
Subject,src/lib/content/master-syllabus-data.ts,id=3729,semester,"Multi-semester source row ""I/III/V/VII"" expanded into Semester 1 (and 3 other term(s)) — same subject created once per semester"
Subject,src/lib/content/master-syllabus-data.ts,id=3729,semester,"Multi-semester source row ""I/III/V/VII"" expanded into Semester 3 (and 3 other term(s)) — same subject created once per semester"
Subject,src/lib/content/master-syllabus-data.ts,id=3729,semester,"Multi-semester source row ""I/III/V/VII"" expanded into Semester 5 (and 3 other term(s)) — same subject created once per semester"
Subject,src/lib/content/master-syllabus-data.ts,id=3729,semester,"Multi-semester source row ""I/III/V/VII"" expanded into Semester 7 (and 3 other term(s)) — same subject created once per semester"
Subject,src/lib/content/master-syllabus-data.ts,id=3730,semester,"Multi-semester source row ""I/III/V/VII"" expanded into Semester 1 (and 3 other term(s)) — same subject created once per semester"
Subject,src/lib/content/master-syllabus-data.ts,id=3730,semester,"Multi-semester source row ""I/III/V/VII"" expanded into Semester 3 (and 3 other term(s)) — same subject created once per semester"
Subject,src/lib/content/master-syllabus-data.ts,id=3730,semester,"Multi-semester source row ""I/III/V/VII"" expanded into Semester 5 (and 3 other term(s)) — same subject created once per semester"
Subject,src/lib/content/master-syllabus-data.ts,id=3730,semester,"Multi-semester source row ""I/III/V/VII"" expanded into Semester 7 (and 3 other term(s)) — same subject created once per semester"
Subject,src/lib/content/master-syllabus-data.ts,id=3731,semester,"Multi-semester source row ""I/III/V/VII"" expanded into Semester 1 (and 3 other term(s)) — same subject created once per semester"
Subject,src/lib/content/master-syllabus-data.ts,id=3731,semester,"Multi-semester source row ""I/III/V/VII"" expanded into Semester 3 (and 3 other term(s)) — same subject created once per semester"
Subject,src/lib/content/master-syllabus-data.ts,id=3731,semester,"Multi-semester source row ""I/III/V/VII"" expanded into Semester 5 (and 3 other term(s)) — same subject created once per semester"
Subject,src/lib/content/master-syllabus-data.ts,id=3731,semester,"Multi-semester source row ""I/III/V/VII"" expanded into Semester 7 (and 3 other term(s)) — same subject created once per semester"
Subject,src/lib/content/master-syllabus-data.ts,id=3735,semester,"Multi-semester source row ""II/IV/VI/VIII"" expanded into Semester 2 (and 3 other term(s)) — same subject created once per semester"
Subject,src/lib/content/master-syllabus-data.ts,id=3735,semester,"Multi-semester source row ""II/IV/VI/VIII"" expanded into Semester 4 (and 3 other term(s)) — same subject created once per semester"
Subject,src/lib/content/master-syllabus-data.ts,id=3735,semester,"Multi-semester source row ""II/IV/VI/VIII"" expanded into Semester 6 (and 3 other term(s)) — same subject created once per semester"
Subject,src/lib/content/master-syllabus-data.ts,id=3735,semester,"Multi-semester source row ""II/IV/VI/VIII"" expanded into Semester 8 (and 3 other term(s)) — same subject created once per semester"
Subject,src/lib/content/master-syllabus-data.ts,id=3736,semester,"Multi-semester source row ""II/IV/VI/VIII"" expanded into Semester 2 (and 3 other term(s)) — same subject created once per semester"
Subject,src/lib/content/master-syllabus-data.ts,id=3736,semester,"Multi-semester source row ""II/IV/VI/VIII"" expanded into Semester 4 (and 3 other term(s)) — same subject created once per semester"
Subject,src/lib/content/master-syllabus-data.ts,id=3736,semester,"Multi-semester source row ""II/IV/VI/VIII"" expanded into Semester 6 (and 3 other term(s)) — same subject created once per semester"
Subject,src/lib/content/master-syllabus-data.ts,id=3736,semester,"Multi-semester source row ""II/IV/VI/VIII"" expanded into Semester 8 (and 3 other term(s)) — same subject created once per semester"
Subject,src/lib/content/master-syllabus-data.ts,id=3737,semester,"Multi-semester source row ""II/IV/VI/VIII"" expanded into Semester 2 (and 3 other term(s)) — same subject created once per semester"
Subject,src/lib/content/master-syllabus-data.ts,id=3737,semester,"Multi-semester source row ""II/IV/VI/VIII"" expanded into Semester 4 (and 3 other term(s)) — same subject created once per semester"
Subject,src/lib/content/master-syllabus-data.ts,id=3737,semester,"Multi-semester source row ""II/IV/VI/VIII"" expanded into Semester 6 (and 3 other term(s)) — same subject created once per semester"
Subject,src/lib/content/master-syllabus-data.ts,id=3737,semester,"Multi-semester source row ""II/IV/VI/VIII"" expanded into Semester 8 (and 3 other term(s)) — same subject created once per semester"
Subject,src/lib/content/master-syllabus-data.ts,id=3738,semester,"Multi-semester source row ""II/IV/VI/VIII"" expanded into Semester 2 (and 3 other term(s)) — same subject created once per semester"
Subject,src/lib/content/master-syllabus-data.ts,id=3738,semester,"Multi-semester source row ""II/IV/VI/VIII"" expanded into Semester 4 (and 3 other term(s)) — same subject created once per semester"
Subject,src/lib/content/master-syllabus-data.ts,id=3738,semester,"Multi-semester source row ""II/IV/VI/VIII"" expanded into Semester 6 (and 3 other term(s)) — same subject created once per semester"
Subject,src/lib/content/master-syllabus-data.ts,id=3738,semester,"Multi-semester source row ""II/IV/VI/VIII"" expanded into Semester 8 (and 3 other term(s)) — same subject created once per semester"
Subject,src/lib/content/master-syllabus-data.ts,id=3739,semester,"Multi-semester source row ""II/IV/VI/VIII"" expanded into Semester 2 (and 3 other term(s)) — same subject created once per semester"
Subject,src/lib/content/master-syllabus-data.ts,id=3739,semester,"Multi-semester source row ""II/IV/VI/VIII"" expanded into Semester 4 (and 3 other term(s)) — same subject created once per semester"
Subject,src/lib/content/master-syllabus-data.ts,id=3739,semester,"Multi-semester source row ""II/IV/VI/VIII"" expanded into Semester 6 (and 3 other term(s)) — same subject created once per semester"
Subject,src/lib/content/master-syllabus-data.ts,id=3739,semester,"Multi-semester source row ""II/IV/VI/VIII"" expanded into Semester 8 (and 3 other term(s)) — same subject created once per semester"
Subject,src/lib/content/master-syllabus-data.ts,id=3740,semester,"Multi-semester source row ""II/IV/VI/VIII"" expanded into Semester 2 (and 3 other term(s)) — same subject created once per semester"
Subject,src/lib/content/master-syllabus-data.ts,id=3740,semester,"Multi-semester source row ""II/IV/VI/VIII"" expanded into Semester 4 (and 3 other term(s)) — same subject created once per semester"
Subject,src/lib/content/master-syllabus-data.ts,id=3740,semester,"Multi-semester source row ""II/IV/VI/VIII"" expanded into Semester 6 (and 3 other term(s)) — same subject created once per semester"
Subject,src/lib/content/master-syllabus-data.ts,id=3740,semester,"Multi-semester source row ""II/IV/VI/VIII"" expanded into Semester 8 (and 3 other term(s)) — same subject created once per semester"
Subject,src/lib/content/master-syllabus-data.ts,id=3741,semester,"Multi-semester source row ""II/IV/VI/VIII"" expanded into Semester 2 (and 3 other term(s)) — same subject created once per semester"
Subject,src/lib/content/master-syllabus-data.ts,id=3741,semester,"Multi-semester source row ""II/IV/VI/VIII"" expanded into Semester 4 (and 3 other term(s)) — same subject created once per semester"
Subject,src/lib/content/master-syllabus-data.ts,id=3741,semester,"Multi-semester source row ""II/IV/VI/VIII"" expanded into Semester 6 (and 3 other term(s)) — same subject created once per semester"
Subject,src/lib/content/master-syllabus-data.ts,id=3741,semester,"Multi-semester source row ""II/IV/VI/VIII"" expanded into Semester 8 (and 3 other term(s)) — same subject created once per semester"
Subject,src/lib/content/master-syllabus-data.ts,id=3742,semester,"Multi-semester source row ""II/IV/VI/VIII"" expanded into Semester 2 (and 3 other term(s)) — same subject created once per semester"
Subject,src/lib/content/master-syllabus-data.ts,id=3742,semester,"Multi-semester source row ""II/IV/VI/VIII"" expanded into Semester 4 (and 3 other term(s)) — same subject created once per semester"
Subject,src/lib/content/master-syllabus-data.ts,id=3742,semester,"Multi-semester source row ""II/IV/VI/VIII"" expanded into Semester 6 (and 3 other term(s)) — same subject created once per semester"
Subject,src/lib/content/master-syllabus-data.ts,id=3742,semester,"Multi-semester source row ""II/IV/VI/VIII"" expanded into Semester 8 (and 3 other term(s)) — same subject created once per semester"
Subject,src/lib/content/master-syllabus-data.ts,id=3743,semester,"Multi-semester source row ""II/IV/VI/VIII"" expanded into Semester 2 (and 3 other term(s)) — same subject created once per semester"
Subject,src/lib/content/master-syllabus-data.ts,id=3743,semester,"Multi-semester source row ""II/IV/VI/VIII"" expanded into Semester 4 (and 3 other term(s)) — same subject created once per semester"
Subject,src/lib/content/master-syllabus-data.ts,id=3743,semester,"Multi-semester source row ""II/IV/VI/VIII"" expanded into Semester 6 (and 3 other term(s)) — same subject created once per semester"
Subject,src/lib/content/master-syllabus-data.ts,id=3743,semester,"Multi-semester source row ""II/IV/VI/VIII"" expanded into Semester 8 (and 3 other term(s)) — same subject created once per semester"
Subject,src/lib/content/master-syllabus-data.ts,id=3744,semester,"Multi-semester source row ""II/IV/VI/VIII"" expanded into Semester 2 (and 3 other term(s)) — same subject created once per semester"
Subject,src/lib/content/master-syllabus-data.ts,id=3744,semester,"Multi-semester source row ""II/IV/VI/VIII"" expanded into Semester 4 (and 3 other term(s)) — same subject created once per semester"
Subject,src/lib/content/master-syllabus-data.ts,id=3744,semester,"Multi-semester source row ""II/IV/VI/VIII"" expanded into Semester 6 (and 3 other term(s)) — same subject created once per semester"
Subject,src/lib/content/master-syllabus-data.ts,id=3744,semester,"Multi-semester source row ""II/IV/VI/VIII"" expanded into Semester 8 (and 3 other term(s)) — same subject created once per semester"
Subject,src/lib/content/master-syllabus-data.ts,id=3769,semester,"Multi-semester source row ""VI / VII"" expanded into Semester 6 (and 1 other term(s)) — same subject created once per semester"
Subject,src/lib/content/master-syllabus-data.ts,id=3769,semester,"Multi-semester source row ""VI / VII"" expanded into Semester 7 (and 1 other term(s)) — same subject created once per semester"
Subject,src/lib/content/master-syllabus-data.ts,id=3793,semester,"Multi-semester source row ""I/III/V"" expanded into Semester 1 (and 2 other term(s)) — same subject created once per semester"
Subject,src/lib/content/master-syllabus-data.ts,id=3793,semester,"Multi-semester source row ""I/III/V"" expanded into Semester 3 (and 2 other term(s)) — same subject created once per semester"
Subject,src/lib/content/master-syllabus-data.ts,id=3793,semester,"Multi-semester source row ""I/III/V"" expanded into Semester 5 (and 2 other term(s)) — same subject created once per semester"
Subject,src/lib/content/master-syllabus-data.ts,id=3794,semester,"Multi-semester source row ""I/III/V"" expanded into Semester 1 (and 2 other term(s)) — same subject created once per semester"
Subject,src/lib/content/master-syllabus-data.ts,id=3794,semester,"Multi-semester source row ""I/III/V"" expanded into Semester 3 (and 2 other term(s)) — same subject created once per semester"
Subject,src/lib/content/master-syllabus-data.ts,id=3794,semester,"Multi-semester source row ""I/III/V"" expanded into Semester 5 (and 2 other term(s)) — same subject created once per semester"
Subject,src/lib/content/master-syllabus-data.ts,id=3795,semester,"Multi-semester source row ""I/III/V"" expanded into Semester 1 (and 2 other term(s)) — same subject created once per semester"
Subject,src/lib/content/master-syllabus-data.ts,id=3795,semester,"Multi-semester source row ""I/III/V"" expanded into Semester 3 (and 2 other term(s)) — same subject created once per semester"
Subject,src/lib/content/master-syllabus-data.ts,id=3795,semester,"Multi-semester source row ""I/III/V"" expanded into Semester 5 (and 2 other term(s)) — same subject created once per semester"
Subject,src/lib/content/master-syllabus-data.ts,id=3796,semester,"Multi-semester source row ""I/III/V"" expanded into Semester 1 (and 2 other term(s)) — same subject created once per semester"
Subject,src/lib/content/master-syllabus-data.ts,id=3796,semester,"Multi-semester source row ""I/III/V"" expanded into Semester 3 (and 2 other term(s)) — same subject created once per semester"
Subject,src/lib/content/master-syllabus-data.ts,id=3796,semester,"Multi-semester source row ""I/III/V"" expanded into Semester 5 (and 2 other term(s)) — same subject created once per semester"
Subject,src/lib/content/master-syllabus-data.ts,id=3797,semester,"Multi-semester source row ""I/III/V"" expanded into Semester 1 (and 2 other term(s)) — same subject created once per semester"
Subject,src/lib/content/master-syllabus-data.ts,id=3797,semester,"Multi-semester source row ""I/III/V"" expanded into Semester 3 (and 2 other term(s)) — same subject created once per semester"
Subject,src/lib/content/master-syllabus-data.ts,id=3797,semester,"Multi-semester source row ""I/III/V"" expanded into Semester 5 (and 2 other term(s)) — same subject created once per semester"
Subject,src/lib/content/master-syllabus-data.ts,id=3801,semester,"Multi-semester source row ""II/IV"" expanded into Semester 2 (and 1 other term(s)) — same subject created once per semester"
Subject,src/lib/content/master-syllabus-data.ts,id=3801,semester,"Multi-semester source row ""II/IV"" expanded into Semester 4 (and 1 other term(s)) — same subject created once per semester"
Subject,src/lib/content/master-syllabus-data.ts,id=3806,semester,"Multi-semester source row ""III/V"" expanded into Semester 3 (and 1 other term(s)) — same subject created once per semester"
Subject,src/lib/content/master-syllabus-data.ts,id=3806,semester,"Multi-semester source row ""III/V"" expanded into Semester 5 (and 1 other term(s)) — same subject created once per semester"
Subject,src/lib/content/master-syllabus-data.ts,id=3808,semester,"Multi-semester source row ""III/V"" expanded into Semester 3 (and 1 other term(s)) — same subject created once per semester"
Subject,src/lib/content/master-syllabus-data.ts,id=3808,semester,"Multi-semester source row ""III/V"" expanded into Semester 5 (and 1 other term(s)) — same subject created once per semester"
Subject,src/lib/content/master-syllabus-data.ts,id=3813,semester,"Multi-semester source row ""IV/VI"" expanded into Semester 4 (and 1 other term(s)) — same subject created once per semester"
Subject,src/lib/content/master-syllabus-data.ts,id=3813,semester,"Multi-semester source row ""IV/VI"" expanded into Semester 6 (and 1 other term(s)) — same subject created once per semester"
Subject,src/lib/content/master-syllabus-data.ts,id=3817,semester,"Multi-semester source row ""V/VII"" expanded into Semester 5 (and 1 other term(s)) — same subject created once per semester"
Subject,src/lib/content/master-syllabus-data.ts,id=3817,semester,"Multi-semester source row ""V/VII"" expanded into Semester 7 (and 1 other term(s)) — same subject created once per semester"
Subject,src/lib/content/master-syllabus-data.ts,id=3818,semester,"Multi-semester source row ""V/VI/VII/VIII"" expanded into Semester 5 (and 3 other term(s)) — same subject created once per semester"
Subject,src/lib/content/master-syllabus-data.ts,id=3818,semester,"Multi-semester source row ""V/VI/VII/VIII"" expanded into Semester 6 (and 3 other term(s)) — same subject created once per semester"
Subject,src/lib/content/master-syllabus-data.ts,id=3818,semester,"Multi-semester source row ""V/VI/VII/VIII"" expanded into Semester 7 (and 3 other term(s)) — same subject created once per semester"
Subject,src/lib/content/master-syllabus-data.ts,id=3818,semester,"Multi-semester source row ""V/VI/VII/VIII"" expanded into Semester 8 (and 3 other term(s)) — same subject created once per semester"
Subject,src/lib/content/master-syllabus-data.ts,id=3819,semester,"Multi-semester source row ""V/VII"" expanded into Semester 5 (and 1 other term(s)) — same subject created once per semester"
Subject,src/lib/content/master-syllabus-data.ts,id=3819,semester,"Multi-semester source row ""V/VII"" expanded into Semester 7 (and 1 other term(s)) — same subject created once per semester"
Subject,src/lib/content/master-syllabus-data.ts,id=3820,semester,"Multi-semester source row ""V/VII"" expanded into Semester 5 (and 1 other term(s)) — same subject created once per semester"
Subject,src/lib/content/master-syllabus-data.ts,id=3820,semester,"Multi-semester source row ""V/VII"" expanded into Semester 7 (and 1 other term(s)) — same subject created once per semester"
Subject,src/lib/content/master-syllabus-data.ts,id=3821,semester,"Multi-semester source row ""V/VII"" expanded into Semester 5 (and 1 other term(s)) — same subject created once per semester"
Subject,src/lib/content/master-syllabus-data.ts,id=3821,semester,"Multi-semester source row ""V/VII"" expanded into Semester 7 (and 1 other term(s)) — same subject created once per semester"
Subject,src/lib/content/master-syllabus-data.ts,id=3822,semester,"Multi-semester source row ""V/VI/VII/VIII"" expanded into Semester 5 (and 3 other term(s)) — same subject created once per semester"
Subject,src/lib/content/master-syllabus-data.ts,id=3822,semester,"Multi-semester source row ""V/VI/VII/VIII"" expanded into Semester 6 (and 3 other term(s)) — same subject created once per semester"
Subject,src/lib/content/master-syllabus-data.ts,id=3822,semester,"Multi-semester source row ""V/VI/VII/VIII"" expanded into Semester 7 (and 3 other term(s)) — same subject created once per semester"
Subject,src/lib/content/master-syllabus-data.ts,id=3822,semester,"Multi-semester source row ""V/VI/VII/VIII"" expanded into Semester 8 (and 3 other term(s)) — same subject created once per semester"
Subject,src/lib/content/master-syllabus-data.ts,id=3823,semester,"Multi-semester source row ""V/VII"" expanded into Semester 5 (and 1 other term(s)) — same subject created once per semester"
Subject,src/lib/content/master-syllabus-data.ts,id=3823,semester,"Multi-semester source row ""V/VII"" expanded into Semester 7 (and 1 other term(s)) — same subject created once per semester"
Subject,src/lib/content/master-syllabus-data.ts,id=3824,semester,"Multi-semester source row ""V/VII"" expanded into Semester 5 (and 1 other term(s)) — same subject created once per semester"
Subject,src/lib/content/master-syllabus-data.ts,id=3824,semester,"Multi-semester source row ""V/VII"" expanded into Semester 7 (and 1 other term(s)) — same subject created once per semester"
Subject,src/lib/content/master-syllabus-data.ts,id=3829,semester,"Multi-semester source row ""VI/VIII"" expanded into Semester 6 (and 1 other term(s)) — same subject created once per semester"
Subject,src/lib/content/master-syllabus-data.ts,id=3829,semester,"Multi-semester source row ""VI/VIII"" expanded into Semester 8 (and 1 other term(s)) — same subject created once per semester"
Subject,src/lib/content/master-syllabus-data.ts,id=3830,semester,"Multi-semester source row ""VI/VIII"" expanded into Semester 6 (and 1 other term(s)) — same subject created once per semester"
Subject,src/lib/content/master-syllabus-data.ts,id=3830,semester,"Multi-semester source row ""VI/VIII"" expanded into Semester 8 (and 1 other term(s)) — same subject created once per semester"
Subject,src/lib/content/master-syllabus-data.ts,id=3831,semester,"Multi-semester source row ""VI/VIII"" expanded into Semester 6 (and 1 other term(s)) — same subject created once per semester"
Subject,src/lib/content/master-syllabus-data.ts,id=3831,semester,"Multi-semester source row ""VI/VIII"" expanded into Semester 8 (and 1 other term(s)) — same subject created once per semester"
Subject,src/lib/content/master-syllabus-data.ts,id=3867,semester,"Multi-semester source row ""V/VII"" expanded into Semester 5 (and 1 other term(s)) — same subject created once per semester"
Subject,src/lib/content/master-syllabus-data.ts,id=3867,semester,"Multi-semester source row ""V/VII"" expanded into Semester 7 (and 1 other term(s)) — same subject created once per semester"
Subject,src/lib/content/master-syllabus-data.ts,id=3990,semester,"Multi-semester source row ""IV/VI"" expanded into Semester 4 (and 1 other term(s)) — same subject created once per semester"
Subject,src/lib/content/master-syllabus-data.ts,id=3990,semester,"Multi-semester source row ""IV/VI"" expanded into Semester 6 (and 1 other term(s)) — same subject created once per semester"
Subject,src/lib/content/master-syllabus-data.ts,id=3991,semester,"Multi-semester source row ""IV/VIII"" expanded into Semester 4 (and 1 other term(s)) — same subject created once per semester"
Subject,src/lib/content/master-syllabus-data.ts,id=3991,semester,"Multi-semester source row ""IV/VIII"" expanded into Semester 8 (and 1 other term(s)) — same subject created once per semester"
Subject,src/lib/content/master-syllabus-data.ts,id=3992,semester,"Multi-semester source row ""IV/VIII"" expanded into Semester 4 (and 1 other term(s)) — same subject created once per semester"
Subject,src/lib/content/master-syllabus-data.ts,id=3992,semester,"Multi-semester source row ""IV/VIII"" expanded into Semester 8 (and 1 other term(s)) — same subject created once per semester"
Subject,src/lib/content/master-syllabus-data.ts,id=4006,semester,"Multi-semester source row ""VI/VII"" expanded into Semester 6 (and 1 other term(s)) — same subject created once per semester"
Subject,src/lib/content/master-syllabus-data.ts,id=4006,semester,"Multi-semester source row ""VI/VII"" expanded into Semester 7 (and 1 other term(s)) — same subject created once per semester"
Subject,src/lib/content/master-syllabus-data.ts,id=4221,semester,"Multi-semester source row ""I/II"" expanded into Semester 1 (and 1 other term(s)) — same subject created once per semester"
Subject,src/lib/content/master-syllabus-data.ts,id=4221,semester,"Multi-semester source row ""I/II"" expanded into Semester 2 (and 1 other term(s)) — same subject created once per semester"
Subject,src/lib/content/master-syllabus-data.ts,id=4222,semester,"Multi-semester source row ""I/II"" expanded into Semester 1 (and 1 other term(s)) — same subject created once per semester"
Subject,src/lib/content/master-syllabus-data.ts,id=4222,semester,"Multi-semester source row ""I/II"" expanded into Semester 2 (and 1 other term(s)) — same subject created once per semester"
Subject,src/lib/content/master-syllabus-data.ts,id=4223,semester,"Multi-semester source row ""I/II"" expanded into Semester 1 (and 1 other term(s)) — same subject created once per semester"
Subject,src/lib/content/master-syllabus-data.ts,id=4223,semester,"Multi-semester source row ""I/II"" expanded into Semester 2 (and 1 other term(s)) — same subject created once per semester"
Subject,src/lib/content/master-syllabus-data.ts,id=4224,semester,"Multi-semester source row ""I/II"" expanded into Semester 1 (and 1 other term(s)) — same subject created once per semester"
Subject,src/lib/content/master-syllabus-data.ts,id=4224,semester,"Multi-semester source row ""I/II"" expanded into Semester 2 (and 1 other term(s)) — same subject created once per semester"
Subject,src/lib/content/master-syllabus-data.ts,id=4225,semester,"Multi-semester source row ""I/II"" expanded into Semester 1 (and 1 other term(s)) — same subject created once per semester"
Subject,src/lib/content/master-syllabus-data.ts,id=4225,semester,"Multi-semester source row ""I/II"" expanded into Semester 2 (and 1 other term(s)) — same subject created once per semester"
Subject,src/lib/content/master-syllabus-data.ts,id=4226,semester,"Multi-semester source row ""I/II"" expanded into Semester 1 (and 1 other term(s)) — same subject created once per semester"
Subject,src/lib/content/master-syllabus-data.ts,id=4226,semester,"Multi-semester source row ""I/II"" expanded into Semester 2 (and 1 other term(s)) — same subject created once per semester"
Subject,src/lib/content/master-syllabus-data.ts,id=4227,semester,"Multi-semester source row ""I/II"" expanded into Semester 1 (and 1 other term(s)) — same subject created once per semester"
Subject,src/lib/content/master-syllabus-data.ts,id=4227,semester,"Multi-semester source row ""I/II"" expanded into Semester 2 (and 1 other term(s)) — same subject created once per semester"
Subject,src/lib/content/master-syllabus-data.ts,id=4228,semester,"Multi-semester source row ""I/II"" expanded into Semester 1 (and 1 other term(s)) — same subject created once per semester"
Subject,src/lib/content/master-syllabus-data.ts,id=4228,semester,"Multi-semester source row ""I/II"" expanded into Semester 2 (and 1 other term(s)) — same subject created once per semester"
Subject,src/lib/content/master-syllabus-data.ts,id=4229,semester,"Multi-semester source row ""I/II"" expanded into Semester 1 (and 1 other term(s)) — same subject created once per semester"
Subject,src/lib/content/master-syllabus-data.ts,id=4229,semester,"Multi-semester source row ""I/II"" expanded into Semester 2 (and 1 other term(s)) — same subject created once per semester"
Subject,src/lib/content/master-syllabus-data.ts,id=4230,semester,"Multi-semester source row ""I/II"" expanded into Semester 1 (and 1 other term(s)) — same subject created once per semester"
Subject,src/lib/content/master-syllabus-data.ts,id=4230,semester,"Multi-semester source row ""I/II"" expanded into Semester 2 (and 1 other term(s)) — same subject created once per semester"
Subject,src/lib/content/master-syllabus-data.ts,id=4231,semester,"Multi-semester source row ""I/II"" expanded into Semester 1 (and 1 other term(s)) — same subject created once per semester"
Subject,src/lib/content/master-syllabus-data.ts,id=4231,semester,"Multi-semester source row ""I/II"" expanded into Semester 2 (and 1 other term(s)) — same subject created once per semester"
Subject,src/lib/content/master-syllabus-data.ts,id=4232,semester,"Multi-semester source row ""I/II"" expanded into Semester 1 (and 1 other term(s)) — same subject created once per semester"
Subject,src/lib/content/master-syllabus-data.ts,id=4232,semester,"Multi-semester source row ""I/II"" expanded into Semester 2 (and 1 other term(s)) — same subject created once per semester"
Subject,src/lib/content/master-syllabus-data.ts,id=4233,semester,"Multi-semester source row ""I/II"" expanded into Semester 1 (and 1 other term(s)) — same subject created once per semester"
Subject,src/lib/content/master-syllabus-data.ts,id=4233,semester,"Multi-semester source row ""I/II"" expanded into Semester 2 (and 1 other term(s)) — same subject created once per semester"
Subject,src/lib/content/master-syllabus-data.ts,id=4234,semester,"Multi-semester source row ""I/II"" expanded into Semester 1 (and 1 other term(s)) — same subject created once per semester"
Subject,src/lib/content/master-syllabus-data.ts,id=4234,semester,"Multi-semester source row ""I/II"" expanded into Semester 2 (and 1 other term(s)) — same subject created once per semester"
Subject,src/lib/content/master-syllabus-data.ts,id=4235,semester,"Multi-semester source row ""I/II"" expanded into Semester 1 (and 1 other term(s)) — same subject created once per semester"
Subject,src/lib/content/master-syllabus-data.ts,id=4235,semester,"Multi-semester source row ""I/II"" expanded into Semester 2 (and 1 other term(s)) — same subject created once per semester"
Subject,src/lib/content/master-syllabus-data.ts,id=4236,semester,"Multi-semester source row ""I/II"" expanded into Semester 1 (and 1 other term(s)) — same subject created once per semester"
Subject,src/lib/content/master-syllabus-data.ts,id=4236,semester,"Multi-semester source row ""I/II"" expanded into Semester 2 (and 1 other term(s)) — same subject created once per semester"
Subject,src/lib/content/master-syllabus-data.ts,id=4243,semester,"Multi-semester source row ""III/IV"" expanded into Semester 3 (and 1 other term(s)) — same subject created once per semester"
Subject,src/lib/content/master-syllabus-data.ts,id=4243,semester,"Multi-semester source row ""III/IV"" expanded into Semester 4 (and 1 other term(s)) — same subject created once per semester"
Subject,src/lib/content/master-syllabus-data.ts,id=4244,semester,"Multi-semester source row ""III/IV"" expanded into Semester 3 (and 1 other term(s)) — same subject created once per semester"
Subject,src/lib/content/master-syllabus-data.ts,id=4244,semester,"Multi-semester source row ""III/IV"" expanded into Semester 4 (and 1 other term(s)) — same subject created once per semester"
Subject,src/lib/content/master-syllabus-data.ts,id=4245,semester,"Multi-semester source row ""III/IV"" expanded into Semester 3 (and 1 other term(s)) — same subject created once per semester"
Subject,src/lib/content/master-syllabus-data.ts,id=4245,semester,"Multi-semester source row ""III/IV"" expanded into Semester 4 (and 1 other term(s)) — same subject created once per semester"
Subject,src/lib/content/master-syllabus-data.ts,id=4246,semester,"Multi-semester source row ""III/IV"" expanded into Semester 3 (and 1 other term(s)) — same subject created once per semester"
Subject,src/lib/content/master-syllabus-data.ts,id=4246,semester,"Multi-semester source row ""III/IV"" expanded into Semester 4 (and 1 other term(s)) — same subject created once per semester"
Subject,src/lib/content/master-syllabus-data.ts,id=4247,semester,"Multi-semester source row ""III/IV"" expanded into Semester 3 (and 1 other term(s)) — same subject created once per semester"
Subject,src/lib/content/master-syllabus-data.ts,id=4247,semester,"Multi-semester source row ""III/IV"" expanded into Semester 4 (and 1 other term(s)) — same subject created once per semester"
Subject,src/lib/content/master-syllabus-data.ts,id=4248,semester,"Multi-semester source row ""III/IV"" expanded into Semester 3 (and 1 other term(s)) — same subject created once per semester"
Subject,src/lib/content/master-syllabus-data.ts,id=4248,semester,"Multi-semester source row ""III/IV"" expanded into Semester 4 (and 1 other term(s)) — same subject created once per semester"
Subject,src/lib/content/master-syllabus-data.ts,id=4249,semester,"Multi-semester source row ""III/IV"" expanded into Semester 3 (and 1 other term(s)) — same subject created once per semester"
Subject,src/lib/content/master-syllabus-data.ts,id=4249,semester,"Multi-semester source row ""III/IV"" expanded into Semester 4 (and 1 other term(s)) — same subject created once per semester"
Subject,src/lib/content/master-syllabus-data.ts,id=4250,semester,"Multi-semester source row ""III/IV"" expanded into Semester 3 (and 1 other term(s)) — same subject created once per semester"
Subject,src/lib/content/master-syllabus-data.ts,id=4250,semester,"Multi-semester source row ""III/IV"" expanded into Semester 4 (and 1 other term(s)) — same subject created once per semester"
Subject,src/lib/content/master-syllabus-data.ts,id=4251,semester,"Multi-semester source row ""III/IV"" expanded into Semester 3 (and 1 other term(s)) — same subject created once per semester"
Subject,src/lib/content/master-syllabus-data.ts,id=4251,semester,"Multi-semester source row ""III/IV"" expanded into Semester 4 (and 1 other term(s)) — same subject created once per semester"
Subject,src/lib/content/master-syllabus-data.ts,id=4252,semester,"Multi-semester source row ""III/IV"" expanded into Semester 3 (and 1 other term(s)) — same subject created once per semester"
Subject,src/lib/content/master-syllabus-data.ts,id=4252,semester,"Multi-semester source row ""III/IV"" expanded into Semester 4 (and 1 other term(s)) — same subject created once per semester"
Subject,src/lib/content/master-syllabus-data.ts,id=4253,semester,"Multi-semester source row ""III/IV"" expanded into Semester 3 (and 1 other term(s)) — same subject created once per semester"
Subject,src/lib/content/master-syllabus-data.ts,id=4253,semester,"Multi-semester source row ""III/IV"" expanded into Semester 4 (and 1 other term(s)) — same subject created once per semester"
Subject,src/lib/content/master-syllabus-data.ts,id=4254,semester,"Multi-semester source row ""III/IV"" expanded into Semester 3 (and 1 other term(s)) — same subject created once per semester"
Subject,src/lib/content/master-syllabus-data.ts,id=4254,semester,"Multi-semester source row ""III/IV"" expanded into Semester 4 (and 1 other term(s)) — same subject created once per semester"
Subject,src/lib/content/master-syllabus-data.ts,id=4255,semester,"Multi-semester source row ""III/IV"" expanded into Semester 3 (and 1 other term(s)) — same subject created once per semester"
Subject,src/lib/content/master-syllabus-data.ts,id=4255,semester,"Multi-semester source row ""III/IV"" expanded into Semester 4 (and 1 other term(s)) — same subject created once per semester"
Subject,src/lib/content/master-syllabus-data.ts,id=4256,semester,"Multi-semester source row ""III/IV"" expanded into Semester 3 (and 1 other term(s)) — same subject created once per semester"
Subject,src/lib/content/master-syllabus-data.ts,id=4256,semester,"Multi-semester source row ""III/IV"" expanded into Semester 4 (and 1 other term(s)) — same subject created once per semester"
Subject,src/lib/content/master-syllabus-data.ts,id=4257,semester,"Multi-semester source row ""III/IV"" expanded into Semester 3 (and 1 other term(s)) — same subject created once per semester"
Subject,src/lib/content/master-syllabus-data.ts,id=4257,semester,"Multi-semester source row ""III/IV"" expanded into Semester 4 (and 1 other term(s)) — same subject created once per semester"
Subject,src/lib/content/master-syllabus-data.ts,id=4258,semester,"Multi-semester source row ""III/IV"" expanded into Semester 3 (and 1 other term(s)) — same subject created once per semester"
Subject,src/lib/content/master-syllabus-data.ts,id=4258,semester,"Multi-semester source row ""III/IV"" expanded into Semester 4 (and 1 other term(s)) — same subject created once per semester"
Subject,src/lib/content/master-syllabus-data.ts,id=4265,semester,"Multi-semester source row ""V/VII"" expanded into Semester 5 (and 1 other term(s)) — same subject created once per semester"
Subject,src/lib/content/master-syllabus-data.ts,id=4265,semester,"Multi-semester source row ""V/VII"" expanded into Semester 7 (and 1 other term(s)) — same subject created once per semester"
Subject,src/lib/content/master-syllabus-data.ts,id=4266,semester,"Multi-semester source row ""V/VII"" expanded into Semester 5 (and 1 other term(s)) — same subject created once per semester"
Subject,src/lib/content/master-syllabus-data.ts,id=4266,semester,"Multi-semester source row ""V/VII"" expanded into Semester 7 (and 1 other term(s)) — same subject created once per semester"
Subject,src/lib/content/master-syllabus-data.ts,id=4267,semester,"Multi-semester source row ""V/VII"" expanded into Semester 5 (and 1 other term(s)) — same subject created once per semester"
Subject,src/lib/content/master-syllabus-data.ts,id=4267,semester,"Multi-semester source row ""V/VII"" expanded into Semester 7 (and 1 other term(s)) — same subject created once per semester"
Subject,src/lib/content/master-syllabus-data.ts,id=4268,semester,"Multi-semester source row ""V/VII"" expanded into Semester 5 (and 1 other term(s)) — same subject created once per semester"
Subject,src/lib/content/master-syllabus-data.ts,id=4268,semester,"Multi-semester source row ""V/VII"" expanded into Semester 7 (and 1 other term(s)) — same subject created once per semester"
Subject,src/lib/content/master-syllabus-data.ts,id=4269,semester,"Multi-semester source row ""V/VII"" expanded into Semester 5 (and 1 other term(s)) — same subject created once per semester"
Subject,src/lib/content/master-syllabus-data.ts,id=4269,semester,"Multi-semester source row ""V/VII"" expanded into Semester 7 (and 1 other term(s)) — same subject created once per semester"
Subject,src/lib/content/master-syllabus-data.ts,id=4270,semester,"Multi-semester source row ""V/VII"" expanded into Semester 5 (and 1 other term(s)) — same subject created once per semester"
Subject,src/lib/content/master-syllabus-data.ts,id=4270,semester,"Multi-semester source row ""V/VII"" expanded into Semester 7 (and 1 other term(s)) — same subject created once per semester"
Subject,src/lib/content/master-syllabus-data.ts,id=4271,semester,"Multi-semester source row ""V/VII"" expanded into Semester 5 (and 1 other term(s)) — same subject created once per semester"
Subject,src/lib/content/master-syllabus-data.ts,id=4271,semester,"Multi-semester source row ""V/VII"" expanded into Semester 7 (and 1 other term(s)) — same subject created once per semester"
Subject,src/lib/content/master-syllabus-data.ts,id=4272,semester,"Multi-semester source row ""V/VII"" expanded into Semester 5 (and 1 other term(s)) — same subject created once per semester"
Subject,src/lib/content/master-syllabus-data.ts,id=4272,semester,"Multi-semester source row ""V/VII"" expanded into Semester 7 (and 1 other term(s)) — same subject created once per semester"
Subject,src/lib/content/master-syllabus-data.ts,id=4273,semester,"Multi-semester source row ""V/VII"" expanded into Semester 5 (and 1 other term(s)) — same subject created once per semester"
Subject,src/lib/content/master-syllabus-data.ts,id=4273,semester,"Multi-semester source row ""V/VII"" expanded into Semester 7 (and 1 other term(s)) — same subject created once per semester"
Subject,src/lib/content/master-syllabus-data.ts,id=4274,semester,"Multi-semester source row ""V/VII"" expanded into Semester 5 (and 1 other term(s)) — same subject created once per semester"
Subject,src/lib/content/master-syllabus-data.ts,id=4274,semester,"Multi-semester source row ""V/VII"" expanded into Semester 7 (and 1 other term(s)) — same subject created once per semester"
Subject,src/lib/content/master-syllabus-data.ts,id=4275,semester,"Multi-semester source row ""V/VII"" expanded into Semester 5 (and 1 other term(s)) — same subject created once per semester"
Subject,src/lib/content/master-syllabus-data.ts,id=4275,semester,"Multi-semester source row ""V/VII"" expanded into Semester 7 (and 1 other term(s)) — same subject created once per semester"
Subject,src/lib/content/master-syllabus-data.ts,id=4276,semester,"Multi-semester source row ""V/VII"" expanded into Semester 5 (and 1 other term(s)) — same subject created once per semester"
Subject,src/lib/content/master-syllabus-data.ts,id=4276,semester,"Multi-semester source row ""V/VII"" expanded into Semester 7 (and 1 other term(s)) — same subject created once per semester"
Subject,src/lib/content/master-syllabus-data.ts,id=4277,semester,"Multi-semester source row ""V/VII"" expanded into Semester 5 (and 1 other term(s)) — same subject created once per semester"
Subject,src/lib/content/master-syllabus-data.ts,id=4277,semester,"Multi-semester source row ""V/VII"" expanded into Semester 7 (and 1 other term(s)) — same subject created once per semester"
Subject,src/lib/content/master-syllabus-data.ts,id=4278,semester,"Multi-semester source row ""V/VII"" expanded into Semester 5 (and 1 other term(s)) — same subject created once per semester"
Subject,src/lib/content/master-syllabus-data.ts,id=4278,semester,"Multi-semester source row ""V/VII"" expanded into Semester 7 (and 1 other term(s)) — same subject created once per semester"
Subject,src/lib/content/master-syllabus-data.ts,id=4279,semester,"Multi-semester source row ""V/VII"" expanded into Semester 5 (and 1 other term(s)) — same subject created once per semester"
Subject,src/lib/content/master-syllabus-data.ts,id=4279,semester,"Multi-semester source row ""V/VII"" expanded into Semester 7 (and 1 other term(s)) — same subject created once per semester"
Subject,src/lib/content/master-syllabus-data.ts,id=4280,semester,"Multi-semester source row ""V/VII"" expanded into Semester 5 (and 1 other term(s)) — same subject created once per semester"
Subject,src/lib/content/master-syllabus-data.ts,id=4280,semester,"Multi-semester source row ""V/VII"" expanded into Semester 7 (and 1 other term(s)) — same subject created once per semester"
Subject,src/lib/content/master-syllabus-data.ts,id=4286,semester,"Multi-semester source row ""VI/VIII"" expanded into Semester 6 (and 1 other term(s)) — same subject created once per semester"
Subject,src/lib/content/master-syllabus-data.ts,id=4286,semester,"Multi-semester source row ""VI/VIII"" expanded into Semester 8 (and 1 other term(s)) — same subject created once per semester"
Subject,src/lib/content/master-syllabus-data.ts,id=4287,semester,"Multi-semester source row ""VI/VIII"" expanded into Semester 6 (and 1 other term(s)) — same subject created once per semester"
Subject,src/lib/content/master-syllabus-data.ts,id=4287,semester,"Multi-semester source row ""VI/VIII"" expanded into Semester 8 (and 1 other term(s)) — same subject created once per semester"
Subject,src/lib/content/master-syllabus-data.ts,id=4288,semester,"Multi-semester source row ""VI/VIII"" expanded into Semester 6 (and 1 other term(s)) — same subject created once per semester"
Subject,src/lib/content/master-syllabus-data.ts,id=4288,semester,"Multi-semester source row ""VI/VIII"" expanded into Semester 8 (and 1 other term(s)) — same subject created once per semester"
Subject,src/lib/content/master-syllabus-data.ts,id=4289,semester,"Multi-semester source row ""VI/VIII"" expanded into Semester 6 (and 1 other term(s)) — same subject created once per semester"
Subject,src/lib/content/master-syllabus-data.ts,id=4289,semester,"Multi-semester source row ""VI/VIII"" expanded into Semester 8 (and 1 other term(s)) — same subject created once per semester"
Subject,src/lib/content/master-syllabus-data.ts,id=4290,semester,"Multi-semester source row ""VI/VIII"" expanded into Semester 6 (and 1 other term(s)) — same subject created once per semester"
Subject,src/lib/content/master-syllabus-data.ts,id=4290,semester,"Multi-semester source row ""VI/VIII"" expanded into Semester 8 (and 1 other term(s)) — same subject created once per semester"
Subject,src/lib/content/master-syllabus-data.ts,id=4291,semester,"Multi-semester source row ""VI/VIII"" expanded into Semester 6 (and 1 other term(s)) — same subject created once per semester"
Subject,src/lib/content/master-syllabus-data.ts,id=4291,semester,"Multi-semester source row ""VI/VIII"" expanded into Semester 8 (and 1 other term(s)) — same subject created once per semester"
Subject,src/lib/content/master-syllabus-data.ts,id=4292,semester,"Multi-semester source row ""VI/VIII"" expanded into Semester 6 (and 1 other term(s)) — same subject created once per semester"
Subject,src/lib/content/master-syllabus-data.ts,id=4292,semester,"Multi-semester source row ""VI/VIII"" expanded into Semester 8 (and 1 other term(s)) — same subject created once per semester"
Subject,src/lib/content/master-syllabus-data.ts,id=4293,semester,"Multi-semester source row ""VI/VIII"" expanded into Semester 6 (and 1 other term(s)) — same subject created once per semester"
Subject,src/lib/content/master-syllabus-data.ts,id=4293,semester,"Multi-semester source row ""VI/VIII"" expanded into Semester 8 (and 1 other term(s)) — same subject created once per semester"
Subject,src/lib/content/master-syllabus-data.ts,id=4294,semester,"Multi-semester source row ""VI/VIII"" expanded into Semester 6 (and 1 other term(s)) — same subject created once per semester"
Subject,src/lib/content/master-syllabus-data.ts,id=4294,semester,"Multi-semester source row ""VI/VIII"" expanded into Semester 8 (and 1 other term(s)) — same subject created once per semester"
Subject,src/lib/content/master-syllabus-data.ts,id=4295,semester,"Multi-semester source row ""VI/VIII"" expanded into Semester 6 (and 1 other term(s)) — same subject created once per semester"
Subject,src/lib/content/master-syllabus-data.ts,id=4295,semester,"Multi-semester source row ""VI/VIII"" expanded into Semester 8 (and 1 other term(s)) — same subject created once per semester"
Subject,src/lib/content/master-syllabus-data.ts,id=4296,semester,"Multi-semester source row ""VI/VIII"" expanded into Semester 6 (and 1 other term(s)) — same subject created once per semester"
Subject,src/lib/content/master-syllabus-data.ts,id=4296,semester,"Multi-semester source row ""VI/VIII"" expanded into Semester 8 (and 1 other term(s)) — same subject created once per semester"
Subject,src/lib/content/master-syllabus-data.ts,id=4297,semester,"Multi-semester source row ""VI/VIII"" expanded into Semester 6 (and 1 other term(s)) — same subject created once per semester"
Subject,src/lib/content/master-syllabus-data.ts,id=4297,semester,"Multi-semester source row ""VI/VIII"" expanded into Semester 8 (and 1 other term(s)) — same subject created once per semester"
Subject,src/lib/content/master-syllabus-data.ts,id=4298,semester,"Multi-semester source row ""VI/VIII"" expanded into Semester 6 (and 1 other term(s)) — same subject created once per semester"
Subject,src/lib/content/master-syllabus-data.ts,id=4298,semester,"Multi-semester source row ""VI/VIII"" expanded into Semester 8 (and 1 other term(s)) — same subject created once per semester"
Subject,src/lib/content/master-syllabus-data.ts,id=4299,semester,"Multi-semester source row ""VI/VIII"" expanded into Semester 6 (and 1 other term(s)) — same subject created once per semester"
Subject,src/lib/content/master-syllabus-data.ts,id=4299,semester,"Multi-semester source row ""VI/VIII"" expanded into Semester 8 (and 1 other term(s)) — same subject created once per semester"
Subject,src/lib/content/master-syllabus-data.ts,id=4300,semester,"Multi-semester source row ""VI/VIII"" expanded into Semester 6 (and 1 other term(s)) — same subject created once per semester"
Subject,src/lib/content/master-syllabus-data.ts,id=4300,semester,"Multi-semester source row ""VI/VIII"" expanded into Semester 8 (and 1 other term(s)) — same subject created once per semester"
Subject,src/lib/content/master-syllabus-data.ts,id=4301,semester,"Multi-semester source row ""VI/VIII"" expanded into Semester 6 (and 1 other term(s)) — same subject created once per semester"
Subject,src/lib/content/master-syllabus-data.ts,id=4301,semester,"Multi-semester source row ""VI/VIII"" expanded into Semester 8 (and 1 other term(s)) — same subject created once per semester"
Subject,src/lib/content/master-syllabus-data.ts,id=4446,semester,"Multi-semester source row ""III/IV"" expanded into Semester 3 (and 1 other term(s)) — same subject created once per semester"
Subject,src/lib/content/master-syllabus-data.ts,id=4446,semester,"Multi-semester source row ""III/IV"" expanded into Semester 4 (and 1 other term(s)) — same subject created once per semester"
Subject,src/lib/content/master-syllabus-data.ts,id=4479,semester,"Multi-semester source row ""VI/VII/VIII"" expanded into Semester 6 (and 2 other term(s)) — same subject created once per semester"
Subject,src/lib/content/master-syllabus-data.ts,id=4479,semester,"Multi-semester source row ""VI/VII/VIII"" expanded into Semester 7 (and 2 other term(s)) — same subject created once per semester"
Subject,src/lib/content/master-syllabus-data.ts,id=4479,semester,"Multi-semester source row ""VI/VII/VIII"" expanded into Semester 8 (and 2 other term(s)) — same subject created once per semester"
Subject,src/lib/content/master-syllabus-data.ts,id=4480,semester,"Multi-semester source row ""VI/VII"" expanded into Semester 6 (and 1 other term(s)) — same subject created once per semester"
Subject,src/lib/content/master-syllabus-data.ts,id=4480,semester,"Multi-semester source row ""VI/VII"" expanded into Semester 7 (and 1 other term(s)) — same subject created once per semester"
Subject,src/lib/content/master-syllabus-data.ts,id=4481,semester,"Multi-semester source row ""VI/VII/VIII"" expanded into Semester 6 (and 2 other term(s)) — same subject created once per semester"
Subject,src/lib/content/master-syllabus-data.ts,id=4481,semester,"Multi-semester source row ""VI/VII/VIII"" expanded into Semester 7 (and 2 other term(s)) — same subject created once per semester"
Subject,src/lib/content/master-syllabus-data.ts,id=4481,semester,"Multi-semester source row ""VI/VII/VIII"" expanded into Semester 8 (and 2 other term(s)) — same subject created once per semester"
Subject,src/lib/content/master-syllabus-data.ts,id=4482,semester,"Multi-semester source row ""VI/VIII"" expanded into Semester 6 (and 1 other term(s)) — same subject created once per semester"
Subject,src/lib/content/master-syllabus-data.ts,id=4482,semester,"Multi-semester source row ""VI/VIII"" expanded into Semester 8 (and 1 other term(s)) — same subject created once per semester"
Subject,src/lib/content/master-syllabus-data.ts,id=4483,semester,"Multi-semester source row ""VI/VII"" expanded into Semester 6 (and 1 other term(s)) — same subject created once per semester"
Subject,src/lib/content/master-syllabus-data.ts,id=4483,semester,"Multi-semester source row ""VI/VII"" expanded into Semester 7 (and 1 other term(s)) — same subject created once per semester"
Subject,src/lib/content/master-syllabus-data.ts,id=4487,semester,"Multi-semester source row ""VI/VII"" expanded into Semester 6 (and 1 other term(s)) — same subject created once per semester"
Subject,src/lib/content/master-syllabus-data.ts,id=4487,semester,"Multi-semester source row ""VI/VII"" expanded into Semester 7 (and 1 other term(s)) — same subject created once per semester"
Subject,src/lib/content/master-syllabus-data.ts,id=4585,semester,"Multi-semester source row ""I/III/V/VII"" expanded into Semester 1 (and 3 other term(s)) — same subject created once per semester"
Subject,src/lib/content/master-syllabus-data.ts,id=4585,semester,"Multi-semester source row ""I/III/V/VII"" expanded into Semester 3 (and 3 other term(s)) — same subject created once per semester"
Subject,src/lib/content/master-syllabus-data.ts,id=4585,semester,"Multi-semester source row ""I/III/V/VII"" expanded into Semester 5 (and 3 other term(s)) — same subject created once per semester"
Subject,src/lib/content/master-syllabus-data.ts,id=4585,semester,"Multi-semester source row ""I/III/V/VII"" expanded into Semester 7 (and 3 other term(s)) — same subject created once per semester"
Subject,src/lib/content/master-syllabus-data.ts,id=4586,semester,"Multi-semester source row ""I/III/V/VII"" expanded into Semester 1 (and 3 other term(s)) — same subject created once per semester"
Subject,src/lib/content/master-syllabus-data.ts,id=4586,semester,"Multi-semester source row ""I/III/V/VII"" expanded into Semester 3 (and 3 other term(s)) — same subject created once per semester"
Subject,src/lib/content/master-syllabus-data.ts,id=4586,semester,"Multi-semester source row ""I/III/V/VII"" expanded into Semester 5 (and 3 other term(s)) — same subject created once per semester"
Subject,src/lib/content/master-syllabus-data.ts,id=4586,semester,"Multi-semester source row ""I/III/V/VII"" expanded into Semester 7 (and 3 other term(s)) — same subject created once per semester"
Subject,src/lib/content/master-syllabus-data.ts,id=4587,semester,"Multi-semester source row ""I/III/V/VII"" expanded into Semester 1 (and 3 other term(s)) — same subject created once per semester"
Subject,src/lib/content/master-syllabus-data.ts,id=4587,semester,"Multi-semester source row ""I/III/V/VII"" expanded into Semester 3 (and 3 other term(s)) — same subject created once per semester"
Subject,src/lib/content/master-syllabus-data.ts,id=4587,semester,"Multi-semester source row ""I/III/V/VII"" expanded into Semester 5 (and 3 other term(s)) — same subject created once per semester"
Subject,src/lib/content/master-syllabus-data.ts,id=4587,semester,"Multi-semester source row ""I/III/V/VII"" expanded into Semester 7 (and 3 other term(s)) — same subject created once per semester"
Subject,src/lib/content/master-syllabus-data.ts,id=4588,semester,"Multi-semester source row ""I/III/V/VII"" expanded into Semester 1 (and 3 other term(s)) — same subject created once per semester"
Subject,src/lib/content/master-syllabus-data.ts,id=4588,semester,"Multi-semester source row ""I/III/V/VII"" expanded into Semester 3 (and 3 other term(s)) — same subject created once per semester"
Subject,src/lib/content/master-syllabus-data.ts,id=4588,semester,"Multi-semester source row ""I/III/V/VII"" expanded into Semester 5 (and 3 other term(s)) — same subject created once per semester"
Subject,src/lib/content/master-syllabus-data.ts,id=4588,semester,"Multi-semester source row ""I/III/V/VII"" expanded into Semester 7 (and 3 other term(s)) — same subject created once per semester"
Subject,src/lib/content/master-syllabus-data.ts,id=4589,semester,"Multi-semester source row ""I/III/V/VII"" expanded into Semester 1 (and 3 other term(s)) — same subject created once per semester"
Subject,src/lib/content/master-syllabus-data.ts,id=4589,semester,"Multi-semester source row ""I/III/V/VII"" expanded into Semester 3 (and 3 other term(s)) — same subject created once per semester"
Subject,src/lib/content/master-syllabus-data.ts,id=4589,semester,"Multi-semester source row ""I/III/V/VII"" expanded into Semester 5 (and 3 other term(s)) — same subject created once per semester"
Subject,src/lib/content/master-syllabus-data.ts,id=4589,semester,"Multi-semester source row ""I/III/V/VII"" expanded into Semester 7 (and 3 other term(s)) — same subject created once per semester"
Subject,src/lib/content/master-syllabus-data.ts,id=4590,semester,"Multi-semester source row ""I/III/V/VII"" expanded into Semester 1 (and 3 other term(s)) — same subject created once per semester"
Subject,src/lib/content/master-syllabus-data.ts,id=4590,semester,"Multi-semester source row ""I/III/V/VII"" expanded into Semester 3 (and 3 other term(s)) — same subject created once per semester"
Subject,src/lib/content/master-syllabus-data.ts,id=4590,semester,"Multi-semester source row ""I/III/V/VII"" expanded into Semester 5 (and 3 other term(s)) — same subject created once per semester"
Subject,src/lib/content/master-syllabus-data.ts,id=4590,semester,"Multi-semester source row ""I/III/V/VII"" expanded into Semester 7 (and 3 other term(s)) — same subject created once per semester"
Subject,src/lib/content/master-syllabus-data.ts,id=4591,semester,"Multi-semester source row ""I/III/V/VII"" expanded into Semester 1 (and 3 other term(s)) — same subject created once per semester"
Subject,src/lib/content/master-syllabus-data.ts,id=4591,semester,"Multi-semester source row ""I/III/V/VII"" expanded into Semester 3 (and 3 other term(s)) — same subject created once per semester"
Subject,src/lib/content/master-syllabus-data.ts,id=4591,semester,"Multi-semester source row ""I/III/V/VII"" expanded into Semester 5 (and 3 other term(s)) — same subject created once per semester"
Subject,src/lib/content/master-syllabus-data.ts,id=4591,semester,"Multi-semester source row ""I/III/V/VII"" expanded into Semester 7 (and 3 other term(s)) — same subject created once per semester"
Subject,src/lib/content/master-syllabus-data.ts,id=4592,semester,"Multi-semester source row ""I/III/V/VII"" expanded into Semester 1 (and 3 other term(s)) — same subject created once per semester"
Subject,src/lib/content/master-syllabus-data.ts,id=4592,semester,"Multi-semester source row ""I/III/V/VII"" expanded into Semester 3 (and 3 other term(s)) — same subject created once per semester"
Subject,src/lib/content/master-syllabus-data.ts,id=4592,semester,"Multi-semester source row ""I/III/V/VII"" expanded into Semester 5 (and 3 other term(s)) — same subject created once per semester"
Subject,src/lib/content/master-syllabus-data.ts,id=4592,semester,"Multi-semester source row ""I/III/V/VII"" expanded into Semester 7 (and 3 other term(s)) — same subject created once per semester"
Subject,src/lib/content/master-syllabus-data.ts,id=4593,semester,"Multi-semester source row ""I/III/V/VII"" expanded into Semester 1 (and 3 other term(s)) — same subject created once per semester"
Subject,src/lib/content/master-syllabus-data.ts,id=4593,semester,"Multi-semester source row ""I/III/V/VII"" expanded into Semester 3 (and 3 other term(s)) — same subject created once per semester"
Subject,src/lib/content/master-syllabus-data.ts,id=4593,semester,"Multi-semester source row ""I/III/V/VII"" expanded into Semester 5 (and 3 other term(s)) — same subject created once per semester"
Subject,src/lib/content/master-syllabus-data.ts,id=4593,semester,"Multi-semester source row ""I/III/V/VII"" expanded into Semester 7 (and 3 other term(s)) — same subject created once per semester"
Subject,src/lib/content/master-syllabus-data.ts,id=4597,semester,"Multi-semester source row ""II/IV/VI/VIII"" expanded into Semester 2 (and 3 other term(s)) — same subject created once per semester"
Subject,src/lib/content/master-syllabus-data.ts,id=4597,semester,"Multi-semester source row ""II/IV/VI/VIII"" expanded into Semester 4 (and 3 other term(s)) — same subject created once per semester"
Subject,src/lib/content/master-syllabus-data.ts,id=4597,semester,"Multi-semester source row ""II/IV/VI/VIII"" expanded into Semester 6 (and 3 other term(s)) — same subject created once per semester"
Subject,src/lib/content/master-syllabus-data.ts,id=4597,semester,"Multi-semester source row ""II/IV/VI/VIII"" expanded into Semester 8 (and 3 other term(s)) — same subject created once per semester"
Subject,src/lib/content/master-syllabus-data.ts,id=4598,semester,"Multi-semester source row ""II/IV/VI/VIII"" expanded into Semester 2 (and 3 other term(s)) — same subject created once per semester"
Subject,src/lib/content/master-syllabus-data.ts,id=4598,semester,"Multi-semester source row ""II/IV/VI/VIII"" expanded into Semester 4 (and 3 other term(s)) — same subject created once per semester"
Subject,src/lib/content/master-syllabus-data.ts,id=4598,semester,"Multi-semester source row ""II/IV/VI/VIII"" expanded into Semester 6 (and 3 other term(s)) — same subject created once per semester"
Subject,src/lib/content/master-syllabus-data.ts,id=4598,semester,"Multi-semester source row ""II/IV/VI/VIII"" expanded into Semester 8 (and 3 other term(s)) — same subject created once per semester"
Subject,src/lib/content/master-syllabus-data.ts,id=4599,semester,"Multi-semester source row ""II/IV/VI/VIII"" expanded into Semester 2 (and 3 other term(s)) — same subject created once per semester"
Subject,src/lib/content/master-syllabus-data.ts,id=4599,semester,"Multi-semester source row ""II/IV/VI/VIII"" expanded into Semester 4 (and 3 other term(s)) — same subject created once per semester"
Subject,src/lib/content/master-syllabus-data.ts,id=4599,semester,"Multi-semester source row ""II/IV/VI/VIII"" expanded into Semester 6 (and 3 other term(s)) — same subject created once per semester"
Subject,src/lib/content/master-syllabus-data.ts,id=4599,semester,"Multi-semester source row ""II/IV/VI/VIII"" expanded into Semester 8 (and 3 other term(s)) — same subject created once per semester"
Subject,src/lib/content/master-syllabus-data.ts,id=4600,semester,"Multi-semester source row ""II/IV/VI/VIII"" expanded into Semester 2 (and 3 other term(s)) — same subject created once per semester"
Subject,src/lib/content/master-syllabus-data.ts,id=4600,semester,"Multi-semester source row ""II/IV/VI/VIII"" expanded into Semester 4 (and 3 other term(s)) — same subject created once per semester"
Subject,src/lib/content/master-syllabus-data.ts,id=4600,semester,"Multi-semester source row ""II/IV/VI/VIII"" expanded into Semester 6 (and 3 other term(s)) — same subject created once per semester"
Subject,src/lib/content/master-syllabus-data.ts,id=4600,semester,"Multi-semester source row ""II/IV/VI/VIII"" expanded into Semester 8 (and 3 other term(s)) — same subject created once per semester"
Subject,src/lib/content/master-syllabus-data.ts,id=4601,semester,"Multi-semester source row ""II/IV/VI/VIII"" expanded into Semester 2 (and 3 other term(s)) — same subject created once per semester"
Subject,src/lib/content/master-syllabus-data.ts,id=4601,semester,"Multi-semester source row ""II/IV/VI/VIII"" expanded into Semester 4 (and 3 other term(s)) — same subject created once per semester"
Subject,src/lib/content/master-syllabus-data.ts,id=4601,semester,"Multi-semester source row ""II/IV/VI/VIII"" expanded into Semester 6 (and 3 other term(s)) — same subject created once per semester"
Subject,src/lib/content/master-syllabus-data.ts,id=4601,semester,"Multi-semester source row ""II/IV/VI/VIII"" expanded into Semester 8 (and 3 other term(s)) — same subject created once per semester"
Subject,src/lib/content/master-syllabus-data.ts,id=4602,semester,"Multi-semester source row ""II/IV/VI/VIII"" expanded into Semester 2 (and 3 other term(s)) — same subject created once per semester"
Subject,src/lib/content/master-syllabus-data.ts,id=4602,semester,"Multi-semester source row ""II/IV/VI/VIII"" expanded into Semester 4 (and 3 other term(s)) — same subject created once per semester"
Subject,src/lib/content/master-syllabus-data.ts,id=4602,semester,"Multi-semester source row ""II/IV/VI/VIII"" expanded into Semester 6 (and 3 other term(s)) — same subject created once per semester"
Subject,src/lib/content/master-syllabus-data.ts,id=4602,semester,"Multi-semester source row ""II/IV/VI/VIII"" expanded into Semester 8 (and 3 other term(s)) — same subject created once per semester"
Subject,src/lib/content/master-syllabus-data.ts,id=4603,semester,"Multi-semester source row ""II/IV/VI/VIII"" expanded into Semester 2 (and 3 other term(s)) — same subject created once per semester"
Subject,src/lib/content/master-syllabus-data.ts,id=4603,semester,"Multi-semester source row ""II/IV/VI/VIII"" expanded into Semester 4 (and 3 other term(s)) — same subject created once per semester"
Subject,src/lib/content/master-syllabus-data.ts,id=4603,semester,"Multi-semester source row ""II/IV/VI/VIII"" expanded into Semester 6 (and 3 other term(s)) — same subject created once per semester"
Subject,src/lib/content/master-syllabus-data.ts,id=4603,semester,"Multi-semester source row ""II/IV/VI/VIII"" expanded into Semester 8 (and 3 other term(s)) — same subject created once per semester"
Subject,src/lib/content/master-syllabus-data.ts,id=4604,semester,"Multi-semester source row ""II/IV/VI/VIII"" expanded into Semester 2 (and 3 other term(s)) — same subject created once per semester"
Subject,src/lib/content/master-syllabus-data.ts,id=4604,semester,"Multi-semester source row ""II/IV/VI/VIII"" expanded into Semester 4 (and 3 other term(s)) — same subject created once per semester"
Subject,src/lib/content/master-syllabus-data.ts,id=4604,semester,"Multi-semester source row ""II/IV/VI/VIII"" expanded into Semester 6 (and 3 other term(s)) — same subject created once per semester"
Subject,src/lib/content/master-syllabus-data.ts,id=4604,semester,"Multi-semester source row ""II/IV/VI/VIII"" expanded into Semester 8 (and 3 other term(s)) — same subject created once per semester"
Subject,src/lib/content/master-syllabus-data.ts,id=4605,semester,"Multi-semester source row ""II/IV/VI/VIII"" expanded into Semester 2 (and 3 other term(s)) — same subject created once per semester"
Subject,src/lib/content/master-syllabus-data.ts,id=4605,semester,"Multi-semester source row ""II/IV/VI/VIII"" expanded into Semester 4 (and 3 other term(s)) — same subject created once per semester"
Subject,src/lib/content/master-syllabus-data.ts,id=4605,semester,"Multi-semester source row ""II/IV/VI/VIII"" expanded into Semester 6 (and 3 other term(s)) — same subject created once per semester"
Subject,src/lib/content/master-syllabus-data.ts,id=4605,semester,"Multi-semester source row ""II/IV/VI/VIII"" expanded into Semester 8 (and 3 other term(s)) — same subject created once per semester"
Subject,src/lib/content/master-syllabus-data.ts,id=4606,semester,"Multi-semester source row ""II/IV/VI/VIII"" expanded into Semester 2 (and 3 other term(s)) — same subject created once per semester"
Subject,src/lib/content/master-syllabus-data.ts,id=4606,semester,"Multi-semester source row ""II/IV/VI/VIII"" expanded into Semester 4 (and 3 other term(s)) — same subject created once per semester"
Subject,src/lib/content/master-syllabus-data.ts,id=4606,semester,"Multi-semester source row ""II/IV/VI/VIII"" expanded into Semester 6 (and 3 other term(s)) — same subject created once per semester"
Subject,src/lib/content/master-syllabus-data.ts,id=4606,semester,"Multi-semester source row ""II/IV/VI/VIII"" expanded into Semester 8 (and 3 other term(s)) — same subject created once per semester"
Subject,src/lib/content/master-syllabus-data.ts,id=4628,semester,"Multi-semester source row ""VI /VII"" expanded into Semester 6 (and 1 other term(s)) — same subject created once per semester"
Subject,src/lib/content/master-syllabus-data.ts,id=4628,semester,"Multi-semester source row ""VI /VII"" expanded into Semester 7 (and 1 other term(s)) — same subject created once per semester"
Subject,src/lib/content/master-syllabus-data.ts,id=4650,semester,"Multi-semester source row ""I/III/V/VII"" expanded into Semester 1 (and 3 other term(s)) — same subject created once per semester"
Subject,src/lib/content/master-syllabus-data.ts,id=4650,semester,"Multi-semester source row ""I/III/V/VII"" expanded into Semester 3 (and 3 other term(s)) — same subject created once per semester"
Subject,src/lib/content/master-syllabus-data.ts,id=4650,semester,"Multi-semester source row ""I/III/V/VII"" expanded into Semester 5 (and 3 other term(s)) — same subject created once per semester"
Subject,src/lib/content/master-syllabus-data.ts,id=4650,semester,"Multi-semester source row ""I/III/V/VII"" expanded into Semester 7 (and 3 other term(s)) — same subject created once per semester"
Subject,src/lib/content/master-syllabus-data.ts,id=4651,semester,"Multi-semester source row ""I/III/V/VII"" expanded into Semester 1 (and 3 other term(s)) — same subject created once per semester"
Subject,src/lib/content/master-syllabus-data.ts,id=4651,semester,"Multi-semester source row ""I/III/V/VII"" expanded into Semester 3 (and 3 other term(s)) — same subject created once per semester"
Subject,src/lib/content/master-syllabus-data.ts,id=4651,semester,"Multi-semester source row ""I/III/V/VII"" expanded into Semester 5 (and 3 other term(s)) — same subject created once per semester"
Subject,src/lib/content/master-syllabus-data.ts,id=4651,semester,"Multi-semester source row ""I/III/V/VII"" expanded into Semester 7 (and 3 other term(s)) — same subject created once per semester"
Subject,src/lib/content/master-syllabus-data.ts,id=4652,semester,"Multi-semester source row ""I/III/V/VII"" expanded into Semester 1 (and 3 other term(s)) — same subject created once per semester"
Subject,src/lib/content/master-syllabus-data.ts,id=4652,semester,"Multi-semester source row ""I/III/V/VII"" expanded into Semester 3 (and 3 other term(s)) — same subject created once per semester"
Subject,src/lib/content/master-syllabus-data.ts,id=4652,semester,"Multi-semester source row ""I/III/V/VII"" expanded into Semester 5 (and 3 other term(s)) — same subject created once per semester"
Subject,src/lib/content/master-syllabus-data.ts,id=4652,semester,"Multi-semester source row ""I/III/V/VII"" expanded into Semester 7 (and 3 other term(s)) — same subject created once per semester"
Subject,src/lib/content/master-syllabus-data.ts,id=4653,semester,"Multi-semester source row ""I/III/V/VII"" expanded into Semester 1 (and 3 other term(s)) — same subject created once per semester"
Subject,src/lib/content/master-syllabus-data.ts,id=4653,semester,"Multi-semester source row ""I/III/V/VII"" expanded into Semester 3 (and 3 other term(s)) — same subject created once per semester"
Subject,src/lib/content/master-syllabus-data.ts,id=4653,semester,"Multi-semester source row ""I/III/V/VII"" expanded into Semester 5 (and 3 other term(s)) — same subject created once per semester"
Subject,src/lib/content/master-syllabus-data.ts,id=4653,semester,"Multi-semester source row ""I/III/V/VII"" expanded into Semester 7 (and 3 other term(s)) — same subject created once per semester"
Subject,src/lib/content/master-syllabus-data.ts,id=4655,semester,"Multi-semester source row ""II/IV/VI/VIII"" expanded into Semester 2 (and 3 other term(s)) — same subject created once per semester"
Subject,src/lib/content/master-syllabus-data.ts,id=4655,semester,"Multi-semester source row ""II/IV/VI/VIII"" expanded into Semester 4 (and 3 other term(s)) — same subject created once per semester"
Subject,src/lib/content/master-syllabus-data.ts,id=4655,semester,"Multi-semester source row ""II/IV/VI/VIII"" expanded into Semester 6 (and 3 other term(s)) — same subject created once per semester"
Subject,src/lib/content/master-syllabus-data.ts,id=4655,semester,"Multi-semester source row ""II/IV/VI/VIII"" expanded into Semester 8 (and 3 other term(s)) — same subject created once per semester"
Subject,src/lib/content/master-syllabus-data.ts,id=4656,semester,"Multi-semester source row ""II/IV/VI/VIII"" expanded into Semester 2 (and 3 other term(s)) — same subject created once per semester"
Subject,src/lib/content/master-syllabus-data.ts,id=4656,semester,"Multi-semester source row ""II/IV/VI/VIII"" expanded into Semester 4 (and 3 other term(s)) — same subject created once per semester"
Subject,src/lib/content/master-syllabus-data.ts,id=4656,semester,"Multi-semester source row ""II/IV/VI/VIII"" expanded into Semester 6 (and 3 other term(s)) — same subject created once per semester"
Subject,src/lib/content/master-syllabus-data.ts,id=4656,semester,"Multi-semester source row ""II/IV/VI/VIII"" expanded into Semester 8 (and 3 other term(s)) — same subject created once per semester"
Subject,src/lib/content/master-syllabus-data.ts,id=4657,semester,"Multi-semester source row ""II/IV/VI/VIII"" expanded into Semester 2 (and 3 other term(s)) — same subject created once per semester"
Subject,src/lib/content/master-syllabus-data.ts,id=4657,semester,"Multi-semester source row ""II/IV/VI/VIII"" expanded into Semester 4 (and 3 other term(s)) — same subject created once per semester"
Subject,src/lib/content/master-syllabus-data.ts,id=4657,semester,"Multi-semester source row ""II/IV/VI/VIII"" expanded into Semester 6 (and 3 other term(s)) — same subject created once per semester"
Subject,src/lib/content/master-syllabus-data.ts,id=4657,semester,"Multi-semester source row ""II/IV/VI/VIII"" expanded into Semester 8 (and 3 other term(s)) — same subject created once per semester"
Subject,src/lib/content/master-syllabus-data.ts,id=4666,semester,"Multi-semester source row ""VI/VII"" expanded into Semester 6 (and 1 other term(s)) — same subject created once per semester"
Subject,src/lib/content/master-syllabus-data.ts,id=4666,semester,"Multi-semester source row ""VI/VII"" expanded into Semester 7 (and 1 other term(s)) — same subject created once per semester"
Subject,src/lib/content/master-syllabus-data.ts,id=4680,semester,"Multi-semester source row ""I,III,V"" expanded into Semester 1 (and 2 other term(s)) — same subject created once per semester"
Subject,src/lib/content/master-syllabus-data.ts,id=4680,semester,"Multi-semester source row ""I,III,V"" expanded into Semester 3 (and 2 other term(s)) — same subject created once per semester"
Subject,src/lib/content/master-syllabus-data.ts,id=4680,semester,"Multi-semester source row ""I,III,V"" expanded into Semester 5 (and 2 other term(s)) — same subject created once per semester"
Subject,src/lib/content/master-syllabus-data.ts,id=4681,semester,"Multi-semester source row ""I,III,V"" expanded into Semester 1 (and 2 other term(s)) — same subject created once per semester"
Subject,src/lib/content/master-syllabus-data.ts,id=4681,semester,"Multi-semester source row ""I,III,V"" expanded into Semester 3 (and 2 other term(s)) — same subject created once per semester"
Subject,src/lib/content/master-syllabus-data.ts,id=4681,semester,"Multi-semester source row ""I,III,V"" expanded into Semester 5 (and 2 other term(s)) — same subject created once per semester"
Subject,src/lib/content/master-syllabus-data.ts,id=4683,semester,"Multi-semester source row ""II,IV,VI"" expanded into Semester 2 (and 2 other term(s)) — same subject created once per semester"
Subject,src/lib/content/master-syllabus-data.ts,id=4683,semester,"Multi-semester source row ""II,IV,VI"" expanded into Semester 4 (and 2 other term(s)) — same subject created once per semester"
Subject,src/lib/content/master-syllabus-data.ts,id=4683,semester,"Multi-semester source row ""II,IV,VI"" expanded into Semester 6 (and 2 other term(s)) — same subject created once per semester"
Subject,src/lib/content/master-syllabus-data.ts,id=4684,semester,"Multi-semester source row ""II,IV,VI"" expanded into Semester 2 (and 2 other term(s)) — same subject created once per semester"
Subject,src/lib/content/master-syllabus-data.ts,id=4684,semester,"Multi-semester source row ""II,IV,VI"" expanded into Semester 4 (and 2 other term(s)) — same subject created once per semester"
Subject,src/lib/content/master-syllabus-data.ts,id=4684,semester,"Multi-semester source row ""II,IV,VI"" expanded into Semester 6 (and 2 other term(s)) — same subject created once per semester"
Subject,src/lib/content/master-syllabus-data.ts,id=4728,semester,"Multi-semester source row ""III/V"" expanded into Semester 3 (and 1 other term(s)) — same subject created once per semester"
Subject,src/lib/content/master-syllabus-data.ts,id=4728,semester,"Multi-semester source row ""III/V"" expanded into Semester 5 (and 1 other term(s)) — same subject created once per semester"
Subject,src/lib/content/master-syllabus-data.ts,id=4729,semester,"Multi-semester source row ""III/V"" expanded into Semester 3 (and 1 other term(s)) — same subject created once per semester"
Subject,src/lib/content/master-syllabus-data.ts,id=4729,semester,"Multi-semester source row ""III/V"" expanded into Semester 5 (and 1 other term(s)) — same subject created once per semester"
Subject,src/lib/content/master-syllabus-data.ts,id=4730,semester,"Multi-semester source row ""III/V"" expanded into Semester 3 (and 1 other term(s)) — same subject created once per semester"
Subject,src/lib/content/master-syllabus-data.ts,id=4730,semester,"Multi-semester source row ""III/V"" expanded into Semester 5 (and 1 other term(s)) — same subject created once per semester"
Subject,src/lib/content/master-syllabus-data.ts,id=4731,semester,"Multi-semester source row ""III/V"" expanded into Semester 3 (and 1 other term(s)) — same subject created once per semester"
Subject,src/lib/content/master-syllabus-data.ts,id=4731,semester,"Multi-semester source row ""III/V"" expanded into Semester 5 (and 1 other term(s)) — same subject created once per semester"
Subject,src/lib/content/master-syllabus-data.ts,id=4732,semester,"Multi-semester source row ""III/V"" expanded into Semester 3 (and 1 other term(s)) — same subject created once per semester"
Subject,src/lib/content/master-syllabus-data.ts,id=4732,semester,"Multi-semester source row ""III/V"" expanded into Semester 5 (and 1 other term(s)) — same subject created once per semester"
Subject,src/lib/content/master-syllabus-data.ts,id=4733,semester,"Multi-semester source row ""III/V"" expanded into Semester 3 (and 1 other term(s)) — same subject created once per semester"
Subject,src/lib/content/master-syllabus-data.ts,id=4733,semester,"Multi-semester source row ""III/V"" expanded into Semester 5 (and 1 other term(s)) — same subject created once per semester"
Subject,src/lib/content/master-syllabus-data.ts,id=4736,semester,"Multi-semester source row ""IV/VI"" expanded into Semester 4 (and 1 other term(s)) — same subject created once per semester"
Subject,src/lib/content/master-syllabus-data.ts,id=4736,semester,"Multi-semester source row ""IV/VI"" expanded into Semester 6 (and 1 other term(s)) — same subject created once per semester"
Subject,src/lib/content/master-syllabus-data.ts,id=4737,semester,"Multi-semester source row ""IV/VI"" expanded into Semester 4 (and 1 other term(s)) — same subject created once per semester"
Subject,src/lib/content/master-syllabus-data.ts,id=4737,semester,"Multi-semester source row ""IV/VI"" expanded into Semester 6 (and 1 other term(s)) — same subject created once per semester"
Subject,src/lib/content/master-syllabus-data.ts,id=4738,semester,"Multi-semester source row ""IV/VI"" expanded into Semester 4 (and 1 other term(s)) — same subject created once per semester"
Subject,src/lib/content/master-syllabus-data.ts,id=4738,semester,"Multi-semester source row ""IV/VI"" expanded into Semester 6 (and 1 other term(s)) — same subject created once per semester"
Subject,src/lib/content/master-syllabus-data.ts,id=4739,semester,"Multi-semester source row ""IV/VI"" expanded into Semester 4 (and 1 other term(s)) — same subject created once per semester"
Subject,src/lib/content/master-syllabus-data.ts,id=4739,semester,"Multi-semester source row ""IV/VI"" expanded into Semester 6 (and 1 other term(s)) — same subject created once per semester"
Subject,src/lib/content/master-syllabus-data.ts,id=4740,semester,"Multi-semester source row ""IV/VI"" expanded into Semester 4 (and 1 other term(s)) — same subject created once per semester"
Subject,src/lib/content/master-syllabus-data.ts,id=4740,semester,"Multi-semester source row ""IV/VI"" expanded into Semester 6 (and 1 other term(s)) — same subject created once per semester"
Subject,src/lib/content/master-syllabus-data.ts,id=4741,semester,"Multi-semester source row ""IV/VI"" expanded into Semester 4 (and 1 other term(s)) — same subject created once per semester"
Subject,src/lib/content/master-syllabus-data.ts,id=4741,semester,"Multi-semester source row ""IV/VI"" expanded into Semester 6 (and 1 other term(s)) — same subject created once per semester"
Subject,src/lib/content/master-syllabus-data.ts,id=4746,semester,"Multi-semester source row ""VI / VII"" expanded into Semester 6 (and 1 other term(s)) — same subject created once per semester"
Subject,src/lib/content/master-syllabus-data.ts,id=4746,semester,"Multi-semester source row ""VI / VII"" expanded into Semester 7 (and 1 other term(s)) — same subject created once per semester"
Subject,src/lib/content/master-syllabus-data.ts,id=4763,semester,"Multi-semester source row ""III/IV/V/VI"" expanded into Semester 3 (and 3 other term(s)) — same subject created once per semester"
Subject,src/lib/content/master-syllabus-data.ts,id=4763,semester,"Multi-semester source row ""III/IV/V/VI"" expanded into Semester 4 (and 3 other term(s)) — same subject created once per semester"
Subject,src/lib/content/master-syllabus-data.ts,id=4763,semester,"Multi-semester source row ""III/IV/V/VI"" expanded into Semester 5 (and 3 other term(s)) — same subject created once per semester"
Subject,src/lib/content/master-syllabus-data.ts,id=4763,semester,"Multi-semester source row ""III/IV/V/VI"" expanded into Semester 6 (and 3 other term(s)) — same subject created once per semester"
Subject,src/lib/content/master-syllabus-data.ts,id=4764,semester,"Multi-semester source row ""III/IV/V/VI"" expanded into Semester 3 (and 3 other term(s)) — same subject created once per semester"
Subject,src/lib/content/master-syllabus-data.ts,id=4764,semester,"Multi-semester source row ""III/IV/V/VI"" expanded into Semester 4 (and 3 other term(s)) — same subject created once per semester"
Subject,src/lib/content/master-syllabus-data.ts,id=4764,semester,"Multi-semester source row ""III/IV/V/VI"" expanded into Semester 5 (and 3 other term(s)) — same subject created once per semester"
Subject,src/lib/content/master-syllabus-data.ts,id=4764,semester,"Multi-semester source row ""III/IV/V/VI"" expanded into Semester 6 (and 3 other term(s)) — same subject created once per semester"
Subject,src/lib/content/master-syllabus-data.ts,id=4765,semester,"Multi-semester source row ""III/IV/V/VI"" expanded into Semester 3 (and 3 other term(s)) — same subject created once per semester"
Subject,src/lib/content/master-syllabus-data.ts,id=4765,semester,"Multi-semester source row ""III/IV/V/VI"" expanded into Semester 4 (and 3 other term(s)) — same subject created once per semester"
Subject,src/lib/content/master-syllabus-data.ts,id=4765,semester,"Multi-semester source row ""III/IV/V/VI"" expanded into Semester 5 (and 3 other term(s)) — same subject created once per semester"
Subject,src/lib/content/master-syllabus-data.ts,id=4765,semester,"Multi-semester source row ""III/IV/V/VI"" expanded into Semester 6 (and 3 other term(s)) — same subject created once per semester"
Subject,src/lib/content/master-syllabus-data.ts,id=4766,semester,"Multi-semester source row ""III/IV/V/VI"" expanded into Semester 3 (and 3 other term(s)) — same subject created once per semester"
Subject,src/lib/content/master-syllabus-data.ts,id=4766,semester,"Multi-semester source row ""III/IV/V/VI"" expanded into Semester 4 (and 3 other term(s)) — same subject created once per semester"
Subject,src/lib/content/master-syllabus-data.ts,id=4766,semester,"Multi-semester source row ""III/IV/V/VI"" expanded into Semester 5 (and 3 other term(s)) — same subject created once per semester"
Subject,src/lib/content/master-syllabus-data.ts,id=4766,semester,"Multi-semester source row ""III/IV/V/VI"" expanded into Semester 6 (and 3 other term(s)) — same subject created once per semester"
Subject,src/lib/content/master-syllabus-data.ts,id=4767,semester,"Multi-semester source row ""III/IV/V/VI"" expanded into Semester 3 (and 3 other term(s)) — same subject created once per semester"
Subject,src/lib/content/master-syllabus-data.ts,id=4767,semester,"Multi-semester source row ""III/IV/V/VI"" expanded into Semester 4 (and 3 other term(s)) — same subject created once per semester"
Subject,src/lib/content/master-syllabus-data.ts,id=4767,semester,"Multi-semester source row ""III/IV/V/VI"" expanded into Semester 5 (and 3 other term(s)) — same subject created once per semester"
Subject,src/lib/content/master-syllabus-data.ts,id=4767,semester,"Multi-semester source row ""III/IV/V/VI"" expanded into Semester 6 (and 3 other term(s)) — same subject created once per semester"
Subject,src/lib/content/master-syllabus-data.ts,id=4768,semester,"Multi-semester source row ""III/IV/V/VI"" expanded into Semester 3 (and 3 other term(s)) — same subject created once per semester"
Subject,src/lib/content/master-syllabus-data.ts,id=4768,semester,"Multi-semester source row ""III/IV/V/VI"" expanded into Semester 4 (and 3 other term(s)) — same subject created once per semester"
Subject,src/lib/content/master-syllabus-data.ts,id=4768,semester,"Multi-semester source row ""III/IV/V/VI"" expanded into Semester 5 (and 3 other term(s)) — same subject created once per semester"
Subject,src/lib/content/master-syllabus-data.ts,id=4768,semester,"Multi-semester source row ""III/IV/V/VI"" expanded into Semester 6 (and 3 other term(s)) — same subject created once per semester"
Subject,src/lib/content/master-syllabus-data.ts,id=4769,semester,"Multi-semester source row ""III/IV/V/VI"" expanded into Semester 3 (and 3 other term(s)) — same subject created once per semester"
Subject,src/lib/content/master-syllabus-data.ts,id=4769,semester,"Multi-semester source row ""III/IV/V/VI"" expanded into Semester 4 (and 3 other term(s)) — same subject created once per semester"
Subject,src/lib/content/master-syllabus-data.ts,id=4769,semester,"Multi-semester source row ""III/IV/V/VI"" expanded into Semester 5 (and 3 other term(s)) — same subject created once per semester"
Subject,src/lib/content/master-syllabus-data.ts,id=4769,semester,"Multi-semester source row ""III/IV/V/VI"" expanded into Semester 6 (and 3 other term(s)) — same subject created once per semester"
Subject,src/lib/content/master-syllabus-data.ts,id=4770,semester,"Multi-semester source row ""III/IV/V/VI"" expanded into Semester 3 (and 3 other term(s)) — same subject created once per semester"
Subject,src/lib/content/master-syllabus-data.ts,id=4770,semester,"Multi-semester source row ""III/IV/V/VI"" expanded into Semester 4 (and 3 other term(s)) — same subject created once per semester"
Subject,src/lib/content/master-syllabus-data.ts,id=4770,semester,"Multi-semester source row ""III/IV/V/VI"" expanded into Semester 5 (and 3 other term(s)) — same subject created once per semester"
Subject,src/lib/content/master-syllabus-data.ts,id=4770,semester,"Multi-semester source row ""III/IV/V/VI"" expanded into Semester 6 (and 3 other term(s)) — same subject created once per semester"
Subject,src/lib/content/master-syllabus-data.ts,id=4777,semester,"Multi-semester source row ""VI/VII"" expanded into Semester 6 (and 1 other term(s)) — same subject created once per semester"
Subject,src/lib/content/master-syllabus-data.ts,id=4777,semester,"Multi-semester source row ""VI/VII"" expanded into Semester 7 (and 1 other term(s)) — same subject created once per semester"
Subject,src/lib/content/master-syllabus-data.ts,id=4894,semester,"Multi-semester source row ""III/IV"" expanded into Semester 3 (and 1 other term(s)) — same subject created once per semester"
Subject,src/lib/content/master-syllabus-data.ts,id=4894,semester,"Multi-semester source row ""III/IV"" expanded into Semester 4 (and 1 other term(s)) — same subject created once per semester"
Subject,src/lib/content/master-syllabus-data.ts,id=4895,semester,"Multi-semester source row ""III/IV"" expanded into Semester 3 (and 1 other term(s)) — same subject created once per semester"
Subject,src/lib/content/master-syllabus-data.ts,id=4895,semester,"Multi-semester source row ""III/IV"" expanded into Semester 4 (and 1 other term(s)) — same subject created once per semester"
Subject,src/lib/content/master-syllabus-data.ts,id=4918,semester,"Multi-semester source row ""V/VI"" expanded into Semester 5 (and 1 other term(s)) — same subject created once per semester"
Subject,src/lib/content/master-syllabus-data.ts,id=4918,semester,"Multi-semester source row ""V/VI"" expanded into Semester 6 (and 1 other term(s)) — same subject created once per semester"
Subject,src/lib/content/master-syllabus-data.ts,id=4926,semester,"Multi-semester source row ""VI /VII"" expanded into Semester 6 (and 1 other term(s)) — same subject created once per semester"
Subject,src/lib/content/master-syllabus-data.ts,id=4926,semester,"Multi-semester source row ""VI /VII"" expanded into Semester 7 (and 1 other term(s)) — same subject created once per semester"
Subject,src/lib/content/master-syllabus-data.ts,id=4927,semester,"Multi-semester source row ""VI /VII"" expanded into Semester 6 (and 1 other term(s)) — same subject created once per semester"
Subject,src/lib/content/master-syllabus-data.ts,id=4927,semester,"Multi-semester source row ""VI /VII"" expanded into Semester 7 (and 1 other term(s)) — same subject created once per semester"
Subject,src/lib/content/master-syllabus-data.ts,id=5119,semester,"Multi-semester source row ""III/V"" expanded into Semester 3 (and 1 other term(s)) — same subject created once per semester"
Subject,src/lib/content/master-syllabus-data.ts,id=5119,semester,"Multi-semester source row ""III/V"" expanded into Semester 5 (and 1 other term(s)) — same subject created once per semester"
Subject,src/lib/content/master-syllabus-data.ts,id=5120,semester,"Multi-semester source row ""III/V"" expanded into Semester 3 (and 1 other term(s)) — same subject created once per semester"
Subject,src/lib/content/master-syllabus-data.ts,id=5120,semester,"Multi-semester source row ""III/V"" expanded into Semester 5 (and 1 other term(s)) — same subject created once per semester"
Subject,src/lib/content/master-syllabus-data.ts,id=5121,semester,"Multi-semester source row ""III/V"" expanded into Semester 3 (and 1 other term(s)) — same subject created once per semester"
Subject,src/lib/content/master-syllabus-data.ts,id=5121,semester,"Multi-semester source row ""III/V"" expanded into Semester 5 (and 1 other term(s)) — same subject created once per semester"
Subject,src/lib/content/master-syllabus-data.ts,id=5122,semester,"Multi-semester source row ""III/V"" expanded into Semester 3 (and 1 other term(s)) — same subject created once per semester"
Subject,src/lib/content/master-syllabus-data.ts,id=5122,semester,"Multi-semester source row ""III/V"" expanded into Semester 5 (and 1 other term(s)) — same subject created once per semester"
Subject,src/lib/content/master-syllabus-data.ts,id=5123,semester,"Multi-semester source row ""III/V"" expanded into Semester 3 (and 1 other term(s)) — same subject created once per semester"
Subject,src/lib/content/master-syllabus-data.ts,id=5123,semester,"Multi-semester source row ""III/V"" expanded into Semester 5 (and 1 other term(s)) — same subject created once per semester"
Subject,src/lib/content/master-syllabus-data.ts,id=5124,semester,"Multi-semester source row ""III/V"" expanded into Semester 3 (and 1 other term(s)) — same subject created once per semester"
Subject,src/lib/content/master-syllabus-data.ts,id=5124,semester,"Multi-semester source row ""III/V"" expanded into Semester 5 (and 1 other term(s)) — same subject created once per semester"
Subject,src/lib/content/master-syllabus-data.ts,id=5125,semester,"Multi-semester source row ""III/V"" expanded into Semester 3 (and 1 other term(s)) — same subject created once per semester"
Subject,src/lib/content/master-syllabus-data.ts,id=5125,semester,"Multi-semester source row ""III/V"" expanded into Semester 5 (and 1 other term(s)) — same subject created once per semester"
Subject,src/lib/content/master-syllabus-data.ts,id=5129,semester,"Multi-semester source row ""IV/VI"" expanded into Semester 4 (and 1 other term(s)) — same subject created once per semester"
Subject,src/lib/content/master-syllabus-data.ts,id=5129,semester,"Multi-semester source row ""IV/VI"" expanded into Semester 6 (and 1 other term(s)) — same subject created once per semester"
Subject,src/lib/content/master-syllabus-data.ts,id=5130,semester,"Multi-semester source row ""IV/VI"" expanded into Semester 4 (and 1 other term(s)) — same subject created once per semester"
Subject,src/lib/content/master-syllabus-data.ts,id=5130,semester,"Multi-semester source row ""IV/VI"" expanded into Semester 6 (and 1 other term(s)) — same subject created once per semester"
Subject,src/lib/content/master-syllabus-data.ts,id=5131,semester,"Multi-semester source row ""IV/VI"" expanded into Semester 4 (and 1 other term(s)) — same subject created once per semester"
Subject,src/lib/content/master-syllabus-data.ts,id=5131,semester,"Multi-semester source row ""IV/VI"" expanded into Semester 6 (and 1 other term(s)) — same subject created once per semester"
Subject,src/lib/content/master-syllabus-data.ts,id=5132,semester,"Multi-semester source row ""IV/VI"" expanded into Semester 4 (and 1 other term(s)) — same subject created once per semester"
Subject,src/lib/content/master-syllabus-data.ts,id=5132,semester,"Multi-semester source row ""IV/VI"" expanded into Semester 6 (and 1 other term(s)) — same subject created once per semester"
Subject,src/lib/content/master-syllabus-data.ts,id=5133,semester,"Multi-semester source row ""IV/VI"" expanded into Semester 4 (and 1 other term(s)) — same subject created once per semester"
Subject,src/lib/content/master-syllabus-data.ts,id=5133,semester,"Multi-semester source row ""IV/VI"" expanded into Semester 6 (and 1 other term(s)) — same subject created once per semester"
Subject,src/lib/content/master-syllabus-data.ts,id=5134,semester,"Multi-semester source row ""IV/VI"" expanded into Semester 4 (and 1 other term(s)) — same subject created once per semester"
Subject,src/lib/content/master-syllabus-data.ts,id=5134,semester,"Multi-semester source row ""IV/VI"" expanded into Semester 6 (and 1 other term(s)) — same subject created once per semester"
Subject,src/lib/content/master-syllabus-data.ts,id=5135,semester,"Multi-semester source row ""IV/VI"" expanded into Semester 4 (and 1 other term(s)) — same subject created once per semester"
Subject,src/lib/content/master-syllabus-data.ts,id=5135,semester,"Multi-semester source row ""IV/VI"" expanded into Semester 6 (and 1 other term(s)) — same subject created once per semester"
Subject,src/lib/content/master-syllabus-data.ts,id=5139,semester,"Multi-semester source row ""V/VI"" expanded into Semester 5 (and 1 other term(s)) — same subject created once per semester"
Subject,src/lib/content/master-syllabus-data.ts,id=5139,semester,"Multi-semester source row ""V/VI"" expanded into Semester 6 (and 1 other term(s)) — same subject created once per semester"
Subject,src/lib/content/master-syllabus-data.ts,id=5166,semester,"Multi-semester source row ""III/V"" expanded into Semester 3 (and 1 other term(s)) — same subject created once per semester"
Subject,src/lib/content/master-syllabus-data.ts,id=5166,semester,"Multi-semester source row ""III/V"" expanded into Semester 5 (and 1 other term(s)) — same subject created once per semester"
Subject,src/lib/content/master-syllabus-data.ts,id=5167,semester,"Multi-semester source row ""III/V"" expanded into Semester 3 (and 1 other term(s)) — same subject created once per semester"
Subject,src/lib/content/master-syllabus-data.ts,id=5167,semester,"Multi-semester source row ""III/V"" expanded into Semester 5 (and 1 other term(s)) — same subject created once per semester"
Subject,src/lib/content/master-syllabus-data.ts,id=5168,semester,"Multi-semester source row ""III/V"" expanded into Semester 3 (and 1 other term(s)) — same subject created once per semester"
Subject,src/lib/content/master-syllabus-data.ts,id=5168,semester,"Multi-semester source row ""III/V"" expanded into Semester 5 (and 1 other term(s)) — same subject created once per semester"
Subject,src/lib/content/master-syllabus-data.ts,id=5169,semester,"Multi-semester source row ""III/V"" expanded into Semester 3 (and 1 other term(s)) — same subject created once per semester"
Subject,src/lib/content/master-syllabus-data.ts,id=5169,semester,"Multi-semester source row ""III/V"" expanded into Semester 5 (and 1 other term(s)) — same subject created once per semester"
Subject,src/lib/content/master-syllabus-data.ts,id=5170,semester,"Multi-semester source row ""III/V"" expanded into Semester 3 (and 1 other term(s)) — same subject created once per semester"
Subject,src/lib/content/master-syllabus-data.ts,id=5170,semester,"Multi-semester source row ""III/V"" expanded into Semester 5 (and 1 other term(s)) — same subject created once per semester"
Subject,src/lib/content/master-syllabus-data.ts,id=5174,semester,"Multi-semester source row ""III/IV"" expanded into Semester 3 (and 1 other term(s)) — same subject created once per semester"
Subject,src/lib/content/master-syllabus-data.ts,id=5174,semester,"Multi-semester source row ""III/IV"" expanded into Semester 4 (and 1 other term(s)) — same subject created once per semester"
Subject,src/lib/content/master-syllabus-data.ts,id=5178,semester,"Multi-semester source row ""IV/VI"" expanded into Semester 4 (and 1 other term(s)) — same subject created once per semester"
Subject,src/lib/content/master-syllabus-data.ts,id=5178,semester,"Multi-semester source row ""IV/VI"" expanded into Semester 6 (and 1 other term(s)) — same subject created once per semester"
Subject,src/lib/content/master-syllabus-data.ts,id=5179,semester,"Multi-semester source row ""IV/VI"" expanded into Semester 4 (and 1 other term(s)) — same subject created once per semester"
Subject,src/lib/content/master-syllabus-data.ts,id=5179,semester,"Multi-semester source row ""IV/VI"" expanded into Semester 6 (and 1 other term(s)) — same subject created once per semester"
Subject,src/lib/content/master-syllabus-data.ts,id=5180,semester,"Multi-semester source row ""IV/VI"" expanded into Semester 4 (and 1 other term(s)) — same subject created once per semester"
Subject,src/lib/content/master-syllabus-data.ts,id=5180,semester,"Multi-semester source row ""IV/VI"" expanded into Semester 6 (and 1 other term(s)) — same subject created once per semester"
Subject,src/lib/content/master-syllabus-data.ts,id=5181,semester,"Multi-semester source row ""IV/VI"" expanded into Semester 4 (and 1 other term(s)) — same subject created once per semester"
Subject,src/lib/content/master-syllabus-data.ts,id=5181,semester,"Multi-semester source row ""IV/VI"" expanded into Semester 6 (and 1 other term(s)) — same subject created once per semester"
Subject,src/lib/content/master-syllabus-data.ts,id=5182,semester,"Multi-semester source row ""IV/VI/VIII"" expanded into Semester 4 (and 2 other term(s)) — same subject created once per semester"
Subject,src/lib/content/master-syllabus-data.ts,id=5182,semester,"Multi-semester source row ""IV/VI/VIII"" expanded into Semester 6 (and 2 other term(s)) — same subject created once per semester"
Subject,src/lib/content/master-syllabus-data.ts,id=5182,semester,"Multi-semester source row ""IV/VI/VIII"" expanded into Semester 8 (and 2 other term(s)) — same subject created once per semester"
Subject,src/lib/content/master-syllabus-data.ts,id=5190,semester,"Multi-semester source row ""V/VII"" expanded into Semester 5 (and 1 other term(s)) — same subject created once per semester"
Subject,src/lib/content/master-syllabus-data.ts,id=5190,semester,"Multi-semester source row ""V/VII"" expanded into Semester 7 (and 1 other term(s)) — same subject created once per semester"
Subject,src/lib/content/master-syllabus-data.ts,id=5191,semester,"Multi-semester source row ""V/VII"" expanded into Semester 5 (and 1 other term(s)) — same subject created once per semester"
Subject,src/lib/content/master-syllabus-data.ts,id=5191,semester,"Multi-semester source row ""V/VII"" expanded into Semester 7 (and 1 other term(s)) — same subject created once per semester"
Subject,src/lib/content/master-syllabus-data.ts,id=5199,semester,"Multi-semester source row ""VI/VIII"" expanded into Semester 6 (and 1 other term(s)) — same subject created once per semester"
Subject,src/lib/content/master-syllabus-data.ts,id=5199,semester,"Multi-semester source row ""VI/VIII"" expanded into Semester 8 (and 1 other term(s)) — same subject created once per semester"
Subject,src/lib/content/master-syllabus-data.ts,id=5200,semester,"Multi-semester source row ""VI/VIII"" expanded into Semester 6 (and 1 other term(s)) — same subject created once per semester"
Subject,src/lib/content/master-syllabus-data.ts,id=5200,semester,"Multi-semester source row ""VI/VIII"" expanded into Semester 8 (and 1 other term(s)) — same subject created once per semester"
Subject,src/lib/content/master-syllabus-data.ts,id=5350,semester,"Multi-semester source row ""III/IV"" expanded into Semester 3 (and 1 other term(s)) — same subject created once per semester"
Subject,src/lib/content/master-syllabus-data.ts,id=5350,semester,"Multi-semester source row ""III/IV"" expanded into Semester 4 (and 1 other term(s)) — same subject created once per semester"
Subject,src/lib/content/master-syllabus-data.ts,id=5351,semester,"Multi-semester source row ""III/IV"" expanded into Semester 3 (and 1 other term(s)) — same subject created once per semester"
Subject,src/lib/content/master-syllabus-data.ts,id=5351,semester,"Multi-semester source row ""III/IV"" expanded into Semester 4 (and 1 other term(s)) — same subject created once per semester"
Subject,src/lib/content/master-syllabus-data.ts,id=5352,semester,"Multi-semester source row ""III/IV"" expanded into Semester 3 (and 1 other term(s)) — same subject created once per semester"
Subject,src/lib/content/master-syllabus-data.ts,id=5352,semester,"Multi-semester source row ""III/IV"" expanded into Semester 4 (and 1 other term(s)) — same subject created once per semester"
Subject,src/lib/content/master-syllabus-data.ts,id=5353,semester,"Multi-semester source row ""III/IV"" expanded into Semester 3 (and 1 other term(s)) — same subject created once per semester"
Subject,src/lib/content/master-syllabus-data.ts,id=5353,semester,"Multi-semester source row ""III/IV"" expanded into Semester 4 (and 1 other term(s)) — same subject created once per semester"
Subject,src/lib/content/master-syllabus-data.ts,id=5354,semester,"Multi-semester source row ""III/IV"" expanded into Semester 3 (and 1 other term(s)) — same subject created once per semester"
Subject,src/lib/content/master-syllabus-data.ts,id=5354,semester,"Multi-semester source row ""III/IV"" expanded into Semester 4 (and 1 other term(s)) — same subject created once per semester"
Subject,src/lib/content/master-syllabus-data.ts,id=5355,semester,"Multi-semester source row ""III/IV"" expanded into Semester 3 (and 1 other term(s)) — same subject created once per semester"
Subject,src/lib/content/master-syllabus-data.ts,id=5355,semester,"Multi-semester source row ""III/IV"" expanded into Semester 4 (and 1 other term(s)) — same subject created once per semester"
Subject,src/lib/content/master-syllabus-data.ts,id=5364,semester,"Multi-semester source row ""V/VI"" expanded into Semester 5 (and 1 other term(s)) — same subject created once per semester"
Subject,src/lib/content/master-syllabus-data.ts,id=5364,semester,"Multi-semester source row ""V/VI"" expanded into Semester 6 (and 1 other term(s)) — same subject created once per semester"
Subject,src/lib/content/master-syllabus-data.ts,id=5365,semester,"Multi-semester source row ""V/VI"" expanded into Semester 5 (and 1 other term(s)) — same subject created once per semester"
Subject,src/lib/content/master-syllabus-data.ts,id=5365,semester,"Multi-semester source row ""V/VI"" expanded into Semester 6 (and 1 other term(s)) — same subject created once per semester"
Subject,src/lib/content/master-syllabus-data.ts,id=5366,semester,"Multi-semester source row ""V/VI"" expanded into Semester 5 (and 1 other term(s)) — same subject created once per semester"
Subject,src/lib/content/master-syllabus-data.ts,id=5366,semester,"Multi-semester source row ""V/VI"" expanded into Semester 6 (and 1 other term(s)) — same subject created once per semester"
Subject,src/lib/content/master-syllabus-data.ts,id=5367,semester,"Multi-semester source row ""V/VI"" expanded into Semester 5 (and 1 other term(s)) — same subject created once per semester"
Subject,src/lib/content/master-syllabus-data.ts,id=5367,semester,"Multi-semester source row ""V/VI"" expanded into Semester 6 (and 1 other term(s)) — same subject created once per semester"
Subject,src/lib/content/master-syllabus-data.ts,id=5368,semester,"Multi-semester source row ""V/VI"" expanded into Semester 5 (and 1 other term(s)) — same subject created once per semester"
Subject,src/lib/content/master-syllabus-data.ts,id=5368,semester,"Multi-semester source row ""V/VI"" expanded into Semester 6 (and 1 other term(s)) — same subject created once per semester"
Subject,src/lib/content/master-syllabus-data.ts,id=5369,semester,"Multi-semester source row ""V/VI"" expanded into Semester 5 (and 1 other term(s)) — same subject created once per semester"
Subject,src/lib/content/master-syllabus-data.ts,id=5369,semester,"Multi-semester source row ""V/VI"" expanded into Semester 6 (and 1 other term(s)) — same subject created once per semester"
Subject,src/lib/content/master-syllabus-data.ts,id=5370,semester,"Multi-semester source row ""V/VI"" expanded into Semester 5 (and 1 other term(s)) — same subject created once per semester"
Subject,src/lib/content/master-syllabus-data.ts,id=5370,semester,"Multi-semester source row ""V/VI"" expanded into Semester 6 (and 1 other term(s)) — same subject created once per semester"
Subject,src/lib/content/master-syllabus-data.ts,id=5371,semester,"Multi-semester source row ""V/VI"" expanded into Semester 5 (and 1 other term(s)) — same subject created once per semester"
Subject,src/lib/content/master-syllabus-data.ts,id=5371,semester,"Multi-semester source row ""V/VI"" expanded into Semester 6 (and 1 other term(s)) — same subject created once per semester"
Subject,src/lib/content/master-syllabus-data.ts,id=5378,semester,"Multi-semester source row ""VI/VII"" expanded into Semester 6 (and 1 other term(s)) — same subject created once per semester"
Subject,src/lib/content/master-syllabus-data.ts,id=5378,semester,"Multi-semester source row ""VI/VII"" expanded into Semester 7 (and 1 other term(s)) — same subject created once per semester"
Subject,src/lib/content/master-syllabus-data.ts,id=5414,semester,"Multi-semester source row ""I-VI"" expanded into Semester 1 (and 5 other term(s)) — same subject created once per semester"
Subject,src/lib/content/master-syllabus-data.ts,id=5414,semester,"Multi-semester source row ""I-VI"" expanded into Semester 2 (and 5 other term(s)) — same subject created once per semester"
Subject,src/lib/content/master-syllabus-data.ts,id=5414,semester,"Multi-semester source row ""I-VI"" expanded into Semester 3 (and 5 other term(s)) — same subject created once per semester"
Subject,src/lib/content/master-syllabus-data.ts,id=5414,semester,"Multi-semester source row ""I-VI"" expanded into Semester 4 (and 5 other term(s)) — same subject created once per semester"
Subject,src/lib/content/master-syllabus-data.ts,id=5414,semester,"Multi-semester source row ""I-VI"" expanded into Semester 5 (and 5 other term(s)) — same subject created once per semester"
Subject,src/lib/content/master-syllabus-data.ts,id=5414,semester,"Multi-semester source row ""I-VI"" expanded into Semester 6 (and 5 other term(s)) — same subject created once per semester"
Subject,src/lib/content/master-syllabus-data.ts,id=5415,semester,"Multi-semester source row ""I-VI"" expanded into Semester 1 (and 5 other term(s)) — same subject created once per semester"
Subject,src/lib/content/master-syllabus-data.ts,id=5415,semester,"Multi-semester source row ""I-VI"" expanded into Semester 2 (and 5 other term(s)) — same subject created once per semester"
Subject,src/lib/content/master-syllabus-data.ts,id=5415,semester,"Multi-semester source row ""I-VI"" expanded into Semester 3 (and 5 other term(s)) — same subject created once per semester"
Subject,src/lib/content/master-syllabus-data.ts,id=5415,semester,"Multi-semester source row ""I-VI"" expanded into Semester 4 (and 5 other term(s)) — same subject created once per semester"
Subject,src/lib/content/master-syllabus-data.ts,id=5415,semester,"Multi-semester source row ""I-VI"" expanded into Semester 5 (and 5 other term(s)) — same subject created once per semester"
Subject,src/lib/content/master-syllabus-data.ts,id=5415,semester,"Multi-semester source row ""I-VI"" expanded into Semester 6 (and 5 other term(s)) — same subject created once per semester"
Subject,src/lib/content/master-syllabus-data.ts,id=5416,semester,"Multi-semester source row ""I-VI"" expanded into Semester 1 (and 5 other term(s)) — same subject created once per semester"
Subject,src/lib/content/master-syllabus-data.ts,id=5416,semester,"Multi-semester source row ""I-VI"" expanded into Semester 2 (and 5 other term(s)) — same subject created once per semester"
Subject,src/lib/content/master-syllabus-data.ts,id=5416,semester,"Multi-semester source row ""I-VI"" expanded into Semester 3 (and 5 other term(s)) — same subject created once per semester"
Subject,src/lib/content/master-syllabus-data.ts,id=5416,semester,"Multi-semester source row ""I-VI"" expanded into Semester 4 (and 5 other term(s)) — same subject created once per semester"
Subject,src/lib/content/master-syllabus-data.ts,id=5416,semester,"Multi-semester source row ""I-VI"" expanded into Semester 5 (and 5 other term(s)) — same subject created once per semester"
Subject,src/lib/content/master-syllabus-data.ts,id=5416,semester,"Multi-semester source row ""I-VI"" expanded into Semester 6 (and 5 other term(s)) — same subject created once per semester"
Subject,src/lib/content/master-syllabus-data.ts,id=5417,semester,"Multi-semester source row ""I-VI"" expanded into Semester 1 (and 5 other term(s)) — same subject created once per semester"
Subject,src/lib/content/master-syllabus-data.ts,id=5417,semester,"Multi-semester source row ""I-VI"" expanded into Semester 2 (and 5 other term(s)) — same subject created once per semester"
Subject,src/lib/content/master-syllabus-data.ts,id=5417,semester,"Multi-semester source row ""I-VI"" expanded into Semester 3 (and 5 other term(s)) — same subject created once per semester"
Subject,src/lib/content/master-syllabus-data.ts,id=5417,semester,"Multi-semester source row ""I-VI"" expanded into Semester 4 (and 5 other term(s)) — same subject created once per semester"
Subject,src/lib/content/master-syllabus-data.ts,id=5417,semester,"Multi-semester source row ""I-VI"" expanded into Semester 5 (and 5 other term(s)) — same subject created once per semester"
Subject,src/lib/content/master-syllabus-data.ts,id=5417,semester,"Multi-semester source row ""I-VI"" expanded into Semester 6 (and 5 other term(s)) — same subject created once per semester"
Subject,src/lib/content/master-syllabus-data.ts,id=5418,semester,"Multi-semester source row ""I-VI"" expanded into Semester 1 (and 5 other term(s)) — same subject created once per semester"
Subject,src/lib/content/master-syllabus-data.ts,id=5418,semester,"Multi-semester source row ""I-VI"" expanded into Semester 2 (and 5 other term(s)) — same subject created once per semester"
Subject,src/lib/content/master-syllabus-data.ts,id=5418,semester,"Multi-semester source row ""I-VI"" expanded into Semester 3 (and 5 other term(s)) — same subject created once per semester"
Subject,src/lib/content/master-syllabus-data.ts,id=5418,semester,"Multi-semester source row ""I-VI"" expanded into Semester 4 (and 5 other term(s)) — same subject created once per semester"
Subject,src/lib/content/master-syllabus-data.ts,id=5418,semester,"Multi-semester source row ""I-VI"" expanded into Semester 5 (and 5 other term(s)) — same subject created once per semester"
Subject,src/lib/content/master-syllabus-data.ts,id=5418,semester,"Multi-semester source row ""I-VI"" expanded into Semester 6 (and 5 other term(s)) — same subject created once per semester"
Subject,src/lib/content/master-syllabus-data.ts,id=5419,semester,"Multi-semester source row ""I-VI"" expanded into Semester 1 (and 5 other term(s)) — same subject created once per semester"
Subject,src/lib/content/master-syllabus-data.ts,id=5419,semester,"Multi-semester source row ""I-VI"" expanded into Semester 2 (and 5 other term(s)) — same subject created once per semester"
Subject,src/lib/content/master-syllabus-data.ts,id=5419,semester,"Multi-semester source row ""I-VI"" expanded into Semester 3 (and 5 other term(s)) — same subject created once per semester"
Subject,src/lib/content/master-syllabus-data.ts,id=5419,semester,"Multi-semester source row ""I-VI"" expanded into Semester 4 (and 5 other term(s)) — same subject created once per semester"
Subject,src/lib/content/master-syllabus-data.ts,id=5419,semester,"Multi-semester source row ""I-VI"" expanded into Semester 5 (and 5 other term(s)) — same subject created once per semester"
Subject,src/lib/content/master-syllabus-data.ts,id=5419,semester,"Multi-semester source row ""I-VI"" expanded into Semester 6 (and 5 other term(s)) — same subject created once per semester"
Subject,src/lib/content/master-syllabus-data.ts,id=5420,semester,"Multi-semester source row ""I-VI"" expanded into Semester 1 (and 5 other term(s)) — same subject created once per semester"
Subject,src/lib/content/master-syllabus-data.ts,id=5420,semester,"Multi-semester source row ""I-VI"" expanded into Semester 2 (and 5 other term(s)) — same subject created once per semester"
Subject,src/lib/content/master-syllabus-data.ts,id=5420,semester,"Multi-semester source row ""I-VI"" expanded into Semester 3 (and 5 other term(s)) — same subject created once per semester"
Subject,src/lib/content/master-syllabus-data.ts,id=5420,semester,"Multi-semester source row ""I-VI"" expanded into Semester 4 (and 5 other term(s)) — same subject created once per semester"
Subject,src/lib/content/master-syllabus-data.ts,id=5420,semester,"Multi-semester source row ""I-VI"" expanded into Semester 5 (and 5 other term(s)) — same subject created once per semester"
Subject,src/lib/content/master-syllabus-data.ts,id=5420,semester,"Multi-semester source row ""I-VI"" expanded into Semester 6 (and 5 other term(s)) — same subject created once per semester"
Subject,src/lib/content/master-syllabus-data.ts,id=5421,semester,"Multi-semester source row ""I-VI"" expanded into Semester 1 (and 5 other term(s)) — same subject created once per semester"
Subject,src/lib/content/master-syllabus-data.ts,id=5421,semester,"Multi-semester source row ""I-VI"" expanded into Semester 2 (and 5 other term(s)) — same subject created once per semester"
Subject,src/lib/content/master-syllabus-data.ts,id=5421,semester,"Multi-semester source row ""I-VI"" expanded into Semester 3 (and 5 other term(s)) — same subject created once per semester"
Subject,src/lib/content/master-syllabus-data.ts,id=5421,semester,"Multi-semester source row ""I-VI"" expanded into Semester 4 (and 5 other term(s)) — same subject created once per semester"
Subject,src/lib/content/master-syllabus-data.ts,id=5421,semester,"Multi-semester source row ""I-VI"" expanded into Semester 5 (and 5 other term(s)) — same subject created once per semester"
Subject,src/lib/content/master-syllabus-data.ts,id=5421,semester,"Multi-semester source row ""I-VI"" expanded into Semester 6 (and 5 other term(s)) — same subject created once per semester"
Subject,src/lib/content/master-syllabus-data.ts,id=5422,semester,"Multi-semester source row ""I-VI"" expanded into Semester 1 (and 5 other term(s)) — same subject created once per semester"
Subject,src/lib/content/master-syllabus-data.ts,id=5422,semester,"Multi-semester source row ""I-VI"" expanded into Semester 2 (and 5 other term(s)) — same subject created once per semester"
Subject,src/lib/content/master-syllabus-data.ts,id=5422,semester,"Multi-semester source row ""I-VI"" expanded into Semester 3 (and 5 other term(s)) — same subject created once per semester"
Subject,src/lib/content/master-syllabus-data.ts,id=5422,semester,"Multi-semester source row ""I-VI"" expanded into Semester 4 (and 5 other term(s)) — same subject created once per semester"
Subject,src/lib/content/master-syllabus-data.ts,id=5422,semester,"Multi-semester source row ""I-VI"" expanded into Semester 5 (and 5 other term(s)) — same subject created once per semester"
Subject,src/lib/content/master-syllabus-data.ts,id=5422,semester,"Multi-semester source row ""I-VI"" expanded into Semester 6 (and 5 other term(s)) — same subject created once per semester"
Subject,src/lib/content/master-syllabus-data.ts,id=5423,semester,"Multi-semester source row ""I-VI"" expanded into Semester 1 (and 5 other term(s)) — same subject created once per semester"
Subject,src/lib/content/master-syllabus-data.ts,id=5423,semester,"Multi-semester source row ""I-VI"" expanded into Semester 2 (and 5 other term(s)) — same subject created once per semester"
Subject,src/lib/content/master-syllabus-data.ts,id=5423,semester,"Multi-semester source row ""I-VI"" expanded into Semester 3 (and 5 other term(s)) — same subject created once per semester"
Subject,src/lib/content/master-syllabus-data.ts,id=5423,semester,"Multi-semester source row ""I-VI"" expanded into Semester 4 (and 5 other term(s)) — same subject created once per semester"
Subject,src/lib/content/master-syllabus-data.ts,id=5423,semester,"Multi-semester source row ""I-VI"" expanded into Semester 5 (and 5 other term(s)) — same subject created once per semester"
Subject,src/lib/content/master-syllabus-data.ts,id=5423,semester,"Multi-semester source row ""I-VI"" expanded into Semester 6 (and 5 other term(s)) — same subject created once per semester"
Subject,src/lib/content/master-syllabus-data.ts,id=5424,semester,"Multi-semester source row ""I-VI"" expanded into Semester 1 (and 5 other term(s)) — same subject created once per semester"
Subject,src/lib/content/master-syllabus-data.ts,id=5424,semester,"Multi-semester source row ""I-VI"" expanded into Semester 2 (and 5 other term(s)) — same subject created once per semester"
Subject,src/lib/content/master-syllabus-data.ts,id=5424,semester,"Multi-semester source row ""I-VI"" expanded into Semester 3 (and 5 other term(s)) — same subject created once per semester"
Subject,src/lib/content/master-syllabus-data.ts,id=5424,semester,"Multi-semester source row ""I-VI"" expanded into Semester 4 (and 5 other term(s)) — same subject created once per semester"
Subject,src/lib/content/master-syllabus-data.ts,id=5424,semester,"Multi-semester source row ""I-VI"" expanded into Semester 5 (and 5 other term(s)) — same subject created once per semester"
Subject,src/lib/content/master-syllabus-data.ts,id=5424,semester,"Multi-semester source row ""I-VI"" expanded into Semester 6 (and 5 other term(s)) — same subject created once per semester"
Subject,src/lib/content/master-syllabus-data.ts,id=5425,semester,"Multi-semester source row ""I-VI"" expanded into Semester 1 (and 5 other term(s)) — same subject created once per semester"
Subject,src/lib/content/master-syllabus-data.ts,id=5425,semester,"Multi-semester source row ""I-VI"" expanded into Semester 2 (and 5 other term(s)) — same subject created once per semester"
Subject,src/lib/content/master-syllabus-data.ts,id=5425,semester,"Multi-semester source row ""I-VI"" expanded into Semester 3 (and 5 other term(s)) — same subject created once per semester"
Subject,src/lib/content/master-syllabus-data.ts,id=5425,semester,"Multi-semester source row ""I-VI"" expanded into Semester 4 (and 5 other term(s)) — same subject created once per semester"
Subject,src/lib/content/master-syllabus-data.ts,id=5425,semester,"Multi-semester source row ""I-VI"" expanded into Semester 5 (and 5 other term(s)) — same subject created once per semester"
Subject,src/lib/content/master-syllabus-data.ts,id=5425,semester,"Multi-semester source row ""I-VI"" expanded into Semester 6 (and 5 other term(s)) — same subject created once per semester"
Subject,src/lib/content/master-syllabus-data.ts,id=5426,semester,"Multi-semester source row ""I-VI"" expanded into Semester 1 (and 5 other term(s)) — same subject created once per semester"
Subject,src/lib/content/master-syllabus-data.ts,id=5426,semester,"Multi-semester source row ""I-VI"" expanded into Semester 2 (and 5 other term(s)) — same subject created once per semester"
Subject,src/lib/content/master-syllabus-data.ts,id=5426,semester,"Multi-semester source row ""I-VI"" expanded into Semester 3 (and 5 other term(s)) — same subject created once per semester"
Subject,src/lib/content/master-syllabus-data.ts,id=5426,semester,"Multi-semester source row ""I-VI"" expanded into Semester 4 (and 5 other term(s)) — same subject created once per semester"
Subject,src/lib/content/master-syllabus-data.ts,id=5426,semester,"Multi-semester source row ""I-VI"" expanded into Semester 5 (and 5 other term(s)) — same subject created once per semester"
Subject,src/lib/content/master-syllabus-data.ts,id=5426,semester,"Multi-semester source row ""I-VI"" expanded into Semester 6 (and 5 other term(s)) — same subject created once per semester"
Subject,src/lib/content/master-syllabus-data.ts,id=5427,semester,"Multi-semester source row ""I-VI"" expanded into Semester 1 (and 5 other term(s)) — same subject created once per semester"
Subject,src/lib/content/master-syllabus-data.ts,id=5427,semester,"Multi-semester source row ""I-VI"" expanded into Semester 2 (and 5 other term(s)) — same subject created once per semester"
Subject,src/lib/content/master-syllabus-data.ts,id=5427,semester,"Multi-semester source row ""I-VI"" expanded into Semester 3 (and 5 other term(s)) — same subject created once per semester"
Subject,src/lib/content/master-syllabus-data.ts,id=5427,semester,"Multi-semester source row ""I-VI"" expanded into Semester 4 (and 5 other term(s)) — same subject created once per semester"
Subject,src/lib/content/master-syllabus-data.ts,id=5427,semester,"Multi-semester source row ""I-VI"" expanded into Semester 5 (and 5 other term(s)) — same subject created once per semester"
Subject,src/lib/content/master-syllabus-data.ts,id=5427,semester,"Multi-semester source row ""I-VI"" expanded into Semester 6 (and 5 other term(s)) — same subject created once per semester"
Subject,src/lib/content/master-syllabus-data.ts,id=5428,semester,"Multi-semester source row ""I-VI"" expanded into Semester 1 (and 5 other term(s)) — same subject created once per semester"
Subject,src/lib/content/master-syllabus-data.ts,id=5428,semester,"Multi-semester source row ""I-VI"" expanded into Semester 2 (and 5 other term(s)) — same subject created once per semester"
Subject,src/lib/content/master-syllabus-data.ts,id=5428,semester,"Multi-semester source row ""I-VI"" expanded into Semester 3 (and 5 other term(s)) — same subject created once per semester"
Subject,src/lib/content/master-syllabus-data.ts,id=5428,semester,"Multi-semester source row ""I-VI"" expanded into Semester 4 (and 5 other term(s)) — same subject created once per semester"
Subject,src/lib/content/master-syllabus-data.ts,id=5428,semester,"Multi-semester source row ""I-VI"" expanded into Semester 5 (and 5 other term(s)) — same subject created once per semester"
Subject,src/lib/content/master-syllabus-data.ts,id=5428,semester,"Multi-semester source row ""I-VI"" expanded into Semester 6 (and 5 other term(s)) — same subject created once per semester"
Subject,src/lib/content/master-syllabus-data.ts,id=5429,semester,"Multi-semester source row ""I-VI"" expanded into Semester 1 (and 5 other term(s)) — same subject created once per semester"
Subject,src/lib/content/master-syllabus-data.ts,id=5429,semester,"Multi-semester source row ""I-VI"" expanded into Semester 2 (and 5 other term(s)) — same subject created once per semester"
Subject,src/lib/content/master-syllabus-data.ts,id=5429,semester,"Multi-semester source row ""I-VI"" expanded into Semester 3 (and 5 other term(s)) — same subject created once per semester"
Subject,src/lib/content/master-syllabus-data.ts,id=5429,semester,"Multi-semester source row ""I-VI"" expanded into Semester 4 (and 5 other term(s)) — same subject created once per semester"
Subject,src/lib/content/master-syllabus-data.ts,id=5429,semester,"Multi-semester source row ""I-VI"" expanded into Semester 5 (and 5 other term(s)) — same subject created once per semester"
Subject,src/lib/content/master-syllabus-data.ts,id=5429,semester,"Multi-semester source row ""I-VI"" expanded into Semester 6 (and 5 other term(s)) — same subject created once per semester"
Subject,src/lib/content/master-syllabus-data.ts,id=5430,semester,"Multi-semester source row ""I-VI"" expanded into Semester 1 (and 5 other term(s)) — same subject created once per semester"
Subject,src/lib/content/master-syllabus-data.ts,id=5430,semester,"Multi-semester source row ""I-VI"" expanded into Semester 2 (and 5 other term(s)) — same subject created once per semester"
Subject,src/lib/content/master-syllabus-data.ts,id=5430,semester,"Multi-semester source row ""I-VI"" expanded into Semester 3 (and 5 other term(s)) — same subject created once per semester"
Subject,src/lib/content/master-syllabus-data.ts,id=5430,semester,"Multi-semester source row ""I-VI"" expanded into Semester 4 (and 5 other term(s)) — same subject created once per semester"
Subject,src/lib/content/master-syllabus-data.ts,id=5430,semester,"Multi-semester source row ""I-VI"" expanded into Semester 5 (and 5 other term(s)) — same subject created once per semester"
Subject,src/lib/content/master-syllabus-data.ts,id=5430,semester,"Multi-semester source row ""I-VI"" expanded into Semester 6 (and 5 other term(s)) — same subject created once per semester"
Subject,src/lib/content/master-syllabus-data.ts,id=5431,semester,"Multi-semester source row ""I-VI"" expanded into Semester 1 (and 5 other term(s)) — same subject created once per semester"
Subject,src/lib/content/master-syllabus-data.ts,id=5431,semester,"Multi-semester source row ""I-VI"" expanded into Semester 2 (and 5 other term(s)) — same subject created once per semester"
Subject,src/lib/content/master-syllabus-data.ts,id=5431,semester,"Multi-semester source row ""I-VI"" expanded into Semester 3 (and 5 other term(s)) — same subject created once per semester"
Subject,src/lib/content/master-syllabus-data.ts,id=5431,semester,"Multi-semester source row ""I-VI"" expanded into Semester 4 (and 5 other term(s)) — same subject created once per semester"
Subject,src/lib/content/master-syllabus-data.ts,id=5431,semester,"Multi-semester source row ""I-VI"" expanded into Semester 5 (and 5 other term(s)) — same subject created once per semester"
Subject,src/lib/content/master-syllabus-data.ts,id=5431,semester,"Multi-semester source row ""I-VI"" expanded into Semester 6 (and 5 other term(s)) — same subject created once per semester"
Subject,src/lib/content/master-syllabus-data.ts,id=5438,semester,"Multi-semester source row ""III/IV/VI"" expanded into Semester 3 (and 2 other term(s)) — same subject created once per semester"
Subject,src/lib/content/master-syllabus-data.ts,id=5438,semester,"Multi-semester source row ""III/IV/VI"" expanded into Semester 4 (and 2 other term(s)) — same subject created once per semester"
Subject,src/lib/content/master-syllabus-data.ts,id=5438,semester,"Multi-semester source row ""III/IV/VI"" expanded into Semester 6 (and 2 other term(s)) — same subject created once per semester"
Subject,src/lib/content/master-syllabus-data.ts,id=5440,semester,"Multi-semester source row ""III/IV"" expanded into Semester 3 (and 1 other term(s)) — same subject created once per semester"
Subject,src/lib/content/master-syllabus-data.ts,id=5440,semester,"Multi-semester source row ""III/IV"" expanded into Semester 4 (and 1 other term(s)) — same subject created once per semester"
Subject,src/lib/content/master-syllabus-data.ts,id=5460,semester,"Multi-semester source row ""VI/VII"" expanded into Semester 6 (and 1 other term(s)) — same subject created once per semester"
Subject,src/lib/content/master-syllabus-data.ts,id=5460,semester,"Multi-semester source row ""VI/VII"" expanded into Semester 7 (and 1 other term(s)) — same subject created once per semester"
Subject,src/lib/content/master-syllabus-data.ts,id=5470,semester,"Multi-semester source row ""VII/VIII"" expanded into Semester 7 (and 1 other term(s)) — same subject created once per semester"
Subject,src/lib/content/master-syllabus-data.ts,id=5470,semester,"Multi-semester source row ""VII/VIII"" expanded into Semester 8 (and 1 other term(s)) — same subject created once per semester"
Subject,src/lib/content/master-syllabus-data.ts,id=5471,semester,"Multi-semester source row ""VII/VIII"" expanded into Semester 7 (and 1 other term(s)) — same subject created once per semester"
Subject,src/lib/content/master-syllabus-data.ts,id=5471,semester,"Multi-semester source row ""VII/VIII"" expanded into Semester 8 (and 1 other term(s)) — same subject created once per semester"
Subject,src/lib/content/master-syllabus-data.ts,id=5472,semester,"Multi-semester source row ""VII/VIII"" expanded into Semester 7 (and 1 other term(s)) — same subject created once per semester"
Subject,src/lib/content/master-syllabus-data.ts,id=5472,semester,"Multi-semester source row ""VII/VIII"" expanded into Semester 8 (and 1 other term(s)) — same subject created once per semester"
Subject,src/lib/content/master-syllabus-data.ts,id=5473,semester,"Multi-semester source row ""VII/VIII"" expanded into Semester 7 (and 1 other term(s)) — same subject created once per semester"
Subject,src/lib/content/master-syllabus-data.ts,id=5473,semester,"Multi-semester source row ""VII/VIII"" expanded into Semester 8 (and 1 other term(s)) — same subject created once per semester"
Subject,src/lib/content/master-syllabus-data.ts,id=5474,semester,"Multi-semester source row ""VII/VIII"" expanded into Semester 7 (and 1 other term(s)) — same subject created once per semester"
Subject,src/lib/content/master-syllabus-data.ts,id=5474,semester,"Multi-semester source row ""VII/VIII"" expanded into Semester 8 (and 1 other term(s)) — same subject created once per semester"
Subject,src/lib/content/master-syllabus-data.ts,id=5475,semester,"Multi-semester source row ""VII/VIII"" expanded into Semester 7 (and 1 other term(s)) — same subject created once per semester"
Subject,src/lib/content/master-syllabus-data.ts,id=5475,semester,"Multi-semester source row ""VII/VIII"" expanded into Semester 8 (and 1 other term(s)) — same subject created once per semester"
Subject,src/lib/content/master-syllabus-data.ts,id=5514,semester,"Multi-semester source row ""VI/VII"" expanded into Semester 6 (and 1 other term(s)) — same subject created once per semester"
Subject,src/lib/content/master-syllabus-data.ts,id=5514,semester,"Multi-semester source row ""VI/VII"" expanded into Semester 7 (and 1 other term(s)) — same subject created once per semester"
Subject,src/lib/content/master-syllabus-data.ts,id=5602,semester,"Multi-semester source row ""I/III/V"" expanded into Semester 1 (and 2 other term(s)) — same subject created once per semester"
Subject,src/lib/content/master-syllabus-data.ts,id=5602,semester,"Multi-semester source row ""I/III/V"" expanded into Semester 3 (and 2 other term(s)) — same subject created once per semester"
Subject,src/lib/content/master-syllabus-data.ts,id=5602,semester,"Multi-semester source row ""I/III/V"" expanded into Semester 5 (and 2 other term(s)) — same subject created once per semester"
Subject,src/lib/content/master-syllabus-data.ts,id=5603,semester,"Multi-semester source row ""I/III/V"" expanded into Semester 1 (and 2 other term(s)) — same subject created once per semester"
Subject,src/lib/content/master-syllabus-data.ts,id=5603,semester,"Multi-semester source row ""I/III/V"" expanded into Semester 3 (and 2 other term(s)) — same subject created once per semester"
Subject,src/lib/content/master-syllabus-data.ts,id=5603,semester,"Multi-semester source row ""I/III/V"" expanded into Semester 5 (and 2 other term(s)) — same subject created once per semester"
Subject,src/lib/content/master-syllabus-data.ts,id=5604,semester,"Multi-semester source row ""I/II/III/V"" expanded into Semester 1 (and 3 other term(s)) — same subject created once per semester"
Subject,src/lib/content/master-syllabus-data.ts,id=5604,semester,"Multi-semester source row ""I/II/III/V"" expanded into Semester 2 (and 3 other term(s)) — same subject created once per semester"
Subject,src/lib/content/master-syllabus-data.ts,id=5604,semester,"Multi-semester source row ""I/II/III/V"" expanded into Semester 3 (and 3 other term(s)) — same subject created once per semester"
Subject,src/lib/content/master-syllabus-data.ts,id=5604,semester,"Multi-semester source row ""I/II/III/V"" expanded into Semester 5 (and 3 other term(s)) — same subject created once per semester"
Subject,src/lib/content/master-syllabus-data.ts,id=5605,semester,"Multi-semester source row ""I/III/V"" expanded into Semester 1 (and 2 other term(s)) — same subject created once per semester"
Subject,src/lib/content/master-syllabus-data.ts,id=5605,semester,"Multi-semester source row ""I/III/V"" expanded into Semester 3 (and 2 other term(s)) — same subject created once per semester"
Subject,src/lib/content/master-syllabus-data.ts,id=5605,semester,"Multi-semester source row ""I/III/V"" expanded into Semester 5 (and 2 other term(s)) — same subject created once per semester"
Subject,src/lib/content/master-syllabus-data.ts,id=5606,semester,"Multi-semester source row ""I/III/V"" expanded into Semester 1 (and 2 other term(s)) — same subject created once per semester"
Subject,src/lib/content/master-syllabus-data.ts,id=5606,semester,"Multi-semester source row ""I/III/V"" expanded into Semester 3 (and 2 other term(s)) — same subject created once per semester"
Subject,src/lib/content/master-syllabus-data.ts,id=5606,semester,"Multi-semester source row ""I/III/V"" expanded into Semester 5 (and 2 other term(s)) — same subject created once per semester"
Subject,src/lib/content/master-syllabus-data.ts,id=5610,semester,"Multi-semester source row ""II/IV/VI/VIII"" expanded into Semester 2 (and 3 other term(s)) — same subject created once per semester"
Subject,src/lib/content/master-syllabus-data.ts,id=5610,semester,"Multi-semester source row ""II/IV/VI/VIII"" expanded into Semester 4 (and 3 other term(s)) — same subject created once per semester"
Subject,src/lib/content/master-syllabus-data.ts,id=5610,semester,"Multi-semester source row ""II/IV/VI/VIII"" expanded into Semester 6 (and 3 other term(s)) — same subject created once per semester"
Subject,src/lib/content/master-syllabus-data.ts,id=5610,semester,"Multi-semester source row ""II/IV/VI/VIII"" expanded into Semester 8 (and 3 other term(s)) — same subject created once per semester"
Subject,src/lib/content/master-syllabus-data.ts,id=5611,semester,"Multi-semester source row ""II/IV/VI/VIII"" expanded into Semester 2 (and 3 other term(s)) — same subject created once per semester"
Subject,src/lib/content/master-syllabus-data.ts,id=5611,semester,"Multi-semester source row ""II/IV/VI/VIII"" expanded into Semester 4 (and 3 other term(s)) — same subject created once per semester"
Subject,src/lib/content/master-syllabus-data.ts,id=5611,semester,"Multi-semester source row ""II/IV/VI/VIII"" expanded into Semester 6 (and 3 other term(s)) — same subject created once per semester"
Subject,src/lib/content/master-syllabus-data.ts,id=5611,semester,"Multi-semester source row ""II/IV/VI/VIII"" expanded into Semester 8 (and 3 other term(s)) — same subject created once per semester"
Subject,src/lib/content/master-syllabus-data.ts,id=5615,semester,"Multi-semester source row ""III/V"" expanded into Semester 3 (and 1 other term(s)) — same subject created once per semester"
Subject,src/lib/content/master-syllabus-data.ts,id=5615,semester,"Multi-semester source row ""III/V"" expanded into Semester 5 (and 1 other term(s)) — same subject created once per semester"
Subject,src/lib/content/master-syllabus-data.ts,id=5616,semester,"Multi-semester source row ""III/V"" expanded into Semester 3 (and 1 other term(s)) — same subject created once per semester"
Subject,src/lib/content/master-syllabus-data.ts,id=5616,semester,"Multi-semester source row ""III/V"" expanded into Semester 5 (and 1 other term(s)) — same subject created once per semester"
Subject,src/lib/content/master-syllabus-data.ts,id=5617,semester,"Multi-semester source row ""III/V"" expanded into Semester 3 (and 1 other term(s)) — same subject created once per semester"
Subject,src/lib/content/master-syllabus-data.ts,id=5617,semester,"Multi-semester source row ""III/V"" expanded into Semester 5 (and 1 other term(s)) — same subject created once per semester"
Subject,src/lib/content/master-syllabus-data.ts,id=5618,semester,"Multi-semester source row ""III/V"" expanded into Semester 3 (and 1 other term(s)) — same subject created once per semester"
Subject,src/lib/content/master-syllabus-data.ts,id=5618,semester,"Multi-semester source row ""III/V"" expanded into Semester 5 (and 1 other term(s)) — same subject created once per semester"
Subject,src/lib/content/master-syllabus-data.ts,id=5622,semester,"Multi-semester source row ""IV/VI/VIII"" expanded into Semester 4 (and 2 other term(s)) — same subject created once per semester"
Subject,src/lib/content/master-syllabus-data.ts,id=5622,semester,"Multi-semester source row ""IV/VI/VIII"" expanded into Semester 6 (and 2 other term(s)) — same subject created once per semester"
Subject,src/lib/content/master-syllabus-data.ts,id=5622,semester,"Multi-semester source row ""IV/VI/VIII"" expanded into Semester 8 (and 2 other term(s)) — same subject created once per semester"
Subject,src/lib/content/master-syllabus-data.ts,id=5623,semester,"Multi-semester source row ""IV/VI/VIII"" expanded into Semester 4 (and 2 other term(s)) — same subject created once per semester"
Subject,src/lib/content/master-syllabus-data.ts,id=5623,semester,"Multi-semester source row ""IV/VI/VIII"" expanded into Semester 6 (and 2 other term(s)) — same subject created once per semester"
Subject,src/lib/content/master-syllabus-data.ts,id=5623,semester,"Multi-semester source row ""IV/VI/VIII"" expanded into Semester 8 (and 2 other term(s)) — same subject created once per semester"
Subject,src/lib/content/master-syllabus-data.ts,id=5624,semester,"Multi-semester source row ""IV/VI/VIII"" expanded into Semester 4 (and 2 other term(s)) — same subject created once per semester"
Subject,src/lib/content/master-syllabus-data.ts,id=5624,semester,"Multi-semester source row ""IV/VI/VIII"" expanded into Semester 6 (and 2 other term(s)) — same subject created once per semester"
Subject,src/lib/content/master-syllabus-data.ts,id=5624,semester,"Multi-semester source row ""IV/VI/VIII"" expanded into Semester 8 (and 2 other term(s)) — same subject created once per semester"
Subject,src/lib/content/master-syllabus-data.ts,id=5625,semester,"Multi-semester source row ""IV/VI/VIII"" expanded into Semester 4 (and 2 other term(s)) — same subject created once per semester"
Subject,src/lib/content/master-syllabus-data.ts,id=5625,semester,"Multi-semester source row ""IV/VI/VIII"" expanded into Semester 6 (and 2 other term(s)) — same subject created once per semester"
Subject,src/lib/content/master-syllabus-data.ts,id=5625,semester,"Multi-semester source row ""IV/VI/VIII"" expanded into Semester 8 (and 2 other term(s)) — same subject created once per semester"
Subject,src/lib/content/master-syllabus-data.ts,id=5626,semester,"Multi-semester source row ""IV/VI/VIII"" expanded into Semester 4 (and 2 other term(s)) — same subject created once per semester"
Subject,src/lib/content/master-syllabus-data.ts,id=5626,semester,"Multi-semester source row ""IV/VI/VIII"" expanded into Semester 6 (and 2 other term(s)) — same subject created once per semester"
Subject,src/lib/content/master-syllabus-data.ts,id=5626,semester,"Multi-semester source row ""IV/VI/VIII"" expanded into Semester 8 (and 2 other term(s)) — same subject created once per semester"
Subject,src/lib/content/master-syllabus-data.ts,id=5627,semester,"Multi-semester source row ""IV/VI/VIII"" expanded into Semester 4 (and 2 other term(s)) — same subject created once per semester"
Subject,src/lib/content/master-syllabus-data.ts,id=5627,semester,"Multi-semester source row ""IV/VI/VIII"" expanded into Semester 6 (and 2 other term(s)) — same subject created once per semester"
Subject,src/lib/content/master-syllabus-data.ts,id=5627,semester,"Multi-semester source row ""IV/VI/VIII"" expanded into Semester 8 (and 2 other term(s)) — same subject created once per semester"
Subject,src/lib/content/master-syllabus-data.ts,id=5636,semester,"Multi-semester source row ""VI/VIII"" expanded into Semester 6 (and 1 other term(s)) — same subject created once per semester"
Subject,src/lib/content/master-syllabus-data.ts,id=5636,semester,"Multi-semester source row ""VI/VIII"" expanded into Semester 8 (and 1 other term(s)) — same subject created once per semester"
Subject,src/lib/content/master-syllabus-data.ts,id=5637,semester,"Multi-semester source row ""VI/VIII"" expanded into Semester 6 (and 1 other term(s)) — same subject created once per semester"
Subject,src/lib/content/master-syllabus-data.ts,id=5637,semester,"Multi-semester source row ""VI/VIII"" expanded into Semester 8 (and 1 other term(s)) — same subject created once per semester"
Subject,src/lib/content/master-syllabus-data.ts,id=5638,semester,"Multi-semester source row ""VI/VII"" expanded into Semester 6 (and 1 other term(s)) — same subject created once per semester"
Subject,src/lib/content/master-syllabus-data.ts,id=5638,semester,"Multi-semester source row ""VI/VII"" expanded into Semester 7 (and 1 other term(s)) — same subject created once per semester"
Subject,src/lib/content/master-syllabus-data.ts,id=5657,semester,"Multi-semester source row ""I/III/V/VII"" expanded into Semester 1 (and 3 other term(s)) — same subject created once per semester"
Subject,src/lib/content/master-syllabus-data.ts,id=5657,semester,"Multi-semester source row ""I/III/V/VII"" expanded into Semester 3 (and 3 other term(s)) — same subject created once per semester"
Subject,src/lib/content/master-syllabus-data.ts,id=5657,semester,"Multi-semester source row ""I/III/V/VII"" expanded into Semester 5 (and 3 other term(s)) — same subject created once per semester"
Subject,src/lib/content/master-syllabus-data.ts,id=5657,semester,"Multi-semester source row ""I/III/V/VII"" expanded into Semester 7 (and 3 other term(s)) — same subject created once per semester"
Subject,src/lib/content/master-syllabus-data.ts,id=5658,semester,"Multi-semester source row ""I/III/V/VII"" expanded into Semester 1 (and 3 other term(s)) — same subject created once per semester"
Subject,src/lib/content/master-syllabus-data.ts,id=5658,semester,"Multi-semester source row ""I/III/V/VII"" expanded into Semester 3 (and 3 other term(s)) — same subject created once per semester"
Subject,src/lib/content/master-syllabus-data.ts,id=5658,semester,"Multi-semester source row ""I/III/V/VII"" expanded into Semester 5 (and 3 other term(s)) — same subject created once per semester"
Subject,src/lib/content/master-syllabus-data.ts,id=5658,semester,"Multi-semester source row ""I/III/V/VII"" expanded into Semester 7 (and 3 other term(s)) — same subject created once per semester"
Subject,src/lib/content/master-syllabus-data.ts,id=5662,semester,"Multi-semester source row ""II/IV/VI/VIII"" expanded into Semester 2 (and 3 other term(s)) — same subject created once per semester"
Subject,src/lib/content/master-syllabus-data.ts,id=5662,semester,"Multi-semester source row ""II/IV/VI/VIII"" expanded into Semester 4 (and 3 other term(s)) — same subject created once per semester"
Subject,src/lib/content/master-syllabus-data.ts,id=5662,semester,"Multi-semester source row ""II/IV/VI/VIII"" expanded into Semester 6 (and 3 other term(s)) — same subject created once per semester"
Subject,src/lib/content/master-syllabus-data.ts,id=5662,semester,"Multi-semester source row ""II/IV/VI/VIII"" expanded into Semester 8 (and 3 other term(s)) — same subject created once per semester"
Subject,src/lib/content/master-syllabus-data.ts,id=5663,semester,"Multi-semester source row ""II/IV/VI/VIII"" expanded into Semester 2 (and 3 other term(s)) — same subject created once per semester"
Subject,src/lib/content/master-syllabus-data.ts,id=5663,semester,"Multi-semester source row ""II/IV/VI/VIII"" expanded into Semester 4 (and 3 other term(s)) — same subject created once per semester"
Subject,src/lib/content/master-syllabus-data.ts,id=5663,semester,"Multi-semester source row ""II/IV/VI/VIII"" expanded into Semester 6 (and 3 other term(s)) — same subject created once per semester"
Subject,src/lib/content/master-syllabus-data.ts,id=5663,semester,"Multi-semester source row ""II/IV/VI/VIII"" expanded into Semester 8 (and 3 other term(s)) — same subject created once per semester"
Subject,src/lib/content/master-syllabus-data.ts,id=5664,semester,"Multi-semester source row ""II/IV/VI/VIII"" expanded into Semester 2 (and 3 other term(s)) — same subject created once per semester"
Subject,src/lib/content/master-syllabus-data.ts,id=5664,semester,"Multi-semester source row ""II/IV/VI/VIII"" expanded into Semester 4 (and 3 other term(s)) — same subject created once per semester"
Subject,src/lib/content/master-syllabus-data.ts,id=5664,semester,"Multi-semester source row ""II/IV/VI/VIII"" expanded into Semester 6 (and 3 other term(s)) — same subject created once per semester"
Subject,src/lib/content/master-syllabus-data.ts,id=5664,semester,"Multi-semester source row ""II/IV/VI/VIII"" expanded into Semester 8 (and 3 other term(s)) — same subject created once per semester"
Subject,src/lib/content/master-syllabus-data.ts,id=5665,semester,"Multi-semester source row ""II/IV/VI/VIII"" expanded into Semester 2 (and 3 other term(s)) — same subject created once per semester"
Subject,src/lib/content/master-syllabus-data.ts,id=5665,semester,"Multi-semester source row ""II/IV/VI/VIII"" expanded into Semester 4 (and 3 other term(s)) — same subject created once per semester"
Subject,src/lib/content/master-syllabus-data.ts,id=5665,semester,"Multi-semester source row ""II/IV/VI/VIII"" expanded into Semester 6 (and 3 other term(s)) — same subject created once per semester"
Subject,src/lib/content/master-syllabus-data.ts,id=5665,semester,"Multi-semester source row ""II/IV/VI/VIII"" expanded into Semester 8 (and 3 other term(s)) — same subject created once per semester"
Subject,src/lib/content/master-syllabus-data.ts,id=5666,semester,"Multi-semester source row ""II/IV/VI/VIII"" expanded into Semester 2 (and 3 other term(s)) — same subject created once per semester"
Subject,src/lib/content/master-syllabus-data.ts,id=5666,semester,"Multi-semester source row ""II/IV/VI/VIII"" expanded into Semester 4 (and 3 other term(s)) — same subject created once per semester"
Subject,src/lib/content/master-syllabus-data.ts,id=5666,semester,"Multi-semester source row ""II/IV/VI/VIII"" expanded into Semester 6 (and 3 other term(s)) — same subject created once per semester"
Subject,src/lib/content/master-syllabus-data.ts,id=5666,semester,"Multi-semester source row ""II/IV/VI/VIII"" expanded into Semester 8 (and 3 other term(s)) — same subject created once per semester"
Subject,src/lib/content/master-syllabus-data.ts,id=5667,semester,"Multi-semester source row ""II/IV/VI/VIII"" expanded into Semester 2 (and 3 other term(s)) — same subject created once per semester"
Subject,src/lib/content/master-syllabus-data.ts,id=5667,semester,"Multi-semester source row ""II/IV/VI/VIII"" expanded into Semester 4 (and 3 other term(s)) — same subject created once per semester"
Subject,src/lib/content/master-syllabus-data.ts,id=5667,semester,"Multi-semester source row ""II/IV/VI/VIII"" expanded into Semester 6 (and 3 other term(s)) — same subject created once per semester"
Subject,src/lib/content/master-syllabus-data.ts,id=5667,semester,"Multi-semester source row ""II/IV/VI/VIII"" expanded into Semester 8 (and 3 other term(s)) — same subject created once per semester"
Subject,src/lib/content/master-syllabus-data.ts,id=5671,semester,"Multi-semester source row ""III/V/VII"" expanded into Semester 3 (and 2 other term(s)) — same subject created once per semester"
Subject,src/lib/content/master-syllabus-data.ts,id=5671,semester,"Multi-semester source row ""III/V/VII"" expanded into Semester 5 (and 2 other term(s)) — same subject created once per semester"
Subject,src/lib/content/master-syllabus-data.ts,id=5671,semester,"Multi-semester source row ""III/V/VII"" expanded into Semester 7 (and 2 other term(s)) — same subject created once per semester"
Subject,src/lib/content/master-syllabus-data.ts,id=5672,semester,"Multi-semester source row ""III/V/VII"" expanded into Semester 3 (and 2 other term(s)) — same subject created once per semester"
Subject,src/lib/content/master-syllabus-data.ts,id=5672,semester,"Multi-semester source row ""III/V/VII"" expanded into Semester 5 (and 2 other term(s)) — same subject created once per semester"
Subject,src/lib/content/master-syllabus-data.ts,id=5672,semester,"Multi-semester source row ""III/V/VII"" expanded into Semester 7 (and 2 other term(s)) — same subject created once per semester"
Subject,src/lib/content/master-syllabus-data.ts,id=5673,semester,"Multi-semester source row ""III/V/VII"" expanded into Semester 3 (and 2 other term(s)) — same subject created once per semester"
Subject,src/lib/content/master-syllabus-data.ts,id=5673,semester,"Multi-semester source row ""III/V/VII"" expanded into Semester 5 (and 2 other term(s)) — same subject created once per semester"
Subject,src/lib/content/master-syllabus-data.ts,id=5673,semester,"Multi-semester source row ""III/V/VII"" expanded into Semester 7 (and 2 other term(s)) — same subject created once per semester"
Subject,src/lib/content/master-syllabus-data.ts,id=5674,semester,"Multi-semester source row ""III/V/VII"" expanded into Semester 3 (and 2 other term(s)) — same subject created once per semester"
Subject,src/lib/content/master-syllabus-data.ts,id=5674,semester,"Multi-semester source row ""III/V/VII"" expanded into Semester 5 (and 2 other term(s)) — same subject created once per semester"
Subject,src/lib/content/master-syllabus-data.ts,id=5674,semester,"Multi-semester source row ""III/V/VII"" expanded into Semester 7 (and 2 other term(s)) — same subject created once per semester"
Subject,src/lib/content/master-syllabus-data.ts,id=5675,semester,"Multi-semester source row ""III/V/VII"" expanded into Semester 3 (and 2 other term(s)) — same subject created once per semester"
Subject,src/lib/content/master-syllabus-data.ts,id=5675,semester,"Multi-semester source row ""III/V/VII"" expanded into Semester 5 (and 2 other term(s)) — same subject created once per semester"
Subject,src/lib/content/master-syllabus-data.ts,id=5675,semester,"Multi-semester source row ""III/V/VII"" expanded into Semester 7 (and 2 other term(s)) — same subject created once per semester"
Subject,src/lib/content/master-syllabus-data.ts,id=5676,semester,"Multi-semester source row ""III/V/VII"" expanded into Semester 3 (and 2 other term(s)) — same subject created once per semester"
Subject,src/lib/content/master-syllabus-data.ts,id=5676,semester,"Multi-semester source row ""III/V/VII"" expanded into Semester 5 (and 2 other term(s)) — same subject created once per semester"
Subject,src/lib/content/master-syllabus-data.ts,id=5676,semester,"Multi-semester source row ""III/V/VII"" expanded into Semester 7 (and 2 other term(s)) — same subject created once per semester"
Subject,src/lib/content/master-syllabus-data.ts,id=5677,semester,"Multi-semester source row ""III/V/VII"" expanded into Semester 3 (and 2 other term(s)) — same subject created once per semester"
Subject,src/lib/content/master-syllabus-data.ts,id=5677,semester,"Multi-semester source row ""III/V/VII"" expanded into Semester 5 (and 2 other term(s)) — same subject created once per semester"
Subject,src/lib/content/master-syllabus-data.ts,id=5677,semester,"Multi-semester source row ""III/V/VII"" expanded into Semester 7 (and 2 other term(s)) — same subject created once per semester"
Subject,src/lib/content/master-syllabus-data.ts,id=5678,semester,"Multi-semester source row ""III/V/VII"" expanded into Semester 3 (and 2 other term(s)) — same subject created once per semester"
Subject,src/lib/content/master-syllabus-data.ts,id=5678,semester,"Multi-semester source row ""III/V/VII"" expanded into Semester 5 (and 2 other term(s)) — same subject created once per semester"
Subject,src/lib/content/master-syllabus-data.ts,id=5678,semester,"Multi-semester source row ""III/V/VII"" expanded into Semester 7 (and 2 other term(s)) — same subject created once per semester"
Subject,src/lib/content/master-syllabus-data.ts,id=5679,semester,"Multi-semester source row ""III/V/VII"" expanded into Semester 3 (and 2 other term(s)) — same subject created once per semester"
Subject,src/lib/content/master-syllabus-data.ts,id=5679,semester,"Multi-semester source row ""III/V/VII"" expanded into Semester 5 (and 2 other term(s)) — same subject created once per semester"
Subject,src/lib/content/master-syllabus-data.ts,id=5679,semester,"Multi-semester source row ""III/V/VII"" expanded into Semester 7 (and 2 other term(s)) — same subject created once per semester"
Subject,src/lib/content/master-syllabus-data.ts,id=5680,semester,"Multi-semester source row ""III/V/VII"" expanded into Semester 3 (and 2 other term(s)) — same subject created once per semester"
Subject,src/lib/content/master-syllabus-data.ts,id=5680,semester,"Multi-semester source row ""III/V/VII"" expanded into Semester 5 (and 2 other term(s)) — same subject created once per semester"
Subject,src/lib/content/master-syllabus-data.ts,id=5680,semester,"Multi-semester source row ""III/V/VII"" expanded into Semester 7 (and 2 other term(s)) — same subject created once per semester"
Subject,src/lib/content/master-syllabus-data.ts,id=5681,semester,"Multi-semester source row ""III/V/VII"" expanded into Semester 3 (and 2 other term(s)) — same subject created once per semester"
Subject,src/lib/content/master-syllabus-data.ts,id=5681,semester,"Multi-semester source row ""III/V/VII"" expanded into Semester 5 (and 2 other term(s)) — same subject created once per semester"
Subject,src/lib/content/master-syllabus-data.ts,id=5681,semester,"Multi-semester source row ""III/V/VII"" expanded into Semester 7 (and 2 other term(s)) — same subject created once per semester"
Subject,src/lib/content/master-syllabus-data.ts,id=5682,semester,"Multi-semester source row ""III/V/VII"" expanded into Semester 3 (and 2 other term(s)) — same subject created once per semester"
Subject,src/lib/content/master-syllabus-data.ts,id=5682,semester,"Multi-semester source row ""III/V/VII"" expanded into Semester 5 (and 2 other term(s)) — same subject created once per semester"
Subject,src/lib/content/master-syllabus-data.ts,id=5682,semester,"Multi-semester source row ""III/V/VII"" expanded into Semester 7 (and 2 other term(s)) — same subject created once per semester"
Subject,src/lib/content/master-syllabus-data.ts,id=5683,semester,"Multi-semester source row ""III/V/VII"" expanded into Semester 3 (and 2 other term(s)) — same subject created once per semester"
Subject,src/lib/content/master-syllabus-data.ts,id=5683,semester,"Multi-semester source row ""III/V/VII"" expanded into Semester 5 (and 2 other term(s)) — same subject created once per semester"
Subject,src/lib/content/master-syllabus-data.ts,id=5683,semester,"Multi-semester source row ""III/V/VII"" expanded into Semester 7 (and 2 other term(s)) — same subject created once per semester"
Subject,src/lib/content/master-syllabus-data.ts,id=5684,semester,"Multi-semester source row ""III/V/VII"" expanded into Semester 3 (and 2 other term(s)) — same subject created once per semester"
Subject,src/lib/content/master-syllabus-data.ts,id=5684,semester,"Multi-semester source row ""III/V/VII"" expanded into Semester 5 (and 2 other term(s)) — same subject created once per semester"
Subject,src/lib/content/master-syllabus-data.ts,id=5684,semester,"Multi-semester source row ""III/V/VII"" expanded into Semester 7 (and 2 other term(s)) — same subject created once per semester"
Subject,src/lib/content/master-syllabus-data.ts,id=5688,semester,"Multi-semester source row ""IV/VI/VIII"" expanded into Semester 4 (and 2 other term(s)) — same subject created once per semester"
Subject,src/lib/content/master-syllabus-data.ts,id=5688,semester,"Multi-semester source row ""IV/VI/VIII"" expanded into Semester 6 (and 2 other term(s)) — same subject created once per semester"
Subject,src/lib/content/master-syllabus-data.ts,id=5688,semester,"Multi-semester source row ""IV/VI/VIII"" expanded into Semester 8 (and 2 other term(s)) — same subject created once per semester"
Subject,src/lib/content/master-syllabus-data.ts,id=5689,semester,"Multi-semester source row ""IV/VI/VIII"" expanded into Semester 4 (and 2 other term(s)) — same subject created once per semester"
Subject,src/lib/content/master-syllabus-data.ts,id=5689,semester,"Multi-semester source row ""IV/VI/VIII"" expanded into Semester 6 (and 2 other term(s)) — same subject created once per semester"
Subject,src/lib/content/master-syllabus-data.ts,id=5689,semester,"Multi-semester source row ""IV/VI/VIII"" expanded into Semester 8 (and 2 other term(s)) — same subject created once per semester"
Subject,src/lib/content/master-syllabus-data.ts,id=5690,semester,"Multi-semester source row ""IV/VI/VIII"" expanded into Semester 4 (and 2 other term(s)) — same subject created once per semester"
Subject,src/lib/content/master-syllabus-data.ts,id=5690,semester,"Multi-semester source row ""IV/VI/VIII"" expanded into Semester 6 (and 2 other term(s)) — same subject created once per semester"
Subject,src/lib/content/master-syllabus-data.ts,id=5690,semester,"Multi-semester source row ""IV/VI/VIII"" expanded into Semester 8 (and 2 other term(s)) — same subject created once per semester"
Subject,src/lib/content/master-syllabus-data.ts,id=5691,semester,"Multi-semester source row ""IV/VI/VIII"" expanded into Semester 4 (and 2 other term(s)) — same subject created once per semester"
Subject,src/lib/content/master-syllabus-data.ts,id=5691,semester,"Multi-semester source row ""IV/VI/VIII"" expanded into Semester 6 (and 2 other term(s)) — same subject created once per semester"
Subject,src/lib/content/master-syllabus-data.ts,id=5691,semester,"Multi-semester source row ""IV/VI/VIII"" expanded into Semester 8 (and 2 other term(s)) — same subject created once per semester"
Subject,src/lib/content/master-syllabus-data.ts,id=5692,semester,"Multi-semester source row ""IV/VI/VIII"" expanded into Semester 4 (and 2 other term(s)) — same subject created once per semester"
Subject,src/lib/content/master-syllabus-data.ts,id=5692,semester,"Multi-semester source row ""IV/VI/VIII"" expanded into Semester 6 (and 2 other term(s)) — same subject created once per semester"
Subject,src/lib/content/master-syllabus-data.ts,id=5692,semester,"Multi-semester source row ""IV/VI/VIII"" expanded into Semester 8 (and 2 other term(s)) — same subject created once per semester"
Subject,src/lib/content/master-syllabus-data.ts,id=5693,semester,"Multi-semester source row ""IV/VI/VIII"" expanded into Semester 4 (and 2 other term(s)) — same subject created once per semester"
Subject,src/lib/content/master-syllabus-data.ts,id=5693,semester,"Multi-semester source row ""IV/VI/VIII"" expanded into Semester 6 (and 2 other term(s)) — same subject created once per semester"
Subject,src/lib/content/master-syllabus-data.ts,id=5693,semester,"Multi-semester source row ""IV/VI/VIII"" expanded into Semester 8 (and 2 other term(s)) — same subject created once per semester"
Subject,src/lib/content/master-syllabus-data.ts,id=5694,semester,"Multi-semester source row ""IV/VI/VIII"" expanded into Semester 4 (and 2 other term(s)) — same subject created once per semester"
Subject,src/lib/content/master-syllabus-data.ts,id=5694,semester,"Multi-semester source row ""IV/VI/VIII"" expanded into Semester 6 (and 2 other term(s)) — same subject created once per semester"
Subject,src/lib/content/master-syllabus-data.ts,id=5694,semester,"Multi-semester source row ""IV/VI/VIII"" expanded into Semester 8 (and 2 other term(s)) — same subject created once per semester"
Subject,src/lib/content/master-syllabus-data.ts,id=5695,semester,"Multi-semester source row ""IV/VI/VIII"" expanded into Semester 4 (and 2 other term(s)) — same subject created once per semester"
Subject,src/lib/content/master-syllabus-data.ts,id=5695,semester,"Multi-semester source row ""IV/VI/VIII"" expanded into Semester 6 (and 2 other term(s)) — same subject created once per semester"
Subject,src/lib/content/master-syllabus-data.ts,id=5695,semester,"Multi-semester source row ""IV/VI/VIII"" expanded into Semester 8 (and 2 other term(s)) — same subject created once per semester"
Subject,src/lib/content/master-syllabus-data.ts,id=5696,semester,"Multi-semester source row ""IV/VI/VIII"" expanded into Semester 4 (and 2 other term(s)) — same subject created once per semester"
Subject,src/lib/content/master-syllabus-data.ts,id=5696,semester,"Multi-semester source row ""IV/VI/VIII"" expanded into Semester 6 (and 2 other term(s)) — same subject created once per semester"
Subject,src/lib/content/master-syllabus-data.ts,id=5696,semester,"Multi-semester source row ""IV/VI/VIII"" expanded into Semester 8 (and 2 other term(s)) — same subject created once per semester"
Subject,src/lib/content/master-syllabus-data.ts,id=5697,semester,"Multi-semester source row ""IV/VI/VIII"" expanded into Semester 4 (and 2 other term(s)) — same subject created once per semester"
Subject,src/lib/content/master-syllabus-data.ts,id=5697,semester,"Multi-semester source row ""IV/VI/VIII"" expanded into Semester 6 (and 2 other term(s)) — same subject created once per semester"
Subject,src/lib/content/master-syllabus-data.ts,id=5697,semester,"Multi-semester source row ""IV/VI/VIII"" expanded into Semester 8 (and 2 other term(s)) — same subject created once per semester"
Subject,src/lib/content/master-syllabus-data.ts,id=5698,semester,"Multi-semester source row ""IV/VI/VIII"" expanded into Semester 4 (and 2 other term(s)) — same subject created once per semester"
Subject,src/lib/content/master-syllabus-data.ts,id=5698,semester,"Multi-semester source row ""IV/VI/VIII"" expanded into Semester 6 (and 2 other term(s)) — same subject created once per semester"
Subject,src/lib/content/master-syllabus-data.ts,id=5698,semester,"Multi-semester source row ""IV/VI/VIII"" expanded into Semester 8 (and 2 other term(s)) — same subject created once per semester"
Subject,src/lib/content/master-syllabus-data.ts,id=5699,semester,"Multi-semester source row ""IV/VI/VIII"" expanded into Semester 4 (and 2 other term(s)) — same subject created once per semester"
Subject,src/lib/content/master-syllabus-data.ts,id=5699,semester,"Multi-semester source row ""IV/VI/VIII"" expanded into Semester 6 (and 2 other term(s)) — same subject created once per semester"
Subject,src/lib/content/master-syllabus-data.ts,id=5699,semester,"Multi-semester source row ""IV/VI/VIII"" expanded into Semester 8 (and 2 other term(s)) — same subject created once per semester"
Subject,src/lib/content/master-syllabus-data.ts,id=5703,semester,"Multi-semester source row ""V/VII"" expanded into Semester 5 (and 1 other term(s)) — same subject created once per semester"
Subject,src/lib/content/master-syllabus-data.ts,id=5703,semester,"Multi-semester source row ""V/VII"" expanded into Semester 7 (and 1 other term(s)) — same subject created once per semester"
Subject,src/lib/content/master-syllabus-data.ts,id=5704,semester,"Multi-semester source row ""V/VII"" expanded into Semester 5 (and 1 other term(s)) — same subject created once per semester"
Subject,src/lib/content/master-syllabus-data.ts,id=5704,semester,"Multi-semester source row ""V/VII"" expanded into Semester 7 (and 1 other term(s)) — same subject created once per semester"
Subject,src/lib/content/master-syllabus-data.ts,id=5705,semester,"Multi-semester source row ""V/VII"" expanded into Semester 5 (and 1 other term(s)) — same subject created once per semester"
Subject,src/lib/content/master-syllabus-data.ts,id=5705,semester,"Multi-semester source row ""V/VII"" expanded into Semester 7 (and 1 other term(s)) — same subject created once per semester"
Subject,src/lib/content/master-syllabus-data.ts,id=5706,semester,"Multi-semester source row ""V/VII"" expanded into Semester 5 (and 1 other term(s)) — same subject created once per semester"
Subject,src/lib/content/master-syllabus-data.ts,id=5706,semester,"Multi-semester source row ""V/VII"" expanded into Semester 7 (and 1 other term(s)) — same subject created once per semester"
Subject,src/lib/content/master-syllabus-data.ts,id=5707,semester,"Multi-semester source row ""V/VII"" expanded into Semester 5 (and 1 other term(s)) — same subject created once per semester"
Subject,src/lib/content/master-syllabus-data.ts,id=5707,semester,"Multi-semester source row ""V/VII"" expanded into Semester 7 (and 1 other term(s)) — same subject created once per semester"
Subject,src/lib/content/master-syllabus-data.ts,id=5708,semester,"Multi-semester source row ""V/VII"" expanded into Semester 5 (and 1 other term(s)) — same subject created once per semester"
Subject,src/lib/content/master-syllabus-data.ts,id=5708,semester,"Multi-semester source row ""V/VII"" expanded into Semester 7 (and 1 other term(s)) — same subject created once per semester"
Subject,src/lib/content/master-syllabus-data.ts,id=5709,semester,"Multi-semester source row ""V/VII"" expanded into Semester 5 (and 1 other term(s)) — same subject created once per semester"
Subject,src/lib/content/master-syllabus-data.ts,id=5709,semester,"Multi-semester source row ""V/VII"" expanded into Semester 7 (and 1 other term(s)) — same subject created once per semester"
Subject,src/lib/content/master-syllabus-data.ts,id=5710,semester,"Multi-semester source row ""V/VII"" expanded into Semester 5 (and 1 other term(s)) — same subject created once per semester"
Subject,src/lib/content/master-syllabus-data.ts,id=5710,semester,"Multi-semester source row ""V/VII"" expanded into Semester 7 (and 1 other term(s)) — same subject created once per semester"
Subject,src/lib/content/master-syllabus-data.ts,id=5711,semester,"Multi-semester source row ""V/VII"" expanded into Semester 5 (and 1 other term(s)) — same subject created once per semester"
Subject,src/lib/content/master-syllabus-data.ts,id=5711,semester,"Multi-semester source row ""V/VII"" expanded into Semester 7 (and 1 other term(s)) — same subject created once per semester"
Subject,src/lib/content/master-syllabus-data.ts,id=5712,semester,"Multi-semester source row ""V/VII"" expanded into Semester 5 (and 1 other term(s)) — same subject created once per semester"
Subject,src/lib/content/master-syllabus-data.ts,id=5712,semester,"Multi-semester source row ""V/VII"" expanded into Semester 7 (and 1 other term(s)) — same subject created once per semester"
Subject,src/lib/content/master-syllabus-data.ts,id=5713,semester,"Multi-semester source row ""V/VII"" expanded into Semester 5 (and 1 other term(s)) — same subject created once per semester"
Subject,src/lib/content/master-syllabus-data.ts,id=5713,semester,"Multi-semester source row ""V/VII"" expanded into Semester 7 (and 1 other term(s)) — same subject created once per semester"
Subject,src/lib/content/master-syllabus-data.ts,id=5714,semester,"Multi-semester source row ""V/VII"" expanded into Semester 5 (and 1 other term(s)) — same subject created once per semester"
Subject,src/lib/content/master-syllabus-data.ts,id=5714,semester,"Multi-semester source row ""V/VII"" expanded into Semester 7 (and 1 other term(s)) — same subject created once per semester"
Subject,src/lib/content/master-syllabus-data.ts,id=5718,semester,"Multi-semester source row ""VI/VIII"" expanded into Semester 6 (and 1 other term(s)) — same subject created once per semester"
Subject,src/lib/content/master-syllabus-data.ts,id=5718,semester,"Multi-semester source row ""VI/VIII"" expanded into Semester 8 (and 1 other term(s)) — same subject created once per semester"
Subject,src/lib/content/master-syllabus-data.ts,id=5719,semester,"Multi-semester source row ""VI/VIII"" expanded into Semester 6 (and 1 other term(s)) — same subject created once per semester"
Subject,src/lib/content/master-syllabus-data.ts,id=5719,semester,"Multi-semester source row ""VI/VIII"" expanded into Semester 8 (and 1 other term(s)) — same subject created once per semester"
Subject,src/lib/content/master-syllabus-data.ts,id=5720,semester,"Multi-semester source row ""VI/VIII"" expanded into Semester 6 (and 1 other term(s)) — same subject created once per semester"
Subject,src/lib/content/master-syllabus-data.ts,id=5720,semester,"Multi-semester source row ""VI/VIII"" expanded into Semester 8 (and 1 other term(s)) — same subject created once per semester"
Subject,src/lib/content/master-syllabus-data.ts,id=5721,semester,"Multi-semester source row ""VI/VIII"" expanded into Semester 6 (and 1 other term(s)) — same subject created once per semester"
Subject,src/lib/content/master-syllabus-data.ts,id=5721,semester,"Multi-semester source row ""VI/VIII"" expanded into Semester 8 (and 1 other term(s)) — same subject created once per semester"
Subject,src/lib/content/master-syllabus-data.ts,id=5722,semester,"Multi-semester source row ""VI/VIII"" expanded into Semester 6 (and 1 other term(s)) — same subject created once per semester"
Subject,src/lib/content/master-syllabus-data.ts,id=5722,semester,"Multi-semester source row ""VI/VIII"" expanded into Semester 8 (and 1 other term(s)) — same subject created once per semester"
Subject,src/lib/content/master-syllabus-data.ts,id=5723,semester,"Multi-semester source row ""VI/VIII"" expanded into Semester 6 (and 1 other term(s)) — same subject created once per semester"
Subject,src/lib/content/master-syllabus-data.ts,id=5723,semester,"Multi-semester source row ""VI/VIII"" expanded into Semester 8 (and 1 other term(s)) — same subject created once per semester"
Subject,src/lib/content/master-syllabus-data.ts,id=5724,semester,"Multi-semester source row ""VI/VIII"" expanded into Semester 6 (and 1 other term(s)) — same subject created once per semester"
Subject,src/lib/content/master-syllabus-data.ts,id=5724,semester,"Multi-semester source row ""VI/VIII"" expanded into Semester 8 (and 1 other term(s)) — same subject created once per semester"
Subject,src/lib/content/master-syllabus-data.ts,id=5725,semester,"Multi-semester source row ""VI/VIII"" expanded into Semester 6 (and 1 other term(s)) — same subject created once per semester"
Subject,src/lib/content/master-syllabus-data.ts,id=5725,semester,"Multi-semester source row ""VI/VIII"" expanded into Semester 8 (and 1 other term(s)) — same subject created once per semester"
Subject,src/lib/content/master-syllabus-data.ts,id=5726,semester,"Multi-semester source row ""VI/VIII"" expanded into Semester 6 (and 1 other term(s)) — same subject created once per semester"
Subject,src/lib/content/master-syllabus-data.ts,id=5726,semester,"Multi-semester source row ""VI/VIII"" expanded into Semester 8 (and 1 other term(s)) — same subject created once per semester"
Subject,src/lib/content/master-syllabus-data.ts,id=5727,semester,"Multi-semester source row ""VI/VIII"" expanded into Semester 6 (and 1 other term(s)) — same subject created once per semester"
Subject,src/lib/content/master-syllabus-data.ts,id=5727,semester,"Multi-semester source row ""VI/VIII"" expanded into Semester 8 (and 1 other term(s)) — same subject created once per semester"
Subject,src/lib/content/master-syllabus-data.ts,id=5728,semester,"Multi-semester source row ""VI/VIII"" expanded into Semester 6 (and 1 other term(s)) — same subject created once per semester"
Subject,src/lib/content/master-syllabus-data.ts,id=5728,semester,"Multi-semester source row ""VI/VIII"" expanded into Semester 8 (and 1 other term(s)) — same subject created once per semester"
Subject,src/lib/content/master-syllabus-data.ts,id=5729,semester,"Multi-semester source row ""VI/VIII"" expanded into Semester 6 (and 1 other term(s)) — same subject created once per semester"
Subject,src/lib/content/master-syllabus-data.ts,id=5729,semester,"Multi-semester source row ""VI/VIII"" expanded into Semester 8 (and 1 other term(s)) — same subject created once per semester"
Subject,src/lib/content/master-syllabus-data.ts,id=5730,semester,"Multi-semester source row ""VI/VII"" expanded into Semester 6 (and 1 other term(s)) — same subject created once per semester"
Subject,src/lib/content/master-syllabus-data.ts,id=5730,semester,"Multi-semester source row ""VI/VII"" expanded into Semester 7 (and 1 other term(s)) — same subject created once per semester"
Subject,src/lib/content/master-syllabus-data.ts,id=5731,semester,"Multi-semester source row ""VI/VIII"" expanded into Semester 6 (and 1 other term(s)) — same subject created once per semester"
Subject,src/lib/content/master-syllabus-data.ts,id=5731,semester,"Multi-semester source row ""VI/VIII"" expanded into Semester 8 (and 1 other term(s)) — same subject created once per semester"
Subject,src/lib/content/master-syllabus-data.ts,id=5832,semester,"Multi-semester source row ""VI/VII"" expanded into Semester 6 (and 1 other term(s)) — same subject created once per semester"
Subject,src/lib/content/master-syllabus-data.ts,id=5832,semester,"Multi-semester source row ""VI/VII"" expanded into Semester 7 (and 1 other term(s)) — same subject created once per semester"
Subject,src/lib/content/master-syllabus-data.ts,id=5914,semester,"Multi-semester source row ""VI / VII"" expanded into Semester 6 (and 1 other term(s)) — same subject created once per semester"
Subject,src/lib/content/master-syllabus-data.ts,id=5914,semester,"Multi-semester source row ""VI / VII"" expanded into Semester 7 (and 1 other term(s)) — same subject created once per semester"
Subject,src/lib/content/master-syllabus-data.ts,id=5947,semester,"Multi-semester source row ""III/V"" expanded into Semester 3 (and 1 other term(s)) — same subject created once per semester"
Subject,src/lib/content/master-syllabus-data.ts,id=5947,semester,"Multi-semester source row ""III/V"" expanded into Semester 5 (and 1 other term(s)) — same subject created once per semester"
Subject,src/lib/content/master-syllabus-data.ts,id=5948,semester,"Multi-semester source row ""III/V"" expanded into Semester 3 (and 1 other term(s)) — same subject created once per semester"
Subject,src/lib/content/master-syllabus-data.ts,id=5948,semester,"Multi-semester source row ""III/V"" expanded into Semester 5 (and 1 other term(s)) — same subject created once per semester"
Subject,src/lib/content/master-syllabus-data.ts,id=5949,semester,"Multi-semester source row ""III/V"" expanded into Semester 3 (and 1 other term(s)) — same subject created once per semester"
Subject,src/lib/content/master-syllabus-data.ts,id=5949,semester,"Multi-semester source row ""III/V"" expanded into Semester 5 (and 1 other term(s)) — same subject created once per semester"
Subject,src/lib/content/master-syllabus-data.ts,id=5950,semester,"Multi-semester source row ""III/V"" expanded into Semester 3 (and 1 other term(s)) — same subject created once per semester"
Subject,src/lib/content/master-syllabus-data.ts,id=5950,semester,"Multi-semester source row ""III/V"" expanded into Semester 5 (and 1 other term(s)) — same subject created once per semester"
Subject,src/lib/content/master-syllabus-data.ts,id=5951,semester,"Multi-semester source row ""III/V"" expanded into Semester 3 (and 1 other term(s)) — same subject created once per semester"
Subject,src/lib/content/master-syllabus-data.ts,id=5951,semester,"Multi-semester source row ""III/V"" expanded into Semester 5 (and 1 other term(s)) — same subject created once per semester"
Subject,src/lib/content/master-syllabus-data.ts,id=5952,semester,"Multi-semester source row ""III/V"" expanded into Semester 3 (and 1 other term(s)) — same subject created once per semester"
Subject,src/lib/content/master-syllabus-data.ts,id=5952,semester,"Multi-semester source row ""III/V"" expanded into Semester 5 (and 1 other term(s)) — same subject created once per semester"
Subject,src/lib/content/master-syllabus-data.ts,id=5959,semester,"Multi-semester source row ""IV/VI"" expanded into Semester 4 (and 1 other term(s)) — same subject created once per semester"
Subject,src/lib/content/master-syllabus-data.ts,id=5959,semester,"Multi-semester source row ""IV/VI"" expanded into Semester 6 (and 1 other term(s)) — same subject created once per semester"
Subject,src/lib/content/master-syllabus-data.ts,id=5960,semester,"Multi-semester source row ""IV/VI"" expanded into Semester 4 (and 1 other term(s)) — same subject created once per semester"
Subject,src/lib/content/master-syllabus-data.ts,id=5960,semester,"Multi-semester source row ""IV/VI"" expanded into Semester 6 (and 1 other term(s)) — same subject created once per semester"
Subject,src/lib/content/master-syllabus-data.ts,id=5961,semester,"Multi-semester source row ""IV/VI"" expanded into Semester 4 (and 1 other term(s)) — same subject created once per semester"
Subject,src/lib/content/master-syllabus-data.ts,id=5961,semester,"Multi-semester source row ""IV/VI"" expanded into Semester 6 (and 1 other term(s)) — same subject created once per semester"
Subject,src/lib/content/master-syllabus-data.ts,id=5962,semester,"Multi-semester source row ""IV/VI"" expanded into Semester 4 (and 1 other term(s)) — same subject created once per semester"
Subject,src/lib/content/master-syllabus-data.ts,id=5962,semester,"Multi-semester source row ""IV/VI"" expanded into Semester 6 (and 1 other term(s)) — same subject created once per semester"
Subject,src/lib/content/master-syllabus-data.ts,id=5963,semester,"Multi-semester source row ""IV/VI"" expanded into Semester 4 (and 1 other term(s)) — same subject created once per semester"
Subject,src/lib/content/master-syllabus-data.ts,id=5963,semester,"Multi-semester source row ""IV/VI"" expanded into Semester 6 (and 1 other term(s)) — same subject created once per semester"
Subject,src/lib/content/master-syllabus-data.ts,id=6009,semester,"Multi-semester source row ""I/II"" expanded into Semester 1 (and 1 other term(s)) — same subject created once per semester"
Subject,src/lib/content/master-syllabus-data.ts,id=6009,semester,"Multi-semester source row ""I/II"" expanded into Semester 2 (and 1 other term(s)) — same subject created once per semester"
Subject,src/lib/content/master-syllabus-data.ts,id=6010,semester,"Multi-semester source row ""I/II"" expanded into Semester 1 (and 1 other term(s)) — same subject created once per semester"
Subject,src/lib/content/master-syllabus-data.ts,id=6010,semester,"Multi-semester source row ""I/II"" expanded into Semester 2 (and 1 other term(s)) — same subject created once per semester"
Subject,src/lib/content/master-syllabus-data.ts,id=6011,semester,"Multi-semester source row ""I/II"" expanded into Semester 1 (and 1 other term(s)) — same subject created once per semester"
Subject,src/lib/content/master-syllabus-data.ts,id=6011,semester,"Multi-semester source row ""I/II"" expanded into Semester 2 (and 1 other term(s)) — same subject created once per semester"
Subject,src/lib/content/master-syllabus-data.ts,id=6012,semester,"Multi-semester source row ""I/II"" expanded into Semester 1 (and 1 other term(s)) — same subject created once per semester"
Subject,src/lib/content/master-syllabus-data.ts,id=6012,semester,"Multi-semester source row ""I/II"" expanded into Semester 2 (and 1 other term(s)) — same subject created once per semester"
Subject,src/lib/content/master-syllabus-data.ts,id=6013,semester,"Multi-semester source row ""I/II"" expanded into Semester 1 (and 1 other term(s)) — same subject created once per semester"
Subject,src/lib/content/master-syllabus-data.ts,id=6013,semester,"Multi-semester source row ""I/II"" expanded into Semester 2 (and 1 other term(s)) — same subject created once per semester"
Subject,src/lib/content/master-syllabus-data.ts,id=6014,semester,"Multi-semester source row ""I/II"" expanded into Semester 1 (and 1 other term(s)) — same subject created once per semester"
Subject,src/lib/content/master-syllabus-data.ts,id=6014,semester,"Multi-semester source row ""I/II"" expanded into Semester 2 (and 1 other term(s)) — same subject created once per semester"
Subject,src/lib/content/master-syllabus-data.ts,id=6015,semester,"Multi-semester source row ""I/II"" expanded into Semester 1 (and 1 other term(s)) — same subject created once per semester"
Subject,src/lib/content/master-syllabus-data.ts,id=6015,semester,"Multi-semester source row ""I/II"" expanded into Semester 2 (and 1 other term(s)) — same subject created once per semester"
Subject,src/lib/content/master-syllabus-data.ts,id=6016,semester,"Multi-semester source row ""I/II"" expanded into Semester 1 (and 1 other term(s)) — same subject created once per semester"
Subject,src/lib/content/master-syllabus-data.ts,id=6016,semester,"Multi-semester source row ""I/II"" expanded into Semester 2 (and 1 other term(s)) — same subject created once per semester"
Subject,src/lib/content/master-syllabus-data.ts,id=6017,semester,"Multi-semester source row ""I/II"" expanded into Semester 1 (and 1 other term(s)) — same subject created once per semester"
Subject,src/lib/content/master-syllabus-data.ts,id=6017,semester,"Multi-semester source row ""I/II"" expanded into Semester 2 (and 1 other term(s)) — same subject created once per semester"
Subject,src/lib/content/master-syllabus-data.ts,id=6018,semester,"Multi-semester source row ""I/II"" expanded into Semester 1 (and 1 other term(s)) — same subject created once per semester"
Subject,src/lib/content/master-syllabus-data.ts,id=6018,semester,"Multi-semester source row ""I/II"" expanded into Semester 2 (and 1 other term(s)) — same subject created once per semester"
Subject,src/lib/content/master-syllabus-data.ts,id=6019,semester,"Multi-semester source row ""I/II"" expanded into Semester 1 (and 1 other term(s)) — same subject created once per semester"
Subject,src/lib/content/master-syllabus-data.ts,id=6019,semester,"Multi-semester source row ""I/II"" expanded into Semester 2 (and 1 other term(s)) — same subject created once per semester"
Subject,src/lib/content/master-syllabus-data.ts,id=6020,semester,"Multi-semester source row ""I/II"" expanded into Semester 1 (and 1 other term(s)) — same subject created once per semester"
Subject,src/lib/content/master-syllabus-data.ts,id=6020,semester,"Multi-semester source row ""I/II"" expanded into Semester 2 (and 1 other term(s)) — same subject created once per semester"
Subject,src/lib/content/master-syllabus-data.ts,id=6021,semester,"Multi-semester source row ""I/II"" expanded into Semester 1 (and 1 other term(s)) — same subject created once per semester"
Subject,src/lib/content/master-syllabus-data.ts,id=6021,semester,"Multi-semester source row ""I/II"" expanded into Semester 2 (and 1 other term(s)) — same subject created once per semester"
Subject,src/lib/content/master-syllabus-data.ts,id=6022,semester,"Multi-semester source row ""I/II"" expanded into Semester 1 (and 1 other term(s)) — same subject created once per semester"
Subject,src/lib/content/master-syllabus-data.ts,id=6022,semester,"Multi-semester source row ""I/II"" expanded into Semester 2 (and 1 other term(s)) — same subject created once per semester"
Subject,src/lib/content/master-syllabus-data.ts,id=6023,semester,"Multi-semester source row ""I/II"" expanded into Semester 1 (and 1 other term(s)) — same subject created once per semester"
Subject,src/lib/content/master-syllabus-data.ts,id=6023,semester,"Multi-semester source row ""I/II"" expanded into Semester 2 (and 1 other term(s)) — same subject created once per semester"
Subject,src/lib/content/master-syllabus-data.ts,id=6024,semester,"Multi-semester source row ""I/II"" expanded into Semester 1 (and 1 other term(s)) — same subject created once per semester"
Subject,src/lib/content/master-syllabus-data.ts,id=6024,semester,"Multi-semester source row ""I/II"" expanded into Semester 2 (and 1 other term(s)) — same subject created once per semester"
Subject,src/lib/content/master-syllabus-data.ts,id=6025,semester,"Multi-semester source row ""I/II"" expanded into Semester 1 (and 1 other term(s)) — same subject created once per semester"
Subject,src/lib/content/master-syllabus-data.ts,id=6025,semester,"Multi-semester source row ""I/II"" expanded into Semester 2 (and 1 other term(s)) — same subject created once per semester"
Subject,src/lib/content/master-syllabus-data.ts,id=6026,semester,"Multi-semester source row ""I/II"" expanded into Semester 1 (and 1 other term(s)) — same subject created once per semester"
Subject,src/lib/content/master-syllabus-data.ts,id=6026,semester,"Multi-semester source row ""I/II"" expanded into Semester 2 (and 1 other term(s)) — same subject created once per semester"
Subject,src/lib/content/master-syllabus-data.ts,id=6027,semester,"Multi-semester source row ""I/II"" expanded into Semester 1 (and 1 other term(s)) — same subject created once per semester"
Subject,src/lib/content/master-syllabus-data.ts,id=6027,semester,"Multi-semester source row ""I/II"" expanded into Semester 2 (and 1 other term(s)) — same subject created once per semester"
Subject,src/lib/content/master-syllabus-data.ts,id=6028,semester,"Multi-semester source row ""I/II"" expanded into Semester 1 (and 1 other term(s)) — same subject created once per semester"
Subject,src/lib/content/master-syllabus-data.ts,id=6028,semester,"Multi-semester source row ""I/II"" expanded into Semester 2 (and 1 other term(s)) — same subject created once per semester"
Subject,src/lib/content/master-syllabus-data.ts,id=6029,semester,"Multi-semester source row ""I/II"" expanded into Semester 1 (and 1 other term(s)) — same subject created once per semester"
Subject,src/lib/content/master-syllabus-data.ts,id=6029,semester,"Multi-semester source row ""I/II"" expanded into Semester 2 (and 1 other term(s)) — same subject created once per semester"
Subject,src/lib/content/master-syllabus-data.ts,id=6030,semester,"Multi-semester source row ""I/II"" expanded into Semester 1 (and 1 other term(s)) — same subject created once per semester"
Subject,src/lib/content/master-syllabus-data.ts,id=6030,semester,"Multi-semester source row ""I/II"" expanded into Semester 2 (and 1 other term(s)) — same subject created once per semester"
Subject,src/lib/content/master-syllabus-data.ts,id=6031,semester,"Multi-semester source row ""I/II"" expanded into Semester 1 (and 1 other term(s)) — same subject created once per semester"
Subject,src/lib/content/master-syllabus-data.ts,id=6031,semester,"Multi-semester source row ""I/II"" expanded into Semester 2 (and 1 other term(s)) — same subject created once per semester"
Subject,src/lib/content/master-syllabus-data.ts,id=6032,semester,"Multi-semester source row ""I/II"" expanded into Semester 1 (and 1 other term(s)) — same subject created once per semester"
Subject,src/lib/content/master-syllabus-data.ts,id=6032,semester,"Multi-semester source row ""I/II"" expanded into Semester 2 (and 1 other term(s)) — same subject created once per semester"
Subject,src/lib/content/master-syllabus-data.ts,id=6033,semester,"Multi-semester source row ""I/II"" expanded into Semester 1 (and 1 other term(s)) — same subject created once per semester"
Subject,src/lib/content/master-syllabus-data.ts,id=6033,semester,"Multi-semester source row ""I/II"" expanded into Semester 2 (and 1 other term(s)) — same subject created once per semester"
Subject,src/lib/content/master-syllabus-data.ts,id=6034,semester,"Multi-semester source row ""I/II"" expanded into Semester 1 (and 1 other term(s)) — same subject created once per semester"
Subject,src/lib/content/master-syllabus-data.ts,id=6034,semester,"Multi-semester source row ""I/II"" expanded into Semester 2 (and 1 other term(s)) — same subject created once per semester"
Subject,src/lib/content/master-syllabus-data.ts,id=6035,semester,"Multi-semester source row ""I/II"" expanded into Semester 1 (and 1 other term(s)) — same subject created once per semester"
Subject,src/lib/content/master-syllabus-data.ts,id=6035,semester,"Multi-semester source row ""I/II"" expanded into Semester 2 (and 1 other term(s)) — same subject created once per semester"
Subject,src/lib/content/master-syllabus-data.ts,id=6036,semester,"Multi-semester source row ""I/II"" expanded into Semester 1 (and 1 other term(s)) — same subject created once per semester"
Subject,src/lib/content/master-syllabus-data.ts,id=6036,semester,"Multi-semester source row ""I/II"" expanded into Semester 2 (and 1 other term(s)) — same subject created once per semester"
Subject,src/lib/content/master-syllabus-data.ts,id=6037,semester,"Multi-semester source row ""I/II"" expanded into Semester 1 (and 1 other term(s)) — same subject created once per semester"
Subject,src/lib/content/master-syllabus-data.ts,id=6037,semester,"Multi-semester source row ""I/II"" expanded into Semester 2 (and 1 other term(s)) — same subject created once per semester"
Subject,src/lib/content/master-syllabus-data.ts,id=6038,semester,"Multi-semester source row ""I/II"" expanded into Semester 1 (and 1 other term(s)) — same subject created once per semester"
Subject,src/lib/content/master-syllabus-data.ts,id=6038,semester,"Multi-semester source row ""I/II"" expanded into Semester 2 (and 1 other term(s)) — same subject created once per semester"
Subject,src/lib/content/master-syllabus-data.ts,id=6039,semester,"Multi-semester source row ""I/II"" expanded into Semester 1 (and 1 other term(s)) — same subject created once per semester"
Subject,src/lib/content/master-syllabus-data.ts,id=6039,semester,"Multi-semester source row ""I/II"" expanded into Semester 2 (and 1 other term(s)) — same subject created once per semester"
Subject,src/lib/content/master-syllabus-data.ts,id=6040,semester,"Multi-semester source row ""I/II"" expanded into Semester 1 (and 1 other term(s)) — same subject created once per semester"
Subject,src/lib/content/master-syllabus-data.ts,id=6040,semester,"Multi-semester source row ""I/II"" expanded into Semester 2 (and 1 other term(s)) — same subject created once per semester"
Subject,src/lib/content/master-syllabus-data.ts,id=6041,semester,"Multi-semester source row ""I/II"" expanded into Semester 1 (and 1 other term(s)) — same subject created once per semester"
Subject,src/lib/content/master-syllabus-data.ts,id=6041,semester,"Multi-semester source row ""I/II"" expanded into Semester 2 (and 1 other term(s)) — same subject created once per semester"
Subject,src/lib/content/master-syllabus-data.ts,id=6042,semester,"Multi-semester source row ""I/II"" expanded into Semester 1 (and 1 other term(s)) — same subject created once per semester"
Subject,src/lib/content/master-syllabus-data.ts,id=6042,semester,"Multi-semester source row ""I/II"" expanded into Semester 2 (and 1 other term(s)) — same subject created once per semester"
Subject,src/lib/content/master-syllabus-data.ts,id=6043,semester,"Multi-semester source row ""I/II"" expanded into Semester 1 (and 1 other term(s)) — same subject created once per semester"
Subject,src/lib/content/master-syllabus-data.ts,id=6043,semester,"Multi-semester source row ""I/II"" expanded into Semester 2 (and 1 other term(s)) — same subject created once per semester"
Subject,src/lib/content/master-syllabus-data.ts,id=6044,semester,"Multi-semester source row ""I/II"" expanded into Semester 1 (and 1 other term(s)) — same subject created once per semester"
Subject,src/lib/content/master-syllabus-data.ts,id=6044,semester,"Multi-semester source row ""I/II"" expanded into Semester 2 (and 1 other term(s)) — same subject created once per semester"
Subject,src/lib/content/master-syllabus-data.ts,id=6045,semester,"Multi-semester source row ""I/II"" expanded into Semester 1 (and 1 other term(s)) — same subject created once per semester"
Subject,src/lib/content/master-syllabus-data.ts,id=6045,semester,"Multi-semester source row ""I/II"" expanded into Semester 2 (and 1 other term(s)) — same subject created once per semester"
Subject,src/lib/content/master-syllabus-data.ts,id=6046,semester,"Multi-semester source row ""I/II"" expanded into Semester 1 (and 1 other term(s)) — same subject created once per semester"
Subject,src/lib/content/master-syllabus-data.ts,id=6046,semester,"Multi-semester source row ""I/II"" expanded into Semester 2 (and 1 other term(s)) — same subject created once per semester"
Subject,src/lib/content/master-syllabus-data.ts,id=6047,semester,"Multi-semester source row ""I/II"" expanded into Semester 1 (and 1 other term(s)) — same subject created once per semester"
Subject,src/lib/content/master-syllabus-data.ts,id=6047,semester,"Multi-semester source row ""I/II"" expanded into Semester 2 (and 1 other term(s)) — same subject created once per semester"
Subject,src/lib/content/master-syllabus-data.ts,id=6048,semester,"Multi-semester source row ""I/II"" expanded into Semester 1 (and 1 other term(s)) — same subject created once per semester"
Subject,src/lib/content/master-syllabus-data.ts,id=6048,semester,"Multi-semester source row ""I/II"" expanded into Semester 2 (and 1 other term(s)) — same subject created once per semester"
Subject,src/lib/content/master-syllabus-data.ts,id=6049,semester,"Multi-semester source row ""I/II"" expanded into Semester 1 (and 1 other term(s)) — same subject created once per semester"
Subject,src/lib/content/master-syllabus-data.ts,id=6049,semester,"Multi-semester source row ""I/II"" expanded into Semester 2 (and 1 other term(s)) — same subject created once per semester"
Subject,src/lib/content/master-syllabus-data.ts,id=6050,semester,"Multi-semester source row ""I/II"" expanded into Semester 1 (and 1 other term(s)) — same subject created once per semester"
Subject,src/lib/content/master-syllabus-data.ts,id=6050,semester,"Multi-semester source row ""I/II"" expanded into Semester 2 (and 1 other term(s)) — same subject created once per semester"
Subject,src/lib/content/master-syllabus-data.ts,id=6051,semester,"Multi-semester source row ""I/II"" expanded into Semester 1 (and 1 other term(s)) — same subject created once per semester"
Subject,src/lib/content/master-syllabus-data.ts,id=6051,semester,"Multi-semester source row ""I/II"" expanded into Semester 2 (and 1 other term(s)) — same subject created once per semester"
Subject,src/lib/content/master-syllabus-data.ts,id=6052,semester,"Multi-semester source row ""I/II"" expanded into Semester 1 (and 1 other term(s)) — same subject created once per semester"
Subject,src/lib/content/master-syllabus-data.ts,id=6052,semester,"Multi-semester source row ""I/II"" expanded into Semester 2 (and 1 other term(s)) — same subject created once per semester"
Subject,src/lib/content/master-syllabus-data.ts,id=6053,semester,"Multi-semester source row ""I/II"" expanded into Semester 1 (and 1 other term(s)) — same subject created once per semester"
Subject,src/lib/content/master-syllabus-data.ts,id=6053,semester,"Multi-semester source row ""I/II"" expanded into Semester 2 (and 1 other term(s)) — same subject created once per semester"
Subject,src/lib/content/master-syllabus-data.ts,id=6054,semester,"Multi-semester source row ""I/II"" expanded into Semester 1 (and 1 other term(s)) — same subject created once per semester"
Subject,src/lib/content/master-syllabus-data.ts,id=6054,semester,"Multi-semester source row ""I/II"" expanded into Semester 2 (and 1 other term(s)) — same subject created once per semester"
Subject,src/lib/content/master-syllabus-data.ts,id=6055,semester,"Multi-semester source row ""III/IV"" expanded into Semester 3 (and 1 other term(s)) — same subject created once per semester"
Subject,src/lib/content/master-syllabus-data.ts,id=6055,semester,"Multi-semester source row ""III/IV"" expanded into Semester 4 (and 1 other term(s)) — same subject created once per semester"
Subject,src/lib/content/master-syllabus-data.ts,id=6056,semester,"Multi-semester source row ""III/IV"" expanded into Semester 3 (and 1 other term(s)) — same subject created once per semester"
Subject,src/lib/content/master-syllabus-data.ts,id=6056,semester,"Multi-semester source row ""III/IV"" expanded into Semester 4 (and 1 other term(s)) — same subject created once per semester"
Subject,src/lib/content/master-syllabus-data.ts,id=6057,semester,"Multi-semester source row ""III/IV"" expanded into Semester 3 (and 1 other term(s)) — same subject created once per semester"
Subject,src/lib/content/master-syllabus-data.ts,id=6057,semester,"Multi-semester source row ""III/IV"" expanded into Semester 4 (and 1 other term(s)) — same subject created once per semester"
Subject,src/lib/content/master-syllabus-data.ts,id=6058,semester,"Multi-semester source row ""III/IV"" expanded into Semester 3 (and 1 other term(s)) — same subject created once per semester"
Subject,src/lib/content/master-syllabus-data.ts,id=6058,semester,"Multi-semester source row ""III/IV"" expanded into Semester 4 (and 1 other term(s)) — same subject created once per semester"
Subject,src/lib/content/master-syllabus-data.ts,id=6059,semester,"Multi-semester source row ""III/IV"" expanded into Semester 3 (and 1 other term(s)) — same subject created once per semester"
Subject,src/lib/content/master-syllabus-data.ts,id=6059,semester,"Multi-semester source row ""III/IV"" expanded into Semester 4 (and 1 other term(s)) — same subject created once per semester"
Subject,src/lib/content/master-syllabus-data.ts,id=6060,semester,"Multi-semester source row ""III/IV"" expanded into Semester 3 (and 1 other term(s)) — same subject created once per semester"
Subject,src/lib/content/master-syllabus-data.ts,id=6060,semester,"Multi-semester source row ""III/IV"" expanded into Semester 4 (and 1 other term(s)) — same subject created once per semester"
Subject,src/lib/content/master-syllabus-data.ts,id=6061,semester,"Multi-semester source row ""III/IV"" expanded into Semester 3 (and 1 other term(s)) — same subject created once per semester"
Subject,src/lib/content/master-syllabus-data.ts,id=6061,semester,"Multi-semester source row ""III/IV"" expanded into Semester 4 (and 1 other term(s)) — same subject created once per semester"
Subject,src/lib/content/master-syllabus-data.ts,id=6062,semester,"Multi-semester source row ""III/IV"" expanded into Semester 3 (and 1 other term(s)) — same subject created once per semester"
Subject,src/lib/content/master-syllabus-data.ts,id=6062,semester,"Multi-semester source row ""III/IV"" expanded into Semester 4 (and 1 other term(s)) — same subject created once per semester"
Subject,src/lib/content/master-syllabus-data.ts,id=6063,semester,"Multi-semester source row ""III/IV"" expanded into Semester 3 (and 1 other term(s)) — same subject created once per semester"
Subject,src/lib/content/master-syllabus-data.ts,id=6063,semester,"Multi-semester source row ""III/IV"" expanded into Semester 4 (and 1 other term(s)) — same subject created once per semester"
Subject,src/lib/content/master-syllabus-data.ts,id=6064,semester,"Multi-semester source row ""III/IV"" expanded into Semester 3 (and 1 other term(s)) — same subject created once per semester"
Subject,src/lib/content/master-syllabus-data.ts,id=6064,semester,"Multi-semester source row ""III/IV"" expanded into Semester 4 (and 1 other term(s)) — same subject created once per semester"
Subject,src/lib/content/master-syllabus-data.ts,id=6065,semester,"Multi-semester source row ""III/IV"" expanded into Semester 3 (and 1 other term(s)) — same subject created once per semester"
Subject,src/lib/content/master-syllabus-data.ts,id=6065,semester,"Multi-semester source row ""III/IV"" expanded into Semester 4 (and 1 other term(s)) — same subject created once per semester"
Subject,src/lib/content/master-syllabus-data.ts,id=6066,semester,"Multi-semester source row ""III/IV"" expanded into Semester 3 (and 1 other term(s)) — same subject created once per semester"
Subject,src/lib/content/master-syllabus-data.ts,id=6066,semester,"Multi-semester source row ""III/IV"" expanded into Semester 4 (and 1 other term(s)) — same subject created once per semester"
Subject,src/lib/content/master-syllabus-data.ts,id=6067,semester,"Multi-semester source row ""III/IV"" expanded into Semester 3 (and 1 other term(s)) — same subject created once per semester"
Subject,src/lib/content/master-syllabus-data.ts,id=6067,semester,"Multi-semester source row ""III/IV"" expanded into Semester 4 (and 1 other term(s)) — same subject created once per semester"
Subject,src/lib/content/master-syllabus-data.ts,id=6068,semester,"Multi-semester source row ""III/IV"" expanded into Semester 3 (and 1 other term(s)) — same subject created once per semester"
Subject,src/lib/content/master-syllabus-data.ts,id=6068,semester,"Multi-semester source row ""III/IV"" expanded into Semester 4 (and 1 other term(s)) — same subject created once per semester"
Subject,src/lib/content/master-syllabus-data.ts,id=6069,semester,"Multi-semester source row ""III/IV"" expanded into Semester 3 (and 1 other term(s)) — same subject created once per semester"
Subject,src/lib/content/master-syllabus-data.ts,id=6069,semester,"Multi-semester source row ""III/IV"" expanded into Semester 4 (and 1 other term(s)) — same subject created once per semester"
Subject,src/lib/content/master-syllabus-data.ts,id=6070,semester,"Multi-semester source row ""III/IV"" expanded into Semester 3 (and 1 other term(s)) — same subject created once per semester"
Subject,src/lib/content/master-syllabus-data.ts,id=6070,semester,"Multi-semester source row ""III/IV"" expanded into Semester 4 (and 1 other term(s)) — same subject created once per semester"
Subject,src/lib/content/master-syllabus-data.ts,id=6071,semester,"Multi-semester source row ""III/IV"" expanded into Semester 3 (and 1 other term(s)) — same subject created once per semester"
Subject,src/lib/content/master-syllabus-data.ts,id=6071,semester,"Multi-semester source row ""III/IV"" expanded into Semester 4 (and 1 other term(s)) — same subject created once per semester"
Subject,src/lib/content/master-syllabus-data.ts,id=6072,semester,"Multi-semester source row ""III/IV"" expanded into Semester 3 (and 1 other term(s)) — same subject created once per semester"
Subject,src/lib/content/master-syllabus-data.ts,id=6072,semester,"Multi-semester source row ""III/IV"" expanded into Semester 4 (and 1 other term(s)) — same subject created once per semester"
Subject,src/lib/content/master-syllabus-data.ts,id=6073,semester,"Multi-semester source row ""III/IV"" expanded into Semester 3 (and 1 other term(s)) — same subject created once per semester"
Subject,src/lib/content/master-syllabus-data.ts,id=6073,semester,"Multi-semester source row ""III/IV"" expanded into Semester 4 (and 1 other term(s)) — same subject created once per semester"
Subject,src/lib/content/master-syllabus-data.ts,id=6074,semester,"Multi-semester source row ""III/IV"" expanded into Semester 3 (and 1 other term(s)) — same subject created once per semester"
Subject,src/lib/content/master-syllabus-data.ts,id=6074,semester,"Multi-semester source row ""III/IV"" expanded into Semester 4 (and 1 other term(s)) — same subject created once per semester"
Subject,src/lib/content/master-syllabus-data.ts,id=6075,semester,"Multi-semester source row ""III/IV"" expanded into Semester 3 (and 1 other term(s)) — same subject created once per semester"
Subject,src/lib/content/master-syllabus-data.ts,id=6075,semester,"Multi-semester source row ""III/IV"" expanded into Semester 4 (and 1 other term(s)) — same subject created once per semester"
Subject,src/lib/content/master-syllabus-data.ts,id=6076,semester,"Multi-semester source row ""III/IV"" expanded into Semester 3 (and 1 other term(s)) — same subject created once per semester"
Subject,src/lib/content/master-syllabus-data.ts,id=6076,semester,"Multi-semester source row ""III/IV"" expanded into Semester 4 (and 1 other term(s)) — same subject created once per semester"
Subject,src/lib/content/master-syllabus-data.ts,id=6077,semester,"Multi-semester source row ""III/IV"" expanded into Semester 3 (and 1 other term(s)) — same subject created once per semester"
Subject,src/lib/content/master-syllabus-data.ts,id=6077,semester,"Multi-semester source row ""III/IV"" expanded into Semester 4 (and 1 other term(s)) — same subject created once per semester"
Subject,src/lib/content/master-syllabus-data.ts,id=6078,semester,"Multi-semester source row ""III/IV"" expanded into Semester 3 (and 1 other term(s)) — same subject created once per semester"
Subject,src/lib/content/master-syllabus-data.ts,id=6078,semester,"Multi-semester source row ""III/IV"" expanded into Semester 4 (and 1 other term(s)) — same subject created once per semester"
Subject,src/lib/content/master-syllabus-data.ts,id=6079,semester,"Multi-semester source row ""III/IV"" expanded into Semester 3 (and 1 other term(s)) — same subject created once per semester"
Subject,src/lib/content/master-syllabus-data.ts,id=6079,semester,"Multi-semester source row ""III/IV"" expanded into Semester 4 (and 1 other term(s)) — same subject created once per semester"
Subject,src/lib/content/master-syllabus-data.ts,id=6080,semester,"Multi-semester source row ""III/IV"" expanded into Semester 3 (and 1 other term(s)) — same subject created once per semester"
Subject,src/lib/content/master-syllabus-data.ts,id=6080,semester,"Multi-semester source row ""III/IV"" expanded into Semester 4 (and 1 other term(s)) — same subject created once per semester"
Subject,src/lib/content/master-syllabus-data.ts,id=6081,semester,"Multi-semester source row ""III/IV"" expanded into Semester 3 (and 1 other term(s)) — same subject created once per semester"
Subject,src/lib/content/master-syllabus-data.ts,id=6081,semester,"Multi-semester source row ""III/IV"" expanded into Semester 4 (and 1 other term(s)) — same subject created once per semester"
Subject,src/lib/content/master-syllabus-data.ts,id=6082,semester,"Multi-semester source row ""III/IV"" expanded into Semester 3 (and 1 other term(s)) — same subject created once per semester"
Subject,src/lib/content/master-syllabus-data.ts,id=6082,semester,"Multi-semester source row ""III/IV"" expanded into Semester 4 (and 1 other term(s)) — same subject created once per semester"
Subject,src/lib/content/master-syllabus-data.ts,id=6083,semester,"Multi-semester source row ""III/IV"" expanded into Semester 3 (and 1 other term(s)) — same subject created once per semester"
Subject,src/lib/content/master-syllabus-data.ts,id=6083,semester,"Multi-semester source row ""III/IV"" expanded into Semester 4 (and 1 other term(s)) — same subject created once per semester"
Subject,src/lib/content/master-syllabus-data.ts,id=6084,semester,"Multi-semester source row ""III/IV"" expanded into Semester 3 (and 1 other term(s)) — same subject created once per semester"
Subject,src/lib/content/master-syllabus-data.ts,id=6084,semester,"Multi-semester source row ""III/IV"" expanded into Semester 4 (and 1 other term(s)) — same subject created once per semester"
Subject,src/lib/content/master-syllabus-data.ts,id=6085,semester,"Multi-semester source row ""III/IV"" expanded into Semester 3 (and 1 other term(s)) — same subject created once per semester"
Subject,src/lib/content/master-syllabus-data.ts,id=6085,semester,"Multi-semester source row ""III/IV"" expanded into Semester 4 (and 1 other term(s)) — same subject created once per semester"
Subject,src/lib/content/master-syllabus-data.ts,id=6086,semester,"Multi-semester source row ""III/IV"" expanded into Semester 3 (and 1 other term(s)) — same subject created once per semester"
Subject,src/lib/content/master-syllabus-data.ts,id=6086,semester,"Multi-semester source row ""III/IV"" expanded into Semester 4 (and 1 other term(s)) — same subject created once per semester"
Subject,src/lib/content/master-syllabus-data.ts,id=6087,semester,"Multi-semester source row ""III/IV"" expanded into Semester 3 (and 1 other term(s)) — same subject created once per semester"
Subject,src/lib/content/master-syllabus-data.ts,id=6087,semester,"Multi-semester source row ""III/IV"" expanded into Semester 4 (and 1 other term(s)) — same subject created once per semester"
Subject,src/lib/content/master-syllabus-data.ts,id=6088,semester,"Multi-semester source row ""III/IV"" expanded into Semester 3 (and 1 other term(s)) — same subject created once per semester"
Subject,src/lib/content/master-syllabus-data.ts,id=6088,semester,"Multi-semester source row ""III/IV"" expanded into Semester 4 (and 1 other term(s)) — same subject created once per semester"
Subject,src/lib/content/master-syllabus-data.ts,id=6089,semester,"Multi-semester source row ""III/IV"" expanded into Semester 3 (and 1 other term(s)) — same subject created once per semester"
Subject,src/lib/content/master-syllabus-data.ts,id=6089,semester,"Multi-semester source row ""III/IV"" expanded into Semester 4 (and 1 other term(s)) — same subject created once per semester"
Subject,src/lib/content/master-syllabus-data.ts,id=6090,semester,"Multi-semester source row ""III/IV"" expanded into Semester 3 (and 1 other term(s)) — same subject created once per semester"
Subject,src/lib/content/master-syllabus-data.ts,id=6090,semester,"Multi-semester source row ""III/IV"" expanded into Semester 4 (and 1 other term(s)) — same subject created once per semester"
Subject,src/lib/content/master-syllabus-data.ts,id=6091,semester,"Multi-semester source row ""III/IV"" expanded into Semester 3 (and 1 other term(s)) — same subject created once per semester"
Subject,src/lib/content/master-syllabus-data.ts,id=6091,semester,"Multi-semester source row ""III/IV"" expanded into Semester 4 (and 1 other term(s)) — same subject created once per semester"
Subject,src/lib/content/master-syllabus-data.ts,id=6092,semester,"Multi-semester source row ""III/IV"" expanded into Semester 3 (and 1 other term(s)) — same subject created once per semester"
Subject,src/lib/content/master-syllabus-data.ts,id=6092,semester,"Multi-semester source row ""III/IV"" expanded into Semester 4 (and 1 other term(s)) — same subject created once per semester"
Subject,src/lib/content/master-syllabus-data.ts,id=6093,semester,"Multi-semester source row ""III/IV"" expanded into Semester 3 (and 1 other term(s)) — same subject created once per semester"
Subject,src/lib/content/master-syllabus-data.ts,id=6093,semester,"Multi-semester source row ""III/IV"" expanded into Semester 4 (and 1 other term(s)) — same subject created once per semester"
Subject,src/lib/content/master-syllabus-data.ts,id=6094,semester,"Multi-semester source row ""III/IV"" expanded into Semester 3 (and 1 other term(s)) — same subject created once per semester"
Subject,src/lib/content/master-syllabus-data.ts,id=6094,semester,"Multi-semester source row ""III/IV"" expanded into Semester 4 (and 1 other term(s)) — same subject created once per semester"
Subject,src/lib/content/master-syllabus-data.ts,id=6095,semester,"Multi-semester source row ""III/IV"" expanded into Semester 3 (and 1 other term(s)) — same subject created once per semester"
Subject,src/lib/content/master-syllabus-data.ts,id=6095,semester,"Multi-semester source row ""III/IV"" expanded into Semester 4 (and 1 other term(s)) — same subject created once per semester"
Subject,src/lib/content/master-syllabus-data.ts,id=6096,semester,"Multi-semester source row ""III/IV"" expanded into Semester 3 (and 1 other term(s)) — same subject created once per semester"
Subject,src/lib/content/master-syllabus-data.ts,id=6096,semester,"Multi-semester source row ""III/IV"" expanded into Semester 4 (and 1 other term(s)) — same subject created once per semester"
Subject,src/lib/content/master-syllabus-data.ts,id=6097,semester,"Multi-semester source row ""III/IV"" expanded into Semester 3 (and 1 other term(s)) — same subject created once per semester"
Subject,src/lib/content/master-syllabus-data.ts,id=6097,semester,"Multi-semester source row ""III/IV"" expanded into Semester 4 (and 1 other term(s)) — same subject created once per semester"
Subject,src/lib/content/master-syllabus-data.ts,id=6098,semester,"Multi-semester source row ""III/IV"" expanded into Semester 3 (and 1 other term(s)) — same subject created once per semester"
Subject,src/lib/content/master-syllabus-data.ts,id=6098,semester,"Multi-semester source row ""III/IV"" expanded into Semester 4 (and 1 other term(s)) — same subject created once per semester"
Subject,src/lib/content/master-syllabus-data.ts,id=6099,semester,"Multi-semester source row ""III/IV"" expanded into Semester 3 (and 1 other term(s)) — same subject created once per semester"
Subject,src/lib/content/master-syllabus-data.ts,id=6099,semester,"Multi-semester source row ""III/IV"" expanded into Semester 4 (and 1 other term(s)) — same subject created once per semester"
Subject,src/lib/content/master-syllabus-data.ts,id=6100,semester,"Multi-semester source row ""III/IV"" expanded into Semester 3 (and 1 other term(s)) — same subject created once per semester"
Subject,src/lib/content/master-syllabus-data.ts,id=6100,semester,"Multi-semester source row ""III/IV"" expanded into Semester 4 (and 1 other term(s)) — same subject created once per semester"
Subject,src/lib/content/master-syllabus-data.ts,id=6101,semester,"Multi-semester source row ""III/IV"" expanded into Semester 3 (and 1 other term(s)) — same subject created once per semester"
Subject,src/lib/content/master-syllabus-data.ts,id=6101,semester,"Multi-semester source row ""III/IV"" expanded into Semester 4 (and 1 other term(s)) — same subject created once per semester"
Subject,src/lib/content/master-syllabus-data.ts,id=6102,semester,"""Pool / not fixed"" is an elective-pool row (no fixed semester) — not imported this wave, needs a pool-Program design decision"
Subject,src/lib/content/master-syllabus-data.ts,id=6103,semester,"""Pool / not fixed"" is an elective-pool row (no fixed semester) — not imported this wave, needs a pool-Program design decision"
Subject,src/lib/content/master-syllabus-data.ts,id=6104,semester,"""Pool / not fixed"" is an elective-pool row (no fixed semester) — not imported this wave, needs a pool-Program design decision"
Subject,src/lib/content/master-syllabus-data.ts,id=6105,semester,"""Pool / not fixed"" is an elective-pool row (no fixed semester) — not imported this wave, needs a pool-Program design decision"
Subject,src/lib/content/master-syllabus-data.ts,id=6106,semester,"""Pool / not fixed"" is an elective-pool row (no fixed semester) — not imported this wave, needs a pool-Program design decision"
Subject,src/lib/content/master-syllabus-data.ts,id=6107,semester,"""Pool / not fixed"" is an elective-pool row (no fixed semester) — not imported this wave, needs a pool-Program design decision"
Subject,src/lib/content/master-syllabus-data.ts,id=6108,semester,"""Pool / not fixed"" is an elective-pool row (no fixed semester) — not imported this wave, needs a pool-Program design decision"
Subject,src/lib/content/master-syllabus-data.ts,id=6109,semester,"""Pool / not fixed"" is an elective-pool row (no fixed semester) — not imported this wave, needs a pool-Program design decision"
Subject,src/lib/content/master-syllabus-data.ts,id=6110,semester,"""Pool / not fixed"" is an elective-pool row (no fixed semester) — not imported this wave, needs a pool-Program design decision"
Subject,src/lib/content/master-syllabus-data.ts,id=6111,semester,"""Pool / not fixed"" is an elective-pool row (no fixed semester) — not imported this wave, needs a pool-Program design decision"
Subject,src/lib/content/master-syllabus-data.ts,id=6112,semester,"""Pool / not fixed"" is an elective-pool row (no fixed semester) — not imported this wave, needs a pool-Program design decision"
Subject,src/lib/content/master-syllabus-data.ts,id=6113,semester,"""Pool / not fixed"" is an elective-pool row (no fixed semester) — not imported this wave, needs a pool-Program design decision"
Subject,src/lib/content/master-syllabus-data.ts,id=6114,semester,"""Pool / not fixed"" is an elective-pool row (no fixed semester) — not imported this wave, needs a pool-Program design decision"
Subject,src/lib/content/master-syllabus-data.ts,id=6115,semester,"""Pool / not fixed"" is an elective-pool row (no fixed semester) — not imported this wave, needs a pool-Program design decision"
Subject,src/lib/content/master-syllabus-data.ts,id=6116,semester,"""Pool / not fixed"" is an elective-pool row (no fixed semester) — not imported this wave, needs a pool-Program design decision"
Subject,src/lib/content/master-syllabus-data.ts,id=6117,semester,"""Pool / not fixed"" is an elective-pool row (no fixed semester) — not imported this wave, needs a pool-Program design decision"
Subject,src/lib/content/master-syllabus-data.ts,id=6118,semester,"""Pool / not fixed"" is an elective-pool row (no fixed semester) — not imported this wave, needs a pool-Program design decision"
Subject,src/lib/content/master-syllabus-data.ts,id=6119,semester,"""Pool / not fixed"" is an elective-pool row (no fixed semester) — not imported this wave, needs a pool-Program design decision"
Subject,src/lib/content/master-syllabus-data.ts,id=6120,semester,"""Pool / not fixed"" is an elective-pool row (no fixed semester) — not imported this wave, needs a pool-Program design decision"
Subject,src/lib/content/master-syllabus-data.ts,id=6121,semester,"""Pool / not fixed"" is an elective-pool row (no fixed semester) — not imported this wave, needs a pool-Program design decision"
Subject,src/lib/content/master-syllabus-data.ts,id=6122,semester,"""Pool / not fixed"" is an elective-pool row (no fixed semester) — not imported this wave, needs a pool-Program design decision"
Subject,src/lib/content/master-syllabus-data.ts,id=6123,semester,"""Pool / not fixed"" is an elective-pool row (no fixed semester) — not imported this wave, needs a pool-Program design decision"
Subject,src/lib/content/master-syllabus-data.ts,id=6124,semester,"""Pool / not fixed"" is an elective-pool row (no fixed semester) — not imported this wave, needs a pool-Program design decision"
Subject,src/lib/content/master-syllabus-data.ts,id=6125,semester,"""Pool / not fixed"" is an elective-pool row (no fixed semester) — not imported this wave, needs a pool-Program design decision"
Subject,src/lib/content/master-syllabus-data.ts,id=6126,semester,"""Pool / not fixed"" is an elective-pool row (no fixed semester) — not imported this wave, needs a pool-Program design decision"
Subject,src/lib/content/master-syllabus-data.ts,id=6127,semester,"""Pool / not fixed"" is an elective-pool row (no fixed semester) — not imported this wave, needs a pool-Program design decision"
Subject,src/lib/content/master-syllabus-data.ts,id=6128,semester,"""Pool / not fixed"" is an elective-pool row (no fixed semester) — not imported this wave, needs a pool-Program design decision"
Subject,src/lib/content/master-syllabus-data.ts,id=6129,semester,"""Pool / not fixed"" is an elective-pool row (no fixed semester) — not imported this wave, needs a pool-Program design decision"
Subject,src/lib/content/master-syllabus-data.ts,id=6130,semester,"""Pool / not fixed"" is an elective-pool row (no fixed semester) — not imported this wave, needs a pool-Program design decision"
Subject,src/lib/content/master-syllabus-data.ts,id=6131,semester,"""Pool / not fixed"" is an elective-pool row (no fixed semester) — not imported this wave, needs a pool-Program design decision"
Subject,src/lib/content/master-syllabus-data.ts,id=6132,semester,"""Pool / not fixed"" is an elective-pool row (no fixed semester) — not imported this wave, needs a pool-Program design decision"
Subject,src/lib/content/master-syllabus-data.ts,id=6133,semester,"""Pool / not fixed"" is an elective-pool row (no fixed semester) — not imported this wave, needs a pool-Program design decision"
Subject,src/lib/content/master-syllabus-data.ts,id=6134,semester,"""Pool / not fixed"" is an elective-pool row (no fixed semester) — not imported this wave, needs a pool-Program design decision"
Subject,src/lib/content/master-syllabus-data.ts,id=6135,semester,"""Pool / not fixed"" is an elective-pool row (no fixed semester) — not imported this wave, needs a pool-Program design decision"
Subject,src/lib/content/master-syllabus-data.ts,id=6136,semester,"""Pool / not fixed"" is an elective-pool row (no fixed semester) — not imported this wave, needs a pool-Program design decision"
Subject,src/lib/content/master-syllabus-data.ts,id=6137,semester,"""Pool / not fixed"" is an elective-pool row (no fixed semester) — not imported this wave, needs a pool-Program design decision"
Subject,src/lib/content/master-syllabus-data.ts,id=6138,semester,"""Pool / not fixed"" is an elective-pool row (no fixed semester) — not imported this wave, needs a pool-Program design decision"
Subject,src/lib/content/master-syllabus-data.ts,id=6139,semester,"""Pool / not fixed"" is an elective-pool row (no fixed semester) — not imported this wave, needs a pool-Program design decision"
Subject,src/lib/content/master-syllabus-data.ts,id=6140,semester,"""Pool / not fixed"" is an elective-pool row (no fixed semester) — not imported this wave, needs a pool-Program design decision"
Subject,src/lib/content/master-syllabus-data.ts,id=6141,semester,"""Pool / not fixed"" is an elective-pool row (no fixed semester) — not imported this wave, needs a pool-Program design decision"
Subject,src/lib/content/master-syllabus-data.ts,id=6142,semester,"""Pool / not fixed"" is an elective-pool row (no fixed semester) — not imported this wave, needs a pool-Program design decision"
Subject,src/lib/content/master-syllabus-data.ts,id=6143,semester,"""Pool / not fixed"" is an elective-pool row (no fixed semester) — not imported this wave, needs a pool-Program design decision"
Subject,src/lib/content/master-syllabus-data.ts,id=6144,semester,"""Pool / not fixed"" is an elective-pool row (no fixed semester) — not imported this wave, needs a pool-Program design decision"
Subject,src/lib/content/master-syllabus-data.ts,id=6145,semester,"""Pool / not fixed"" is an elective-pool row (no fixed semester) — not imported this wave, needs a pool-Program design decision"
Subject,src/lib/content/master-syllabus-data.ts,id=6146,semester,"""Pool / not fixed"" is an elective-pool row (no fixed semester) — not imported this wave, needs a pool-Program design decision"
Subject,src/lib/content/master-syllabus-data.ts,id=6147,semester,"""Pool / not fixed"" is an elective-pool row (no fixed semester) — not imported this wave, needs a pool-Program design decision"
Subject,src/lib/content/master-syllabus-data.ts,id=6148,semester,"""Pool / not fixed"" is an elective-pool row (no fixed semester) — not imported this wave, needs a pool-Program design decision"
Subject,src/lib/content/master-syllabus-data.ts,id=6149,semester,"""Pool / not fixed"" is an elective-pool row (no fixed semester) — not imported this wave, needs a pool-Program design decision"
Subject,src/lib/content/master-syllabus-data.ts,id=6150,semester,"""Pool / not fixed"" is an elective-pool row (no fixed semester) — not imported this wave, needs a pool-Program design decision"
Subject,src/lib/content/master-syllabus-data.ts,id=6151,semester,"""Pool / not fixed"" is an elective-pool row (no fixed semester) — not imported this wave, needs a pool-Program design decision"
Subject,src/lib/content/master-syllabus-data.ts,id=6152,semester,"""Pool / not fixed"" is an elective-pool row (no fixed semester) — not imported this wave, needs a pool-Program design decision"
Subject,src/lib/content/master-syllabus-data.ts,id=6153,semester,"""Pool / not fixed"" is an elective-pool row (no fixed semester) — not imported this wave, needs a pool-Program design decision"
Subject,src/lib/content/master-syllabus-data.ts,id=6154,semester,"""Pool / not fixed"" is an elective-pool row (no fixed semester) — not imported this wave, needs a pool-Program design decision"
Subject,src/lib/content/master-syllabus-data.ts,id=6155,semester,"""Pool / not fixed"" is an elective-pool row (no fixed semester) — not imported this wave, needs a pool-Program design decision"
Subject,src/lib/content/master-syllabus-data.ts,id=6156,semester,"""Pool / not fixed"" is an elective-pool row (no fixed semester) — not imported this wave, needs a pool-Program design decision"
Subject,src/lib/content/master-syllabus-data.ts,id=6157,semester,"""Pool / not fixed"" is an elective-pool row (no fixed semester) — not imported this wave, needs a pool-Program design decision"
Subject,src/lib/content/master-syllabus-data.ts,id=6158,semester,"""Pool / not fixed"" is an elective-pool row (no fixed semester) — not imported this wave, needs a pool-Program design decision"
Subject,src/lib/content/master-syllabus-data.ts,id=6159,semester,"""Pool / not fixed"" is an elective-pool row (no fixed semester) — not imported this wave, needs a pool-Program design decision"
Subject,src/lib/content/master-syllabus-data.ts,id=6160,semester,"""Pool / not fixed"" is an elective-pool row (no fixed semester) — not imported this wave, needs a pool-Program design decision"
Subject,src/lib/content/master-syllabus-data.ts,id=6161,semester,"""Pool / not fixed"" is an elective-pool row (no fixed semester) — not imported this wave, needs a pool-Program design decision"
Subject,src/lib/content/master-syllabus-data.ts,id=6162,semester,"""Pool / not fixed"" is an elective-pool row (no fixed semester) — not imported this wave, needs a pool-Program design decision"
Subject,src/lib/content/master-syllabus-data.ts,id=6163,semester,"""Pool / not fixed"" is an elective-pool row (no fixed semester) — not imported this wave, needs a pool-Program design decision"
Subject,src/lib/content/master-syllabus-data.ts,id=6164,semester,"""Pool / not fixed"" is an elective-pool row (no fixed semester) — not imported this wave, needs a pool-Program design decision"
Subject,src/lib/content/master-syllabus-data.ts,id=6165,semester,"""Pool / not fixed"" is an elective-pool row (no fixed semester) — not imported this wave, needs a pool-Program design decision"
Subject,src/lib/content/master-syllabus-data.ts,id=6166,semester,"""Pool / not fixed"" is an elective-pool row (no fixed semester) — not imported this wave, needs a pool-Program design decision"
Subject,src/lib/content/master-syllabus-data.ts,id=6167,semester,"""Pool / not fixed"" is an elective-pool row (no fixed semester) — not imported this wave, needs a pool-Program design decision"
Subject,src/lib/content/master-syllabus-data.ts,id=6168,semester,"""Pool / not fixed"" is an elective-pool row (no fixed semester) — not imported this wave, needs a pool-Program design decision"
Subject,src/lib/content/master-syllabus-data.ts,id=6169,semester,"""Pool / not fixed"" is an elective-pool row (no fixed semester) — not imported this wave, needs a pool-Program design decision"
Subject,src/lib/content/master-syllabus-data.ts,id=6170,semester,"""Pool / not fixed"" is an elective-pool row (no fixed semester) — not imported this wave, needs a pool-Program design decision"
Subject,src/lib/content/master-syllabus-data.ts,id=6171,semester,"""Pool / not fixed"" is an elective-pool row (no fixed semester) — not imported this wave, needs a pool-Program design decision"
Subject,src/lib/content/master-syllabus-data.ts,id=6172,semester,"""Pool / not fixed"" is an elective-pool row (no fixed semester) — not imported this wave, needs a pool-Program design decision"
Subject,src/lib/content/master-syllabus-data.ts,id=6173,semester,"""Pool / not fixed"" is an elective-pool row (no fixed semester) — not imported this wave, needs a pool-Program design decision"
Subject,src/lib/content/master-syllabus-data.ts,id=6174,semester,"""Pool / not fixed"" is an elective-pool row (no fixed semester) — not imported this wave, needs a pool-Program design decision"
Subject,src/lib/content/master-syllabus-data.ts,id=6175,semester,"""Pool / not fixed"" is an elective-pool row (no fixed semester) — not imported this wave, needs a pool-Program design decision"
Subject,src/lib/content/master-syllabus-data.ts,id=6176,semester,"""Pool / not fixed"" is an elective-pool row (no fixed semester) — not imported this wave, needs a pool-Program design decision"
Subject,src/lib/content/master-syllabus-data.ts,id=6177,semester,"""Pool / not fixed"" is an elective-pool row (no fixed semester) — not imported this wave, needs a pool-Program design decision"
Subject,src/lib/content/master-syllabus-data.ts,id=6178,semester,"""Pool / not fixed"" is an elective-pool row (no fixed semester) — not imported this wave, needs a pool-Program design decision"
Subject,src/lib/content/master-syllabus-data.ts,id=6179,semester,"""Pool / not fixed"" is an elective-pool row (no fixed semester) — not imported this wave, needs a pool-Program design decision"
Subject,src/lib/content/master-syllabus-data.ts,id=6180,semester,"""Pool / not fixed"" is an elective-pool row (no fixed semester) — not imported this wave, needs a pool-Program design decision"
Subject,src/lib/content/master-syllabus-data.ts,id=6181,semester,"""Pool / not fixed"" is an elective-pool row (no fixed semester) — not imported this wave, needs a pool-Program design decision"
Subject,src/lib/content/master-syllabus-data.ts,id=6182,semester,"""Pool / not fixed"" is an elective-pool row (no fixed semester) — not imported this wave, needs a pool-Program design decision"
Subject,src/lib/content/master-syllabus-data.ts,id=6183,semester,"""Pool / not fixed"" is an elective-pool row (no fixed semester) — not imported this wave, needs a pool-Program design decision"
Subject,src/lib/content/master-syllabus-data.ts,id=6184,semester,"""Pool / not fixed"" is an elective-pool row (no fixed semester) — not imported this wave, needs a pool-Program design decision"
Subject,src/lib/content/master-syllabus-data.ts,id=6185,semester,"""Pool / not fixed"" is an elective-pool row (no fixed semester) — not imported this wave, needs a pool-Program design decision"
Subject,src/lib/content/master-syllabus-data.ts,id=6186,semester,"""Pool / not fixed"" is an elective-pool row (no fixed semester) — not imported this wave, needs a pool-Program design decision"
Subject,src/lib/content/master-syllabus-data.ts,id=6187,semester,"""Pool / not fixed"" is an elective-pool row (no fixed semester) — not imported this wave, needs a pool-Program design decision"
Subject,src/lib/content/master-syllabus-data.ts,id=6188,semester,"""Pool / not fixed"" is an elective-pool row (no fixed semester) — not imported this wave, needs a pool-Program design decision"
Subject,src/lib/content/master-syllabus-data.ts,id=6189,semester,"""Pool / not fixed"" is an elective-pool row (no fixed semester) — not imported this wave, needs a pool-Program design decision"
Subject,src/lib/content/master-syllabus-data.ts,id=6190,semester,"""Pool / not fixed"" is an elective-pool row (no fixed semester) — not imported this wave, needs a pool-Program design decision"
Subject,src/lib/content/master-syllabus-data.ts,id=6191,semester,"""Pool / not fixed"" is an elective-pool row (no fixed semester) — not imported this wave, needs a pool-Program design decision"
Subject,src/lib/content/master-syllabus-data.ts,id=6192,semester,"""Pool / not fixed"" is an elective-pool row (no fixed semester) — not imported this wave, needs a pool-Program design decision"
Subject,src/lib/content/master-syllabus-data.ts,id=6193,semester,"""Pool / not fixed"" is an elective-pool row (no fixed semester) — not imported this wave, needs a pool-Program design decision"
Subject,src/lib/content/master-syllabus-data.ts,id=6194,semester,"""Pool / not fixed"" is an elective-pool row (no fixed semester) — not imported this wave, needs a pool-Program design decision"
Subject,src/lib/content/master-syllabus-data.ts,id=6195,semester,"""Pool / not fixed"" is an elective-pool row (no fixed semester) — not imported this wave, needs a pool-Program design decision"
Subject,src/lib/content/master-syllabus-data.ts,id=6196,semester,"""Pool / not fixed"" is an elective-pool row (no fixed semester) — not imported this wave, needs a pool-Program design decision"
Subject,src/lib/content/master-syllabus-data.ts,id=6197,semester,"""Pool / not fixed"" is an elective-pool row (no fixed semester) — not imported this wave, needs a pool-Program design decision"
Subject,src/lib/content/master-syllabus-data.ts,id=6198,semester,"""Pool / not fixed"" is an elective-pool row (no fixed semester) — not imported this wave, needs a pool-Program design decision"
Subject,src/lib/content/master-syllabus-data.ts,id=6199,semester,"""Pool / not fixed"" is an elective-pool row (no fixed semester) — not imported this wave, needs a pool-Program design decision"
Subject,src/lib/content/master-syllabus-data.ts,id=6200,semester,"""Pool / not fixed"" is an elective-pool row (no fixed semester) — not imported this wave, needs a pool-Program design decision"
Subject,src/lib/content/master-syllabus-data.ts,id=6201,semester,"""Pool / not fixed"" is an elective-pool row (no fixed semester) — not imported this wave, needs a pool-Program design decision"
Subject,src/lib/content/master-syllabus-data.ts,id=6202,semester,"""Pool / not fixed"" is an elective-pool row (no fixed semester) — not imported this wave, needs a pool-Program design decision"
Subject,src/lib/content/master-syllabus-data.ts,id=6203,semester,"""Pool / not fixed"" is an elective-pool row (no fixed semester) — not imported this wave, needs a pool-Program design decision"
Subject,src/lib/content/master-syllabus-data.ts,id=6204,semester,"""Pool / not fixed"" is an elective-pool row (no fixed semester) — not imported this wave, needs a pool-Program design decision"
Subject,src/lib/content/master-syllabus-data.ts,id=6205,semester,"""Pool / not fixed"" is an elective-pool row (no fixed semester) — not imported this wave, needs a pool-Program design decision"
Subject,src/lib/content/master-syllabus-data.ts,id=6206,semester,"""Pool / not fixed"" is an elective-pool row (no fixed semester) — not imported this wave, needs a pool-Program design decision"
Subject,src/lib/content/master-syllabus-data.ts,id=6207,semester,"""Pool / not fixed"" is an elective-pool row (no fixed semester) — not imported this wave, needs a pool-Program design decision"
Subject,src/lib/content/master-syllabus-data.ts,id=6208,semester,"""Pool / not fixed"" is an elective-pool row (no fixed semester) — not imported this wave, needs a pool-Program design decision"
Subject,src/lib/content/master-syllabus-data.ts,id=6209,semester,"""Pool / not fixed"" is an elective-pool row (no fixed semester) — not imported this wave, needs a pool-Program design decision"
Subject,src/lib/content/master-syllabus-data.ts,id=6210,semester,"""Pool / not fixed"" is an elective-pool row (no fixed semester) — not imported this wave, needs a pool-Program design decision"
Subject,src/lib/content/master-syllabus-data.ts,id=6211,semester,"""Pool / not fixed"" is an elective-pool row (no fixed semester) — not imported this wave, needs a pool-Program design decision"
Subject,src/lib/content/master-syllabus-data.ts,id=6212,semester,"""Pool / not fixed"" is an elective-pool row (no fixed semester) — not imported this wave, needs a pool-Program design decision"
Subject,src/lib/content/master-syllabus-data.ts,id=6213,semester,"""Pool / not fixed"" is an elective-pool row (no fixed semester) — not imported this wave, needs a pool-Program design decision"
Subject,src/lib/content/master-syllabus-data.ts,id=6214,semester,"""Pool / not fixed"" is an elective-pool row (no fixed semester) — not imported this wave, needs a pool-Program design decision"
Subject,src/lib/content/master-syllabus-data.ts,id=6215,semester,"""Pool / not fixed"" is an elective-pool row (no fixed semester) — not imported this wave, needs a pool-Program design decision"
Subject,src/lib/content/master-syllabus-data.ts,id=6216,semester,"""Pool / not fixed"" is an elective-pool row (no fixed semester) — not imported this wave, needs a pool-Program design decision"
Subject,src/lib/content/master-syllabus-data.ts,id=6217,semester,"""Pool / not fixed"" is an elective-pool row (no fixed semester) — not imported this wave, needs a pool-Program design decision"
Subject,src/lib/content/master-syllabus-data.ts,id=6218,semester,"""Pool / not fixed"" is an elective-pool row (no fixed semester) — not imported this wave, needs a pool-Program design decision"
Subject,src/lib/content/master-syllabus-data.ts,id=6219,semester,"""Pool / not fixed"" is an elective-pool row (no fixed semester) — not imported this wave, needs a pool-Program design decision"
Subject,src/lib/content/master-syllabus-data.ts,id=6220,semester,"""Pool / not fixed"" is an elective-pool row (no fixed semester) — not imported this wave, needs a pool-Program design decision"
Subject,src/lib/content/master-syllabus-data.ts,id=6221,semester,"""Pool / not fixed"" is an elective-pool row (no fixed semester) — not imported this wave, needs a pool-Program design decision"
Subject,src/lib/content/master-syllabus-data.ts,id=6222,semester,"""Pool / not fixed"" is an elective-pool row (no fixed semester) — not imported this wave, needs a pool-Program design decision"
Subject,src/lib/content/master-syllabus-data.ts,id=6223,semester,"""Pool / not fixed"" is an elective-pool row (no fixed semester) — not imported this wave, needs a pool-Program design decision"
Subject,src/lib/content/master-syllabus-data.ts,id=6224,semester,"""Pool / not fixed"" is an elective-pool row (no fixed semester) — not imported this wave, needs a pool-Program design decision"
Subject,src/lib/content/master-syllabus-data.ts,id=6225,semester,"""Pool / not fixed"" is an elective-pool row (no fixed semester) — not imported this wave, needs a pool-Program design decision"
Subject,src/lib/content/master-syllabus-data.ts,id=6226,semester,"""Pool / not fixed"" is an elective-pool row (no fixed semester) — not imported this wave, needs a pool-Program design decision"
Subject,src/lib/content/master-syllabus-data.ts,id=6227,semester,"""Pool / not fixed"" is an elective-pool row (no fixed semester) — not imported this wave, needs a pool-Program design decision"
Subject,src/lib/content/master-syllabus-data.ts,id=6228,semester,"""Pool / not fixed"" is an elective-pool row (no fixed semester) — not imported this wave, needs a pool-Program design decision"
Subject,src/lib/content/master-syllabus-data.ts,id=6229,semester,"""Pool / not fixed"" is an elective-pool row (no fixed semester) — not imported this wave, needs a pool-Program design decision"
Subject,src/lib/content/master-syllabus-data.ts,id=6230,semester,"""Pool / not fixed"" is an elective-pool row (no fixed semester) — not imported this wave, needs a pool-Program design decision"
Subject,src/lib/content/master-syllabus-data.ts,id=6231,semester,"""Pool / not fixed"" is an elective-pool row (no fixed semester) — not imported this wave, needs a pool-Program design decision"
Subject,src/lib/content/master-syllabus-data.ts,id=6232,semester,"""Pool / not fixed"" is an elective-pool row (no fixed semester) — not imported this wave, needs a pool-Program design decision"
Subject,src/lib/content/master-syllabus-data.ts,id=6233,semester,"""Pool / not fixed"" is an elective-pool row (no fixed semester) — not imported this wave, needs a pool-Program design decision"
Subject,src/lib/content/master-syllabus-data.ts,id=6234,semester,"""Pool / not fixed"" is an elective-pool row (no fixed semester) — not imported this wave, needs a pool-Program design decision"
Subject,src/lib/content/master-syllabus-data.ts,id=6235,semester,"""Pool / not fixed"" is an elective-pool row (no fixed semester) — not imported this wave, needs a pool-Program design decision"
Subject,src/lib/content/master-syllabus-data.ts,id=6236,semester,"""Pool / not fixed"" is an elective-pool row (no fixed semester) — not imported this wave, needs a pool-Program design decision"
Subject,src/lib/content/master-syllabus-data.ts,id=6237,semester,"""Pool / not fixed"" is an elective-pool row (no fixed semester) — not imported this wave, needs a pool-Program design decision"
Subject,src/lib/content/master-syllabus-data.ts,id=6238,semester,"""Pool / not fixed"" is an elective-pool row (no fixed semester) — not imported this wave, needs a pool-Program design decision"
Subject,src/lib/content/master-syllabus-data.ts,id=6239,semester,"""Pool / not fixed"" is an elective-pool row (no fixed semester) — not imported this wave, needs a pool-Program design decision"
Subject,src/lib/content/master-syllabus-data.ts,id=6240,semester,"""Pool / not fixed"" is an elective-pool row (no fixed semester) — not imported this wave, needs a pool-Program design decision"
Subject,src/lib/content/master-syllabus-data.ts,id=6241,semester,"""Pool / not fixed"" is an elective-pool row (no fixed semester) — not imported this wave, needs a pool-Program design decision"
Subject,src/lib/content/master-syllabus-data.ts,id=6242,semester,"""Pool / not fixed"" is an elective-pool row (no fixed semester) — not imported this wave, needs a pool-Program design decision"
Subject,src/lib/content/master-syllabus-data.ts,id=6243,semester,"""Pool / not fixed"" is an elective-pool row (no fixed semester) — not imported this wave, needs a pool-Program design decision"
Subject,src/lib/content/master-syllabus-data.ts,id=6244,semester,"""Pool / not fixed"" is an elective-pool row (no fixed semester) — not imported this wave, needs a pool-Program design decision"
Subject,src/lib/content/master-syllabus-data.ts,id=6245,semester,"""Pool / not fixed"" is an elective-pool row (no fixed semester) — not imported this wave, needs a pool-Program design decision"
Subject,src/lib/content/master-syllabus-data.ts,id=6246,semester,"""Pool / not fixed"" is an elective-pool row (no fixed semester) — not imported this wave, needs a pool-Program design decision"
Subject,src/lib/content/master-syllabus-data.ts,id=6247,semester,"""Pool / not fixed"" is an elective-pool row (no fixed semester) — not imported this wave, needs a pool-Program design decision"
Subject,src/lib/content/master-syllabus-data.ts,id=6248,semester,"""Pool / not fixed"" is an elective-pool row (no fixed semester) — not imported this wave, needs a pool-Program design decision"
Subject,src/lib/content/master-syllabus-data.ts,id=6249,semester,"""Pool / not fixed"" is an elective-pool row (no fixed semester) — not imported this wave, needs a pool-Program design decision"
Subject,src/lib/content/master-syllabus-data.ts,id=6250,semester,"""Pool / not fixed"" is an elective-pool row (no fixed semester) — not imported this wave, needs a pool-Program design decision"
Subject,src/lib/content/master-syllabus-data.ts,id=6251,semester,"""Pool / not fixed"" is an elective-pool row (no fixed semester) — not imported this wave, needs a pool-Program design decision"
Subject,src/lib/content/master-syllabus-data.ts,id=6252,semester,"""Pool / not fixed"" is an elective-pool row (no fixed semester) — not imported this wave, needs a pool-Program design decision"
Subject,src/lib/content/master-syllabus-data.ts,id=6253,semester,"""Pool / not fixed"" is an elective-pool row (no fixed semester) — not imported this wave, needs a pool-Program design decision"
Subject,src/lib/content/master-syllabus-data.ts,id=6254,semester,"""Pool / not fixed"" is an elective-pool row (no fixed semester) — not imported this wave, needs a pool-Program design decision"
Subject,src/lib/content/master-syllabus-data.ts,id=6255,semester,"""Pool / not fixed"" is an elective-pool row (no fixed semester) — not imported this wave, needs a pool-Program design decision"
Subject,src/lib/content/master-syllabus-data.ts,id=6256,semester,"""Pool / not fixed"" is an elective-pool row (no fixed semester) — not imported this wave, needs a pool-Program design decision"
Subject,src/lib/content/master-syllabus-data.ts,id=6257,semester,"""Pool / see prerequisites"" is an elective-pool row (no fixed semester) — not imported this wave, needs a pool-Program design decision"
Subject,src/lib/content/master-syllabus-data.ts,id=6258,semester,"""Pool / see prerequisites"" is an elective-pool row (no fixed semester) — not imported this wave, needs a pool-Program design decision"
Subject,src/lib/content/master-syllabus-data.ts,id=6259,semester,"""Pool / see prerequisites"" is an elective-pool row (no fixed semester) — not imported this wave, needs a pool-Program design decision"
Subject,src/lib/content/master-syllabus-data.ts,id=6260,semester,"""Pool / see prerequisites"" is an elective-pool row (no fixed semester) — not imported this wave, needs a pool-Program design decision"
Subject,src/lib/content/master-syllabus-data.ts,id=6261,semester,"""Pool / see prerequisites"" is an elective-pool row (no fixed semester) — not imported this wave, needs a pool-Program design decision"
Subject,src/lib/content/master-syllabus-data.ts,id=6262,semester,"""Pool / see prerequisites"" is an elective-pool row (no fixed semester) — not imported this wave, needs a pool-Program design decision"
Subject,src/lib/content/master-syllabus-data.ts,id=6263,semester,"""Pool / see prerequisites"" is an elective-pool row (no fixed semester) — not imported this wave, needs a pool-Program design decision"
Subject,src/lib/content/master-syllabus-data.ts,id=6264,semester,"""Pool / see prerequisites"" is an elective-pool row (no fixed semester) — not imported this wave, needs a pool-Program design decision"
Subject,src/lib/content/master-syllabus-data.ts,id=6265,semester,"""Pool / see prerequisites"" is an elective-pool row (no fixed semester) — not imported this wave, needs a pool-Program design decision"
Subject,src/lib/content/master-syllabus-data.ts,id=6266,semester,"""Pool / see prerequisites"" is an elective-pool row (no fixed semester) — not imported this wave, needs a pool-Program design decision"
Subject,src/lib/content/master-syllabus-data.ts,id=6267,semester,"""Pool / see prerequisites"" is an elective-pool row (no fixed semester) — not imported this wave, needs a pool-Program design decision"
Subject,src/lib/content/master-syllabus-data.ts,id=6268,semester,"""Pool / see prerequisites"" is an elective-pool row (no fixed semester) — not imported this wave, needs a pool-Program design decision"
Subject,src/lib/content/master-syllabus-data.ts,id=6269,semester,"""Pool / see prerequisites"" is an elective-pool row (no fixed semester) — not imported this wave, needs a pool-Program design decision"
Subject,src/lib/content/master-syllabus-data.ts,id=6270,semester,"""Pool / see prerequisites"" is an elective-pool row (no fixed semester) — not imported this wave, needs a pool-Program design decision"
Subject,src/lib/content/master-syllabus-data.ts,id=6271,semester,"""Pool / see prerequisites"" is an elective-pool row (no fixed semester) — not imported this wave, needs a pool-Program design decision"
Subject,src/lib/content/master-syllabus-data.ts,id=6272,semester,"""Pool / see prerequisites"" is an elective-pool row (no fixed semester) — not imported this wave, needs a pool-Program design decision"
Subject,src/lib/content/master-syllabus-data.ts,id=6273,semester,"""Pool / see prerequisites"" is an elective-pool row (no fixed semester) — not imported this wave, needs a pool-Program design decision"
Subject,src/lib/content/master-syllabus-data.ts,id=6274,semester,"""Pool / see prerequisites"" is an elective-pool row (no fixed semester) — not imported this wave, needs a pool-Program design decision"
Subject,src/lib/content/master-syllabus-data.ts,id=6275,semester,"""Pool / see prerequisites"" is an elective-pool row (no fixed semester) — not imported this wave, needs a pool-Program design decision"
Subject,src/lib/content/master-syllabus-data.ts,id=6276,semester,"""Pool / see prerequisites"" is an elective-pool row (no fixed semester) — not imported this wave, needs a pool-Program design decision"
Subject,src/lib/content/master-syllabus-data.ts,id=6277,semester,"""Pool / see prerequisites"" is an elective-pool row (no fixed semester) — not imported this wave, needs a pool-Program design decision"
Subject,src/lib/content/master-syllabus-data.ts,id=6278,semester,"""Pool / see prerequisites"" is an elective-pool row (no fixed semester) — not imported this wave, needs a pool-Program design decision"
Subject,src/lib/content/master-syllabus-data.ts,id=6279,semester,"""Pool / see prerequisites"" is an elective-pool row (no fixed semester) — not imported this wave, needs a pool-Program design decision"
Subject,src/lib/content/master-syllabus-data.ts,id=6280,semester,"""Pool / see prerequisites"" is an elective-pool row (no fixed semester) — not imported this wave, needs a pool-Program design decision"
Subject,src/lib/content/master-syllabus-data.ts,id=6281,semester,"""Pool / see prerequisites"" is an elective-pool row (no fixed semester) — not imported this wave, needs a pool-Program design decision"
Subject,src/lib/content/master-syllabus-data.ts,id=6282,semester,"""Pool / see prerequisites"" is an elective-pool row (no fixed semester) — not imported this wave, needs a pool-Program design decision"
Subject,src/lib/content/master-syllabus-data.ts,id=6283,semester,"""Pool / see prerequisites"" is an elective-pool row (no fixed semester) — not imported this wave, needs a pool-Program design decision"
Subject,src/lib/content/master-syllabus-data.ts,id=6284,semester,"""Pool / see prerequisites"" is an elective-pool row (no fixed semester) — not imported this wave, needs a pool-Program design decision"
Subject,src/lib/content/master-syllabus-data.ts,id=6285,semester,"""Pool / see prerequisites"" is an elective-pool row (no fixed semester) — not imported this wave, needs a pool-Program design decision"
Subject,src/lib/content/master-syllabus-data.ts,id=6286,semester,"""Pool / see prerequisites"" is an elective-pool row (no fixed semester) — not imported this wave, needs a pool-Program design decision"
Subject,src/lib/content/master-syllabus-data.ts,id=6287,semester,"""Pool / see prerequisites"" is an elective-pool row (no fixed semester) — not imported this wave, needs a pool-Program design decision"
Subject,src/lib/content/master-syllabus-data.ts,id=6288,semester,"""Pool / see prerequisites"" is an elective-pool row (no fixed semester) — not imported this wave, needs a pool-Program design decision"
Subject,src/lib/content/master-syllabus-data.ts,id=6289,semester,"""Pool / see prerequisites"" is an elective-pool row (no fixed semester) — not imported this wave, needs a pool-Program design decision"
Subject,src/lib/content/master-syllabus-data.ts,id=6290,semester,"""Pool / see prerequisites"" is an elective-pool row (no fixed semester) — not imported this wave, needs a pool-Program design decision"
Subject,src/lib/content/master-syllabus-data.ts,id=6291,semester,"""Pool / see prerequisites"" is an elective-pool row (no fixed semester) — not imported this wave, needs a pool-Program design decision"
Subject,src/lib/content/master-syllabus-data.ts,id=6292,semester,"""Pool / see prerequisites"" is an elective-pool row (no fixed semester) — not imported this wave, needs a pool-Program design decision"
Subject,src/lib/content/master-syllabus-data.ts,id=6293,semester,"""Pool / see prerequisites"" is an elective-pool row (no fixed semester) — not imported this wave, needs a pool-Program design decision"
Subject,src/lib/content/master-syllabus-data.ts,id=6294,semester,"""Pool / see prerequisites"" is an elective-pool row (no fixed semester) — not imported this wave, needs a pool-Program design decision"
Subject,src/lib/content/master-syllabus-data.ts,id=6295,semester,"""Pool / see prerequisites"" is an elective-pool row (no fixed semester) — not imported this wave, needs a pool-Program design decision"
